location_raw,district,sensitivity_zone,OPERATION START DATE,OPERATION END DATE,start_date,end_date,duration_days,year,month,year_month,policy_era,intervention_primary,intervention_secondary,is_mixed_intervention,not_executed,is_self_closure,with_outreach,spatial_notes,location_type,location_for_geocoding,latitude,longitude,geocode_source,intervention_raw
23rd St. between MLK and San Pablo,D3,High,"November 24, 2025","November 26, 2025",2025-11-24,2025-11-26,2,2025,11,2025-11,post_newsom_order,Closure,,False,False,False,False,,intersection,"23rd Street. between Martin Luther King Jr Boulevard and San Pablo, Oakland, CA",,,,Closure
San Pablo Ave between 23rd St and W Grand Ave,D3,High,"November 24, 2025","November 26, 2025",2025-11-24,2025-11-26,2,2025,11,2025-11,post_newsom_order,Closure,,False,False,False,False,,intersection,"San Pablo Avenue between 23rd Street and West Grand Avenue, Oakland, CA",,,,Closure
San Pablo Ave between W Grand Ave & MLK,D3,High,"November 24, 2025","November 26, 2025",2025-11-24,2025-11-26,2,2025,11,2025-11,post_newsom_order,Closure,,False,False,False,False,,intersection,"San Pablo Avenue between West Grand Avenue & Martin Luther King Jr Boulevard, Oakland, CA",,,,Closure
MLK between San Pablo Ave & W Grand Ave,D3,High,"November 24, 2025","November 26, 2025",2025-11-24,2025-11-26,2,2025,11,2025-11,post_newsom_order,Closure,,False,False,False,False,,intersection,"Martin Luther King Jr Boulevard between San Pablo Avenue & West Grand Avenue, Oakland, CA",,,,Closure
MLk between W Grand Ave & 23rd,D3,High,"November 24, 2025","November 26, 2025",2025-11-24,2025-11-26,2,2025,11,2025-11,post_newsom_order,Closure,,False,False,False,False,,intersection,"Martin Luther King Jr Boulevard between West Grand Avenue & 23rd, Oakland, CA",,,,Closure
W Grand Ave between San Pablo Ave & MLK,D3,High,"November 24, 2025","November 26, 2025",2025-11-24,2025-11-26,2,2025,11,2025-11,post_newsom_order,Closure,,False,False,False,False,,intersection,"West Grand Avenue between San Pablo Avenue & Martin Luther King Jr Boulevard, Oakland, CA",,,,Closure
5th ST/5th ST and Washington,D3,High,"November 17, 2025","November 21, 2025",2025-11-17,2025-11-21,4,2025,11,2025-11,post_newsom_order,Closure,,False,False,False,False,,intersection,"5th ST, Oakland, CA",,,,Closure
37th Ave between E. 9th St and San Leandro St,D5,High,"November 17, 2025","November 21, 2025",2025-11-17,2025-11-21,4,2025,11,2025-11,post_newsom_order,Closure,,False,False,False,False,,intersection,"37th Avenue between East 9th Street and San Leandro Street, Oakland, CA",,,,Closure
MLK between San Pablo Ave & W Grand Ave,D3,High,"November 17, 2025","November 21, 2025",2025-11-17,2025-11-21,4,2025,11,2025-11,post_newsom_order,Closure,,False,False,False,False,,intersection,"Martin Luther King Jr Boulevard between San Pablo Avenue & West Grand Avenue, Oakland, CA",,,,Closure
Washington St between 4th St and 5th St,D3,High,"November 17, 2025","November 21, 2025",2025-11-17,2025-11-21,4,2025,11,2025-11,post_newsom_order,Closure,,False,False,False,False,,intersection,"Washington Street between 4th Street and 5th Street, Oakland, CA",,,,Closure
San Pablo Ave between W Grand Ave & MLK,D3,High,"November 17, 2025","November 21, 2025",2025-11-17,2025-11-21,4,2025,11,2025-11,post_newsom_order,Closure,,False,False,False,False,,intersection,"San Pablo Avenue between West Grand Avenue & Martin Luther King Jr Boulevard, Oakland, CA",,,,Closure
San Pablo Ave between 23rd St and W Grand Ave,D3,High,"November 17, 2025","November 21, 2025",2025-11-17,2025-11-21,4,2025,11,2025-11,post_newsom_order,Closure,,False,False,False,False,,intersection,"San Pablo Avenue between 23rd Street and West Grand Avenue, Oakland, CA",,,,Closure
MLk between W Grand Ave & 23rd,D3,High,"November 17, 2025","November 21, 2025",2025-11-17,2025-11-21,4,2025,11,2025-11,post_newsom_order,Closure,,False,False,False,False,,intersection,"Martin Luther King Jr Boulevard between West Grand Avenue & 23rd, Oakland, CA",,,,Closure
W Grand Ave between San Pablo Ave & MLK,D3,High,"November 17, 2025","November 21, 2025",2025-11-17,2025-11-21,4,2025,11,2025-11,post_newsom_order,Closure,,False,False,False,False,,intersection,"West Grand Avenue between San Pablo Avenue & Martin Luther King Jr Boulevard, Oakland, CA",,,,Closure
23rd St. between MLK and San Pablo,D3,High,"November 17, 2025","November 21, 2025",2025-11-17,2025-11-21,4,2025,11,2025-11,post_newsom_order,Closure,,False,False,False,False,,intersection,"23rd Street. between Martin Luther King Jr Boulevard and San Pablo, Oakland, CA",,,,Closure
San Pablo Ave between 59th St & 60th St,D1,High,"November 17, 2025","November 21, 2025",2025-11-17,2025-11-21,4,2025,11,2025-11,post_newsom_order,Closure,,False,False,False,False,,intersection,"San Pablo Avenue between 59th Street & 60th Street, Oakland, CA",,,,Closure
59th St between Herzog St and San Pablo Ave,D1,High,"November 17, 2025","November 21, 2025",2025-11-17,2025-11-21,4,2025,11,2025-11,post_newsom_order,Closure,,False,False,False,False,,intersection,"59th Street between Herzog Street and San Pablo Avenue, Oakland, CA",,,,Closure
Robert Mason Fields/Golden Gate Playground,D1,High,"November 17, 2025","November 21, 2025",2025-11-17,2025-11-21,4,2025,11,2025-11,post_newsom_order,Closure,,False,False,False,False,,named_place,"Robert Mason Fields, Oakland, CA",37.8469,-122.296,known_place_lookup,Closure
Cesar Chavez Park,D5,High,"November 10, 2025","November 14, 2025",2025-11-10,2025-11-14,4,2025,11,2025-11,post_newsom_order,Closure,,False,False,False,False,,named_place,"Cesar Chavez Park, Oakland, CA",37.7968,-122.2394,known_place_lookup,Closure
San Pablo Ave between W Grand Ave & MLK,D3,High,"November 10, 2025","November 14, 2025",2025-11-10,2025-11-14,4,2025,11,2025-11,post_newsom_order,Closure,,False,False,False,False,,intersection,"San Pablo Avenue between West Grand Avenue & Martin Luther King Jr Boulevard, Oakland, CA",,,,Closure
San Pablo Ave between 23rd St and W Grand Ave,D3,High,"November 10, 2025","November 14, 2025",2025-11-10,2025-11-14,4,2025,11,2025-11,post_newsom_order,Closure,,False,False,False,False,,intersection,"San Pablo Avenue between 23rd Street and West Grand Avenue, Oakland, CA",,,,Closure
23rd St. between MLK and San Pablo,D3,High,"November 10, 2025","November 14, 2025",2025-11-10,2025-11-14,4,2025,11,2025-11,post_newsom_order,Closure,,False,False,False,False,,intersection,"23rd Street. between Martin Luther King Jr Boulevard and San Pablo, Oakland, CA",,,,Closure
W Grand Ave between San Pablo Ave & MLK,D3,High,"November 10, 2025","November 14, 2025",2025-11-10,2025-11-14,4,2025,11,2025-11,post_newsom_order,Closure,,False,False,False,False,,intersection,"West Grand Avenue between San Pablo Avenue & Martin Luther King Jr Boulevard, Oakland, CA",,,,Closure
MLk between W Grand Ave & 23rd,D3,High,"November 10, 2025","November 14, 2025",2025-11-10,2025-11-14,4,2025,11,2025-11,post_newsom_order,Closure,,False,False,False,False,,intersection,"Martin Luther King Jr Boulevard between West Grand Avenue & 23rd, Oakland, CA",,,,Closure
MLK between San Pablo Ave & W Grand Ave,D3,High,"November 10, 2025","November 14, 2025",2025-11-10,2025-11-14,4,2025,11,2025-11,post_newsom_order,Closure,,False,False,False,False,,intersection,"Martin Luther King Jr Boulevard between San Pablo Avenue & West Grand Avenue, Oakland, CA",,,,Closure
Median at Peralta St and 32nd St,D3,High,"November 10, 2025","November 14, 2025",2025-11-10,2025-11-14,4,2025,11,2025-11,post_newsom_order,Deep Cleaning,,False,False,False,False,,intersection,"Median at Peralta Street and 32nd Street, Oakland, CA",,,,Deep Cleaning
36th Ave between Foothill Blvd and Harper St,D5,High,"November 10, 2025","November 14, 2025",2025-11-10,2025-11-14,4,2025,11,2025-11,post_newsom_order,Closure,,False,False,False,False,,intersection,"36th Avenue between Foothill Boulevard and Harper Street, Oakland, CA",,,,Closure
Foothill Blvd between Crosby Ave and Harrington Ave,D5,High,"November 10, 2025","November 14, 2025",2025-11-10,2025-11-14,4,2025,11,2025-11,post_newsom_order,Closure,,False,False,False,False,,intersection,"Foothill Boulevard between Crosby Avenue and Harrington Avenue, Oakland, CA",,,,Closure
Foothill Blvd between Crosby Ave & 36th Ave,D5,High,"November 10, 2025","November 14, 2025",2025-11-10,2025-11-14,4,2025,11,2025-11,post_newsom_order,Closure,,False,False,False,False,,intersection,"Foothill Boulevard between Crosby Avenue & 36th Avenue, Oakland, CA",,,,Closure
Crosby Ave between Foothill Blvd and Harper St,D5,High,"November 10, 2025","November 14, 2025",2025-11-10,2025-11-14,4,2025,11,2025-11,post_newsom_order,Closure,,False,False,False,False,,intersection,"Crosby Avenue between Foothill Boulevard and Harper Street, Oakland, CA",,,,Closure
Cul-de-sac at 73rd Ave and Herbert Guice Way,D6,High,"November 06, 2025","November 07, 2025",2025-11-06,2025-11-07,1,2025,11,2025-11,post_newsom_order,Closure,,False,False,False,False,,intersection,"Cul-de-sac at 73rd Avenue and Herbert Guice Way, Oakland, CA",,,,Closure
MLK between San Pablo Ave & W Grand Ave,D3,High,"November 03, 2025","November 07, 2025",2025-11-03,2025-11-07,4,2025,11,2025-11,post_newsom_order,Closure,,False,False,False,False,,intersection,"Martin Luther King Jr Boulevard between San Pablo Avenue & West Grand Avenue, Oakland, CA",,,,Closure
MLk between W Grand Ave & 23rd,D3,High,"November 03, 2025","November 07, 2025",2025-11-03,2025-11-07,4,2025,11,2025-11,post_newsom_order,Closure,,False,False,False,False,,intersection,"Martin Luther King Jr Boulevard between West Grand Avenue & 23rd, Oakland, CA",,,,Closure
W Grand Ave between San Pablo Ave & MLK,D3,High,"November 03, 2025","November 07, 2025",2025-11-03,2025-11-07,4,2025,11,2025-11,post_newsom_order,Closure,,False,False,False,False,,intersection,"West Grand Avenue between San Pablo Avenue & Martin Luther King Jr Boulevard, Oakland, CA",,,,Closure
23rd St. between MLK and San Pablo,D3,High,"November 03, 2025","November 07, 2025",2025-11-03,2025-11-07,4,2025,11,2025-11,post_newsom_order,Closure,,False,False,False,False,,intersection,"23rd Street. between Martin Luther King Jr Boulevard and San Pablo, Oakland, CA",,,,Closure
San Pablo Ave between 23rd St and W Grand Ave,D3,High,"November 03, 2025","November 07, 2025",2025-11-03,2025-11-07,4,2025,11,2025-11,post_newsom_order,Closure,,False,False,False,False,,intersection,"San Pablo Avenue between 23rd Street and West Grand Avenue, Oakland, CA",,,,Closure
San Pablo Ave between W Grand Ave & MLK,D3,High,"November 03, 2025","November 07, 2025",2025-11-03,2025-11-07,4,2025,11,2025-11,post_newsom_order,Closure,,False,False,False,False,,intersection,"San Pablo Avenue between West Grand Avenue & Martin Luther King Jr Boulevard, Oakland, CA",,,,Closure
Church St between Foohill Blvd and Bancroft Ave,D6,High,"November 03, 2025","November 07, 2025",2025-11-03,2025-11-07,4,2025,11,2025-11,post_newsom_order,Closure,,False,False,False,False,,intersection,"Church Street between Foohill Boulevard and Bancroft Avenue, Oakland, CA",,,,Closure
Hilton St between 55th Ave and Bancroft Ave,D6,High,"November 03, 2025","November 07, 2025",2025-11-03,2025-11-07,4,2025,11,2025-11,post_newsom_order,Closure,,False,False,False,False,,intersection,"Hilton Street between 55th Avenue and Bancroft Avenue, Oakland, CA",,,,Closure
Bancroft between Hilton St and Trask St,D6,High,"November 03, 2025","November 07, 2025",2025-11-03,2025-11-07,4,2025,11,2025-11,post_newsom_order,Closure,,False,False,False,False,,intersection,"Bancroft between Hilton Street and Trask Street, Oakland, CA",,,,Closure
Bancroft Ave between 55th Ave and Hilton St,D6,High,"November 03, 2025","November 07, 2025",2025-11-03,2025-11-07,4,2025,11,2025-11,post_newsom_order,Closure,,False,False,False,False,,intersection,"Bancroft Avenue between 55th Avenue and Hilton Street, Oakland, CA",,,,Closure
Bancroft between Cole St and 55th St,D6,High,"November 03, 2025","November 07, 2025",2025-11-03,2025-11-07,4,2025,11,2025-11,post_newsom_order,Closure,,False,False,False,False,,intersection,"Bancroft between Cole Street and 55th Street, Oakland, CA",,,,Closure
55th Ave between Bancroft Ave & Hilton St,D6,High,"November 03, 2025","November 07, 2025",2025-11-03,2025-11-07,4,2025,11,2025-11,post_newsom_order,Closure,,False,False,False,False,,intersection,"55th Avenue between Bancroft Avenue & Hilton Street, Oakland, CA",,,,Closure
55th Ave between Hilton St & Foothill Blvd,D6,High,"November 03, 2025","November 07, 2025",2025-11-03,2025-11-07,4,2025,11,2025-11,post_newsom_order,Closure,,False,False,False,False,,intersection,"55th Avenue between Hilton Street & Foothill Boulevard, Oakland, CA",,,,Closure
San Leandro St between Prune St and 100th Ave,D7,High,"October 27, 2025","October 31, 2025",2025-10-27,2025-10-31,4,2025,10,2025-10,post_newsom_order,Closure,,False,False,False,False,,intersection,"San Leandro Street between Prune Street and 100th Avenue, Oakland, CA",,,,Closure
98th Ave between Edes Ave and Walter Ave,D7,High,"October 27, 2025","October 31, 2025",2025-10-27,2025-10-31,4,2025,10,2025-10,post_newsom_order,Closure,,False,False,False,False,,intersection,"98th Avenue between Edes Avenue and Walter Avenue, Oakland, CA",,,,Closure
98th Ave between Walter Ave and Railroad Ave,D7,High,"October 27, 2025","October 31, 2025",2025-10-27,2025-10-31,4,2025,10,2025-10,post_newsom_order,Closure,,False,False,False,False,,intersection,"98th Avenue between Walter Avenue and Railroad Avenue, Oakland, CA",,,,Closure
Tyler st between Railroad Ave and Walter Ave,D7,High,"October 27, 2025","October 31, 2025",2025-10-27,2025-10-31,4,2025,10,2025-10,post_newsom_order,Closure,,False,False,False,False,,intersection,"Tyler st between Railroad Avenue and Walter Avenue, Oakland, CA",,,,Closure
San Leandro St between 92nd Ave & 98th Ave,D7,High,"October 27, 2025","October 31, 2025",2025-10-27,2025-10-31,4,2025,10,2025-10,post_newsom_order,Closure,,False,False,False,False,,intersection,"San Leandro Street between 92nd Avenue & 98th Avenue, Oakland, CA",,,,Closure
Pearmain St between 98th Ave and Prune St,D7,High,"October 27, 2025","October 31, 2025",2025-10-27,2025-10-31,4,2025,10,2025-10,post_newsom_order,Closure,,False,False,False,False,,intersection,"Pearmain Street between 98th Avenue and Prune Street, Oakland, CA",,,,Closure
Pearmain St between 100th Ave and Prune St,D7,High,"October 27, 2025","October 31, 2025",2025-10-27,2025-10-31,4,2025,10,2025-10,post_newsom_order,Closure,,False,False,False,False,,intersection,"Pearmain Street between 100th Avenue and Prune Street, Oakland, CA",,,,Closure
Pearmain St between Douglas Ave and 100th Ave,D7,High,"October 27, 2025","October 31, 2025",2025-10-27,2025-10-31,4,2025,10,2025-10,post_newsom_order,Closure,,False,False,False,False,,intersection,"Pearmain Street between Douglas Avenue and 100th Avenue, Oakland, CA",,,,Closure
Pearmain St between Douglas Ave and Stone St,D7,High,"October 27, 2025","October 31, 2025",2025-10-27,2025-10-31,4,2025,10,2025-10,post_newsom_order,Closure,,False,False,False,False,,intersection,"Pearmain Street between Douglas Avenue and Stone Street, Oakland, CA",,,,Closure
Pearmain St between Stone St and Tartarian St,D7,High,"October 27, 2025","October 31, 2025",2025-10-27,2025-10-31,4,2025,10,2025-10,post_newsom_order,Closure,,False,False,False,False,,intersection,"Pearmain Street between Stone Street and Tartarian Street, Oakland, CA",,,,Closure
Pearmain St between Tartarian St and Apple St,D7,High,"October 27, 2025","October 31, 2025",2025-10-27,2025-10-31,4,2025,10,2025-10,post_newsom_order,Closure,,False,False,False,False,,intersection,"Pearmain Street between Tartarian Street and Apple Street, Oakland, CA",,,,Closure
Pearmain St between Apple St and Gravenstein St,D7,High,"October 27, 2025","October 31, 2025",2025-10-27,2025-10-31,4,2025,10,2025-10,post_newsom_order,Closure,,False,False,False,False,,intersection,"Pearmain Street between Apple Street and Gravenstein Street, Oakland, CA",,,,Closure
Pearmain St between Gravenstein St and 105th Ave,D7,High,"October 27, 2025","October 31, 2025",2025-10-27,2025-10-31,4,2025,10,2025-10,post_newsom_order,Closure,,False,False,False,False,,intersection,"Pearmain Street between Gravenstein Street and 105th Avenue, Oakland, CA",,,,Closure
Douglas Ave cul de sac,D7,High,"October 27, 2025","October 31, 2025",2025-10-27,2025-10-31,4,2025,10,2025-10,post_newsom_order,Closure,,False,False,False,False,,named_place,"Douglas Avenue cul de sac, Oakland, CA",,,,Closure
Stone St between San Leandro St and Pippin St,D7,High,"October 27, 2025","October 31, 2025",2025-10-27,2025-10-31,4,2025,10,2025-10,post_newsom_order,Closure,,False,False,False,False,,intersection,"Stone Street between San Leandro Street and Pippin Street, Oakland, CA",,,,Closure
Stone St between Pippin St and Pearmain St,D7,High,"October 27, 2025","October 31, 2025",2025-10-27,2025-10-31,4,2025,10,2025-10,post_newsom_order,Closure,,False,False,False,False,,intersection,"Stone Street between Pippin Street and Pearmain Street, Oakland, CA",,,,Closure
100th Ave between San Leandro St and Pippin St,D7,High,"October 27, 2025","October 31, 2025",2025-10-27,2025-10-31,4,2025,10,2025-10,post_newsom_order,Closure,,False,False,False,False,,intersection,"100th Avenue between San Leandro Street and Pippin Street, Oakland, CA",,,,Closure
100th Ave between Pippin St and Pearmain St,D7,High,"October 27, 2025","October 31, 2025",2025-10-27,2025-10-31,4,2025,10,2025-10,post_newsom_order,Closure,,False,False,False,False,,intersection,"100th Avenue between Pippin Street and Pearmain Street, Oakland, CA",,,,Closure
Prune St between San Leandro St and Pippin St,D7,High,"October 27, 2025","October 31, 2025",2025-10-27,2025-10-31,4,2025,10,2025-10,post_newsom_order,Closure,,False,False,False,False,,intersection,"Prune Street between San Leandro Street and Pippin Street, Oakland, CA",,,,Closure
Prune St between Pippin St and Pearmain St,D7,High,"October 27, 2025","October 31, 2025",2025-10-27,2025-10-31,4,2025,10,2025-10,post_newsom_order,Closure,,False,False,False,False,,intersection,"Prune Street between Pippin Street and Pearmain Street, Oakland, CA",,,,Closure
San Leandro St between 98th Ave and Prune St,D7,High,"October 27, 2025","October 31, 2025",2025-10-27,2025-10-31,4,2025,10,2025-10,post_newsom_order,Closure,,False,False,False,False,,intersection,"San Leandro Street between 98th Avenue and Prune Street, Oakland, CA",,,,Closure
San Leandro St between 100th Ave and Stone St,D7,High,"October 27, 2025","October 31, 2025",2025-10-27,2025-10-31,4,2025,10,2025-10,post_newsom_order,Closure,,False,False,False,False,,intersection,"San Leandro Street between 100th Avenue and Stone Street, Oakland, CA",,,,Closure
Pippin St between 98th Ave and Prune St,D7,High,"October 27, 2025","October 31, 2025",2025-10-27,2025-10-31,4,2025,10,2025-10,post_newsom_order,Closure,,False,False,False,False,,intersection,"Pippin Street between 98th Avenue and Prune Street, Oakland, CA",,,,Closure
Pippin St between Prune St and 100th Ave,D7,High,"October 27, 2025","October 31, 2025",2025-10-27,2025-10-31,4,2025,10,2025-10,post_newsom_order,Closure,,False,False,False,False,,intersection,"Pippin Street between Prune Street and 100th Avenue, Oakland, CA",,,,Closure
Pippin St between 100th Ave and Stone St,D7,High,"October 27, 2025","October 31, 2025",2025-10-27,2025-10-31,4,2025,10,2025-10,post_newsom_order,Closure,,False,False,False,False,,intersection,"Pippin Street between 100th Avenue and Stone Street, Oakland, CA",,,,Closure
Nevada St between Railroad Ave and Walter Ave,D7,High,"October 27, 2025","October 31, 2025",2025-10-27,2025-10-31,4,2025,10,2025-10,post_newsom_order,Closure,,False,False,False,False,,intersection,"Nevada Street between Railroad Avenue and Walter Avenue, Oakland, CA",,,,Closure
Walter Ave between Nevada St and 98th Ave,D7,High,"October 27, 2025","October 31, 2025",2025-10-27,2025-10-31,4,2025,10,2025-10,post_newsom_order,Closure,,False,False,False,False,,intersection,"Walter Avenue between Nevada Street and 98th Avenue, Oakland, CA",,,,Closure
Walter Ave between Tyler St and Nevada St,D7,High,"October 27, 2025","October 31, 2025",2025-10-27,2025-10-31,4,2025,10,2025-10,post_newsom_order,Closure,,False,False,False,False,,intersection,"Walter Avenue between Tyler Street and Nevada Street, Oakland, CA",,,,Closure
Railroad Ave between 85th Ave and Louisana St,D7,High,"October 27, 2025","October 31, 2025",2025-10-27,2025-10-31,4,2025,10,2025-10,post_newsom_order,Closure,,False,False,False,False,,intersection,"Railroad Avenue between 85th Avenue and Louisana Street, Oakland, CA",,,,Closure
Railroad Ave between Louisana St and Clara St,D7,High,"October 27, 2025","October 31, 2025",2025-10-27,2025-10-31,4,2025,10,2025-10,post_newsom_order,Closure,,False,False,False,False,,intersection,"Railroad Avenue between Louisana Street and Clara Street, Oakland, CA",,,,Closure
Railroad Ave between Clara St and S Elmurst Ave,D7,High,"October 27, 2025","October 31, 2025",2025-10-27,2025-10-31,4,2025,10,2025-10,post_newsom_order,Closure,,False,False,False,False,,intersection,"Railroad Avenue between Clara Street and South Elmurst Avenue, Oakland, CA",,,,Closure
Railroad Ave between S Elmurst Ave and Tyler St,D7,High,"October 27, 2025","October 31, 2025",2025-10-27,2025-10-31,4,2025,10,2025-10,post_newsom_order,Closure,,False,False,False,False,,intersection,"Railroad Avenue between South Elmurst Avenue and Tyler Street, Oakland, CA",,,,Closure
Railroad Ave between Tyler St and Nevada St,D7,High,"October 27, 2025","October 31, 2025",2025-10-27,2025-10-31,4,2025,10,2025-10,post_newsom_order,Closure,,False,False,False,False,,intersection,"Railroad Avenue between Tyler Street and Nevada Street, Oakland, CA",,,,Closure
Railroad Ave between Nevada St and 98th Ave,D7,High,"October 27, 2025","October 31, 2025",2025-10-27,2025-10-31,4,2025,10,2025-10,post_newsom_order,Closure,,False,False,False,False,,intersection,"Railroad Avenue between Nevada Street and 98th Avenue, Oakland, CA",,,,Closure
Pine St between 8th St and Goss St,D3,High,"October 27, 2025","October 31, 2025",2025-10-27,2025-10-31,4,2025,10,2025-10,post_newsom_order,Closure,,False,False,False,False,,intersection,"Pine Street between 8th Street and Goss Street, Oakland, CA",,,,Closure
Grand Ave between MacArthur and Lake Park Ave,D2,High,"October 20, 2025","October 24, 2025",2025-10-20,2025-10-24,4,2025,10,2025-10,post_newsom_order,Closure,,False,False,False,False,,named_place,"Grand Avenue between MacArthur and Lake Park Avenue, Oakland, CA",,,,Closure
Lakeshore Ave between MacArthurd Ave and Lake Park Ave,D2,High,"October 20, 2025","October 24, 2025",2025-10-20,2025-10-24,4,2025,10,2025-10,post_newsom_order,Closure,,False,False,False,False,,named_place,"Lakeshore Avenue between MacArthurd Avenue and Lake Park Avenue, Oakland, CA",,,,Closure
Lake Park Parking Lot,D2,High,"October 20, 2025","October 24, 2025",2025-10-20,2025-10-24,4,2025,10,2025-10,post_newsom_order,Closure,,False,False,False,False,,named_place,"Lake Park Parking Lot, Oakland, CA",,,,Closure
Oak St between Fallon St and 2nd St,D2,High,"October 20, 2025","October 24, 2025",2025-10-20,2025-10-24,4,2025,10,2025-10,post_newsom_order,Closure,,False,False,False,False,,intersection,"Oak Street between Fallon Street and 2nd Street, Oakland, CA",,,,Closure
Oak St between 3rd St and 4th St,D2,High,"October 20, 2025","October 24, 2025",2025-10-20,2025-10-24,4,2025,10,2025-10,post_newsom_order,Closure,,False,False,False,False,,intersection,"Oak Street between 3rd Street and 4th Street, Oakland, CA",,,,Closure
Oak St between 2nd St and 3rd St,D2,High,"October 20, 2025","October 24, 2025",2025-10-20,2025-10-24,4,2025,10,2025-10,post_newsom_order,Closure,,False,False,False,False,,intersection,"Oak Street between 2nd Street and 3rd Street, Oakland, CA",,,,Closure
Fallon St between Victory Ct and Fallon St,D2,High,"October 20, 2025","October 24, 2025",2025-10-20,2025-10-24,4,2025,10,2025-10,post_newsom_order,Closure,,False,False,False,False,,intersection,"Fallon Street between Victory Court and Fallon Street, Oakland, CA",,,,Closure
Fallon St between 4th St and Victory Ct,D2,High,"October 20, 2025","October 24, 2025",2025-10-20,2025-10-24,4,2025,10,2025-10,post_newsom_order,Closure,,False,False,False,False,,intersection,"Fallon Street between 4th Street and Victory Court, Oakland, CA",,,,Closure
Fallon St between Oak St and Fallon St,D2,High,"October 20, 2025","October 24, 2025",2025-10-20,2025-10-24,4,2025,10,2025-10,post_newsom_order,Closure,,False,False,False,False,,intersection,"Fallon Street between Oak Street and Fallon Street, Oakland, CA",,,,Closure
South Prescott Park and Dog Park,D3,High,"October 20, 2025","October 24, 2025",2025-10-20,2025-10-24,4,2025,10,2025-10,post_newsom_order,Closure,,False,False,False,False,,named_place,"South Prescott Park and Dog Park, Oakland, CA",,,,Closure
Peralta St between 5th St and 7th St,D3,High,"October 20, 2025","October 24, 2025",2025-10-20,2025-10-24,4,2025,10,2025-10,post_newsom_order,Closure,,False,False,False,False,,intersection,"Peralta Street between 5th Street and 7th Street, Oakland, CA",,,,Closure
Peralta St between 3rd St & 5th St,D3,High,"October 20, 2025","October 24, 2025",2025-10-20,2025-10-24,4,2025,10,2025-10,post_newsom_order,Closure,,False,False,False,False,,intersection,"Peralta Street between 3rd Street & 5th Street, Oakland, CA",,,,Closure
3rd St between Lewis St & Peralta St,D3,High,"October 20, 2025","October 24, 2025",2025-10-20,2025-10-24,4,2025,10,2025-10,post_newsom_order,Closure,,False,False,False,False,,intersection,"3rd Street between Lewis Street & Peralta Street, Oakland, CA",,,,Closure
3rd St between Henry St & Lewis St,D3,High,"October 20, 2025","October 24, 2025",2025-10-20,2025-10-24,4,2025,10,2025-10,post_newsom_order,Closure,,False,False,False,False,,intersection,"3rd Street between Henry Street & Lewis Street, Oakland, CA",,,,Closure
3rd St between Chester St and Henry St,D3,High,"October 20, 2025","October 24, 2025",2025-10-20,2025-10-24,4,2025,10,2025-10,post_newsom_order,Closure,,False,False,False,False,,intersection,"3rd Street between Chester Street and Henry Street, Oakland, CA",,,,Closure
3rd St between Center St and Chester St,D3,High,"October 20, 2025","October 24, 2025",2025-10-20,2025-10-24,4,2025,10,2025-10,post_newsom_order,Closure,,False,False,False,False,,named_place,"3rd Street between Center Street and Chester Street, Oakland, CA",,,,Closure
Foothill Blvd between Frazier Ave and Talbot Ave,D7,High,"October 13, 2025","October 17, 2025",2025-10-13,2025-10-17,4,2025,10,2025-10,post_newsom_order,Closure,,False,False,False,False,,intersection,"Foothill Boulevard between Frazier Avenue and Talbot Avenue, Oakland, CA",,,,Closure
Foothill Blvd between MacArthur and Frazier Ave,D7,High,"October 13, 2025","October 17, 2025",2025-10-13,2025-10-17,4,2025,10,2025-10,post_newsom_order,Closure,,False,False,False,False,,intersection,"Foothill Boulevard between MacArthur and Frazier Avenue, Oakland, CA",,,,Closure
Foothill Blvd between Talbot Ave and 106th Ave,D7,High,"October 13, 2025","October 17, 2025",2025-10-13,2025-10-17,4,2025,10,2025-10,post_newsom_order,Closure,,False,False,False,False,,intersection,"Foothill Boulevard between Talbot Avenue and 106th Avenue, Oakland, CA",,,,Closure
Foothill between 106th Ave and 108th Ave,D7,High,"October 13, 2025","October 17, 2025",2025-10-13,2025-10-17,4,2025,10,2025-10,post_newsom_order,Closure,,False,False,False,False,,intersection,"Foothill between 106th Avenue and 108th Avenue, Oakland, CA",,,,Closure
Foothill Blvd between 108th Ave and Durant Ave,D7,High,"October 13, 2025","October 17, 2025",2025-10-13,2025-10-17,4,2025,10,2025-10,post_newsom_order,Closure,,False,False,False,False,,intersection,"Foothill Boulevard between 108th Avenue and Durant Avenue, Oakland, CA",,,,Closure
Talbot Ave between MacArthur Blvd and Fisher Ave,D7,High,"October 13, 2025","October 17, 2025",2025-10-13,2025-10-17,4,2025,10,2025-10,post_newsom_order,Closure,,False,False,False,False,,intersection,"Talbot Avenue between MacArthur Boulevard and Fisher Avenue, Oakland, CA",,,,Closure
Talbot Ave between Fisher Ave and Foothill Blvd,D7,High,"October 13, 2025","October 17, 2025",2025-10-13,2025-10-17,4,2025,10,2025-10,post_newsom_order,Closure,,False,False,False,False,,intersection,"Talbot Avenue between Fisher Avenue and Foothill Boulevard, Oakland, CA",,,,Closure
Frazier Ave between Fisher Ave and Foothill Blvd,D7,High,"October 13, 2025","October 17, 2025",2025-10-13,2025-10-17,4,2025,10,2025-10,post_newsom_order,Closure,,False,False,False,False,,intersection,"Frazier Avenue between Fisher Avenue and Foothill Boulevard, Oakland, CA",,,,Closure
Fisher Ave between MacArthur Blvd and Frazier Ave,D7,High,"October 13, 2025","October 17, 2025",2025-10-13,2025-10-17,4,2025,10,2025-10,post_newsom_order,Closure,,False,False,False,False,,intersection,"Fisher Avenue between MacArthur Boulevard and Frazier Avenue, Oakland, CA",,,,Closure
Fisher Ave between Frazier Ave and Talbot Ave,D7,High,"October 13, 2025","October 17, 2025",2025-10-13,2025-10-17,4,2025,10,2025-10,post_newsom_order,Closure,,False,False,False,False,,intersection,"Fisher Avenue between Frazier Avenue and Talbot Avenue, Oakland, CA",,,,Closure
MacArthur Blvd between Foothill Blvd & Fisher Ave,D7,High,"October 13, 2025","October 17, 2025",2025-10-13,2025-10-17,4,2025,10,2025-10,post_newsom_order,Closure,,False,False,False,False,,intersection,"MacArthur Boulevard between Foothill Boulevard & Fisher Avenue, Oakland, CA",,,,Closure
MacArthur Blvd between Fisher Ave & Talbot Ave,D7,High,"October 13, 2025","October 17, 2025",2025-10-13,2025-10-17,4,2025,10,2025-10,post_newsom_order,Closure,,False,False,False,False,,intersection,"MacArthur Boulevard between Fisher Avenue & Talbot Avenue, Oakland, CA",,,,Closure
MacArthur Blvd between Talbot Ave and 106th Ave,D7,High,"October 13, 2025","October 17, 2025",2025-10-13,2025-10-17,4,2025,10,2025-10,post_newsom_order,Closure,,False,False,False,False,,intersection,"MacArthur Boulevard between Talbot Avenue and 106th Avenue, Oakland, CA",,,,Closure
10451 MacArthur Blvd.,D7,High,"October 13, 2025","October 17, 2025",2025-10-13,2025-10-17,4,2025,10,2025-10,post_newsom_order,Closure,,False,False,False,False,,address,"10451 MacArthur Boulevard, Oakland, CA",,,,Closure
85th Ave between Railroad Ave and Edes Ave,D7,High,"October 13, 2025","October 17, 2025",2025-10-13,2025-10-17,4,2025,10,2025-10,post_newsom_order,Closure,,False,False,False,False,,intersection,"85th Avenue between Railroad Avenue and Edes Avenue, Oakland, CA",,,,Closure
Railroad Ave between 85th Ave and Louisana St,D7,High,"October 13, 2025","October 17, 2025",2025-10-13,2025-10-17,4,2025,10,2025-10,post_newsom_order,Closure,,False,False,False,False,,intersection,"Railroad Avenue between 85th Avenue and Louisana Street, Oakland, CA",,,,Closure
Railroad Ave between Louisana St and Clara St,D7,High,"October 13, 2025","October 17, 2025",2025-10-13,2025-10-17,4,2025,10,2025-10,post_newsom_order,Closure,,False,False,False,False,,intersection,"Railroad Avenue between Louisana Street and Clara Street, Oakland, CA",,,,Closure
Railroad Ave between Clara St and S Elmurst Ave,D7,High,"October 13, 2025","October 17, 2025",2025-10-13,2025-10-17,4,2025,10,2025-10,post_newsom_order,Closure,,False,False,False,False,,intersection,"Railroad Avenue between Clara Street and South Elmurst Avenue, Oakland, CA",,,,Closure
Railroad Ave between S Elmurst Ave and Tyler St,D7,High,"October 13, 2025","October 17, 2025",2025-10-13,2025-10-17,4,2025,10,2025-10,post_newsom_order,Closure,,False,False,False,False,,intersection,"Railroad Avenue between South Elmurst Avenue and Tyler Street, Oakland, CA",,,,Closure
Railroad Ave between Tyler St and Nevada St,D7,High,"October 13, 2025","October 17, 2025",2025-10-13,2025-10-17,4,2025,10,2025-10,post_newsom_order,Closure,,False,False,False,False,,intersection,"Railroad Avenue between Tyler Street and Nevada Street, Oakland, CA",,,,Closure
Railroad Ave between Nevada St and 98th Ave,D7,High,"October 13, 2025","October 17, 2025",2025-10-13,2025-10-17,4,2025,10,2025-10,post_newsom_order,Closure,,False,False,False,False,,intersection,"Railroad Avenue between Nevada Street and 98th Avenue, Oakland, CA",,,,Closure
5th Ave between Embarcadero & E 8th St,D2,High,"October 06, 2025","October 10, 2025",2025-10-06,2025-10-10,4,2025,10,2025-10,post_newsom_order,Closure,,False,False,False,False,,intersection,"5th Avenue between Embarcadero & E 8th Street, Oakland, CA",,,,Closure
Union Point Park,D5,High,"October 06, 2025","October 10, 2025",2025-10-06,2025-10-10,4,2025,10,2025-10,post_newsom_order,Closure,,False,False,False,False,,named_place,"Union Point Park, Oakland, CA",37.7742,-122.2316,known_place_lookup,Closure
Bay Trail (b/t Alameda Ave and High St),D5,High,"October 06, 2025","October 10, 2025",2025-10-06,2025-10-10,4,2025,10,2025-10,post_newsom_order,Closure,,False,False,False,False,,intersection,"Bay Trail (b, Oakland, CA",,,,Closure
Bancroft Blvd between 67th Ave and 68th Ave,D6,High,"October 01, 2025","October 03, 2025",2025-10-01,2025-10-03,2,2025,10,2025-10,post_newsom_order,Closure,,False,False,False,False,,intersection,"Bancroft Boulevard between 67th Avenue and 68th Avenue, Oakland, CA",,,,Closure
Foothill Blvd between 67th Avenue and 68th Avenue,D6,High,"October 01, 2025","October 03, 2025",2025-10-01,2025-10-03,2,2025,10,2025-10,post_newsom_order,Closure,,False,False,False,False,,intersection,"Foothill Boulevard between 67th Avenue and 68th Avenue, Oakland, CA",,,,Closure
68th Ave between Foothill Blvd and Bancroft Ave,D6,High,"October 01, 2025","October 03, 2025",2025-10-01,2025-10-03,2,2025,10,2025-10,post_newsom_order,Closure,,False,False,False,False,,intersection,"68th Avenue between Foothill Boulevard and Bancroft Avenue, Oakland, CA",,,,Closure
67th Ave between Foothill Blvd and Bancroft Ave,D6,High,"October 01, 2025","October 03, 2025",2025-10-01,2025-10-03,2,2025,10,2025-10,post_newsom_order,Closure,,False,False,False,False,,intersection,"67th Avenue between Foothill Boulevard and Bancroft Avenue, Oakland, CA",,,,Closure
Wood St between 32nd St and 34th St,D3,High,"September 29, 2025","October 03, 2025",2025-09-29,2025-10-03,4,2025,9,2025-09,post_newsom_order,Closure,,False,False,False,False,,intersection,"Wood Street between 32nd Street and 34th Street, Oakland, CA",,,,Closure
Harrison St and Grand Ave,D3,High,"September 29, 2025","October 03, 2025",2025-09-29,2025-10-03,4,2025,9,2025-09,post_newsom_order,Closure,,False,False,False,False,,intersection,"Harrison Street and Grand Avenue, Oakland, CA",,,,Closure
Downtown Oakland Senior Center,D3,High,"September 29, 2025","October 03, 2025",2025-09-29,2025-10-03,4,2025,9,2025-09,post_newsom_order,Closure,,False,False,False,False,,named_place,Downtown Oakland Senior Center,,,,Closure
San Leandro St between 42nd Ave and High St,D5,High,"September 29, 2025","October 03, 2025",2025-09-29,2025-10-03,4,2025,9,2025-09,post_newsom_order,Closure,,False,False,False,False,,intersection,"San Leandro Street between 42nd Avenue and High Street, Oakland, CA",,,,Closure
San Leandro St between 41st Ave & 42nd Ave,D5,High,"September 29, 2025","October 03, 2025",2025-09-29,2025-10-03,4,2025,9,2025-09,post_newsom_order,Closure,,False,False,False,False,,intersection,"San Leandro Street between 41st Avenue & 42nd Avenue, Oakland, CA",,,,Closure
San Leandro St between 40th Ave & 41st Ave,D5,High,"September 29, 2025","October 03, 2025",2025-09-29,2025-10-03,4,2025,9,2025-09,post_newsom_order,Closure,,False,False,False,False,,intersection,"San Leandro Street between 40th Avenue & 41st Avenue, Oakland, CA",,,,Closure
45th Ave between Foothill Blvd and Bond St,D5,High,"September 29, 2025","October 03, 2025",2025-09-29,2025-10-03,4,2025,9,2025-09,post_newsom_order,Closure,,False,False,False,False,,intersection,"45th Avenue between Foothill Boulevard and Bond Street, Oakland, CA",,,,Closure
45th Avenue between Bancroft Avenue and Bond Street,D5,High,"September 29, 2025","October 03, 2025",2025-09-29,2025-10-03,4,2025,9,2025-09,post_newsom_order,Closure,,False,False,False,False,,intersection,"45th Avenue between Bancroft Avenue and Bond Street, Oakland, CA",,,,Closure
Bond St between High St and 42nd Avenue,D5,High,"September 29, 2025","October 03, 2025",2025-09-29,2025-10-03,4,2025,9,2025-09,post_newsom_order,Closure,,False,False,False,False,,intersection,"Bond Street between High Street and 42nd Avenue, Oakland, CA",,,,Closure
Bond St between High St and 45th Ave,D5,High,"September 29, 2025","October 03, 2025",2025-09-29,2025-10-03,4,2025,9,2025-09,post_newsom_order,Closure,,False,False,False,False,,intersection,"Bond Street between High Street and 45th Avenue, Oakland, CA",,,,Closure
Bond St between 45th Ave and 46th Ave,D5,High,"September 29, 2025","October 03, 2025",2025-09-29,2025-10-03,4,2025,9,2025-09,post_newsom_order,Closure,,False,False,False,False,,intersection,"Bond Street between 45th Avenue and 46th Avenue, Oakland, CA",,,,Closure
Foothill blvd between 45th and 46th Ave,D5,High,"September 29, 2025","October 03, 2025",2025-09-29,2025-10-03,4,2025,9,2025-09,post_newsom_order,Closure,,False,False,False,False,,intersection,"Foothill blvd between 45th and 46th Avenue, Oakland, CA",,,,Closure
Northgate Ave between 24th St & 25th St,D3,High,"September 29, 2025","October 03, 2025",2025-09-29,2025-10-03,4,2025,9,2025-09,post_newsom_order,Closure,,False,False,False,False,,intersection,"Northgate Avenue between 24th Street & 25th Street, Oakland, CA",,,,Closure
46th Ave between Bancroft Ave and Bond St,D5,High,"September 29, 2025","October 03, 2025",2025-09-29,2025-10-03,4,2025,9,2025-09,post_newsom_order,Closure,,False,False,False,False,,intersection,"46th Avenue between Bancroft Avenue and Bond Street, Oakland, CA",,,,Closure
46th Ave between Bond St and Foothill Blvd,D5,High,"September 29, 2025","October 03, 2025",2025-09-29,2025-10-03,4,2025,9,2025-09,post_newsom_order,Closure,,False,False,False,False,,intersection,"46th Avenue between Bond Street and Foothill Boulevard, Oakland, CA",,,,Closure
Northgate Ave between 25th St & Sycamore St,D3,High,"September 29, 2025","October 03, 2025",2025-09-29,2025-10-03,4,2025,9,2025-09,post_newsom_order,Closure,,False,False,False,False,,intersection,"Northgate Avenue between 25th Street & Sycamore Street, Oakland, CA",,,,Closure
Northgate Ave between Sycamore St & 27th St,D3,High,"September 29, 2025","October 03, 2025",2025-09-29,2025-10-03,4,2025,9,2025-09,post_newsom_order,Closure,,False,False,False,False,,intersection,"Northgate Avenue between Sycamore Street & 27th Street, Oakland, CA",,,,Closure
Beach St/Wood St between 34th St and Halleck St,D3,High,"September 29, 2025","October 03, 2025",2025-09-29,2025-10-03,4,2025,9,2025-09,post_newsom_order,Closure,,False,False,False,False,,named_place,"Beach Street, Oakland, CA",,,,Closure
Wood St between W Grand Ave and 24th St,D3,High,"September 29, 2025","October 03, 2025",2025-09-29,2025-10-03,4,2025,9,2025-09,post_newsom_order,Closure,,False,False,False,False,,intersection,"Wood Street between West Grand Avenue and 24th Street, Oakland, CA",,,,Closure
Wood St between 24th St and 26th St,D3,High,"September 29, 2025","October 03, 2025",2025-09-29,2025-10-03,4,2025,9,2025-09,post_newsom_order,Closure,,False,False,False,False,,intersection,"Wood Street between 24th Street and 26th Street, Oakland, CA",,,,Closure
Wood St between 26th St and 32nd St,D3,High,"September 29, 2025","October 03, 2025",2025-09-29,2025-10-03,4,2025,9,2025-09,post_newsom_order,Closure,,False,False,False,False,,intersection,"Wood Street between 26th Street and 32nd Street, Oakland, CA",,,,Closure
27th St between Northgate Ave and Telegraph Ave,D3,High,"September 29, 2025","October 03, 2025",2025-09-29,2025-10-03,4,2025,9,2025-09,post_newsom_order,Closure,,False,False,False,False,,intersection,"27th Street between Northgate Avenue and Telegraph Avenue, Oakland, CA",,,,Closure
24th St between Northgate Ave and Telegraph Ave,D3,High,"September 29, 2025","October 03, 2025",2025-09-29,2025-10-03,4,2025,9,2025-09,post_newsom_order,Closure,,False,False,False,False,,intersection,"24th Street between Northgate Avenue and Telegraph Avenue, Oakland, CA",,,,Closure
25th st between Northgate Ave and Telegraph Ave,D3,High,"September 29, 2025","October 03, 2025",2025-09-29,2025-10-03,4,2025,9,2025-09,post_newsom_order,Closure,,False,False,False,False,,intersection,"25th st between Northgate Avenue and Telegraph Avenue, Oakland, CA",,,,Closure
Sycamore between Northgate Ave and Telegraph Ave,D3,High,"September 29, 2025","October 03, 2025",2025-09-29,2025-10-03,4,2025,9,2025-09,post_newsom_order,Closure,,False,False,False,False,,intersection,"Sycamore between Northgate Avenue and Telegraph Avenue, Oakland, CA",,,,Closure
W Grand Ave between San Pablo Ave & MLK,D3,High,"September 29, 2025","October 03, 2025",2025-09-29,2025-10-03,4,2025,9,2025-09,post_newsom_order,Closure,,False,False,False,False,,intersection,"West Grand Avenue between San Pablo Avenue & Martin Luther King Jr Boulevard, Oakland, CA",,,,Closure
W Grand Ave between MLK to Northgate,D3,High,"September 29, 2025","October 03, 2025",2025-09-29,2025-10-03,4,2025,9,2025-09,post_newsom_order,Closure,,False,False,False,False,,intersection,"West Grand Avenue between Martin Luther King Jr Boulevard to Northgate, Oakland, CA",,,,Closure
W Grand Ave between Northgate Ave and Telegraph Ave,D3,High,"September 29, 2025","October 03, 2025",2025-09-29,2025-10-03,4,2025,9,2025-09,post_newsom_order,Closure,,False,False,False,False,,intersection,"West Grand Avenue between Northgate Avenue and Telegraph Avenue, Oakland, CA",,,,Closure
Sycamore between Northgate and MLK,D3,High,"September 29, 2025","October 03, 2025",2025-09-29,2025-10-03,4,2025,9,2025-09,post_newsom_order,Closure,,False,False,False,False,,intersection,"Sycamore between Northgate and Martin Luther King Jr Boulevard, Oakland, CA",,,,Closure
San Pablo Ave between W Grand Ave & MLK,D3,High,"September 29, 2025","October 03, 2025",2025-09-29,2025-10-03,4,2025,9,2025-09,post_newsom_order,Closure,,False,False,False,False,,intersection,"San Pablo Avenue between West Grand Avenue & Martin Luther King Jr Boulevard, Oakland, CA",,,,Closure
23rd St. between MLK and San Pablo,D3,High,"September 29, 2025","October 03, 2025",2025-09-29,2025-10-03,4,2025,9,2025-09,post_newsom_order,Closure,,False,False,False,False,,intersection,"23rd Street. between Martin Luther King Jr Boulevard and San Pablo, Oakland, CA",,,,Closure
23rd St between Northgate Ave and Telegraph Ave,D3,High,"September 29, 2025","October 03, 2025",2025-09-29,2025-10-03,4,2025,9,2025-09,post_newsom_order,Closure,,False,False,False,False,,intersection,"23rd Street between Northgate Avenue and Telegraph Avenue, Oakland, CA",,,,Closure
23rd St between MLK to Northgate,D3,High,"September 29, 2025","October 03, 2025",2025-09-29,2025-10-03,4,2025,9,2025-09,post_newsom_order,Closure,,False,False,False,False,,intersection,"23rd Street between Martin Luther King Jr Boulevard to Northgate, Oakland, CA",,,,Closure
27th St between MLK Jr Way and Northgate Ave,D3,High,"September 29, 2025","October 03, 2025",2025-09-29,2025-10-03,4,2025,9,2025-09,post_newsom_order,Closure,,False,False,False,False,,intersection,"27th Street between Martin Luther King Jr Boulevard Jr Way and Northgate Avenue, Oakland, CA",,,,Closure
MLk between W Grand Ave & 23rd,D3,High,"September 29, 2025","October 03, 2025",2025-09-29,2025-10-03,4,2025,9,2025-09,post_newsom_order,Closure,,False,False,False,False,,intersection,"Martin Luther King Jr Boulevard between West Grand Avenue & 23rd, Oakland, CA",,,,Closure
MLK between 23rd & 24th,D3,High,"September 29, 2025","October 03, 2025",2025-09-29,2025-10-03,4,2025,9,2025-09,post_newsom_order,Closure,,False,False,False,False,,intersection,"Martin Luther King Jr Boulevard between 23rd & 24th, Oakland, CA",,,,Closure
MLK between 24th & 25th,D3,High,"September 29, 2025","October 03, 2025",2025-09-29,2025-10-03,4,2025,9,2025-09,post_newsom_order,Closure,,False,False,False,False,,intersection,"Martin Luther King Jr Boulevard between 24th & 25th, Oakland, CA",,,,Closure
MLK between 25th St & Sycamore St,D3,High,"September 29, 2025","October 03, 2025",2025-09-29,2025-10-03,4,2025,9,2025-09,post_newsom_order,Closure,,False,False,False,False,,intersection,"Martin Luther King Jr Boulevard between 25th Street & Sycamore Street, Oakland, CA",,,,Closure
MLK between Sycamore St & 26th St,D3,High,"September 29, 2025","October 03, 2025",2025-09-29,2025-10-03,4,2025,9,2025-09,post_newsom_order,Closure,,False,False,False,False,,intersection,"Martin Luther King Jr Boulevard between Sycamore Street & 26th Street, Oakland, CA",,,,Closure
MLK between 26th St & 27th St,D3,High,"September 29, 2025","October 03, 2025",2025-09-29,2025-10-03,4,2025,9,2025-09,post_newsom_order,Closure,,False,False,False,False,,intersection,"Martin Luther King Jr Boulevard between 26th Street & 27th Street, Oakland, CA",,,,Closure
Northgate Ave between W Grand Ave and 23rd St,D3,High,"September 29, 2025","October 03, 2025",2025-09-29,2025-10-03,4,2025,9,2025-09,post_newsom_order,Closure,,False,False,False,False,,intersection,"Northgate Avenue between West Grand Avenue and 23rd Street, Oakland, CA",,,,Closure
Northgate Ave between 23rd St and 24th St,D3,High,"September 29, 2025","October 03, 2025",2025-09-29,2025-10-03,4,2025,9,2025-09,post_newsom_order,Closure,,False,False,False,False,,intersection,"Northgate Avenue between 23rd Street and 24th Street, Oakland, CA",,,,Closure
MLK between 25th St & Sycamore St,D3,High,"September 22, 2025","September 26, 2025",2025-09-22,2025-09-26,4,2025,9,2025-09,post_newsom_order,Closure,,False,False,False,False,,intersection,"Martin Luther King Jr Boulevard between 25th Street & Sycamore Street, Oakland, CA",,,,Closure
MLK between Sycamore St & 26th St,D3,High,"September 22, 2025","September 26, 2025",2025-09-22,2025-09-26,4,2025,9,2025-09,post_newsom_order,Closure,,False,False,False,False,,intersection,"Martin Luther King Jr Boulevard between Sycamore Street & 26th Street, Oakland, CA",,,,Closure
MLK between 26th St & 27th St,D3,High,"September 22, 2025","September 26, 2025",2025-09-22,2025-09-26,4,2025,9,2025-09,post_newsom_order,Closure,,False,False,False,False,,intersection,"Martin Luther King Jr Boulevard between 26th Street & 27th Street, Oakland, CA",,,,Closure
Northgate Ave between W Grand Ave and 23rd St,D3,High,"September 22, 2025","September 26, 2025",2025-09-22,2025-09-26,4,2025,9,2025-09,post_newsom_order,Closure,,False,False,False,False,,intersection,"Northgate Avenue between West Grand Avenue and 23rd Street, Oakland, CA",,,,Closure
Northgate Ave between 23rd St and 24th St,D3,High,"September 22, 2025","September 26, 2025",2025-09-22,2025-09-26,4,2025,9,2025-09,post_newsom_order,Closure,,False,False,False,False,,intersection,"Northgate Avenue between 23rd Street and 24th Street, Oakland, CA",,,,Closure
Northgate Ave between 24th St & 25th St,D3,High,"September 22, 2025","September 26, 2025",2025-09-22,2025-09-26,4,2025,9,2025-09,post_newsom_order,Closure,,False,False,False,False,,intersection,"Northgate Avenue between 24th Street & 25th Street, Oakland, CA",,,,Closure
Northgate Ave between 25th St & Sycamore St,D3,High,"September 22, 2025","September 26, 2025",2025-09-22,2025-09-26,4,2025,9,2025-09,post_newsom_order,Closure,,False,False,False,False,,intersection,"Northgate Avenue between 25th Street & Sycamore Street, Oakland, CA",,,,Closure
Northgate Ave between Sycamore St & 27th St,D3,High,"September 22, 2025","September 26, 2025",2025-09-22,2025-09-26,4,2025,9,2025-09,post_newsom_order,Closure,,False,False,False,False,,intersection,"Northgate Avenue between Sycamore Street & 27th Street, Oakland, CA",,,,Closure
28th Street between Ettie and Mandela Parkway,D3,High,"September 22, 2025","September 26, 2025",2025-09-22,2025-09-26,4,2025,9,2025-09,post_newsom_order,Deep Cleaning,,False,False,False,False,,intersection,"28th Street between Ettie and Mandela Parkway, Oakland, CA",,,,Deep Cleaning
28th St between Ettie St & Hannah St,D3,High,"September 22, 2025","September 26, 2025",2025-09-22,2025-09-26,4,2025,9,2025-09,post_newsom_order,Deep Cleaning,,False,False,False,False,,intersection,"28th Street between Ettie Street & Hannah Street, Oakland, CA",,,,Deep Cleaning
Ettie St b/t 28th St and 32nd St,D3,High,"September 22, 2025","September 26, 2025",2025-09-22,2025-09-26,4,2025,9,2025-09,post_newsom_order,Closure,,False,False,False,False,,intersection,"Ettie Street b, Oakland, CA",,,,Closure
Telegraph Ave between 34th St and 36th St.,D3,High,"September 22, 2025","September 26, 2025",2025-09-22,2025-09-26,4,2025,9,2025-09,post_newsom_order,Closure,Deep Cleaning,True,False,False,False,,intersection,"Telegraph Avenue between 34th Street and 36th Street, Oakland, CA",,,,Closure & Deep Cleaning
West between 35th and 36th St,D3,High,"September 22, 2025","September 26, 2025",2025-09-22,2025-09-26,4,2025,9,2025-09,post_newsom_order,Closure,,False,False,False,False,,intersection,"West between 35th and 36th Street, Oakland, CA",,,,Closure
19th Ave between Solano Way and International Blvd,D2,High,"September 22, 2025","September 26, 2025",2025-09-22,2025-09-26,4,2025,9,2025-09,post_newsom_order,Closure,,False,False,False,False,,intersection,"19th Avenue between Solano Way and International Boulevard, Oakland, CA",,,,Closure
19th Ave between E 12th St and Solano Way,D2,High,"September 22, 2025","September 26, 2025",2025-09-22,2025-09-26,4,2025,9,2025-09,post_newsom_order,Closure,,False,False,False,False,,intersection,"19th Avenue between E 12th Street and Solano Way, Oakland, CA",,,,Closure
E. 12th Median : 14th Ave to 19th Ave,D2,High,"September 22, 2025","September 26, 2025",2025-09-22,2025-09-26,4,2025,9,2025-09,post_newsom_order,Closure,,False,False,False,False,,named_place,"East 12th Median, Oakland, CA",,,,Closure
Wood St between W Grand Ave and 24th St,D3,High,"September 22, 2025","September 26, 2025",2025-09-22,2025-09-26,4,2025,9,2025-09,post_newsom_order,Closure,,False,False,False,False,,intersection,"Wood Street between West Grand Avenue and 24th Street, Oakland, CA",,,,Closure
Beach St/Wood St between 34th St and Halleck St,D3,High,"September 22, 2025","September 26, 2025",2025-09-22,2025-09-26,4,2025,9,2025-09,post_newsom_order,Closure,,False,False,False,False,,named_place,"Beach Street, Oakland, CA",,,,Closure
Wood St between 24th St and 26th St,D3,High,"September 22, 2025","September 26, 2025",2025-09-22,2025-09-26,4,2025,9,2025-09,post_newsom_order,Closure,,False,False,False,False,,intersection,"Wood Street between 24th Street and 26th Street, Oakland, CA",,,,Closure
Wood St between 26th St and 32nd St,D3,High,"September 22, 2025","September 26, 2025",2025-09-22,2025-09-26,4,2025,9,2025-09,post_newsom_order,Closure,,False,False,False,False,,intersection,"Wood Street between 26th Street and 32nd Street, Oakland, CA",,,,Closure
Wood St between 32nd St and 34th St,D3,High,"September 22, 2025","September 26, 2025",2025-09-22,2025-09-26,4,2025,9,2025-09,post_newsom_order,Closure,,False,False,False,False,,intersection,"Wood Street between 32nd Street and 34th Street, Oakland, CA",,,,Closure
27th St between Northgate Ave and Telegraph Ave,D3,High,"September 22, 2025","September 26, 2025",2025-09-22,2025-09-26,4,2025,9,2025-09,post_newsom_order,Closure,,False,False,False,False,,intersection,"27th Street between Northgate Avenue and Telegraph Avenue, Oakland, CA",,,,Closure
24th St between Northgate Ave and Telegraph Ave,D3,High,"September 22, 2025","September 26, 2025",2025-09-22,2025-09-26,4,2025,9,2025-09,post_newsom_order,Closure,,False,False,False,False,,intersection,"24th Street between Northgate Avenue and Telegraph Avenue, Oakland, CA",,,,Closure
25th st between Northgate Ave and Telegraph Ave,D3,High,"September 22, 2025","September 26, 2025",2025-09-22,2025-09-26,4,2025,9,2025-09,post_newsom_order,Closure,,False,False,False,False,,intersection,"25th st between Northgate Avenue and Telegraph Avenue, Oakland, CA",,,,Closure
Sycamore between Northgate Ave and Telegraph Ave,D3,High,"September 22, 2025","September 26, 2025",2025-09-22,2025-09-26,4,2025,9,2025-09,post_newsom_order,Closure,,False,False,False,False,,intersection,"Sycamore between Northgate Avenue and Telegraph Avenue, Oakland, CA",,,,Closure
W Grand Ave between San Pablo Ave & MLK,D3,High,"September 22, 2025","September 26, 2025",2025-09-22,2025-09-26,4,2025,9,2025-09,post_newsom_order,Closure,,False,False,False,False,,intersection,"West Grand Avenue between San Pablo Avenue & Martin Luther King Jr Boulevard, Oakland, CA",,,,Closure
W Grand Ave between MLK to Northgate,D3,High,"September 22, 2025","September 26, 2025",2025-09-22,2025-09-26,4,2025,9,2025-09,post_newsom_order,Closure,,False,False,False,False,,intersection,"West Grand Avenue between Martin Luther King Jr Boulevard to Northgate, Oakland, CA",,,,Closure
W Grand Ave between Northgate Ave and Telegraph Ave,D3,High,"September 22, 2025","September 26, 2025",2025-09-22,2025-09-26,4,2025,9,2025-09,post_newsom_order,Closure,,False,False,False,False,,intersection,"West Grand Avenue between Northgate Avenue and Telegraph Avenue, Oakland, CA",,,,Closure
Sycamore between Northgate and MLK,D3,High,"September 22, 2025","September 26, 2025",2025-09-22,2025-09-26,4,2025,9,2025-09,post_newsom_order,Closure,,False,False,False,False,,intersection,"Sycamore between Northgate and Martin Luther King Jr Boulevard, Oakland, CA",,,,Closure
San Pablo Ave between W Grand Ave & MLK,D3,High,"September 22, 2025","September 26, 2025",2025-09-22,2025-09-26,4,2025,9,2025-09,post_newsom_order,Closure,,False,False,False,False,,intersection,"San Pablo Avenue between West Grand Avenue & Martin Luther King Jr Boulevard, Oakland, CA",,,,Closure
23rd St. between MLK and San Pablo,D3,High,"September 22, 2025","September 26, 2025",2025-09-22,2025-09-26,4,2025,9,2025-09,post_newsom_order,Closure,,False,False,False,False,,intersection,"23rd Street. between Martin Luther King Jr Boulevard and San Pablo, Oakland, CA",,,,Closure
23rd St between Northgate Ave and Telegraph Ave,D3,High,"September 22, 2025","September 26, 2025",2025-09-22,2025-09-26,4,2025,9,2025-09,post_newsom_order,Closure,,False,False,False,False,,intersection,"23rd Street between Northgate Avenue and Telegraph Avenue, Oakland, CA",,,,Closure
23rd St between MLK to Northgate,D3,High,"September 22, 2025","September 26, 2025",2025-09-22,2025-09-26,4,2025,9,2025-09,post_newsom_order,Closure,,False,False,False,False,,intersection,"23rd Street between Martin Luther King Jr Boulevard to Northgate, Oakland, CA",,,,Closure
27th St between MLK Jr Way and Northgate Ave,D3,High,"September 22, 2025","September 26, 2025",2025-09-22,2025-09-26,4,2025,9,2025-09,post_newsom_order,Closure,,False,False,False,False,,intersection,"27th Street between Martin Luther King Jr Boulevard Jr Way and Northgate Avenue, Oakland, CA",,,,Closure
MLk between W Grand Ave & 23rd,D3,High,"September 22, 2025","September 26, 2025",2025-09-22,2025-09-26,4,2025,9,2025-09,post_newsom_order,Closure,,False,False,False,False,,intersection,"Martin Luther King Jr Boulevard between West Grand Avenue & 23rd, Oakland, CA",,,,Closure
MLK between 23rd & 24th,D3,High,"September 22, 2025","September 26, 2025",2025-09-22,2025-09-26,4,2025,9,2025-09,post_newsom_order,Closure,,False,False,False,False,,intersection,"Martin Luther King Jr Boulevard between 23rd & 24th, Oakland, CA",,,,Closure
MLK between 24th & 25th,D3,High,"September 22, 2025","September 26, 2025",2025-09-22,2025-09-26,4,2025,9,2025-09,post_newsom_order,Closure,,False,False,False,False,,intersection,"Martin Luther King Jr Boulevard between 24th & 25th, Oakland, CA",,,,Closure
24th St between Northgate Ave and Telegraph Ave,D3,High,"September 15, 2025","September 19, 2025",2025-09-15,2025-09-19,4,2025,9,2025-09,post_newsom_order,Closure,,False,False,False,False,,intersection,"24th Street between Northgate Avenue and Telegraph Avenue, Oakland, CA",,,,Closure
Sycamore between Northgate Ave and Telegraph Ave,D3,High,"September 15, 2025","September 19, 2025",2025-09-15,2025-09-19,4,2025,9,2025-09,post_newsom_order,Closure,,False,False,False,False,,intersection,"Sycamore between Northgate Avenue and Telegraph Avenue, Oakland, CA",,,,Closure
W Grand Ave between San Pablo Ave & MLK,D3,High,"September 15, 2025","September 19, 2025",2025-09-15,2025-09-19,4,2025,9,2025-09,post_newsom_order,Closure,,False,False,False,False,,intersection,"West Grand Avenue between San Pablo Avenue & Martin Luther King Jr Boulevard, Oakland, CA",,,,Closure
W Grand Ave between MLK to Northgate,D3,High,"September 15, 2025","September 19, 2025",2025-09-15,2025-09-19,4,2025,9,2025-09,post_newsom_order,Closure,,False,False,False,False,,intersection,"West Grand Avenue between Martin Luther King Jr Boulevard to Northgate, Oakland, CA",,,,Closure
W Grand Ave between Northgate Ave and Telegraph Ave,D3,High,"September 15, 2025","September 19, 2025",2025-09-15,2025-09-19,4,2025,9,2025-09,post_newsom_order,Closure,,False,False,False,False,,intersection,"West Grand Avenue between Northgate Avenue and Telegraph Avenue, Oakland, CA",,,,Closure
Sycamore between Northgate and MLK,D3,High,"September 15, 2025","September 19, 2025",2025-09-15,2025-09-19,4,2025,9,2025-09,post_newsom_order,Closure,,False,False,False,False,,intersection,"Sycamore between Northgate and Martin Luther King Jr Boulevard, Oakland, CA",,,,Closure
San Pablo Ave between W Grand Ave & MLK,D3,High,"September 15, 2025","September 19, 2025",2025-09-15,2025-09-19,4,2025,9,2025-09,post_newsom_order,Closure,,False,False,False,False,,intersection,"San Pablo Avenue between West Grand Avenue & Martin Luther King Jr Boulevard, Oakland, CA",,,,Closure
23rd St. between MLK and San Pablo,D3,High,"September 15, 2025","September 19, 2025",2025-09-15,2025-09-19,4,2025,9,2025-09,post_newsom_order,Closure,,False,False,False,False,,intersection,"23rd Street. between Martin Luther King Jr Boulevard and San Pablo, Oakland, CA",,,,Closure
23rd St between Northgate Ave and Telegraph Ave,D3,High,"September 15, 2025","September 19, 2025",2025-09-15,2025-09-19,4,2025,9,2025-09,post_newsom_order,Closure,,False,False,False,False,,intersection,"23rd Street between Northgate Avenue and Telegraph Avenue, Oakland, CA",,,,Closure
23rd St between MLK to Northgate,D3,High,"September 15, 2025","September 19, 2025",2025-09-15,2025-09-19,4,2025,9,2025-09,post_newsom_order,Closure,,False,False,False,False,,intersection,"23rd Street between Martin Luther King Jr Boulevard to Northgate, Oakland, CA",,,,Closure
27th St between MLK Jr Way and Northgate Ave,D3,High,"September 15, 2025","September 19, 2025",2025-09-15,2025-09-19,4,2025,9,2025-09,post_newsom_order,Closure,,False,False,False,False,,intersection,"27th Street between Martin Luther King Jr Boulevard Jr Way and Northgate Avenue, Oakland, CA",,,,Closure
MLk between W Grand Ave & 23rd,D3,High,"September 15, 2025","September 19, 2025",2025-09-15,2025-09-19,4,2025,9,2025-09,post_newsom_order,Closure,,False,False,False,False,,intersection,"Martin Luther King Jr Boulevard between West Grand Avenue & 23rd, Oakland, CA",,,,Closure
MLK between 23rd & 24th,D3,High,"September 15, 2025","September 19, 2025",2025-09-15,2025-09-19,4,2025,9,2025-09,post_newsom_order,Closure,,False,False,False,False,,intersection,"Martin Luther King Jr Boulevard between 23rd & 24th, Oakland, CA",,,,Closure
MLK between 24th & 25th,D3,High,"September 15, 2025","September 19, 2025",2025-09-15,2025-09-19,4,2025,9,2025-09,post_newsom_order,Closure,,False,False,False,False,,intersection,"Martin Luther King Jr Boulevard between 24th & 25th, Oakland, CA",,,,Closure
MLK between 25th St & Sycamore St,D3,High,"September 15, 2025","September 19, 2025",2025-09-15,2025-09-19,4,2025,9,2025-09,post_newsom_order,Closure,,False,False,False,False,,intersection,"Martin Luther King Jr Boulevard between 25th Street & Sycamore Street, Oakland, CA",,,,Closure
MLK between Sycamore St & 26th St,D3,High,"September 15, 2025","September 19, 2025",2025-09-15,2025-09-19,4,2025,9,2025-09,post_newsom_order,Closure,,False,False,False,False,,intersection,"Martin Luther King Jr Boulevard between Sycamore Street & 26th Street, Oakland, CA",,,,Closure
MLK between 26th St & 27th St,D3,High,"September 15, 2025","September 19, 2025",2025-09-15,2025-09-19,4,2025,9,2025-09,post_newsom_order,Closure,,False,False,False,False,,intersection,"Martin Luther King Jr Boulevard between 26th Street & 27th Street, Oakland, CA",,,,Closure
Northgate Ave between W Grand Ave and 23rd St,D3,High,"September 15, 2025","September 19, 2025",2025-09-15,2025-09-19,4,2025,9,2025-09,post_newsom_order,Closure,,False,False,False,False,,intersection,"Northgate Avenue between West Grand Avenue and 23rd Street, Oakland, CA",,,,Closure
Northgate Ave between 23rd St and 24th St,D3,High,"September 15, 2025","September 19, 2025",2025-09-15,2025-09-19,4,2025,9,2025-09,post_newsom_order,Closure,,False,False,False,False,,intersection,"Northgate Avenue between 23rd Street and 24th Street, Oakland, CA",,,,Closure
Northgate Ave between 24th St & 25th St,D3,High,"September 15, 2025","September 19, 2025",2025-09-15,2025-09-19,4,2025,9,2025-09,post_newsom_order,Closure,,False,False,False,False,,intersection,"Northgate Avenue between 24th Street & 25th Street, Oakland, CA",,,,Closure
Northgate Ave between 25th St & Sycamore St,D3,High,"September 15, 2025","September 19, 2025",2025-09-15,2025-09-19,4,2025,9,2025-09,post_newsom_order,Closure,,False,False,False,False,,intersection,"Northgate Avenue between 25th Street & Sycamore Street, Oakland, CA",,,,Closure
Northgate Ave between Sycamore St & 27th St,D3,High,"September 15, 2025","September 19, 2025",2025-09-15,2025-09-19,4,2025,9,2025-09,post_newsom_order,Closure,,False,False,False,False,,intersection,"Northgate Avenue between Sycamore Street & 27th Street, Oakland, CA",,,,Closure
28th Street between Ettie and Mandela Parkway,D3,High,"September 15, 2025","September 19, 2025",2025-09-15,2025-09-19,4,2025,9,2025-09,post_newsom_order,Deep Cleaning,,False,False,False,False,,intersection,"28th Street between Ettie and Mandela Parkway, Oakland, CA",,,,Deep Cleaning
28th St between Ettie St & Hannah St,D3,High,"September 15, 2025","September 19, 2025",2025-09-15,2025-09-19,4,2025,9,2025-09,post_newsom_order,Deep Cleaning,,False,False,False,False,,intersection,"28th Street between Ettie Street & Hannah Street, Oakland, CA",,,,Deep Cleaning
Ettie St b/t 28th St and 32nd St,D3,High,"September 15, 2025","September 19, 2025",2025-09-15,2025-09-19,4,2025,9,2025-09,post_newsom_order,Closure,,False,False,False,False,,intersection,"Ettie Street b, Oakland, CA",,,,Closure
Telegraph Ave between 34th St and 36th St.,D3,High,"September 15, 2025","September 19, 2025",2025-09-15,2025-09-19,4,2025,9,2025-09,post_newsom_order,Closure,Deep Cleaning,True,False,False,False,,intersection,"Telegraph Avenue between 34th Street and 36th Street, Oakland, CA",,,,Closure & Deep Cleaning
West between 35th and 36th St,D3,High,"September 15, 2025","September 19, 2025",2025-09-15,2025-09-19,4,2025,9,2025-09,post_newsom_order,Closure,,False,False,False,False,,intersection,"West between 35th and 36th Street, Oakland, CA",,,,Closure
88th Ave Mini Park,D7,High,"September 15, 2025","September 19, 2025",2025-09-15,2025-09-19,4,2025,9,2025-09,post_newsom_order,Closure,,False,False,False,False,,named_place,"88th Avenue Mini Park, Oakland, CA",,,,Closure
88th Ave between Birch St and Plymouth St,D7,High,"September 15, 2025","September 19, 2025",2025-09-15,2025-09-19,4,2025,9,2025-09,post_newsom_order,Closure,,False,False,False,False,,intersection,"88th Avenue between Birch Street and Plymouth Street, Oakland, CA",,,,Closure
27th St between Northgate Ave and Telegraph Ave,D3,High,"September 15, 2025","September 19, 2025",2025-09-15,2025-09-19,4,2025,9,2025-09,post_newsom_order,Closure,,False,False,False,False,,intersection,"27th Street between Northgate Avenue and Telegraph Avenue, Oakland, CA",,,,Closure
25th st between Northgate Ave and Telegraph Ave,D3,High,"September 15, 2025","September 19, 2025",2025-09-15,2025-09-19,4,2025,9,2025-09,post_newsom_order,Closure,,False,False,False,False,,intersection,"25th st between Northgate Avenue and Telegraph Avenue, Oakland, CA",,,,Closure
Marston Campbell Park (KIPP School),D3,High,"September 11, 2025","September 12, 2025",2025-09-11,2025-09-12,1,2025,9,2025-09,post_newsom_order,Closure,,False,False,False,False,,named_place,"Marston Campbell Park (KIPP School), Oakland, CA",37.7999,-122.2257,known_place_lookup,Closure
Sycamore between Northgate and MLK,D3,High,"September 08, 2025","September 12, 2025",2025-09-08,2025-09-12,4,2025,9,2025-09,post_newsom_order,Closure,,False,False,False,False,,intersection,"Sycamore between Northgate and Martin Luther King Jr Boulevard, Oakland, CA",,,,Closure
W Grand Ave between Northgate Ave and Telegraph Ave,D3,High,"September 08, 2025","September 12, 2025",2025-09-08,2025-09-12,4,2025,9,2025-09,post_newsom_order,Closure,,False,False,False,False,,intersection,"West Grand Avenue between Northgate Avenue and Telegraph Avenue, Oakland, CA",,,,Closure
W Grand Ave between MLK to Northgate,D3,High,"September 08, 2025","September 12, 2025",2025-09-08,2025-09-12,4,2025,9,2025-09,post_newsom_order,Closure,,False,False,False,False,,intersection,"West Grand Avenue between Martin Luther King Jr Boulevard to Northgate, Oakland, CA",,,,Closure
W Grand Ave between San Pablo Ave & MLK,D3,High,"September 08, 2025","September 12, 2025",2025-09-08,2025-09-12,4,2025,9,2025-09,post_newsom_order,Closure,,False,False,False,False,,intersection,"West Grand Avenue between San Pablo Avenue & Martin Luther King Jr Boulevard, Oakland, CA",,,,Closure
MLK between Sycamore St & 26th St,D3,High,"September 08, 2025","September 12, 2025",2025-09-08,2025-09-12,4,2025,9,2025-09,post_newsom_order,Closure,,False,False,False,False,,intersection,"Martin Luther King Jr Boulevard between Sycamore Street & 26th Street, Oakland, CA",,,,Closure
MLK between 25th St & Sycamore St,D3,High,"September 08, 2025","September 12, 2025",2025-09-08,2025-09-12,4,2025,9,2025-09,post_newsom_order,Closure,,False,False,False,False,,intersection,"Martin Luther King Jr Boulevard between 25th Street & Sycamore Street, Oakland, CA",,,,Closure
MLK between 24th & 25th,D3,High,"September 08, 2025","September 12, 2025",2025-09-08,2025-09-12,4,2025,9,2025-09,post_newsom_order,Closure,,False,False,False,False,,intersection,"Martin Luther King Jr Boulevard between 24th & 25th, Oakland, CA",,,,Closure
MLK between 23rd & 24th,D3,High,"September 08, 2025","September 12, 2025",2025-09-08,2025-09-12,4,2025,9,2025-09,post_newsom_order,Closure,,False,False,False,False,,intersection,"Martin Luther King Jr Boulevard between 23rd & 24th, Oakland, CA",,,,Closure
MLk between W Grand Ave & 23rd,D3,High,"September 08, 2025","September 12, 2025",2025-09-08,2025-09-12,4,2025,9,2025-09,post_newsom_order,Closure,,False,False,False,False,,intersection,"Martin Luther King Jr Boulevard between West Grand Avenue & 23rd, Oakland, CA",,,,Closure
27th St between MLK Jr Way and Northgate Ave,D3,High,"September 08, 2025","September 12, 2025",2025-09-08,2025-09-12,4,2025,9,2025-09,post_newsom_order,Closure,,False,False,False,False,,intersection,"27th Street between Martin Luther King Jr Boulevard Jr Way and Northgate Avenue, Oakland, CA",,,,Closure
23rd St between MLK to Northgate,D3,High,"September 08, 2025","September 12, 2025",2025-09-08,2025-09-12,4,2025,9,2025-09,post_newsom_order,Closure,,False,False,False,False,,intersection,"23rd Street between Martin Luther King Jr Boulevard to Northgate, Oakland, CA",,,,Closure
23rd St between Northgate Ave and Telegraph Ave,D3,High,"September 08, 2025","September 12, 2025",2025-09-08,2025-09-12,4,2025,9,2025-09,post_newsom_order,Closure,,False,False,False,False,,intersection,"23rd Street between Northgate Avenue and Telegraph Avenue, Oakland, CA",,,,Closure
Northgate Ave between W Grand Ave and 23rd St,D3,High,"September 08, 2025","September 12, 2025",2025-09-08,2025-09-12,4,2025,9,2025-09,post_newsom_order,Closure,,False,False,False,False,,intersection,"Northgate Avenue between West Grand Avenue and 23rd Street, Oakland, CA",,,,Closure
Northgate Ave between 23rd St and 24th St,D3,High,"September 08, 2025","September 12, 2025",2025-09-08,2025-09-12,4,2025,9,2025-09,post_newsom_order,Closure,,False,False,False,False,,intersection,"Northgate Avenue between 23rd Street and 24th Street, Oakland, CA",,,,Closure
Northgate Ave between 24th St & 25th St,D3,High,"September 08, 2025","September 12, 2025",2025-09-08,2025-09-12,4,2025,9,2025-09,post_newsom_order,Closure,,False,False,False,False,,intersection,"Northgate Avenue between 24th Street & 25th Street, Oakland, CA",,,,Closure
Northgate Ave between 25th St & Sycamore St,D3,High,"September 08, 2025","September 12, 2025",2025-09-08,2025-09-12,4,2025,9,2025-09,post_newsom_order,Closure,,False,False,False,False,,intersection,"Northgate Avenue between 25th Street & Sycamore Street, Oakland, CA",,,,Closure
Northgate Ave between Sycamore St & 27th St,D3,High,"September 08, 2025","September 12, 2025",2025-09-08,2025-09-12,4,2025,9,2025-09,post_newsom_order,Closure,,False,False,False,False,,intersection,"Northgate Avenue between Sycamore Street & 27th Street, Oakland, CA",,,,Closure
27th St between Northgate Ave and Telegraph Ave,D3,High,"September 08, 2025","September 12, 2025",2025-09-08,2025-09-12,4,2025,9,2025-09,post_newsom_order,Closure,,False,False,False,False,,intersection,"27th Street between Northgate Avenue and Telegraph Avenue, Oakland, CA",,,,Closure
24th St between Northgate Ave and Telegraph Ave,D3,High,"September 08, 2025","September 12, 2025",2025-09-08,2025-09-12,4,2025,9,2025-09,post_newsom_order,Closure,,False,False,False,False,,intersection,"24th Street between Northgate Avenue and Telegraph Avenue, Oakland, CA",,,,Closure
25th st between Northgate Ave and Telegraph Ave,D3,High,"September 08, 2025","September 12, 2025",2025-09-08,2025-09-12,4,2025,9,2025-09,post_newsom_order,Closure,,False,False,False,False,,intersection,"25th st between Northgate Avenue and Telegraph Avenue, Oakland, CA",,,,Closure
Sycamore between Northgate Ave and Telegraph Ave,D3,High,"September 08, 2025","September 12, 2025",2025-09-08,2025-09-12,4,2025,9,2025-09,post_newsom_order,Closure,,False,False,False,False,,intersection,"Sycamore between Northgate Avenue and Telegraph Avenue, Oakland, CA",,,,Closure
Kirkham St between 5th & 7th St.,D3,High,"September 08, 2025","September 12, 2025",2025-09-08,2025-09-12,4,2025,9,2025-09,post_newsom_order,Closure,,False,False,False,False,,intersection,"Kirkham Street between 5th & 7th Street, Oakland, CA",,,,Closure
Union St between 5th St and 7th St,D3,High,"September 08, 2025","September 12, 2025",2025-09-08,2025-09-12,4,2025,9,2025-09,post_newsom_order,Closure,,False,False,False,False,,intersection,"Union Street between 5th Street and 7th Street, Oakland, CA",,,,Closure
Goss St between Pine St and Wood St,D3,High,"September 08, 2025","September 12, 2025",2025-09-08,2025-09-12,4,2025,9,2025-09,post_newsom_order,Closure,,False,False,False,False,,intersection,"Goss Street between Pine Street and Wood Street, Oakland, CA",,,,Closure
Pine St between 8th St and Goss St,D3,High,"September 08, 2025","September 12, 2025",2025-09-08,2025-09-12,4,2025,9,2025-09,post_newsom_order,Closure,,False,False,False,False,,intersection,"Pine Street between 8th Street and Goss Street, Oakland, CA",,,,Closure
Wood St between 7th St and Goss St,D3,High,"September 08, 2025","September 12, 2025",2025-09-08,2025-09-12,4,2025,9,2025-09,post_newsom_order,Closure,,False,False,False,False,,intersection,"Wood Street between 7th Street and Goss Street, Oakland, CA",,,,Closure
7th St between Willow St and Wood St,D3,High,"September 08, 2025","September 12, 2025",2025-09-08,2025-09-12,4,2025,9,2025-09,post_newsom_order,Closure,,False,False,False,False,,intersection,"7th Street between Willow Street and Wood Street, Oakland, CA",,,,Closure
Adeline St & 3rd St,D3,High,"September 08, 2025","September 12, 2025",2025-09-08,2025-09-12,4,2025,9,2025-09,post_newsom_order,Closure,,False,False,False,False,,named_place,"Adeline Street & 3rd Street, Oakland, CA",,,,Closure
5th St. between Mandela Pkwy & Union,D3,High,"September 08, 2025","September 12, 2025",2025-09-08,2025-09-12,4,2025,9,2025-09,post_newsom_order,Closure,,False,False,False,False,,intersection,"5th Street. between Mandela Parkway & Union, Oakland, CA",,,,Closure
23rd St. between MLK and San Pablo,D3,High,"September 08, 2025","September 12, 2025",2025-09-08,2025-09-12,4,2025,9,2025-09,post_newsom_order,Closure,,False,False,False,False,,intersection,"23rd Street. between Martin Luther King Jr Boulevard and San Pablo, Oakland, CA",,,,Closure
San Pablo Ave between W Grand Ave & MLK,D3,High,"September 08, 2025","September 12, 2025",2025-09-08,2025-09-12,4,2025,9,2025-09,post_newsom_order,Closure,,False,False,False,False,,intersection,"San Pablo Avenue between West Grand Avenue & Martin Luther King Jr Boulevard, Oakland, CA",,,,Closure
MLK between 26th St & 27th St,D3,High,"September 08, 2025","September 12, 2025",2025-09-08,2025-09-12,4,2025,9,2025-09,post_newsom_order,Closure,,False,False,False,False,,intersection,"Martin Luther King Jr Boulevard between 26th Street & 27th Street, Oakland, CA",,,,Closure
MLK between 25th St & Sycamore St,D3,High,"September 02, 2025","September 05, 2025",2025-09-02,2025-09-05,3,2025,9,2025-09,post_newsom_order,Closure,,False,False,False,False,,intersection,"Martin Luther King Jr Boulevard between 25th Street & Sycamore Street, Oakland, CA",,,,Closure
27th St between Northgate Ave and Telegraph Ave,D3,High,"September 02, 2025","September 05, 2025",2025-09-02,2025-09-05,3,2025,9,2025-09,post_newsom_order,Closure,,False,False,False,False,,intersection,"27th Street between Northgate Avenue and Telegraph Avenue, Oakland, CA",,,,Closure
24th St between Northgate Ave and Telegraph Ave,D3,High,"September 02, 2025","September 05, 2025",2025-09-02,2025-09-05,3,2025,9,2025-09,post_newsom_order,Closure,,False,False,False,False,,intersection,"24th Street between Northgate Avenue and Telegraph Avenue, Oakland, CA",,,,Closure
25th st between Northgate Ave and Telegraph Ave,D3,High,"September 02, 2025","September 05, 2025",2025-09-02,2025-09-05,3,2025,9,2025-09,post_newsom_order,Closure,,False,False,False,False,,intersection,"25th st between Northgate Avenue and Telegraph Avenue, Oakland, CA",,,,Closure
Sycamore between Northgate Ave and Telegraph Ave,D3,High,"September 02, 2025","September 05, 2025",2025-09-02,2025-09-05,3,2025,9,2025-09,post_newsom_order,Closure,,False,False,False,False,,intersection,"Sycamore between Northgate Avenue and Telegraph Avenue, Oakland, CA",,,,Closure
W Grand Ave between San Pablo Ave & MLK,D3,High,"September 02, 2025","September 05, 2025",2025-09-02,2025-09-05,3,2025,9,2025-09,post_newsom_order,Closure,,False,False,False,False,,intersection,"West Grand Avenue between San Pablo Avenue & Martin Luther King Jr Boulevard, Oakland, CA",,,,Closure
W Grand Ave between MLK to Northgate,D3,High,"September 02, 2025","September 05, 2025",2025-09-02,2025-09-05,3,2025,9,2025-09,post_newsom_order,Closure,,False,False,False,False,,intersection,"West Grand Avenue between Martin Luther King Jr Boulevard to Northgate, Oakland, CA",,,,Closure
W Grand Ave between Northgate Ave and Telegraph Ave,D3,High,"September 02, 2025","September 05, 2025",2025-09-02,2025-09-05,3,2025,9,2025-09,post_newsom_order,Closure,,False,False,False,False,,intersection,"West Grand Avenue between Northgate Avenue and Telegraph Avenue, Oakland, CA",,,,Closure
Sycamore between Northgate and MLK,D3,High,"September 02, 2025","September 05, 2025",2025-09-02,2025-09-05,3,2025,9,2025-09,post_newsom_order,Closure,,False,False,False,False,,intersection,"Sycamore between Northgate and Martin Luther King Jr Boulevard, Oakland, CA",,,,Closure
San Pablo Ave between W Grand Ave & MLK,D3,High,"September 02, 2025","September 05, 2025",2025-09-02,2025-09-05,3,2025,9,2025-09,post_newsom_order,Closure,,False,False,False,False,,intersection,"San Pablo Avenue between West Grand Avenue & Martin Luther King Jr Boulevard, Oakland, CA",,,,Closure
23rd St. between MLK and San Pablo,D3,High,"September 02, 2025","September 05, 2025",2025-09-02,2025-09-05,3,2025,9,2025-09,post_newsom_order,Closure,,False,False,False,False,,intersection,"23rd Street. between Martin Luther King Jr Boulevard and San Pablo, Oakland, CA",,,,Closure
23rd St between Northgate Ave and Telegraph Ave,D3,High,"September 02, 2025","September 05, 2025",2025-09-02,2025-09-05,3,2025,9,2025-09,post_newsom_order,Closure,,False,False,False,False,,intersection,"23rd Street between Northgate Avenue and Telegraph Avenue, Oakland, CA",,,,Closure
23rd St between MLK to Northgate,D3,High,"September 02, 2025","September 05, 2025",2025-09-02,2025-09-05,3,2025,9,2025-09,post_newsom_order,Closure,,False,False,False,False,,intersection,"23rd Street between Martin Luther King Jr Boulevard to Northgate, Oakland, CA",,,,Closure
27th St between MLK Jr Way and Northgate Ave,D3,High,"September 02, 2025","September 05, 2025",2025-09-02,2025-09-05,3,2025,9,2025-09,post_newsom_order,Closure,,False,False,False,False,,intersection,"27th Street between Martin Luther King Jr Boulevard Jr Way and Northgate Avenue, Oakland, CA",,,,Closure
MLk between W Grand Ave & 23rd,D3,High,"September 02, 2025","September 05, 2025",2025-09-02,2025-09-05,3,2025,9,2025-09,post_newsom_order,Closure,,False,False,False,False,,intersection,"Martin Luther King Jr Boulevard between West Grand Avenue & 23rd, Oakland, CA",,,,Closure
MLK between 23rd & 24th,D3,High,"September 02, 2025","September 05, 2025",2025-09-02,2025-09-05,3,2025,9,2025-09,post_newsom_order,Closure,,False,False,False,False,,intersection,"Martin Luther King Jr Boulevard between 23rd & 24th, Oakland, CA",,,,Closure
MLK between 24th & 25th,D3,High,"September 02, 2025","September 05, 2025",2025-09-02,2025-09-05,3,2025,9,2025-09,post_newsom_order,Closure,,False,False,False,False,,intersection,"Martin Luther King Jr Boulevard between 24th & 25th, Oakland, CA",,,,Closure
MLK between Sycamore St & 26th St,D3,High,"September 02, 2025","September 05, 2025",2025-09-02,2025-09-05,3,2025,9,2025-09,post_newsom_order,Closure,,False,False,False,False,,intersection,"Martin Luther King Jr Boulevard between Sycamore Street & 26th Street, Oakland, CA",,,,Closure
MLK between 26th St & 27th St,D3,High,"September 02, 2025","September 05, 2025",2025-09-02,2025-09-05,3,2025,9,2025-09,post_newsom_order,Closure,,False,False,False,False,,intersection,"Martin Luther King Jr Boulevard between 26th Street & 27th Street, Oakland, CA",,,,Closure
Northgate Ave between W Grand Ave and 23rd St,D3,High,"September 02, 2025","September 05, 2025",2025-09-02,2025-09-05,3,2025,9,2025-09,post_newsom_order,Closure,,False,False,False,False,,intersection,"Northgate Avenue between West Grand Avenue and 23rd Street, Oakland, CA",,,,Closure
Northgate Ave between 23rd St and 24th St,D3,High,"September 02, 2025","September 05, 2025",2025-09-02,2025-09-05,3,2025,9,2025-09,post_newsom_order,Closure,,False,False,False,False,,intersection,"Northgate Avenue between 23rd Street and 24th Street, Oakland, CA",,,,Closure
Northgate Ave between 24th St & 25th St,D3,High,"September 02, 2025","September 05, 2025",2025-09-02,2025-09-05,3,2025,9,2025-09,post_newsom_order,Closure,,False,False,False,False,,intersection,"Northgate Avenue between 24th Street & 25th Street, Oakland, CA",,,,Closure
Northgate Ave between 25th St & Sycamore St,D3,High,"September 02, 2025","September 05, 2025",2025-09-02,2025-09-05,3,2025,9,2025-09,post_newsom_order,Closure,,False,False,False,False,,intersection,"Northgate Avenue between 25th Street & Sycamore Street, Oakland, CA",,,,Closure
Northgate Ave between Sycamore St & 27th St,D3,High,"September 02, 2025","September 05, 2025",2025-09-02,2025-09-05,3,2025,9,2025-09,post_newsom_order,Closure,,False,False,False,False,,intersection,"Northgate Avenue between Sycamore Street & 27th Street, Oakland, CA",,,,Closure
83rd Ave between Holly St and International Blvd,D7,High,"September 02, 2025","September 05, 2025",2025-09-02,2025-09-05,3,2025,9,2025-09,post_newsom_order,Closure,,False,False,False,False,,intersection,"83rd Avenue between Holly Street and International Boulevard, Oakland, CA",,,,Closure
84th Ave between Holly St and International Blvd,D7,High,"September 02, 2025","September 05, 2025",2025-09-02,2025-09-05,3,2025,9,2025-09,post_newsom_order,Closure,,False,False,False,False,,intersection,"84th Avenue between Holly Street and International Boulevard, Oakland, CA",,,,Closure
85th Ave between Holly St and International Blvd,D7,High,"September 02, 2025","September 05, 2025",2025-09-02,2025-09-05,3,2025,9,2025-09,post_newsom_order,Closure,,False,False,False,False,,intersection,"85th Avenue between Holly Street and International Boulevard, Oakland, CA",,,,Closure
86th Ave between International and Holly St,D7,High,"September 02, 2025","September 05, 2025",2025-09-02,2025-09-05,3,2025,9,2025-09,post_newsom_order,Closure,,False,False,False,False,,intersection,"86th Avenue between International Boulevard and Holly Street, Oakland, CA",,,,Closure
87th Ave between Holly St and International Blvd,D7,High,"September 02, 2025","September 05, 2025",2025-09-02,2025-09-05,3,2025,9,2025-09,post_newsom_order,Closure,,False,False,False,False,,intersection,"87th Avenue between Holly Street and International Boulevard, Oakland, CA",,,,Closure
Kirkham St between 5th & 7th St.,D3,High,"September 02, 2025","September 05, 2025",2025-09-02,2025-09-05,3,2025,9,2025-09,post_newsom_order,Closure,,False,False,False,False,,intersection,"Kirkham Street between 5th & 7th Street, Oakland, CA",,,,Closure
Union St between 5th St and 7th St,D3,High,"September 02, 2025","September 05, 2025",2025-09-02,2025-09-05,3,2025,9,2025-09,post_newsom_order,Closure,,False,False,False,False,,intersection,"Union Street between 5th Street and 7th Street, Oakland, CA",,,,Closure
Goss St between Pine St and Wood St,D3,High,"September 02, 2025","September 05, 2025",2025-09-02,2025-09-05,3,2025,9,2025-09,post_newsom_order,Closure,,False,False,False,False,,intersection,"Goss Street between Pine Street and Wood Street, Oakland, CA",,,,Closure
Pine St between 8th St and Goss St,D3,High,"September 02, 2025","September 05, 2025",2025-09-02,2025-09-05,3,2025,9,2025-09,post_newsom_order,Closure,,False,False,False,False,,intersection,"Pine Street between 8th Street and Goss Street, Oakland, CA",,,,Closure
Wood St between 7th St and Goss St,D3,High,"September 02, 2025","September 05, 2025",2025-09-02,2025-09-05,3,2025,9,2025-09,post_newsom_order,Closure,,False,False,False,False,,intersection,"Wood Street between 7th Street and Goss Street, Oakland, CA",,,,Closure
7th St between Willow St and Wood St,D3,High,"September 02, 2025","September 05, 2025",2025-09-02,2025-09-05,3,2025,9,2025-09,post_newsom_order,Closure,,False,False,False,False,,intersection,"7th Street between Willow Street and Wood Street, Oakland, CA",,,,Closure
5th St. between Mandela Pkwy & Union,D3,High,"September 02, 2025","September 05, 2025",2025-09-02,2025-09-05,3,2025,9,2025-09,post_newsom_order,Closure,,False,False,False,False,,intersection,"5th Street. between Mandela Parkway & Union, Oakland, CA",,,,Closure
Broadway between Embarcadero West and 2nd St,D3,High,"July 28, 2025","August 01, 2025",2025-07-28,2025-08-01,4,2025,7,2025-07,post_newsom_order,Closure,,False,False,False,False,,intersection,"Broadway between Embarcadero West and 2nd Street, Oakland, CA",,,,Closure
Broadway between 2nd St and 3rd St,D3,High,"July 28, 2025","August 01, 2025",2025-07-28,2025-08-01,4,2025,7,2025-07,post_newsom_order,Closure,,False,False,False,False,,intersection,"Broadway between 2nd Street and 3rd Street, Oakland, CA",,,,Closure
Broadway between 3rd St & 4th St,D3,High,"July 28, 2025","August 01, 2025",2025-07-28,2025-08-01,4,2025,7,2025-07,post_newsom_order,Closure,,False,False,False,False,,intersection,"Broadway between 3rd Street & 4th Street, Oakland, CA",,,,Closure
Franklin st between Embarcadero West and 2nd St,D3,High,"July 28, 2025","August 01, 2025",2025-07-28,2025-08-01,4,2025,7,2025-07,post_newsom_order,Closure,,False,False,False,False,,intersection,"Franklin st between Embarcadero West and 2nd Street, Oakland, CA",,,,Closure
Franklin st between 2nd St and 3rd St,D3,High,"July 28, 2025","August 01, 2025",2025-07-28,2025-08-01,4,2025,7,2025-07,post_newsom_order,Closure,,False,False,False,False,,intersection,"Franklin st between 2nd Street and 3rd Street, Oakland, CA",,,,Closure
Franklin st between 3rd St and 4th St,D3,High,"July 28, 2025","August 01, 2025",2025-07-28,2025-08-01,4,2025,7,2025-07,post_newsom_order,Closure,,False,False,False,False,,intersection,"Franklin st between 3rd Street and 4th Street, Oakland, CA",,,,Closure
4th St between Clay St and Washington St,D3,High,"July 28, 2025","August 01, 2025",2025-07-28,2025-08-01,4,2025,7,2025-07,post_newsom_order,Closure,,False,False,False,False,,intersection,"4th Street between Clay Street and Washington Street, Oakland, CA",,,,Closure
4th St between Washington St & Broadway,D3,High,"July 28, 2025","August 01, 2025",2025-07-28,2025-08-01,4,2025,7,2025-07,post_newsom_order,Closure,,False,False,False,False,,intersection,"4th Street between Washington Street & Broadway, Oakland, CA",,,,Closure
4th St between Broadway and Franklin St,D3,High,"July 28, 2025","August 01, 2025",2025-07-28,2025-08-01,4,2025,7,2025-07,post_newsom_order,Closure,,False,False,False,False,,intersection,"4th Street between Broadway and Franklin Street, Oakland, CA",,,,Closure
3rd St between Clay St and Washington St,D3,High,"July 28, 2025","August 01, 2025",2025-07-28,2025-08-01,4,2025,7,2025-07,post_newsom_order,Closure,,False,False,False,False,,intersection,"3rd Street between Clay Street and Washington Street, Oakland, CA",,,,Closure
3rd St between Washington St & Broadway,D3,High,"July 28, 2025","August 01, 2025",2025-07-28,2025-08-01,4,2025,7,2025-07,post_newsom_order,Closure,,False,False,False,False,,intersection,"3rd Street between Washington Street & Broadway, Oakland, CA",,,,Closure
2nd St between Broadway and Franklin St,D3,High,"July 28, 2025","August 01, 2025",2025-07-28,2025-08-01,4,2025,7,2025-07,post_newsom_order,Closure,,False,False,False,False,,intersection,"2nd Street between Broadway and Franklin Street, Oakland, CA",,,,Closure
2nd St between Washington St & Broadway,D3,High,"July 28, 2025","August 01, 2025",2025-07-28,2025-08-01,4,2025,7,2025-07,post_newsom_order,Closure,,False,False,False,False,,intersection,"2nd Street between Washington Street & Broadway, Oakland, CA",,,,Closure
2ndSt between Clay St and Washington St,D3,High,"July 28, 2025","August 01, 2025",2025-07-28,2025-08-01,4,2025,7,2025-07,post_newsom_order,Closure,,False,False,False,False,,intersection,"2ndSt between Clay Street and Washington Street, Oakland, CA",,,,Closure
19th Ave between Solano Way and International Blvd,D2,High,"July 28, 2025","August 01, 2025",2025-07-28,2025-08-01,4,2025,7,2025-07,post_newsom_order,Closure,,False,False,False,False,,intersection,"19th Avenue between Solano Way and International Boulevard, Oakland, CA",,,,Closure
19th Ave between E 12th St and Solano Way,D2,High,"July 28, 2025","August 01, 2025",2025-07-28,2025-08-01,4,2025,7,2025-07,post_newsom_order,Closure,,False,False,False,False,,intersection,"19th Avenue between E 12th Street and Solano Way, Oakland, CA",,,,Closure
E. 12th Median : 14th Ave to 19th Ave,D2,High,"July 28, 2025","August 01, 2025",2025-07-28,2025-08-01,4,2025,7,2025-07,post_newsom_order,Closure,,False,False,False,False,,named_place,"East 12th Median, Oakland, CA",,,,Closure
Broadway between 5th and 6th,D2,High,"July 28, 2025","August 01, 2025",2025-07-28,2025-08-01,4,2025,7,2025-07,post_newsom_order,Closure,,False,False,False,False,,intersection,"Broadway between 5th and 6th, Oakland, CA",,,,Closure
Broadway between 4th St and 5th St,D2,High,"July 28, 2025","August 01, 2025",2025-07-28,2025-08-01,4,2025,7,2025-07,post_newsom_order,Closure,,False,False,False,False,,intersection,"Broadway between 4th Street and 5th Street, Oakland, CA",,,,Closure
4th st between Webster St & Franklin St,D2,High,"July 28, 2025","August 01, 2025",2025-07-28,2025-08-01,4,2025,7,2025-07,post_newsom_order,Closure,,False,False,False,False,,intersection,"4th st between Webster Street & Franklin Street, Oakland, CA",,,,Closure
4th st between Harrison st and Webster St,D2,High,"July 28, 2025","August 01, 2025",2025-07-28,2025-08-01,4,2025,7,2025-07,post_newsom_order,Closure,,False,False,False,False,,intersection,"4th st between Harrison st and Webster Street, Oakland, CA",,,,Closure
Embarcadero West between Clay St and Washington St,D3,High,"July 28, 2025","August 01, 2025",2025-07-28,2025-08-01,4,2025,7,2025-07,post_newsom_order,Closure,,False,False,False,False,,intersection,"Embarcadero West between Clay Street and Washington Street, Oakland, CA",,,,Closure
Embarcadero West between Washington St and Broadway,D3,High,"July 28, 2025","August 01, 2025",2025-07-28,2025-08-01,4,2025,7,2025-07,post_newsom_order,Closure,,False,False,False,False,,intersection,"Embarcadero West between Washington Street and Broadway, Oakland, CA",,,,Closure
3rd St between Broadway and Franklin St,D3,High,"July 28, 2025","August 01, 2025",2025-07-28,2025-08-01,4,2025,7,2025-07,post_newsom_order,Closure,,False,False,False,False,,intersection,"3rd Street between Broadway and Franklin Street, Oakland, CA",,,,Closure
Embarcadero West between Clay St and Franklin St,D3,High,"July 28, 2025","August 01, 2025",2025-07-28,2025-08-01,4,2025,7,2025-07,post_newsom_order,Closure,,False,False,False,False,,intersection,"Embarcadero West between Clay Street and Franklin Street, Oakland, CA",,,,Closure
MLk between W Grand Ave & 23rd,D3,High,"July 28, 2025","August 01, 2025",2025-07-28,2025-08-01,4,2025,7,2025-07,post_newsom_order,Closure,,False,False,False,False,,intersection,"Martin Luther King Jr Boulevard between West Grand Avenue & 23rd, Oakland, CA",,,,Closure
MLK between 23rd & 24th,D3,High,"July 28, 2025","August 01, 2025",2025-07-28,2025-08-01,4,2025,7,2025-07,post_newsom_order,Closure,,False,False,False,False,,intersection,"Martin Luther King Jr Boulevard between 23rd & 24th, Oakland, CA",,,,Closure
MLK between 24th & 25th,D3,High,"July 28, 2025","August 01, 2025",2025-07-28,2025-08-01,4,2025,7,2025-07,post_newsom_order,Closure,,False,False,False,False,,intersection,"Martin Luther King Jr Boulevard between 24th & 25th, Oakland, CA",,,,Closure
17th Ave between E 12th St and Solano Way,D3,High,"July 28, 2025","August 01, 2025",2025-07-28,2025-08-01,4,2025,7,2025-07,post_newsom_order,Closure,,False,False,False,False,,intersection,"17th Avenue between E 12th Street and Solano Way, Oakland, CA",,,,Closure
17th Ave between Solano Way and International Blvd,D3,High,"July 28, 2025","August 01, 2025",2025-07-28,2025-08-01,4,2025,7,2025-07,post_newsom_order,Closure,,False,False,False,False,,intersection,"17th Avenue between Solano Way and International Boulevard, Oakland, CA",,,,Closure
Milton St between Market St and San Pablo Ave,D3,High,"July 28, 2025","August 01, 2025",2025-07-28,2025-08-01,4,2025,7,2025-07,post_newsom_order,Closure,,False,False,False,False,,intersection,"Milton Street between Market Street and San Pablo Avenue, Oakland, CA",,,,Closure
San Pablo Ave between 27th St and Milton St,D3,High,"July 28, 2025","August 01, 2025",2025-07-28,2025-08-01,4,2025,7,2025-07,post_newsom_order,Closure,,False,False,False,False,,intersection,"San Pablo Avenue between 27th Street and Milton Street, Oakland, CA",,,,Closure
San Pablo Ave between Milton St & Mead Ave,D3,High,"July 28, 2025","August 01, 2025",2025-07-28,2025-08-01,4,2025,7,2025-07,post_newsom_order,Closure,,False,False,False,False,,intersection,"San Pablo Avenue between Milton Street & Mead Avenue, Oakland, CA",,,,Closure
Castro St between 12th St & 14th St,D3,High,"July 28, 2025","August 01, 2025",2025-07-28,2025-08-01,4,2025,7,2025-07,post_newsom_order,Closure,,False,False,False,False,,intersection,"Castro Street between 12th Street & 14th Street, Oakland, CA",,,,Closure
Castro St between 14th St & 15th St,D3,High,"July 28, 2025","August 01, 2025",2025-07-28,2025-08-01,4,2025,7,2025-07,post_newsom_order,Closure,,False,False,False,False,,intersection,"Castro Street between 14th Street & 15th Street, Oakland, CA",,,,Closure
23rd St. between MLK and San Pablo,D3,High,"July 28, 2025","August 01, 2025",2025-07-28,2025-08-01,4,2025,7,2025-07,post_newsom_order,Closure,,False,False,False,False,,intersection,"23rd Street. between Martin Luther King Jr Boulevard and San Pablo, Oakland, CA",,,,Closure
23rd St between MLK to Northgate,D3,High,"July 28, 2025","August 01, 2025",2025-07-28,2025-08-01,4,2025,7,2025-07,post_newsom_order,Closure,,False,False,False,False,,intersection,"23rd Street between Martin Luther King Jr Boulevard to Northgate, Oakland, CA",,,,Closure
Northgate Ave between W Grand Ave and 23rd St,D3,High,"July 28, 2025","July 31, 2025",2025-07-28,2025-07-31,3,2025,7,2025-07,post_newsom_order,Closure,,False,False,False,False,,intersection,"Northgate Avenue between West Grand Avenue and 23rd Street, Oakland, CA",,,,Closure
Northgate Ave between 23rd St and 24th St,D3,High,"July 28, 2025","July 31, 2025",2025-07-28,2025-07-31,3,2025,7,2025-07,post_newsom_order,Closure,,False,False,False,False,,intersection,"Northgate Avenue between 23rd Street and 24th Street, Oakland, CA",,,,Closure
Northgate Ave between 24th St & 25th St,D3,High,"July 28, 2025","July 31, 2025",2025-07-28,2025-07-31,3,2025,7,2025-07,post_newsom_order,Closure,,False,False,False,False,,intersection,"Northgate Avenue between 24th Street & 25th Street, Oakland, CA",,,,Closure
Northgate Ave between 25th St & Sycamore St,D3,High,"July 28, 2025","July 31, 2025",2025-07-28,2025-07-31,3,2025,7,2025-07,post_newsom_order,Closure,,False,False,False,False,,intersection,"Northgate Avenue between 25th Street & Sycamore Street, Oakland, CA",,,,Closure
Northgate Ave between Sycamore St & 27th St,D3,High,"July 28, 2025","July 31, 2025",2025-07-28,2025-07-31,3,2025,7,2025-07,post_newsom_order,Closure,,False,False,False,False,,intersection,"Northgate Avenue between Sycamore Street & 27th Street, Oakland, CA",,,,Closure
MLk between W Grand Ave & 23rd,D3,High,"July 28, 2025","July 31, 2025",2025-07-28,2025-07-31,3,2025,7,2025-07,post_newsom_order,Closure,,False,False,False,False,,intersection,"Martin Luther King Jr Boulevard between West Grand Avenue & 23rd, Oakland, CA",,,,Closure
MLK between 23rd & 24th,D3,High,"July 28, 2025","July 31, 2025",2025-07-28,2025-07-31,3,2025,7,2025-07,post_newsom_order,Closure,,False,False,False,False,,intersection,"Martin Luther King Jr Boulevard between 23rd & 24th, Oakland, CA",,,,Closure
MLK between 24th & 25th,D3,High,"July 28, 2025","July 31, 2025",2025-07-28,2025-07-31,3,2025,7,2025-07,post_newsom_order,Closure,,False,False,False,False,,intersection,"Martin Luther King Jr Boulevard between 24th & 25th, Oakland, CA",,,,Closure
MLK between 25th St & Sycamore St,D3,High,"July 28, 2025","July 31, 2025",2025-07-28,2025-07-31,3,2025,7,2025-07,post_newsom_order,Closure,,False,False,False,False,,intersection,"Martin Luther King Jr Boulevard between 25th Street & Sycamore Street, Oakland, CA",,,,Closure
MLK between Sycamore St & 26th St,D3,High,"July 28, 2025","July 31, 2025",2025-07-28,2025-07-31,3,2025,7,2025-07,post_newsom_order,Closure,,False,False,False,False,,intersection,"Martin Luther King Jr Boulevard between Sycamore Street & 26th Street, Oakland, CA",,,,Closure
MLK between 26th St & 27th St,D3,High,"July 28, 2025","July 31, 2025",2025-07-28,2025-07-31,3,2025,7,2025-07,post_newsom_order,Closure,,False,False,False,False,,intersection,"Martin Luther King Jr Boulevard between 26th Street & 27th Street, Oakland, CA",,,,Closure
Sycamore between Northgate and MLK,D3,High,"July 28, 2025","July 31, 2025",2025-07-28,2025-07-31,3,2025,7,2025-07,post_newsom_order,Closure,,False,False,False,False,,intersection,"Sycamore between Northgate and Martin Luther King Jr Boulevard, Oakland, CA",,,,Closure
Clay st between Embarcadero West and 2nd St,D3,High,"July 28, 2025","August 01, 2025",2025-07-28,2025-08-01,4,2025,7,2025-07,post_newsom_order,Closure,,False,False,False,False,,intersection,"Clay st between Embarcadero West and 2nd Street, Oakland, CA",,,,Closure
Clay st between 2nd St and 3rd St,D3,High,"July 28, 2025","August 01, 2025",2025-07-28,2025-08-01,4,2025,7,2025-07,post_newsom_order,Closure,,False,False,False,False,,intersection,"Clay st between 2nd Street and 3rd Street, Oakland, CA",,,,Closure
Clay st between 3rd St and 4th St,D3,High,"July 28, 2025","August 01, 2025",2025-07-28,2025-08-01,4,2025,7,2025-07,post_newsom_order,Closure,,False,False,False,False,,intersection,"Clay st between 3rd Street and 4th Street, Oakland, CA",,,,Closure
Washington St between 2nd St & Embarcadero West,D3,High,"July 28, 2025","August 01, 2025",2025-07-28,2025-08-01,4,2025,7,2025-07,post_newsom_order,Closure,,False,False,False,False,,intersection,"Washington Street between 2nd Street & Embarcadero West, Oakland, CA",,,,Closure
Washington St between 2nd St & 3rd St,D3,High,"July 28, 2025","August 01, 2025",2025-07-28,2025-08-01,4,2025,7,2025-07,post_newsom_order,Closure,,False,False,False,False,,intersection,"Washington Street between 2nd Street & 3rd Street, Oakland, CA",,,,Closure
Washington St between 3rd St & 4th St,D3,High,"July 28, 2025","August 01, 2025",2025-07-28,2025-08-01,4,2025,7,2025-07,post_newsom_order,Closure,,False,False,False,False,,intersection,"Washington Street between 3rd Street & 4th Street, Oakland, CA",,,,Closure
Clay st between 3rd St and 4th St,D3,High,"July 23, 2025","July 25, 2025",2025-07-23,2025-07-25,2,2025,7,2025-07,post_newsom_order,Closure,,False,False,False,False,,intersection,"Clay st between 3rd Street and 4th Street, Oakland, CA",,,,Closure
Washington St between 2nd St & Embarcadero West,D3,High,"July 23, 2025","July 25, 2025",2025-07-23,2025-07-25,2,2025,7,2025-07,post_newsom_order,Closure,,False,False,False,False,,intersection,"Washington Street between 2nd Street & Embarcadero West, Oakland, CA",,,,Closure
Washington St between 2nd St & 3rd St,D3,High,"July 23, 2025","July 25, 2025",2025-07-23,2025-07-25,2,2025,7,2025-07,post_newsom_order,Closure,,False,False,False,False,,intersection,"Washington Street between 2nd Street & 3rd Street, Oakland, CA",,,,Closure
Washington St between 3rd St & 4th St,D3,High,"July 23, 2025","July 25, 2025",2025-07-23,2025-07-25,2,2025,7,2025-07,post_newsom_order,Closure,,False,False,False,False,,intersection,"Washington Street between 3rd Street & 4th Street, Oakland, CA",,,,Closure
Broadway between Embarcadero West and 2nd St,D3,High,"July 23, 2025","July 25, 2025",2025-07-23,2025-07-25,2,2025,7,2025-07,post_newsom_order,Closure,,False,False,False,False,,intersection,"Broadway between Embarcadero West and 2nd Street, Oakland, CA",,,,Closure
Broadway between 2nd St and 3rd St,D3,High,"July 23, 2025","July 25, 2025",2025-07-23,2025-07-25,2,2025,7,2025-07,post_newsom_order,Closure,,False,False,False,False,,intersection,"Broadway between 2nd Street and 3rd Street, Oakland, CA",,,,Closure
Broadway between 3rd St & 4th St,D3,High,"July 23, 2025","July 25, 2025",2025-07-23,2025-07-25,2,2025,7,2025-07,post_newsom_order,Closure,,False,False,False,False,,intersection,"Broadway between 3rd Street & 4th Street, Oakland, CA",,,,Closure
Franklin st between Embarcadero West and 2nd St,D3,High,"July 23, 2025","July 25, 2025",2025-07-23,2025-07-25,2,2025,7,2025-07,post_newsom_order,Closure,,False,False,False,False,,intersection,"Franklin st between Embarcadero West and 2nd Street, Oakland, CA",,,,Closure
Franklin st between 2nd St and 3rd St,D3,High,"July 23, 2025","July 25, 2025",2025-07-23,2025-07-25,2,2025,7,2025-07,post_newsom_order,Closure,,False,False,False,False,,intersection,"Franklin st between 2nd Street and 3rd Street, Oakland, CA",,,,Closure
Franklin st between 3rd St and 4th St,D3,High,"July 23, 2025","July 25, 2025",2025-07-23,2025-07-25,2,2025,7,2025-07,post_newsom_order,Closure,,False,False,False,False,,intersection,"Franklin st between 3rd Street and 4th Street, Oakland, CA",,,,Closure
4th St between Clay St and Washington St,D3,High,"July 23, 2025","July 25, 2025",2025-07-23,2025-07-25,2,2025,7,2025-07,post_newsom_order,Closure,,False,False,False,False,,intersection,"4th Street between Clay Street and Washington Street, Oakland, CA",,,,Closure
4th St between Washington St & Broadway,D3,High,"July 23, 2025","July 25, 2025",2025-07-23,2025-07-25,2,2025,7,2025-07,post_newsom_order,Closure,,False,False,False,False,,intersection,"4th Street between Washington Street & Broadway, Oakland, CA",,,,Closure
4th St between Broadway and Franklin St,D3,High,"July 23, 2025","July 25, 2025",2025-07-23,2025-07-25,2,2025,7,2025-07,post_newsom_order,Closure,,False,False,False,False,,intersection,"4th Street between Broadway and Franklin Street, Oakland, CA",,,,Closure
3rd St between Clay St and Washington St,D3,High,"July 23, 2025","July 25, 2025",2025-07-23,2025-07-25,2,2025,7,2025-07,post_newsom_order,Closure,,False,False,False,False,,intersection,"3rd Street between Clay Street and Washington Street, Oakland, CA",,,,Closure
3rd St between Washington St & Broadway,D3,High,"July 23, 2025","July 25, 2025",2025-07-23,2025-07-25,2,2025,7,2025-07,post_newsom_order,Closure,,False,False,False,False,,intersection,"3rd Street between Washington Street & Broadway, Oakland, CA",,,,Closure
3rd St between Broadway and Franklin St,D3,High,"July 23, 2025","July 25, 2025",2025-07-23,2025-07-25,2,2025,7,2025-07,post_newsom_order,Closure,,False,False,False,False,,intersection,"3rd Street between Broadway and Franklin Street, Oakland, CA",,,,Closure
2ndSt between Clay St and Washington St,D3,High,"July 23, 2025","July 25, 2025",2025-07-23,2025-07-25,2,2025,7,2025-07,post_newsom_order,Closure,,False,False,False,False,,intersection,"2ndSt between Clay Street and Washington Street, Oakland, CA",,,,Closure
2nd St between Washington St & Broadway,D3,High,"July 23, 2025","July 25, 2025",2025-07-23,2025-07-25,2,2025,7,2025-07,post_newsom_order,Closure,,False,False,False,False,,intersection,"2nd Street between Washington Street & Broadway, Oakland, CA",,,,Closure
2nd St between Broadway and Franklin St,D3,High,"July 23, 2025","July 25, 2025",2025-07-23,2025-07-25,2,2025,7,2025-07,post_newsom_order,Closure,,False,False,False,False,,intersection,"2nd Street between Broadway and Franklin Street, Oakland, CA",,,,Closure
Embarcadero West between Clay St and Franklin St,D3,High,"July 23, 2025","July 25, 2025",2025-07-23,2025-07-25,2,2025,7,2025-07,post_newsom_order,Closure,,False,False,False,False,,intersection,"Embarcadero West between Clay Street and Franklin Street, Oakland, CA",,,,Closure
Embarcadero West between Washington St and Broadway,D3,High,"July 23, 2025","July 25, 2025",2025-07-23,2025-07-25,2,2025,7,2025-07,post_newsom_order,Closure,,False,False,False,False,,intersection,"Embarcadero West between Washington Street and Broadway, Oakland, CA",,,,Closure
Embarcadero West between Clay St and Washington St,D3,High,"July 23, 2025","July 25, 2025",2025-07-23,2025-07-25,2,2025,7,2025-07,post_newsom_order,Closure,,False,False,False,False,,intersection,"Embarcadero West between Clay Street and Washington Street, Oakland, CA",,,,Closure
Clay st between 2nd St and 3rd St,D3,High,"July 23, 2025","July 25, 2025",2025-07-23,2025-07-25,2,2025,7,2025-07,post_newsom_order,Closure,,False,False,False,False,,intersection,"Clay st between 2nd Street and 3rd Street, Oakland, CA",,,,Closure
Clay st between Embarcadero West and 2nd St,D3,High,"July 23, 2025","July 25, 2025",2025-07-23,2025-07-25,2,2025,7,2025-07,post_newsom_order,Closure,,False,False,False,False,,intersection,"Clay st between Embarcadero West and 2nd Street, Oakland, CA",,,,Closure
Brush St between 20th St and 21st St,D3,High,"July 21, 2025","July 25, 2025",2025-07-21,2025-07-25,4,2025,7,2025-07,post_newsom_order,Closure,,False,False,False,False,,intersection,"Brush Street between 20th Street and 21st Street, Oakland, CA",,,,Closure
E. 12th Median : 14th Ave to 19th Ave,D2,High,"July 21, 2025","July 24, 2025",2025-07-21,2025-07-24,3,2025,7,2025-07,post_newsom_order,Closure,,False,False,False,False,,named_place,"East 12th Median, Oakland, CA",,,,Closure
22nd St between Brush St & West St,D3,High,"July 21, 2025","July 25, 2025",2025-07-21,2025-07-25,4,2025,7,2025-07,post_newsom_order,Closure,,False,False,False,False,,intersection,"22nd Street between Brush Street & West Street, Oakland, CA",,,,Closure
Brush St between 21st St and 22nd St,D3,High,"July 21, 2025","July 25, 2025",2025-07-21,2025-07-25,4,2025,7,2025-07,post_newsom_order,Closure,,False,False,False,False,,intersection,"Brush Street between 21st Street and 22nd Street, Oakland, CA",,,,Closure
Brush St between 22nd St and W Grand Ave,D3,High,"July 21, 2025","July 25, 2025",2025-07-21,2025-07-25,4,2025,7,2025-07,post_newsom_order,Closure,,False,False,False,False,,intersection,"Brush Street between 22nd Street and West Grand Avenue, Oakland, CA",,,,Closure
E 15th St between 23rd Ave & Miller Ave,D3,High,"July 21, 2025","July 25, 2025",2025-07-21,2025-07-25,4,2025,7,2025-07,post_newsom_order,Closure,,False,False,False,False,,intersection,"E 15th Street between 23rd Avenue & Miller Avenue, Oakland, CA",,,,Closure
42nd between MLK & Telegraph,D1,High,"July 21, 2025","July 25, 2025",2025-07-21,2025-07-25,4,2025,7,2025-07,post_newsom_order,Closure,,False,False,False,False,,intersection,"42nd between Martin Luther King Jr Boulevard & Telegraph, Oakland, CA",,,,Closure
MLk between W Grand Ave & 23rd,D3,High,"July 21, 2025","July 24, 2025",2025-07-21,2025-07-24,3,2025,7,2025-07,post_newsom_order,Closure,,False,False,False,False,,intersection,"Martin Luther King Jr Boulevard between West Grand Avenue & 23rd, Oakland, CA",,,,Closure
MLK between 23rd & 24th,D3,High,"July 21, 2025","July 24, 2025",2025-07-21,2025-07-24,3,2025,7,2025-07,post_newsom_order,Closure,,False,False,False,False,,intersection,"Martin Luther King Jr Boulevard between 23rd & 24th, Oakland, CA",,,,Closure
MLK between 24th & 25th,D3,High,"July 21, 2025","July 24, 2025",2025-07-21,2025-07-24,3,2025,7,2025-07,post_newsom_order,Closure,,False,False,False,False,,intersection,"Martin Luther King Jr Boulevard between 24th & 25th, Oakland, CA",,,,Closure
23rd St. between MLK and San Pablo,D3,High,"July 21, 2025","July 24, 2025",2025-07-21,2025-07-24,3,2025,7,2025-07,post_newsom_order,Closure,,False,False,False,False,,intersection,"23rd Street. between Martin Luther King Jr Boulevard and San Pablo, Oakland, CA",,,,Closure
23rd St between MLK to Northgate,D3,High,"July 21, 2025","July 24, 2025",2025-07-21,2025-07-24,3,2025,7,2025-07,post_newsom_order,Closure,,False,False,False,False,,intersection,"23rd Street between Martin Luther King Jr Boulevard to Northgate, Oakland, CA",,,,Closure
35th St between Adeline St and Chestnut St,D3,High,"July 21, 2025","July 24, 2025",2025-07-21,2025-07-24,3,2025,7,2025-07,post_newsom_order,Closure,,False,False,False,False,,intersection,"35th Street between Adeline Street and Chestnut Street, Oakland, CA",,,,Closure
35th St between Chestnut St and San Pablo Ave,D3,High,"July 21, 2025","July 24, 2025",2025-07-21,2025-07-24,3,2025,7,2025-07,post_newsom_order,Closure,,False,False,False,False,,intersection,"35th Street between Chestnut Street and San Pablo Avenue, Oakland, CA",,,,Closure
34th St between Adeline St and Chestnut St,D3,High,"July 21, 2025","July 24, 2025",2025-07-21,2025-07-24,3,2025,7,2025-07,post_newsom_order,Closure,,False,False,False,False,,intersection,"34th Street between Adeline Street and Chestnut Street, Oakland, CA",,,,Closure
34th St between Chestnut St and San Pablo Ave,D3,High,"July 21, 2025","July 24, 2025",2025-07-21,2025-07-24,3,2025,7,2025-07,post_newsom_order,Closure,,False,False,False,False,,intersection,"34th Street between Chestnut Street and San Pablo Avenue, Oakland, CA",,,,Closure
Chestnut St between 35th St and 34th St,D3,High,"July 21, 2025","July 24, 2025",2025-07-21,2025-07-24,3,2025,7,2025-07,post_newsom_order,Closure,,False,False,False,False,,intersection,"Chestnut Street between 35th Street and 34th Street, Oakland, CA",,,,Closure
Magnolia St between 35th St and 36th St,D3,High,"July 21, 2025","July 24, 2025",2025-07-21,2025-07-24,3,2025,7,2025-07,post_newsom_order,Closure,,False,False,False,False,,intersection,"Magnolia Street between 35th Street and 36th Street, Oakland, CA",,,,Closure
Peralta St between Harlan St and 35th St,D3,High,"July 21, 2025","July 24, 2025",2025-07-21,2025-07-24,3,2025,7,2025-07,post_newsom_order,Closure,,False,False,False,False,,intersection,"Peralta Street between Harlan Street and 35th Street, Oakland, CA",,,,Closure
Peralta St between 35th St and 36th St,D3,High,"July 21, 2025","July 24, 2025",2025-07-21,2025-07-24,3,2025,7,2025-07,post_newsom_order,Closure,,False,False,False,False,,intersection,"Peralta Street between 35th Street and 36th Street, Oakland, CA",,,,Closure
19th Ave between E 12th St and Solano Way,D2,High,"July 21, 2025","July 24, 2025",2025-07-21,2025-07-24,3,2025,7,2025-07,post_newsom_order,Closure,,False,False,False,False,,intersection,"19th Avenue between E 12th Street and Solano Way, Oakland, CA",,,,Closure
19th Ave between Solano Way and International Blvd,D2,High,"July 21, 2025","July 24, 2025",2025-07-21,2025-07-24,3,2025,7,2025-07,post_newsom_order,Closure,,False,False,False,False,,intersection,"19th Avenue between Solano Way and International Boulevard, Oakland, CA",,,,Closure
Miller Ave between E 15th St & E 16th St,D2,High,"July 15, 2025","July 17, 2025",2025-07-15,2025-07-17,2,2025,7,2025-07,post_newsom_order,Closure,,False,False,False,False,,intersection,"Miller Avenue between E 15th Street & E 16th Street, Oakland, CA",,,,Closure
E 15th St between 23rd Ave and Miller Ave,D2,High,"July 15, 2025","July 17, 2025",2025-07-15,2025-07-17,2,2025,7,2025-07,post_newsom_order,Closure,,False,False,False,False,,intersection,"E 15th Street between 23rd Avenue and Miller Avenue, Oakland, CA",,,,Closure
E 15th St between Miller Ave and 24th Ave,D2,High,"July 15, 2025","July 17, 2025",2025-07-15,2025-07-17,2,2025,7,2025-07,post_newsom_order,Closure,,False,False,False,False,,intersection,"E 15th Street between Miller Avenue and 24th Avenue, Oakland, CA",,,,Closure
23rd Ave between E 15th St and  E 16th St,D2,High,"July 15, 2025","July 15, 2025",2025-07-15,2025-07-15,0,2025,7,2025-07,post_newsom_order,Closure,,False,False,False,False,,intersection,"23rd Avenue between E 15th Street and E 16th Street, Oakland, CA",,,,Closure
23rd Ave between International Blvd & E 15th St,D2,High,"July 15, 2025","July 15, 2025",2025-07-15,2025-07-15,0,2025,7,2025-07,post_newsom_order,Closure,,False,False,False,False,,intersection,"23rd Avenue between International Boulevard & E 15th Street, Oakland, CA",,,,Closure
Miller Ave between International Blvd & E 15th St,D2,High,"July 15, 2025","July 17, 2025",2025-07-15,2025-07-17,2,2025,7,2025-07,post_newsom_order,Closure,,False,False,False,False,,intersection,"Miller Avenue between International Boulevard & E 15th Street, Oakland, CA",,,,Closure
Hawley St between 71st Ave and 72nd Ave,D6,High,"July 14, 2025","July 17, 2025",2025-07-14,2025-07-17,3,2025,7,2025-07,post_newsom_order,Closure,,False,False,False,False,,intersection,"Hawley Street between 71st Avenue and 72nd Avenue, Oakland, CA",,,,Closure
19th Ave between E 12th St and Solano Way,D2,High,"July 14, 2025","July 18, 2025",2025-07-14,2025-07-18,4,2025,7,2025-07,post_newsom_order,Closure,,False,False,False,False,,intersection,"19th Avenue between E 12th Street and Solano Way, Oakland, CA",,,,Closure
19th Ave between Solano Way and International Blvd,D2,High,"July 14, 2025","July 18, 2025",2025-07-14,2025-07-18,4,2025,7,2025-07,post_newsom_order,Closure,,False,False,False,False,,intersection,"19th Avenue between Solano Way and International Boulevard, Oakland, CA",,,,Closure
E. 12th Median : 14th Ave to 19th Ave,D2,High,"July 14, 2025","July 18, 2025",2025-07-14,2025-07-18,4,2025,7,2025-07,post_newsom_order,Closure,,False,False,False,False,,named_place,"East 12th Median, Oakland, CA",,,,Closure
MLk between W Grand Ave & 23rd,D3,High,"July 14, 2025","July 18, 2025",2025-07-14,2025-07-18,4,2025,7,2025-07,post_newsom_order,Closure,,False,False,False,False,,intersection,"Martin Luther King Jr Boulevard between West Grand Avenue & 23rd, Oakland, CA",,,,Closure
MLK between 23rd & 24th,D3,High,"July 14, 2025","July 18, 2025",2025-07-14,2025-07-18,4,2025,7,2025-07,post_newsom_order,Closure,,False,False,False,False,,intersection,"Martin Luther King Jr Boulevard between 23rd & 24th, Oakland, CA",,,,Closure
MLK between 24th & 25th,D3,High,"July 14, 2025","July 18, 2025",2025-07-14,2025-07-18,4,2025,7,2025-07,post_newsom_order,Closure,,False,False,False,False,,intersection,"Martin Luther King Jr Boulevard between 24th & 25th, Oakland, CA",,,,Closure
23rd St. between MLK and San Pablo,D3,High,"July 14, 2025","July 18, 2025",2025-07-14,2025-07-18,4,2025,7,2025-07,post_newsom_order,Closure,,False,False,False,False,,intersection,"23rd Street. between Martin Luther King Jr Boulevard and San Pablo, Oakland, CA",,,,Closure
23rd St between MLK to Northgate,D3,High,"July 14, 2025","July 18, 2025",2025-07-14,2025-07-18,4,2025,7,2025-07,post_newsom_order,Closure,,False,False,False,False,,intersection,"23rd Street between Martin Luther King Jr Boulevard to Northgate, Oakland, CA",,,,Closure
73rd Ave between Hawley St and Spencer St,D6,High,"July 14, 2025","July 17, 2025",2025-07-14,2025-07-17,3,2025,7,2025-07,post_newsom_order,Closure,,False,False,False,False,,intersection,"73rd Avenue between Hawley Street and Spencer Street, Oakland, CA",,,,Closure
Hawley St between 72nd Ave and 73rd Ave,D6,High,"July 14, 2025","July 17, 2025",2025-07-14,2025-07-17,3,2025,7,2025-07,post_newsom_order,Closure,,False,False,False,False,,intersection,"Hawley Street between 72nd Avenue and 73rd Avenue, Oakland, CA",,,,Closure
23rd St between MLK to Northgate,D3,High,"July 10, 2025","July 11, 2025",2025-07-10,2025-07-11,1,2025,7,2025-07,post_newsom_order,Closure,,False,False,False,False,,intersection,"23rd Street between Martin Luther King Jr Boulevard to Northgate, Oakland, CA",,,,Closure
MLK between 24th & 25th,D3,High,"July 10, 2025","July 11, 2025",2025-07-10,2025-07-11,1,2025,7,2025-07,post_newsom_order,Closure,,False,False,False,False,,intersection,"Martin Luther King Jr Boulevard between 24th & 25th, Oakland, CA",,,,Closure
MLK between 23rd & 24th,D3,High,"July 10, 2025","July 11, 2025",2025-07-10,2025-07-11,1,2025,7,2025-07,post_newsom_order,Closure,,False,False,False,False,,intersection,"Martin Luther King Jr Boulevard between 23rd & 24th, Oakland, CA",,,,Closure
MLk between W Grand Ave & 23rd,D3,High,"July 10, 2025","July 11, 2025",2025-07-10,2025-07-11,1,2025,7,2025-07,post_newsom_order,Closure,,False,False,False,False,,intersection,"Martin Luther King Jr Boulevard between West Grand Avenue & 23rd, Oakland, CA",,,,Closure
23rd St. between MLK and San Pablo,D3,High,"July 10, 2025","July 11, 2025",2025-07-10,2025-07-11,1,2025,7,2025-07,post_newsom_order,Closure,,False,False,False,False,,intersection,"23rd Street. between Martin Luther King Jr Boulevard and San Pablo, Oakland, CA",,,,Closure
Castro St between 16th St & 17th St,D3,High,"July 09, 2025","July 10, 2025",2025-07-09,2025-07-10,1,2025,7,2025-07,post_newsom_order,Closure,,False,False,False,False,,intersection,"Castro Street between 16th Street & 17th Street, Oakland, CA",,,,Closure
Castro St between 15th St & 16th St,D3,High,"July 09, 2025","July 10, 2025",2025-07-09,2025-07-10,1,2025,7,2025-07,post_newsom_order,Closure,,False,False,False,False,,intersection,"Castro Street between 15th Street & 16th Street, Oakland, CA",,,,Closure
16th St between Castro St and MLK,D3,High,"July 09, 2025","July 10, 2025",2025-07-09,2025-07-10,1,2025,7,2025-07,post_newsom_order,Closure,,False,False,False,False,,intersection,"16th Street between Castro Street and Martin Luther King Jr Boulevard, Oakland, CA",,,,Closure
E 11th St & 23rd Ave,D5,High,"July 07, 2025","July 09, 2025",2025-07-07,2025-07-09,2,2025,7,2025-07,post_newsom_order,Closure,,False,False,False,False,,named_place,"E 11th Street & 23rd Avenue, Oakland, CA",,,,Closure
Castro St between 14th St & 15th St,D3,High,"July 07, 2025","July 11, 2025",2025-07-07,2025-07-11,4,2025,7,2025-07,post_newsom_order,Closure,,False,False,False,False,,intersection,"Castro Street between 14th Street & 15th Street, Oakland, CA",,,,Closure
Castro St between 12th St & 14th St,D3,High,"July 07, 2025","July 11, 2025",2025-07-07,2025-07-11,4,2025,7,2025-07,post_newsom_order,Closure,,False,False,False,False,,intersection,"Castro Street between 12th Street & 14th Street, Oakland, CA",,,,Closure
Castro St between 11th St & 12th St,D3,High,"July 07, 2025","July 11, 2025",2025-07-07,2025-07-11,4,2025,7,2025-07,post_newsom_order,Closure,,False,False,False,False,,intersection,"Castro Street between 11th Street & 12th Street, Oakland, CA",,,,Closure
2121 E. 12th St/23rd Ave and E. 12th St,D2,High,"July 07, 2025","July 11, 2025",2025-07-07,2025-07-11,4,2025,7,2025-07,post_newsom_order,Closure,,False,False,False,False,,address,"2121 East 12th Street, Oakland, CA",,,,Closure
50th Ave between E 12th St & San Leandro St,D5,High,"June 30, 2025","July 03, 2025",2025-06-30,2025-07-03,3,2025,6,2025-06,post_newsom_order,Closure,,False,False,False,False,,intersection,"50th Avenue between E 12th Street & San Leandro Street, Oakland, CA",,,,Closure
49th Ave between International Blvd and San Leandro St,D5,High,"June 30, 2025","July 03, 2025",2025-06-30,2025-07-03,3,2025,6,2025-06,post_newsom_order,Closure,,False,False,False,False,,intersection,"49th Avenue between International Boulevard and San Leandro Street, Oakland, CA",,,,Closure
50th Ave between International Blvd & E 12th St,D5,High,"June 30, 2025","July 03, 2025",2025-06-30,2025-07-03,3,2025,6,2025-06,post_newsom_order,Closure,,False,False,False,False,,intersection,"50th Avenue between International Boulevard & E 12th Street, Oakland, CA",,,,Closure
48th Street between International Boulevard and San Leandro Street,D5,High,"June 30, 2025","July 03, 2025",2025-06-30,2025-07-03,3,2025,6,2025-06,post_newsom_order,Closure,,False,False,False,False,,intersection,"48th Street between International Boulevard and San Leandro Street, Oakland, CA",,,,Closure
E. 12th St between 49th Ave and 50th Ave,D5,High,"June 30, 2025","July 03, 2025",2025-06-30,2025-07-03,3,2025,6,2025-06,post_newsom_order,Closure,,False,False,False,False,,intersection,"East 12th Street between 49th Avenue and 50th Avenue, Oakland, CA",,,,Closure
E. 12th St between 48th Ave and 49th Ave,D5,High,"June 30, 2025","July 03, 2025",2025-06-30,2025-07-03,3,2025,6,2025-06,post_newsom_order,Closure,,False,False,False,False,,intersection,"East 12th Street between 48th Avenue and 49th Avenue, Oakland, CA",,,,Closure
E. 12th St between 47th Ave and 48th Ave,D5,High,"June 30, 2025","July 03, 2025",2025-06-30,2025-07-03,3,2025,6,2025-06,post_newsom_order,Closure,,False,False,False,False,,intersection,"East 12th Street between 47th Avenue and 48th Avenue, Oakland, CA",,,,Closure
E. 12th St between 46th Ave and 47th Ave,D5,High,"June 30, 2025","July 03, 2025",2025-06-30,2025-07-03,3,2025,6,2025-06,post_newsom_order,Closure,,False,False,False,False,,intersection,"East 12th Street between 46th Avenue and 47th Avenue, Oakland, CA",,,,Closure
E. 12th St between 45th Ave and 46th Ave,D5,High,"June 30, 2025","July 03, 2025",2025-06-30,2025-07-03,3,2025,6,2025-06,post_newsom_order,Closure,,False,False,False,False,,intersection,"East 12th Street between 45th Avenue and 46th Avenue, Oakland, CA",,,,Closure
E. 12th St between 44th Ave and 45th Ave,D5,High,"June 30, 2025","July 03, 2025",2025-06-30,2025-07-03,3,2025,6,2025-06,post_newsom_order,Closure,,False,False,False,False,,intersection,"East 12th Street between 44th Avenue and 45th Avenue, Oakland, CA",,,,Closure
E. 12th St between High St and 44th Ave,D5,High,"June 30, 2025","July 03, 2025",2025-06-30,2025-07-03,3,2025,6,2025-06,post_newsom_order,Closure,,False,False,False,False,,intersection,"East 12th Street between High Street and 44th Avenue, Oakland, CA",,,,Closure
E. 12th St between 42nd Ave and High St,D5,High,"June 30, 2025","July 03, 2025",2025-06-30,2025-07-03,3,2025,6,2025-06,post_newsom_order,Closure,,False,False,False,False,,intersection,"East 12th Street between 42nd Avenue and High Street, Oakland, CA",,,,Closure
E. 12th St between 41st Ave and 42nd Ave,D5,High,"June 30, 2025","July 03, 2025",2025-06-30,2025-07-03,3,2025,6,2025-06,post_newsom_order,Closure,,False,False,False,False,,intersection,"East 12th Street between 41st Avenue and 42nd Avenue, Oakland, CA",,,,Closure
E. 12th St between 40th Ave and 41st Ave,D5,High,"June 30, 2025","July 03, 2025",2025-06-30,2025-07-03,3,2025,6,2025-06,post_newsom_order,Closure,,False,False,False,False,,intersection,"East 12th Street between 40th Avenue and 41st Avenue, Oakland, CA",,,,Closure
45th between E 12th St and San Leandro,D5,High,"June 30, 2025","July 03, 2025",2025-06-30,2025-07-03,3,2025,6,2025-06,post_newsom_order,Closure,,False,False,False,False,,intersection,"45th between E 12th Street and San Leandro, Oakland, CA",,,,Closure
45th Ave between International and E12 Street,D5,High,"June 30, 2025","July 03, 2025",2025-06-30,2025-07-03,3,2025,6,2025-06,post_newsom_order,Closure,,False,False,False,False,,intersection,"45th Avenue between International Boulevard and E12 Street, Oakland, CA",,,,Closure
47th Ave between E.12th and San Leandro St,D5,High,"June 30, 2025","July 03, 2025",2025-06-30,2025-07-03,3,2025,6,2025-06,post_newsom_order,Closure,,False,False,False,False,,intersection,"47th Avenue between E.12th and San Leandro Street, Oakland, CA",,,,Closure
47th Avenue between East 12th & International Blvd,D5,High,"June 30, 2025","July 03, 2025",2025-06-30,2025-07-03,3,2025,6,2025-06,post_newsom_order,Closure,,False,False,False,False,,intersection,"47th Avenue between East 12th & International Boulevard, Oakland, CA",,,,Closure
High St between E 12th St Pl & International Blvd,D5,High,"June 30, 2025","July 03, 2025",2025-06-30,2025-07-03,3,2025,6,2025-06,post_newsom_order,Closure,,False,False,False,False,,intersection,"High Street between E 12th Street Place & International Boulevard, Oakland, CA",,,,Closure
High St between E 12th St & E 12th St Pl,D5,High,"June 30, 2025","July 03, 2025",2025-06-30,2025-07-03,3,2025,6,2025-06,post_newsom_order,Closure,,False,False,False,False,,intersection,"High Street between E 12th Street & E 12th Street Place, Oakland, CA",,,,Closure
46th Ave and E. 12th (cul-de-sac),D5,High,"June 30, 2025","July 03, 2025",2025-06-30,2025-07-03,3,2025,6,2025-06,post_newsom_order,Closure,,False,False,False,False,,intersection,"46th Avenue and East 12th, Oakland, CA",,,,Closure
46th Ave between International and E12 Street,D5,High,"June 30, 2025","July 03, 2025",2025-06-30,2025-07-03,3,2025,6,2025-06,post_newsom_order,Closure,,False,False,False,False,,intersection,"46th Avenue between International Boulevard and E12 Street, Oakland, CA",,,,Closure
44th Ave between E 12th St & San Leandro ST,D5,High,"June 30, 2025","July 03, 2025",2025-06-30,2025-07-03,3,2025,6,2025-06,post_newsom_order,Closure,,False,False,False,False,,intersection,"44th Avenue between E 12th Street & San Leandro ST, Oakland, CA",,,,Closure
44th Ave between E 12th St & International Blvd,D5,High,"June 30, 2025","July 03, 2025",2025-06-30,2025-07-03,3,2025,6,2025-06,post_newsom_order,Closure,,False,False,False,False,,intersection,"44th Avenue between E 12th Street & International Boulevard, Oakland, CA",,,,Closure
42nd Ave between International and E 12th St,D5,High,"June 30, 2025","July 03, 2025",2025-06-30,2025-07-03,3,2025,6,2025-06,post_newsom_order,Closure,,False,False,False,False,,intersection,"42nd Avenue between International Boulevard and E 12th Street, Oakland, CA",,,,Closure
41st Ave and San Leandro St,D5,High,"June 30, 2025","July 03, 2025",2025-06-30,2025-07-03,3,2025,6,2025-06,post_newsom_order,Closure,,False,False,False,False,,intersection,"41st Avenue and San Leandro Street, Oakland, CA",,,,Closure
41st Ave between International blvd and San Leandro St,D5,High,"June 30, 2025","July 03, 2025",2025-06-30,2025-07-03,3,2025,6,2025-06,post_newsom_order,Closure,,False,False,False,False,,intersection,"41st Avenue between International Boulevard blvd and San Leandro Street, Oakland, CA",,,,Closure
42nd Ave between International and E 12th St,D5,High,"June 23, 2025","June 27, 2025",2025-06-23,2025-06-27,4,2025,6,2025-06,post_newsom_order,Closure,,False,False,False,False,,intersection,"42nd Avenue between International Boulevard and E 12th Street, Oakland, CA",,,,Closure
41st Ave and San Leandro St,D5,High,"June 23, 2025","June 27, 2025",2025-06-23,2025-06-27,4,2025,6,2025-06,post_newsom_order,Closure,,False,False,False,False,,intersection,"41st Avenue and San Leandro Street, Oakland, CA",,,,Closure
23rd St. between MLK and San Pablo,D3,High,"June 23, 2025","June 27, 2025",2025-06-23,2025-06-27,4,2025,6,2025-06,post_newsom_order,Closure,,False,False,False,False,,intersection,"23rd Street. between Martin Luther King Jr Boulevard and San Pablo, Oakland, CA",,,,Closure
49th Ave between International Blvd and San Leandro St,D5,High,"June 23, 2025","June 27, 2025",2025-06-23,2025-06-27,4,2025,6,2025-06,post_newsom_order,Closure,,False,False,False,False,,intersection,"49th Avenue between International Boulevard and San Leandro Street, Oakland, CA",,,,Closure
41st Ave between International blvd and San Leandro St,D5,High,"June 23, 2025","June 27, 2025",2025-06-23,2025-06-27,4,2025,6,2025-06,post_newsom_order,Closure,,False,False,False,False,,intersection,"41st Avenue between International Boulevard blvd and San Leandro Street, Oakland, CA",,,,Closure
50th Ave between E 12th St & San Leandro St,D5,High,"June 23, 2025","June 27, 2025",2025-06-23,2025-06-27,4,2025,6,2025-06,post_newsom_order,Closure,,False,False,False,False,,intersection,"50th Avenue between E 12th Street & San Leandro Street, Oakland, CA",,,,Closure
50th Ave between International Blvd & E 12th St,D5,High,"June 23, 2025","June 27, 2025",2025-06-23,2025-06-27,4,2025,6,2025-06,post_newsom_order,Closure,,False,False,False,False,,intersection,"50th Avenue between International Boulevard & E 12th Street, Oakland, CA",,,,Closure
48th Street between International Boulevard and San Leandro Street,D5,High,"June 23, 2025","June 27, 2025",2025-06-23,2025-06-27,4,2025,6,2025-06,post_newsom_order,Closure,,False,False,False,False,,intersection,"48th Street between International Boulevard and San Leandro Street, Oakland, CA",,,,Closure
E. 12th St between 49th Ave and 50th Ave,D5,High,"June 23, 2025","June 27, 2025",2025-06-23,2025-06-27,4,2025,6,2025-06,post_newsom_order,Closure,,False,False,False,False,,intersection,"East 12th Street between 49th Avenue and 50th Avenue, Oakland, CA",,,,Closure
E. 12th St between 48th Ave and 49th Ave,D5,High,"June 23, 2025","June 27, 2025",2025-06-23,2025-06-27,4,2025,6,2025-06,post_newsom_order,Closure,,False,False,False,False,,intersection,"East 12th Street between 48th Avenue and 49th Avenue, Oakland, CA",,,,Closure
E. 12th St between 47th Ave and 48th Ave,D5,High,"June 23, 2025","June 27, 2025",2025-06-23,2025-06-27,4,2025,6,2025-06,post_newsom_order,Closure,,False,False,False,False,,intersection,"East 12th Street between 47th Avenue and 48th Avenue, Oakland, CA",,,,Closure
E. 12th St between 46th Ave and 47th Ave,D5,High,"June 23, 2025","June 27, 2025",2025-06-23,2025-06-27,4,2025,6,2025-06,post_newsom_order,Closure,,False,False,False,False,,intersection,"East 12th Street between 46th Avenue and 47th Avenue, Oakland, CA",,,,Closure
E. 12th St between 45th Ave and 46th Ave,D5,High,"June 23, 2025","June 27, 2025",2025-06-23,2025-06-27,4,2025,6,2025-06,post_newsom_order,Closure,,False,False,False,False,,intersection,"East 12th Street between 45th Avenue and 46th Avenue, Oakland, CA",,,,Closure
E. 12th St between 44th Ave and 45th Ave,D5,High,"June 23, 2025","June 27, 2025",2025-06-23,2025-06-27,4,2025,6,2025-06,post_newsom_order,Closure,,False,False,False,False,,intersection,"East 12th Street between 44th Avenue and 45th Avenue, Oakland, CA",,,,Closure
E. 12th St between High St and 44th Ave,D5,High,"June 23, 2025","June 27, 2025",2025-06-23,2025-06-27,4,2025,6,2025-06,post_newsom_order,Closure,,False,False,False,False,,intersection,"East 12th Street between High Street and 44th Avenue, Oakland, CA",,,,Closure
E. 12th St between 42nd Ave and High St,D5,High,"June 23, 2025","June 27, 2025",2025-06-23,2025-06-27,4,2025,6,2025-06,post_newsom_order,Closure,,False,False,False,False,,intersection,"East 12th Street between 42nd Avenue and High Street, Oakland, CA",,,,Closure
E. 12th St between 41st Ave and 42nd Ave,D5,High,"June 23, 2025","June 27, 2025",2025-06-23,2025-06-27,4,2025,6,2025-06,post_newsom_order,Closure,,False,False,False,False,,intersection,"East 12th Street between 41st Avenue and 42nd Avenue, Oakland, CA",,,,Closure
E. 12th St between 40th Ave and 41st Ave,D5,High,"June 23, 2025","June 27, 2025",2025-06-23,2025-06-27,4,2025,6,2025-06,post_newsom_order,Closure,,False,False,False,False,,intersection,"East 12th Street between 40th Avenue and 41st Avenue, Oakland, CA",,,,Closure
45th between E 12th St and San Leandro,D5,High,"June 23, 2025","June 27, 2025",2025-06-23,2025-06-27,4,2025,6,2025-06,post_newsom_order,Closure,,False,False,False,False,,intersection,"45th between E 12th Street and San Leandro, Oakland, CA",,,,Closure
45th Ave between International and E12 Street,D5,High,"June 23, 2025","June 27, 2025",2025-06-23,2025-06-27,4,2025,6,2025-06,post_newsom_order,Closure,,False,False,False,False,,intersection,"45th Avenue between International Boulevard and E12 Street, Oakland, CA",,,,Closure
47th St between International Blvd and San Leandro St,D5,High,"June 23, 2025","June 27, 2025",2025-06-23,2025-06-27,4,2025,6,2025-06,post_newsom_order,Closure,,False,False,False,False,,intersection,"47th Street between International Boulevard and San Leandro Street, Oakland, CA",,,,Closure
47th Ave between E.12th and San Leandro St,D5,High,"June 23, 2025","June 27, 2025",2025-06-23,2025-06-27,4,2025,6,2025-06,post_newsom_order,Closure,,False,False,False,False,,intersection,"47th Avenue between E.12th and San Leandro Street, Oakland, CA",,,,Closure
High St between E 12th St Pl & International Blvd,D5,High,"June 23, 2025","June 27, 2025",2025-06-23,2025-06-27,4,2025,6,2025-06,post_newsom_order,Closure,,False,False,False,False,,intersection,"High Street between E 12th Street Place & International Boulevard, Oakland, CA",,,,Closure
High St between E 12th St & E 12th St Pl,D5,High,"June 23, 2025","June 27, 2025",2025-06-23,2025-06-27,4,2025,6,2025-06,post_newsom_order,Closure,,False,False,False,False,,intersection,"High Street between E 12th Street & E 12th Street Place, Oakland, CA",,,,Closure
46th Ave and E. 12th (cul-de-sac),D5,High,"June 23, 2025","June 27, 2025",2025-06-23,2025-06-27,4,2025,6,2025-06,post_newsom_order,Closure,,False,False,False,False,,intersection,"46th Avenue and East 12th, Oakland, CA",,,,Closure
46th Ave between International and E12 Street,D5,High,"June 23, 2025","June 27, 2025",2025-06-23,2025-06-27,4,2025,6,2025-06,post_newsom_order,Closure,,False,False,False,False,,intersection,"46th Avenue between International Boulevard and E12 Street, Oakland, CA",,,,Closure
44th Ave between E 12th St & San Leandro ST,D5,High,"June 23, 2025","June 27, 2025",2025-06-23,2025-06-27,4,2025,6,2025-06,post_newsom_order,Closure,,False,False,False,False,,intersection,"44th Avenue between E 12th Street & San Leandro ST, Oakland, CA",,,,Closure
44th Ave between E 12th St & International Blvd,D5,High,"June 23, 2025","June 27, 2025",2025-06-23,2025-06-27,4,2025,6,2025-06,post_newsom_order,Closure,,False,False,False,False,,intersection,"44th Avenue between E 12th Street & International Boulevard, Oakland, CA",,,,Closure
50th Ave between International Blvd & E 12th St,D5,High,"June 16, 2025","June 20, 2025",2025-06-16,2025-06-20,4,2025,6,2025-06,post_newsom_order,Closure,,False,False,False,False,,intersection,"50th Avenue between International Boulevard & E 12th Street, Oakland, CA",,,,Closure
41st Ave between International blvd and San Leandro St,D5,High,"June 16, 2025","June 20, 2025",2025-06-16,2025-06-20,4,2025,6,2025-06,post_newsom_order,Closure,,False,False,False,False,,intersection,"41st Avenue between International Boulevard blvd and San Leandro Street, Oakland, CA",,,,Closure
41st Ave and San Leandro St,D5,High,"June 16, 2025","June 20, 2025",2025-06-16,2025-06-20,4,2025,6,2025-06,post_newsom_order,Closure,,False,False,False,False,,intersection,"41st Avenue and San Leandro Street, Oakland, CA",,,,Closure
42nd Ave between International and E 12th St,D5,High,"June 16, 2025","June 20, 2025",2025-06-16,2025-06-20,4,2025,6,2025-06,post_newsom_order,Closure,,False,False,False,False,,intersection,"42nd Avenue between International Boulevard and E 12th Street, Oakland, CA",,,,Closure
44th Ave between E 12th St & International Blvd,D5,High,"June 16, 2025","June 20, 2025",2025-06-16,2025-06-20,4,2025,6,2025-06,post_newsom_order,Closure,,False,False,False,False,,intersection,"44th Avenue between E 12th Street & International Boulevard, Oakland, CA",,,,Closure
44th Ave between E 12th St & San Leandro ST,D5,High,"June 16, 2025","June 20, 2025",2025-06-16,2025-06-20,4,2025,6,2025-06,post_newsom_order,Closure,,False,False,False,False,,intersection,"44th Avenue between E 12th Street & San Leandro ST, Oakland, CA",,,,Closure
46th Ave between International and E12 Street,D5,High,"June 16, 2025","June 20, 2025",2025-06-16,2025-06-20,4,2025,6,2025-06,post_newsom_order,Closure,,False,False,False,False,,intersection,"46th Avenue between International Boulevard and E12 Street, Oakland, CA",,,,Closure
46th Ave and E. 12th (cul-de-sac),D5,High,"June 16, 2025","June 20, 2025",2025-06-16,2025-06-20,4,2025,6,2025-06,post_newsom_order,Closure,,False,False,False,False,,intersection,"46th Avenue and East 12th, Oakland, CA",,,,Closure
High St between E 12th St & E 12th St Pl,D5,High,"June 16, 2025","June 20, 2025",2025-06-16,2025-06-20,4,2025,6,2025-06,post_newsom_order,Closure,,False,False,False,False,,intersection,"High Street between E 12th Street & E 12th Street Place, Oakland, CA",,,,Closure
High St between E 12th St Pl & International Blvd,D5,High,"June 16, 2025","June 20, 2025",2025-06-16,2025-06-20,4,2025,6,2025-06,post_newsom_order,Closure,,False,False,False,False,,intersection,"High Street between E 12th Street Place & International Boulevard, Oakland, CA",,,,Closure
47th Avenue between East 12th & International Blvd,D5,High,"June 16, 2025","June 20, 2025",2025-06-16,2025-06-20,4,2025,6,2025-06,post_newsom_order,Closure,,False,False,False,False,,intersection,"47th Avenue between East 12th & International Boulevard, Oakland, CA",,,,Closure
47th Ave between E.12th and San Leandro St,D5,High,"June 16, 2025","June 20, 2025",2025-06-16,2025-06-20,4,2025,6,2025-06,post_newsom_order,Closure,,False,False,False,False,,intersection,"47th Avenue between E.12th and San Leandro Street, Oakland, CA",,,,Closure
45th Ave between International and E12 Street,D5,High,"June 16, 2025","June 20, 2025",2025-06-16,2025-06-20,4,2025,6,2025-06,post_newsom_order,Closure,,False,False,False,False,,intersection,"45th Avenue between International Boulevard and E12 Street, Oakland, CA",,,,Closure
45th between E 12th St and San Leandro,D5,High,"June 16, 2025","June 20, 2025",2025-06-16,2025-06-20,4,2025,6,2025-06,post_newsom_order,Closure,,False,False,False,False,,intersection,"45th between E 12th Street and San Leandro, Oakland, CA",,,,Closure
E. 12th St between 40th Ave and 41st Ave,D5,High,"June 16, 2025","June 20, 2025",2025-06-16,2025-06-20,4,2025,6,2025-06,post_newsom_order,Closure,,False,False,False,False,,intersection,"East 12th Street between 40th Avenue and 41st Avenue, Oakland, CA",,,,Closure
E. 12th St between 41st Ave and 42nd Ave,D5,High,"June 16, 2025","June 20, 2025",2025-06-16,2025-06-20,4,2025,6,2025-06,post_newsom_order,Closure,,False,False,False,False,,intersection,"East 12th Street between 41st Avenue and 42nd Avenue, Oakland, CA",,,,Closure
E. 12th St between 42nd Ave and High St,D5,High,"June 16, 2025","June 20, 2025",2025-06-16,2025-06-20,4,2025,6,2025-06,post_newsom_order,Closure,,False,False,False,False,,intersection,"East 12th Street between 42nd Avenue and High Street, Oakland, CA",,,,Closure
E. 12th St between High St and 44th Ave,D5,High,"June 16, 2025","June 20, 2025",2025-06-16,2025-06-20,4,2025,6,2025-06,post_newsom_order,Closure,,False,False,False,False,,intersection,"East 12th Street between High Street and 44th Avenue, Oakland, CA",,,,Closure
E. 12th St between 44th Ave and 45th Ave,D5,High,"June 16, 2025","June 20, 2025",2025-06-16,2025-06-20,4,2025,6,2025-06,post_newsom_order,Closure,,False,False,False,False,,intersection,"East 12th Street between 44th Avenue and 45th Avenue, Oakland, CA",,,,Closure
E. 12th St between 45th Ave and 46th Ave,D5,High,"June 16, 2025","June 20, 2025",2025-06-16,2025-06-20,4,2025,6,2025-06,post_newsom_order,Closure,,False,False,False,False,,intersection,"East 12th Street between 45th Avenue and 46th Avenue, Oakland, CA",,,,Closure
E. 12th St between 46th Ave and 47th Ave,D5,High,"June 16, 2025","June 20, 2025",2025-06-16,2025-06-20,4,2025,6,2025-06,post_newsom_order,Closure,,False,False,False,False,,intersection,"East 12th Street between 46th Avenue and 47th Avenue, Oakland, CA",,,,Closure
E. 12th St between 47th Ave and 48th Ave,D5,High,"June 16, 2025","June 20, 2025",2025-06-16,2025-06-20,4,2025,6,2025-06,post_newsom_order,Closure,,False,False,False,False,,intersection,"East 12th Street between 47th Avenue and 48th Avenue, Oakland, CA",,,,Closure
E. 12th St between 48th Ave and 49th Ave,D5,High,"June 16, 2025","June 20, 2025",2025-06-16,2025-06-20,4,2025,6,2025-06,post_newsom_order,Closure,,False,False,False,False,,intersection,"East 12th Street between 48th Avenue and 49th Avenue, Oakland, CA",,,,Closure
E. 12th St between 49th Ave and 50th Ave,D5,High,"June 16, 2025","June 20, 2025",2025-06-16,2025-06-20,4,2025,6,2025-06,post_newsom_order,Closure,,False,False,False,False,,intersection,"East 12th Street between 49th Avenue and 50th Avenue, Oakland, CA",,,,Closure
48th Street between International Boulevard and San Leandro Street,D5,High,"June 16, 2025","June 20, 2025",2025-06-16,2025-06-20,4,2025,6,2025-06,post_newsom_order,Closure,,False,False,False,False,,intersection,"48th Street between International Boulevard and San Leandro Street, Oakland, CA",,,,Closure
50th Ave between E 12th St & San Leandro St,D5,High,"June 16, 2025","June 20, 2025",2025-06-16,2025-06-20,4,2025,6,2025-06,post_newsom_order,Closure,,False,False,False,False,,intersection,"50th Avenue between E 12th Street & San Leandro Street, Oakland, CA",,,,Closure
49th Ave between International Blvd and San Leandro St,D5,High,"June 16, 2025","June 20, 2025",2025-06-16,2025-06-20,4,2025,6,2025-06,post_newsom_order,Closure,,False,False,False,False,,intersection,"49th Avenue between International Boulevard and San Leandro Street, Oakland, CA",,,,Closure
20th St between West St and Brush St,D3,High,"June 10, 2025","June 13, 2025",2025-06-10,2025-06-13,3,2025,6,2025-06,post_newsom_order,Closure,,False,False,False,False,,intersection,"20th Street between West Street and Brush Street, Oakland, CA",,,,Closure
19th St between West St and Brush St,D3,High,"June 10, 2025","June 13, 2025",2025-06-10,2025-06-13,3,2025,6,2025-06,post_newsom_order,Closure,,False,False,False,False,,intersection,"19th Street between West Street and Brush Street, Oakland, CA",,,,Closure
21st St between West St and Brush St,D3,High,"June 10, 2025","June 13, 2025",2025-06-10,2025-06-13,3,2025,6,2025-06,post_newsom_order,Closure,,False,False,False,False,,intersection,"21st Street between West Street and Brush Street, Oakland, CA",,,,Closure
22nd St between West St and Brush St,D3,High,"June 10, 2025","June 13, 2025",2025-06-10,2025-06-13,3,2025,6,2025-06,post_newsom_order,Closure,,False,False,False,False,,intersection,"22nd Street between West Street and Brush Street, Oakland, CA",,,,Closure
Brush St between 19th St and 20th St,D3,High,"June 10, 2025","June 13, 2025",2025-06-10,2025-06-13,3,2025,6,2025-06,post_newsom_order,Closure,,False,False,False,False,,intersection,"Brush Street between 19th Street and 20th Street, Oakland, CA",,,,Closure
Brush St between 20th St and 21st St,D3,High,"June 10, 2025","June 13, 2025",2025-06-10,2025-06-13,3,2025,6,2025-06,post_newsom_order,Closure,,False,False,False,False,,intersection,"Brush Street between 20th Street and 21st Street, Oakland, CA",,,,Closure
Brush St between 21st St and 22nd St,D3,High,"June 10, 2025","June 13, 2025",2025-06-10,2025-06-13,3,2025,6,2025-06,post_newsom_order,Closure,,False,False,False,False,,intersection,"Brush Street between 21st Street and 22nd Street, Oakland, CA",,,,Closure
W Grand Ave between Brush St & San Pablo Ave,D3,High,"June 10, 2025","June 13, 2025",2025-06-10,2025-06-13,3,2025,6,2025-06,post_newsom_order,Deep Cleaning,,False,False,False,False,,intersection,"West Grand Avenue between Brush Street & San Pablo Avenue, Oakland, CA",,,,Deep Cleaning
Brush St between 23rd St & W Grand Ave,D3,High,"June 10, 2025","June 13, 2025",2025-06-10,2025-06-13,3,2025,6,2025-06,post_newsom_order,Deep Cleaning,,False,False,False,False,,intersection,"Brush Street between 23rd Street & West Grand Avenue, Oakland, CA",,,,Deep Cleaning
Median at 2300 Brush St,D3,High,"June 10, 2025","June 13, 2025",2025-06-10,2025-06-13,3,2025,6,2025-06,post_newsom_order,Deep Cleaning,,False,False,False,False,,named_place,"Median at 2300 Brush Street, Oakland, CA",,,,Deep Cleaning
Brush St between 22nd St and W Grand Ave,D3,High,"June 10, 2025","June 13, 2025",2025-06-10,2025-06-13,3,2025,6,2025-06,post_newsom_order,Closure,,False,False,False,False,,intersection,"Brush Street between 22nd Street and West Grand Avenue, Oakland, CA",,,,Closure
27th St between Market St and San Pablo ave,D3,High,"June 09, 2025","June 10, 2025",2025-06-09,2025-06-10,1,2025,6,2025-06,post_newsom_order,Closure,,False,False,False,False,,intersection,"27th Street between Market Street and San Pablo ave, Oakland, CA",,,,Closure
85th Ave between International Blvd & A St,D7,High,"June 09, 2025","June 13, 2025",2025-06-09,2025-06-13,4,2025,6,2025-06,post_newsom_order,Closure,,False,False,False,False,,intersection,"85th Avenue between International Boulevard & A Street, Oakland, CA",,,,Closure
86th Ave between International Blvd & A St,D7,High,"June 09, 2025","June 13, 2025",2025-06-09,2025-06-13,4,2025,6,2025-06,post_newsom_order,Closure,,False,False,False,False,,intersection,"86th Avenue between International Boulevard & A Street, Oakland, CA",,,,Closure
A St between 85th Ave and 86th Ave,D7,High,"June 09, 2025","June 13, 2025",2025-06-09,2025-06-13,4,2025,6,2025-06,post_newsom_order,Closure,,False,False,False,False,,intersection,"A Street between 85th Avenue and 86th Avenue, Oakland, CA",,,,Closure
International Blvd between 85th Ave and 86th Ave,D7,High,"June 09, 2025","June 13, 2025",2025-06-09,2025-06-13,4,2025,6,2025-06,post_newsom_order,Closure,,False,False,False,False,,intersection,"International Boulevard between 85th Avenue and 86th Avenue, Oakland, CA",,,,Closure
MLK between W MacArthur Blvd and 37th St,D3,High,"June 09, 2025","June 10, 2025",2025-06-09,2025-06-10,1,2025,6,2025-06,post_newsom_order,Closure,,False,False,False,False,,intersection,"Martin Luther King Jr Boulevard between West MacArthur Boulevard and 37th Street, Oakland, CA",,,,Closure
37th St between MLK and West St,D3,High,"June 09, 2025","June 10, 2025",2025-06-09,2025-06-10,1,2025,6,2025-06,post_newsom_order,Closure,,False,False,False,False,,intersection,"37th Street between Martin Luther King Jr Boulevard and West Street, Oakland, CA",,,,Closure
Cul de sac at 37th St and MLK,D3,High,"June 09, 2025","June 10, 2025",2025-06-09,2025-06-10,1,2025,6,2025-06,post_newsom_order,Closure,,False,False,False,False,,intersection,"Cul de sac at 37th Street and Martin Luther King Jr Boulevard, Oakland, CA",,,,Closure
Market Street between 27th Street and Mead Avenue,D3,High,"June 09, 2025","June 10, 2025",2025-06-09,2025-06-10,1,2025,6,2025-06,post_newsom_order,Closure,,False,False,False,False,,intersection,"Market Street between 27th Street and Mead Avenue, Oakland, CA",,,,Closure
San Pablo St between 27th St and Mead Ave,D3,High,"June 09, 2025","June 10, 2025",2025-06-09,2025-06-10,1,2025,6,2025-06,post_newsom_order,Closure,,False,False,False,False,,intersection,"San Pablo Street between 27th Street and Mead Avenue, Oakland, CA",,,,Closure
Mead Avenue between Market Street and San Pablo Avenue,D3,High,"June 09, 2025","June 10, 2025",2025-06-09,2025-06-10,1,2025,6,2025-06,post_newsom_order,Closure,,False,False,False,False,,intersection,"Mead Avenue between Market Street and San Pablo Avenue, Oakland, CA",,,,Closure
Milton St between Market St and San Pablo Ave,D3,High,"June 09, 2025","June 10, 2025",2025-06-09,2025-06-10,1,2025,6,2025-06,post_newsom_order,Closure,,False,False,False,False,,intersection,"Milton Street between Market Street and San Pablo Avenue, Oakland, CA",,,,Closure
2121 E. 12th St/23rd Ave and E. 12th St,D2,High,"June 09, 2025","June 13, 2025",2025-06-09,2025-06-13,4,2025,6,2025-06,post_newsom_order,Closure,,False,False,False,False,,address,"2121 East 12th Street, Oakland, CA",,,,Closure
San Pablo Ave between 62nd St and 63rd St,D1,High,"June 05, 2025","June 06, 2025",2025-06-05,2025-06-06,1,2025,6,2025-06,post_newsom_order,Closure,,False,False,False,False,,intersection,"San Pablo Avenue between 62nd Street and 63rd Street, Oakland, CA",,,,Closure
Robert Mason Fields/Golden Gate Playground,D1,High,"June 05, 2025","June 06, 2025",2025-06-05,2025-06-06,1,2025,6,2025-06,post_newsom_order,Closure,,False,False,False,False,,named_place,"Robert Mason Fields, Oakland, CA",37.8469,-122.296,known_place_lookup,Closure
San Pablo Ave between 61st St and 62nd St,D1,High,"June 05, 2025","June 06, 2025",2025-06-05,2025-06-06,1,2025,6,2025-06,post_newsom_order,Closure,,False,False,False,False,,intersection,"San Pablo Avenue between 61st Street and 62nd Street, Oakland, CA",,,,Closure
46th St between Dover and Shuttuck Ave,D1,High,"June 05, 2025","June 06, 2025",2025-06-05,2025-06-06,1,2025,6,2025-06,post_newsom_order,Closure,,False,False,False,False,,intersection,"46th Street between Dover and Shuttuck Avenue, Oakland, CA",,,,Closure
47th St between Dover and Shuttuck Ave,D1,High,"June 05, 2025","June 06, 2025",2025-06-05,2025-06-06,1,2025,6,2025-06,post_newsom_order,Closure,,False,False,False,False,,intersection,"47th Street between Dover and Shuttuck Avenue, Oakland, CA",,,,Closure
E 12th St & 23rd Ave,D2,High,"June 03, 2025","June 04, 2025",2025-06-03,2025-06-04,1,2025,6,2025-06,post_newsom_order,Closure,,False,False,False,False,,named_place,"E 12th Street & 23rd Avenue, Oakland, CA",,,,Closure
E 12th St between 22nd Ave and 23rd Ave,D2,High,"June 03, 2025","June 04, 2025",2025-06-03,2025-06-04,1,2025,6,2025-06,post_newsom_order,Closure,,False,False,False,False,,intersection,"E 12th Street between 22nd Avenue and 23rd Avenue, Oakland, CA",,,,Closure
8th Ave between E 11th St & E 12th St,D2,High,"June 02, 2025","June 06, 2025",2025-06-02,2025-06-06,4,2025,6,2025-06,post_newsom_order,Closure,,False,False,False,False,,intersection,"8th Avenue between E 11th Street & E 12th Street, Oakland, CA",,,,Closure
8th Ave between E 10th St & E 11th St,D2,High,"June 02, 2025","June 06, 2025",2025-06-02,2025-06-06,4,2025,6,2025-06,post_newsom_order,Closure,,False,False,False,False,,intersection,"8th Avenue between E 10th Street & E 11th Street, Oakland, CA",,,,Closure
8th Ave between E 8th St & E 10th St,D2,High,"June 02, 2025","June 06, 2025",2025-06-02,2025-06-06,4,2025,6,2025-06,post_newsom_order,Closure,,False,False,False,False,,intersection,"8th Avenue between E 8th Street & E 10th Street, Oakland, CA",,,,Closure
E 11th St between 10th Ave and 11th Ave,D2,High,"June 02, 2025","June 06, 2025",2025-06-02,2025-06-06,4,2025,6,2025-06,post_newsom_order,Closure,,False,False,False,False,,intersection,"E 11th Street between 10th Avenue and 11th Avenue, Oakland, CA",,,,Closure
E 11th St between 9th Ave and 10th Ave,D2,High,"June 02, 2025","June 06, 2025",2025-06-02,2025-06-06,4,2025,6,2025-06,post_newsom_order,Closure,,False,False,False,False,,intersection,"E 11th Street between 9th Avenue and 10th Avenue, Oakland, CA",,,,Closure
E 11th St between 8th Ave and 9th Ave,D2,High,"June 02, 2025","June 06, 2025",2025-06-02,2025-06-06,4,2025,6,2025-06,post_newsom_order,Closure,,False,False,False,False,,intersection,"E 11th Street between 8th Avenue and 9th Avenue, Oakland, CA",,,,Closure
E 10th St between 8th Ave and 9th Ave,D2,High,"June 02, 2025","June 06, 2025",2025-06-02,2025-06-06,4,2025,6,2025-06,post_newsom_order,Closure,,False,False,False,False,,intersection,"E 10th Street between 8th Avenue and 9th Avenue, Oakland, CA",,,,Closure
E 10th St between 9th Ave and E 8th St,D2,High,"June 02, 2025","June 06, 2025",2025-06-02,2025-06-06,4,2025,6,2025-06,post_newsom_order,Closure,,False,False,False,False,,intersection,"E 10th Street between 9th Avenue and E 8th Street, Oakland, CA",,,,Closure
85th Ave between International Blvd & A St,D7,High,"June 02, 2025","June 06, 2025",2025-06-02,2025-06-06,4,2025,6,2025-06,post_newsom_order,Closure,,False,False,False,False,,intersection,"85th Avenue between International Boulevard & A Street, Oakland, CA",,,,Closure
86th Ave between International Blvd & A St,D7,High,"June 02, 2025","June 06, 2025",2025-06-02,2025-06-06,4,2025,6,2025-06,post_newsom_order,Closure,,False,False,False,False,,intersection,"86th Avenue between International Boulevard & A Street, Oakland, CA",,,,Closure
A St between 85th Ave and 86th Ave,D7,High,"June 02, 2025","June 06, 2025",2025-06-02,2025-06-06,4,2025,6,2025-06,post_newsom_order,Closure,,False,False,False,False,,intersection,"A Street between 85th Avenue and 86th Avenue, Oakland, CA",,,,Closure
International Blvd between 85th Ave and 86th Ave,D7,High,"June 02, 2025","June 06, 2025",2025-06-02,2025-06-06,4,2025,6,2025-06,post_newsom_order,Closure,,False,False,False,False,,intersection,"International Boulevard between 85th Avenue and 86th Avenue, Oakland, CA",,,,Closure
Franklin St & 6th St,D3,High,"June 02, 2025","June 03, 2025",2025-06-02,2025-06-03,1,2025,6,2025-06,post_newsom_order,Closure,,False,False,False,False,,named_place,"Franklin Street & 6th Street, Oakland, CA",,,,Closure
9th Ave between E 10th St & E 11th St,D2,High,"June 02, 2025","June 06, 2025",2025-06-02,2025-06-06,4,2025,6,2025-06,post_newsom_order,Closure,,False,False,False,False,,intersection,"9th Avenue between E 10th Street & E 11th Street, Oakland, CA",,,,Closure
E. 12th Median : 14th Ave to 19th Ave,D2,High,"June 02, 2025","June 06, 2025",2025-06-02,2025-06-06,4,2025,6,2025-06,post_newsom_order,Closure,,False,False,False,False,,named_place,"East 12th Median, Oakland, CA",,,,Closure
15th Ave between Solano Way and International Blvd,D2,High,"June 02, 2025","June 06, 2025",2025-06-02,2025-06-06,4,2025,6,2025-06,post_newsom_order,Closure,,False,False,False,False,,intersection,"15th Avenue between Solano Way and International Boulevard, Oakland, CA",,,,Closure
15th Ave between E 12th St and Solano Way,D2,High,"June 02, 2025","June 06, 2025",2025-06-02,2025-06-06,4,2025,6,2025-06,post_newsom_order,Closure,,False,False,False,False,,intersection,"15th Avenue between E 12th Street and Solano Way, Oakland, CA",,,,Closure
16th Ave between Solano Way and International Blvd,D2,High,"June 02, 2025","June 06, 2025",2025-06-02,2025-06-06,4,2025,6,2025-06,post_newsom_order,Closure,,False,False,False,False,,intersection,"16th Avenue between Solano Way and International Boulevard, Oakland, CA",,,,Closure
16th Ave between E 12th St and Solano Way,D2,High,"June 02, 2025","June 06, 2025",2025-06-02,2025-06-06,4,2025,6,2025-06,post_newsom_order,Closure,,False,False,False,False,,intersection,"16th Avenue between E 12th Street and Solano Way, Oakland, CA",,,,Closure
17th Ave between Solano Way and International Blvd,D2,High,"June 02, 2025","June 06, 2025",2025-06-02,2025-06-06,4,2025,6,2025-06,post_newsom_order,Closure,,False,False,False,False,,intersection,"17th Avenue between Solano Way and International Boulevard, Oakland, CA",,,,Closure
17th Ave between E 12th St and Solano Way,D2,High,"June 02, 2025","June 06, 2025",2025-06-02,2025-06-06,4,2025,6,2025-06,post_newsom_order,Closure,,False,False,False,False,,intersection,"17th Avenue between E 12th Street and Solano Way, Oakland, CA",,,,Closure
18th Ave between Solano Way and International Blvd,D2,High,"June 02, 2025","June 06, 2025",2025-06-02,2025-06-06,4,2025,6,2025-06,post_newsom_order,Closure,,False,False,False,False,,intersection,"18th Avenue between Solano Way and International Boulevard, Oakland, CA",,,,Closure
18th Ave between E 12th St and Solano Way,D2,High,"June 02, 2025","June 06, 2025",2025-06-02,2025-06-06,4,2025,6,2025-06,post_newsom_order,Closure,,False,False,False,False,,intersection,"18th Avenue between E 12th Street and Solano Way, Oakland, CA",,,,Closure
19th Ave between Solano Way and International Blvd,D2,High,"June 02, 2025","June 06, 2025",2025-06-02,2025-06-06,4,2025,6,2025-06,post_newsom_order,Closure,,False,False,False,False,,intersection,"19th Avenue between Solano Way and International Boulevard, Oakland, CA",,,,Closure
19th Ave between E 12th St and Solano Way,D2,High,"June 02, 2025","June 06, 2025",2025-06-02,2025-06-06,4,2025,6,2025-06,post_newsom_order,Closure,,False,False,False,False,,intersection,"19th Avenue between E 12th Street and Solano Way, Oakland, CA",,,,Closure
Solano Way between 19th Ave and 20th Ave,D2,High,"June 02, 2025","June 06, 2025",2025-06-02,2025-06-06,4,2025,6,2025-06,post_newsom_order,Closure,,False,False,False,False,,intersection,"Solano Way between 19th Avenue and 20th Avenue, Oakland, CA",,,,Closure
Solano Way between 18th Ave and 19th Ave,D2,High,"June 02, 2025","June 06, 2025",2025-06-02,2025-06-06,4,2025,6,2025-06,post_newsom_order,Closure,,False,False,False,False,,intersection,"Solano Way between 18th Avenue and 19th Avenue, Oakland, CA",,,,Closure
Solano Way between 17th Ave and 18th Ave,D2,High,"June 02, 2025","June 06, 2025",2025-06-02,2025-06-06,4,2025,6,2025-06,post_newsom_order,Closure,,False,False,False,False,,intersection,"Solano Way between 17th Avenue and 18th Avenue, Oakland, CA",,,,Closure
Solano Way between 16th Ave and 17th Ave,D2,High,"June 02, 2025","June 06, 2025",2025-06-02,2025-06-06,4,2025,6,2025-06,post_newsom_order,Closure,,False,False,False,False,,intersection,"Solano Way between 16th Avenue and 17th Avenue, Oakland, CA",,,,Closure
Solano Way between 15th Ave and 16th Ave,D2,High,"June 02, 2025","June 06, 2025",2025-06-02,2025-06-06,4,2025,6,2025-06,post_newsom_order,Closure,,False,False,False,False,,intersection,"Solano Way between 15th Avenue and 16th Avenue, Oakland, CA",,,,Closure
Solano Way between 14th Ave and 15th Ave,D2,High,"June 02, 2025","June 06, 2025",2025-06-02,2025-06-06,4,2025,6,2025-06,post_newsom_order,Closure,,False,False,False,False,,intersection,"Solano Way between 14th Avenue and 15th Avenue, Oakland, CA",,,,Closure
E 8th St between 12th Ave and E 12th St,D2,High,"June 02, 2025","June 06, 2025",2025-06-02,2025-06-06,4,2025,6,2025-06,post_newsom_order,Closure,,False,False,False,False,,intersection,"E 8th Street between 12th Avenue and E 12th Street, Oakland, CA",,,,Closure
E 8th St between 11th Ave and 12th Ave,D2,High,"June 02, 2025","June 06, 2025",2025-06-02,2025-06-06,4,2025,6,2025-06,post_newsom_order,Closure,,False,False,False,False,,intersection,"E 8th Street between 11th Avenue and 12th Avenue, Oakland, CA",,,,Closure
E 8th St between 10th Ave and 11th Ave,D2,High,"June 02, 2025","June 06, 2025",2025-06-02,2025-06-06,4,2025,6,2025-06,post_newsom_order,Closure,,False,False,False,False,,intersection,"E 8th Street between 10th Avenue and 11th Avenue, Oakland, CA",,,,Closure
E 8th St between 9th Ave and 10th Ave,D2,High,"June 02, 2025","June 06, 2025",2025-06-02,2025-06-06,4,2025,6,2025-06,post_newsom_order,Closure,,False,False,False,False,,intersection,"E 8th Street between 9th Avenue and 10th Avenue, Oakland, CA",,,,Closure
E 8th St between 8th Ave and 9th Ave,D2,High,"June 02, 2025","June 06, 2025",2025-06-02,2025-06-06,4,2025,6,2025-06,post_newsom_order,Closure,,False,False,False,False,,intersection,"E 8th Street between 8th Avenue and 9th Avenue, Oakland, CA",,,,Closure
12th Ave between E. 8th St and E. 12th St,D2,High,"June 02, 2025","June 06, 2025",2025-06-02,2025-06-06,4,2025,6,2025-06,post_newsom_order,Closure,,False,False,False,False,,intersection,"12th Avenue between East 8th Street and East 12th Street, Oakland, CA",,,,Closure
11th Ave between E 11th St and E 12th St,D2,High,"June 02, 2025","June 06, 2025",2025-06-02,2025-06-06,4,2025,6,2025-06,post_newsom_order,Closure,,False,False,False,False,,intersection,"11th Avenue between E 11th Street and E 12th Street, Oakland, CA",,,,Closure
11th Ave between E 8th St and E 11th St,D2,High,"June 02, 2025","June 06, 2025",2025-06-02,2025-06-06,4,2025,6,2025-06,post_newsom_order,Closure,,False,False,False,False,,intersection,"11th Avenue between E 8th Street and E 11th Street, Oakland, CA",,,,Closure
10th Ave between E 11th St and E 12th St,D2,High,"June 02, 2025","June 06, 2025",2025-06-02,2025-06-06,4,2025,6,2025-06,post_newsom_order,Closure,,False,False,False,False,,intersection,"10th Avenue between E 11th Street and E 12th Street, Oakland, CA",,,,Closure
10th Ave between E 8th St and E 11th St,D2,High,"June 02, 2025","June 06, 2025",2025-06-02,2025-06-06,4,2025,6,2025-06,post_newsom_order,Closure,,False,False,False,False,,intersection,"10th Avenue between E 8th Street and E 11th Street, Oakland, CA",,,,Closure
9th Ave between E 11th St & E 12th St,D2,High,"June 02, 2025","June 06, 2025",2025-06-02,2025-06-06,4,2025,6,2025-06,post_newsom_order,Closure,,False,False,False,False,,intersection,"9th Avenue between E 11th Street & E 12th Street, Oakland, CA",,,,Closure
6th St between Franklin St and Webster St,D3,High,"June 02, 2025","June 03, 2025",2025-06-02,2025-06-03,1,2025,6,2025-06,post_newsom_order,Closure,,False,False,False,False,,intersection,"6th Street between Franklin Street and Webster Street, Oakland, CA",,,,Closure
9th Ave between E 8th St & E 10th St,D2,High,"June 02, 2025","June 06, 2025",2025-06-02,2025-06-06,4,2025,6,2025-06,post_newsom_order,Closure,,False,False,False,False,,intersection,"9th Avenue between E 8th Street & E 10th Street, Oakland, CA",,,,Closure
MLK between 24th & 25th,D3,Low,"May 28, 2025","May 30, 2025",2025-05-28,2025-05-30,2,2025,5,2025-05,post_newsom_order,Closure,,False,False,False,False,,intersection,"Martin Luther King Jr Boulevard between 24th & 25th, Oakland, CA",,,,Closure
MLK between 23rd & 24th,D3,Low,"May 28, 2025","May 30, 2025",2025-05-28,2025-05-30,2,2025,5,2025-05,post_newsom_order,Closure,,False,False,False,False,,intersection,"Martin Luther King Jr Boulevard between 23rd & 24th, Oakland, CA",,,,Closure
MLk between W Grand Ave & 23rd,D3,Low,"May 28, 2025","May 30, 2025",2025-05-28,2025-05-30,2,2025,5,2025-05,post_newsom_order,Closure,,False,False,False,False,,intersection,"Martin Luther King Jr Boulevard between West Grand Avenue & 23rd, Oakland, CA",,,,Closure
23rd St. between MLK and San Pablo,D3,Low,"May 28, 2025","May 30, 2025",2025-05-28,2025-05-30,2,2025,5,2025-05,post_newsom_order,Closure,,False,False,False,False,,intersection,"23rd Street. between Martin Luther King Jr Boulevard and San Pablo, Oakland, CA",,,,Closure
23rd St between MLK to Northgate,D3,Low,"May 28, 2025","May 30, 2025",2025-05-28,2025-05-30,2,2025,5,2025-05,post_newsom_order,Closure,,False,False,False,False,,intersection,"23rd Street between Martin Luther King Jr Boulevard to Northgate, Oakland, CA",,,,Closure
29th St. between MLK and Telegraph,D3,Low,"May 28, 2025","May 30, 2025",2025-05-28,2025-05-30,2,2025,5,2025-05,post_newsom_order,Closure,,False,False,False,False,,intersection,"29th Street. between Martin Luther King Jr Boulevard and Telegraph, Oakland, CA",,,,Closure
E 8th St between 11th Ave and 12th Ave,D2,High,"May 27, 2025","May 30, 2025",2025-05-27,2025-05-30,3,2025,5,2025-05,post_newsom_order,Closure,,False,False,False,False,,intersection,"E 8th Street between 11th Avenue and 12th Avenue, Oakland, CA",,,,Closure
E 10th St between 8th Ave and 9th Ave,D2,High,"May 27, 2025","May 30, 2025",2025-05-27,2025-05-30,3,2025,5,2025-05,post_newsom_order,Closure,,False,False,False,False,,intersection,"E 10th Street between 8th Avenue and 9th Avenue, Oakland, CA",,,,Closure
E 10th St between 9th Ave and E 8th St,D2,High,"May 27, 2025","May 30, 2025",2025-05-27,2025-05-30,3,2025,5,2025-05,post_newsom_order,Closure,,False,False,False,False,,intersection,"E 10th Street between 9th Avenue and E 8th Street, Oakland, CA",,,,Closure
E 11th St between 8th Ave and 9th Ave,D2,High,"May 27, 2025","May 30, 2025",2025-05-27,2025-05-30,3,2025,5,2025-05,post_newsom_order,Closure,,False,False,False,False,,intersection,"E 11th Street between 8th Avenue and 9th Avenue, Oakland, CA",,,,Closure
E 11th St between 9th Ave and 10th Ave,D2,High,"May 27, 2025","May 30, 2025",2025-05-27,2025-05-30,3,2025,5,2025-05,post_newsom_order,Closure,,False,False,False,False,,intersection,"E 11th Street between 9th Avenue and 10th Avenue, Oakland, CA",,,,Closure
E 11th St between 10th Ave and 11th Ave,D2,High,"May 27, 2025","May 30, 2025",2025-05-27,2025-05-30,3,2025,5,2025-05,post_newsom_order,Closure,,False,False,False,False,,intersection,"E 11th Street between 10th Avenue and 11th Avenue, Oakland, CA",,,,Closure
E 11th St between 11th Ave and E 8th St,D2,High,"May 27, 2025","May 30, 2025",2025-05-27,2025-05-30,3,2025,5,2025-05,post_newsom_order,Closure,,False,False,False,False,,intersection,"E 11th Street between 11th Avenue and E 8th Street, Oakland, CA",,,,Closure
8th Ave between E 8th St & E 10th St,D2,High,"May 27, 2025","May 30, 2025",2025-05-27,2025-05-30,3,2025,5,2025-05,post_newsom_order,Closure,,False,False,False,False,,intersection,"8th Avenue between E 8th Street & E 10th Street, Oakland, CA",,,,Closure
8th Ave between E 10th St & E 11th St,D2,High,"May 27, 2025","May 30, 2025",2025-05-27,2025-05-30,3,2025,5,2025-05,post_newsom_order,Closure,,False,False,False,False,,intersection,"8th Avenue between E 10th Street & E 11th Street, Oakland, CA",,,,Closure
8th Ave between E 11th St & E 12th St,D2,High,"May 27, 2025","May 30, 2025",2025-05-27,2025-05-30,3,2025,5,2025-05,post_newsom_order,Closure,,False,False,False,False,,intersection,"8th Avenue between E 11th Street & E 12th Street, Oakland, CA",,,,Closure
9th Ave between E 8th St & E 10th St,D2,High,"May 27, 2025","May 30, 2025",2025-05-27,2025-05-30,3,2025,5,2025-05,post_newsom_order,Closure,,False,False,False,False,,intersection,"9th Avenue between E 8th Street & E 10th Street, Oakland, CA",,,,Closure
9th Ave between E 10th St & E 11th St,D2,High,"May 27, 2025","May 30, 2025",2025-05-27,2025-05-30,3,2025,5,2025-05,post_newsom_order,Closure,,False,False,False,False,,intersection,"9th Avenue between E 10th Street & E 11th Street, Oakland, CA",,,,Closure
9th Ave between E 11th St & E 12th St,D2,High,"May 27, 2025","May 30, 2025",2025-05-27,2025-05-30,3,2025,5,2025-05,post_newsom_order,Closure,,False,False,False,False,,intersection,"9th Avenue between E 11th Street & E 12th Street, Oakland, CA",,,,Closure
10th Ave between E 8th St and E 11th St,D2,High,"May 27, 2025","May 30, 2025",2025-05-27,2025-05-30,3,2025,5,2025-05,post_newsom_order,Closure,,False,False,False,False,,intersection,"10th Avenue between E 8th Street and E 11th Street, Oakland, CA",,,,Closure
10th Ave between E 11th St and E 12th St,D2,High,"May 27, 2025","May 30, 2025",2025-05-27,2025-05-30,3,2025,5,2025-05,post_newsom_order,Closure,,False,False,False,False,,intersection,"10th Avenue between E 11th Street and E 12th Street, Oakland, CA",,,,Closure
11th Ave between E 8th St and E 11th St,D2,High,"May 27, 2025","May 30, 2025",2025-05-27,2025-05-30,3,2025,5,2025-05,post_newsom_order,Closure,,False,False,False,False,,intersection,"11th Avenue between E 8th Street and E 11th Street, Oakland, CA",,,,Closure
11th Ave between E 11th St and E 12th St,D2,High,"May 27, 2025","May 30, 2025",2025-05-27,2025-05-30,3,2025,5,2025-05,post_newsom_order,Closure,,False,False,False,False,,intersection,"11th Avenue between E 11th Street and E 12th Street, Oakland, CA",,,,Closure
12th Ave between E. 8th St and E. 12th St,D2,High,"May 27, 2025","May 30, 2025",2025-05-27,2025-05-30,3,2025,5,2025-05,post_newsom_order,Closure,,False,False,False,False,,intersection,"12th Avenue between East 8th Street and East 12th Street, Oakland, CA",,,,Closure
E 8th St between 8th Ave and 9th Ave,D2,High,"May 27, 2025","May 30, 2025",2025-05-27,2025-05-30,3,2025,5,2025-05,post_newsom_order,Closure,,False,False,False,False,,intersection,"E 8th Street between 8th Avenue and 9th Avenue, Oakland, CA",,,,Closure
E 8th St between 9th Ave and 10th Ave,D2,High,"May 27, 2025","May 30, 2025",2025-05-27,2025-05-30,3,2025,5,2025-05,post_newsom_order,Closure,,False,False,False,False,,intersection,"E 8th Street between 9th Avenue and 10th Avenue, Oakland, CA",,,,Closure
E 8th St between 10th Ave and 11th Ave,D2,High,"May 27, 2025","May 30, 2025",2025-05-27,2025-05-30,3,2025,5,2025-05,post_newsom_order,Closure,,False,False,False,False,,intersection,"E 8th Street between 10th Avenue and 11th Avenue, Oakland, CA",,,,Closure
E 8th St between 12th Ave and E 12th St,D2,High,"May 27, 2025","May 30, 2025",2025-05-27,2025-05-30,3,2025,5,2025-05,post_newsom_order,Closure,,False,False,False,False,,intersection,"E 8th Street between 12th Avenue and E 12th Street, Oakland, CA",,,,Closure
Solano Way between 14th Ave and 15th Ave,D2,High,"May 27, 2025","May 30, 2025",2025-05-27,2025-05-30,3,2025,5,2025-05,post_newsom_order,Closure,,False,False,False,False,,intersection,"Solano Way between 14th Avenue and 15th Avenue, Oakland, CA",,,,Closure
Solano Way between 15th Ave and 16th Ave,D2,High,"May 27, 2025","May 30, 2025",2025-05-27,2025-05-30,3,2025,5,2025-05,post_newsom_order,Closure,,False,False,False,False,,intersection,"Solano Way between 15th Avenue and 16th Avenue, Oakland, CA",,,,Closure
Solano Way between 16th Ave and 17th Ave,D2,High,"May 27, 2025","May 30, 2025",2025-05-27,2025-05-30,3,2025,5,2025-05,post_newsom_order,Closure,,False,False,False,False,,intersection,"Solano Way between 16th Avenue and 17th Avenue, Oakland, CA",,,,Closure
Solano Way between 17th Ave and 18th Ave,D2,High,"May 27, 2025","May 30, 2025",2025-05-27,2025-05-30,3,2025,5,2025-05,post_newsom_order,Closure,,False,False,False,False,,intersection,"Solano Way between 17th Avenue and 18th Avenue, Oakland, CA",,,,Closure
Solano Way between 18th Ave and 19th Ave,D2,High,"May 27, 2025","May 30, 2025",2025-05-27,2025-05-30,3,2025,5,2025-05,post_newsom_order,Closure,,False,False,False,False,,intersection,"Solano Way between 18th Avenue and 19th Avenue, Oakland, CA",,,,Closure
Solano Way between 19th Ave and 20th Ave,D2,High,"May 27, 2025","May 30, 2025",2025-05-27,2025-05-30,3,2025,5,2025-05,post_newsom_order,Closure,,False,False,False,False,,intersection,"Solano Way between 19th Avenue and 20th Avenue, Oakland, CA",,,,Closure
19th Ave between E 12th St and Solano Way,D2,High,"May 27, 2025","May 30, 2025",2025-05-27,2025-05-30,3,2025,5,2025-05,post_newsom_order,Closure,,False,False,False,False,,intersection,"19th Avenue between E 12th Street and Solano Way, Oakland, CA",,,,Closure
19th Ave between Solano Way and International Blvd,D2,High,"May 27, 2025","May 30, 2025",2025-05-27,2025-05-30,3,2025,5,2025-05,post_newsom_order,Closure,,False,False,False,False,,intersection,"19th Avenue between Solano Way and International Boulevard, Oakland, CA",,,,Closure
18th Ave between E 12th St and Solano Way,D2,High,"May 27, 2025","May 30, 2025",2025-05-27,2025-05-30,3,2025,5,2025-05,post_newsom_order,Closure,,False,False,False,False,,intersection,"18th Avenue between E 12th Street and Solano Way, Oakland, CA",,,,Closure
18th Ave between Solano Way and International Blvd,D2,High,"May 27, 2025","May 30, 2025",2025-05-27,2025-05-30,3,2025,5,2025-05,post_newsom_order,Closure,,False,False,False,False,,intersection,"18th Avenue between Solano Way and International Boulevard, Oakland, CA",,,,Closure
17th Ave between E 12th St and Solano Way,D2,High,"May 27, 2025","May 30, 2025",2025-05-27,2025-05-30,3,2025,5,2025-05,post_newsom_order,Closure,,False,False,False,False,,intersection,"17th Avenue between E 12th Street and Solano Way, Oakland, CA",,,,Closure
17th Ave between Solano Way and International Blvd,D2,High,"May 27, 2025","May 30, 2025",2025-05-27,2025-05-30,3,2025,5,2025-05,post_newsom_order,Closure,,False,False,False,False,,intersection,"17th Avenue between Solano Way and International Boulevard, Oakland, CA",,,,Closure
16th Ave between E 12th St and Solano Way,D2,High,"May 27, 2025","May 30, 2025",2025-05-27,2025-05-30,3,2025,5,2025-05,post_newsom_order,Closure,,False,False,False,False,,intersection,"16th Avenue between E 12th Street and Solano Way, Oakland, CA",,,,Closure
16th Ave between Solano Way and International Blvd,D2,High,"May 27, 2025","May 30, 2025",2025-05-27,2025-05-30,3,2025,5,2025-05,post_newsom_order,Closure,,False,False,False,False,,intersection,"16th Avenue between Solano Way and International Boulevard, Oakland, CA",,,,Closure
15th Ave between E 12th St and Solano Way,D2,High,"May 27, 2025","May 30, 2025",2025-05-27,2025-05-30,3,2025,5,2025-05,post_newsom_order,Closure,,False,False,False,False,,intersection,"15th Avenue between E 12th Street and Solano Way, Oakland, CA",,,,Closure
15th Ave between Solano Way and International Blvd,D2,High,"May 27, 2025","May 30, 2025",2025-05-27,2025-05-30,3,2025,5,2025-05,post_newsom_order,Closure,,False,False,False,False,,intersection,"15th Avenue between Solano Way and International Boulevard, Oakland, CA",,,,Closure
E. 12th Median : 14th Ave to 19th Ave,D2,High,"May 27, 2025","May 30, 2025",2025-05-27,2025-05-30,3,2025,5,2025-05,post_newsom_order,Closure,,False,False,False,False,,named_place,"East 12th Median, Oakland, CA",,,,Closure
E 12th St between 25th Ave & 26th Ave,D2,High,"May 27, 2025","May 30, 2025",2025-05-27,2025-05-30,3,2025,5,2025-05,post_newsom_order,Closure,,False,False,False,False,,intersection,"E 12th Street between 25th Avenue & 26th Avenue, Oakland, CA",,,,Closure
E 12th St between 26th Ave & 29th Ave,D2,High,"May 27, 2025","May 30, 2025",2025-05-27,2025-05-30,3,2025,5,2025-05,post_newsom_order,Closure,,False,False,False,False,,intersection,"E 12th Street between 26th Avenue & 29th Avenue, Oakland, CA",,,,Closure
E 12th St between 29th Ave & 30th Ave,D2,High,"May 27, 2025","May 30, 2025",2025-05-27,2025-05-30,3,2025,5,2025-05,post_newsom_order,Closure,,False,False,False,False,,intersection,"E 12th Street between 29th Avenue & 30th Avenue, Oakland, CA",,,,Closure
E 12th St between 30th Ave & Derby Ave,D2,High,"May 27, 2025","May 30, 2025",2025-05-27,2025-05-30,3,2025,5,2025-05,post_newsom_order,Closure,,False,False,False,False,,intersection,"E 12th Street between 30th Avenue & Derby Avenue, Oakland, CA",,,,Closure
E 12th St between Derby Ave & Fruitvale Ave,D2,High,"May 27, 2025","May 30, 2025",2025-05-27,2025-05-30,3,2025,5,2025-05,post_newsom_order,Closure,,False,False,False,False,,intersection,"E 12th Street between Derby Avenue & Fruitvale Avenue, Oakland, CA",,,,Closure
International Blvd between 85th Ave and 86th Ave,D7,High,"May 27, 2025","May 30, 2025",2025-05-27,2025-05-30,3,2025,5,2025-05,post_newsom_order,Closure,,False,False,False,False,,intersection,"International Boulevard between 85th Avenue and 86th Avenue, Oakland, CA",,,,Closure
A St between 85th Ave and 86th Ave,D7,High,"May 27, 2025","May 30, 2025",2025-05-27,2025-05-30,3,2025,5,2025-05,post_newsom_order,Closure,,False,False,False,False,,intersection,"A Street between 85th Avenue and 86th Avenue, Oakland, CA",,,,Closure
86th Ave between International Blvd & A St,D7,High,"May 27, 2025","May 30, 2025",2025-05-27,2025-05-30,3,2025,5,2025-05,post_newsom_order,Closure,,False,False,False,False,,intersection,"86th Avenue between International Boulevard & A Street, Oakland, CA",,,,Closure
85th Ave between International Blvd & A St,D7,High,"May 27, 2025","May 30, 2025",2025-05-27,2025-05-30,3,2025,5,2025-05,post_newsom_order,Closure,,False,False,False,False,,intersection,"85th Avenue between International Boulevard & A Street, Oakland, CA",,,,Closure
21st Ave between E 12th St and International Blvd,D2,High,"May 22, 2025","May 23, 2025",2025-05-22,2025-05-23,1,2025,5,2025-05,post_newsom_order,Closure,,False,False,False,False,,intersection,"21st Avenue between E 12th Street and International Boulevard, Oakland, CA",,,,Closure
E 8th St between 8th Ave and 9th Ave,D2,High,"May 19, 2025","May 23, 2025",2025-05-19,2025-05-23,4,2025,5,2025-05,post_newsom_order,Closure,,False,False,False,False,,intersection,"E 8th Street between 8th Avenue and 9th Avenue, Oakland, CA",,,,Closure
E 8th St between 9th Ave and 10th Ave,D2,High,"May 19, 2025","May 23, 2025",2025-05-19,2025-05-23,4,2025,5,2025-05,post_newsom_order,Closure,,False,False,False,False,,intersection,"E 8th Street between 9th Avenue and 10th Avenue, Oakland, CA",,,,Closure
E 8th St between 10th Ave and 11th Ave,D2,High,"May 19, 2025","May 23, 2025",2025-05-19,2025-05-23,4,2025,5,2025-05,post_newsom_order,Closure,,False,False,False,False,,intersection,"E 8th Street between 10th Avenue and 11th Avenue, Oakland, CA",,,,Closure
E 8th St between 11th Ave and 12th Ave,D2,High,"May 19, 2025","May 23, 2025",2025-05-19,2025-05-23,4,2025,5,2025-05,post_newsom_order,Closure,,False,False,False,False,,intersection,"E 8th Street between 11th Avenue and 12th Avenue, Oakland, CA",,,,Closure
E 8th St between 12th Ave and E 12th St,D2,High,"May 19, 2025","May 23, 2025",2025-05-19,2025-05-23,4,2025,5,2025-05,post_newsom_order,Closure,,False,False,False,False,,intersection,"E 8th Street between 12th Avenue and E 12th Street, Oakland, CA",,,,Closure
Solano Way between 14th Ave and 15th Ave,D2,High,"May 19, 2025","May 23, 2025",2025-05-19,2025-05-23,4,2025,5,2025-05,post_newsom_order,Closure,,False,False,False,False,,intersection,"Solano Way between 14th Avenue and 15th Avenue, Oakland, CA",,,,Closure
Solano Way between 15th Ave and 16th Ave,D2,High,"May 19, 2025","May 23, 2025",2025-05-19,2025-05-23,4,2025,5,2025-05,post_newsom_order,Closure,,False,False,False,False,,intersection,"Solano Way between 15th Avenue and 16th Avenue, Oakland, CA",,,,Closure
Solano Way between 16th Ave and 17th Ave,D2,High,"May 19, 2025","May 23, 2025",2025-05-19,2025-05-23,4,2025,5,2025-05,post_newsom_order,Closure,,False,False,False,False,,intersection,"Solano Way between 16th Avenue and 17th Avenue, Oakland, CA",,,,Closure
Solano Way between 17th Ave and 18th Ave,D2,High,"May 19, 2025","May 23, 2025",2025-05-19,2025-05-23,4,2025,5,2025-05,post_newsom_order,Closure,,False,False,False,False,,intersection,"Solano Way between 17th Avenue and 18th Avenue, Oakland, CA",,,,Closure
Solano Way between 18th Ave and 19th Ave,D2,High,"May 19, 2025","May 23, 2025",2025-05-19,2025-05-23,4,2025,5,2025-05,post_newsom_order,Closure,,False,False,False,False,,intersection,"Solano Way between 18th Avenue and 19th Avenue, Oakland, CA",,,,Closure
Solano Way between 19th Ave and 20th Ave,D2,High,"May 19, 2025","May 23, 2025",2025-05-19,2025-05-23,4,2025,5,2025-05,post_newsom_order,Closure,,False,False,False,False,,intersection,"Solano Way between 19th Avenue and 20th Avenue, Oakland, CA",,,,Closure
19th Ave between E 12th St and Solano Way,D2,High,"May 19, 2025","May 23, 2025",2025-05-19,2025-05-23,4,2025,5,2025-05,post_newsom_order,Closure,,False,False,False,False,,intersection,"19th Avenue between E 12th Street and Solano Way, Oakland, CA",,,,Closure
19th Ave between Solano Way and International Blvd,D2,High,"May 19, 2025","May 23, 2025",2025-05-19,2025-05-23,4,2025,5,2025-05,post_newsom_order,Closure,,False,False,False,False,,intersection,"19th Avenue between Solano Way and International Boulevard, Oakland, CA",,,,Closure
18th Ave between E 12th St and Solano Way,D2,High,"May 19, 2025","May 23, 2025",2025-05-19,2025-05-23,4,2025,5,2025-05,post_newsom_order,Closure,,False,False,False,False,,intersection,"18th Avenue between E 12th Street and Solano Way, Oakland, CA",,,,Closure
18th Ave between Solano Way and International Blvd,D2,High,"May 19, 2025","May 23, 2025",2025-05-19,2025-05-23,4,2025,5,2025-05,post_newsom_order,Closure,,False,False,False,False,,intersection,"18th Avenue between Solano Way and International Boulevard, Oakland, CA",,,,Closure
17th Ave between E 12th St and Solano Way,D2,High,"May 19, 2025","May 23, 2025",2025-05-19,2025-05-23,4,2025,5,2025-05,post_newsom_order,Closure,,False,False,False,False,,intersection,"17th Avenue between E 12th Street and Solano Way, Oakland, CA",,,,Closure
17th Ave between Solano Way and International Blvd,D2,High,"May 19, 2025","May 23, 2025",2025-05-19,2025-05-23,4,2025,5,2025-05,post_newsom_order,Closure,,False,False,False,False,,intersection,"17th Avenue between Solano Way and International Boulevard, Oakland, CA",,,,Closure
16th Ave between E 12th St and Solano Way,D2,High,"May 19, 2025","May 23, 2025",2025-05-19,2025-05-23,4,2025,5,2025-05,post_newsom_order,Closure,,False,False,False,False,,intersection,"16th Avenue between E 12th Street and Solano Way, Oakland, CA",,,,Closure
16th Ave between Solano Way and International Blvd,D2,High,"May 19, 2025","May 23, 2025",2025-05-19,2025-05-23,4,2025,5,2025-05,post_newsom_order,Closure,,False,False,False,False,,intersection,"16th Avenue between Solano Way and International Boulevard, Oakland, CA",,,,Closure
15th Ave between E 12th St and Solano Way,D2,High,"May 19, 2025","May 23, 2025",2025-05-19,2025-05-23,4,2025,5,2025-05,post_newsom_order,Closure,,False,False,False,False,,intersection,"15th Avenue between E 12th Street and Solano Way, Oakland, CA",,,,Closure
15th Ave between Solano Way and International Blvd,D2,High,"May 19, 2025","May 23, 2025",2025-05-19,2025-05-23,4,2025,5,2025-05,post_newsom_order,Closure,,False,False,False,False,,intersection,"15th Avenue between Solano Way and International Boulevard, Oakland, CA",,,,Closure
E. 12th Median : 14th Ave to 19th Ave,D2,High,"May 19, 2025","May 23, 2025",2025-05-19,2025-05-23,4,2025,5,2025-05,post_newsom_order,Closure,,False,False,False,False,,named_place,"East 12th Median, Oakland, CA",,,,Closure
E 12th St between 25th Ave & 26th Ave,D2,High,"May 19, 2025","May 23, 2025",2025-05-19,2025-05-23,4,2025,5,2025-05,post_newsom_order,Closure,,False,False,False,False,,intersection,"E 12th Street between 25th Avenue & 26th Avenue, Oakland, CA",,,,Closure
E 12th St between 26th Ave & 29th Ave,D2,High,"May 19, 2025","May 23, 2025",2025-05-19,2025-05-23,4,2025,5,2025-05,post_newsom_order,Closure,,False,False,False,False,,intersection,"E 12th Street between 26th Avenue & 29th Avenue, Oakland, CA",,,,Closure
E 12th St between 29th Ave & 30th Ave,D2,High,"May 19, 2025","May 23, 2025",2025-05-19,2025-05-23,4,2025,5,2025-05,post_newsom_order,Closure,,False,False,False,False,,intersection,"E 12th Street between 29th Avenue & 30th Avenue, Oakland, CA",,,,Closure
E 12th St between 30th Ave & Derby Ave,D2,High,"May 19, 2025","May 23, 2025",2025-05-19,2025-05-23,4,2025,5,2025-05,post_newsom_order,Closure,,False,False,False,False,,intersection,"E 12th Street between 30th Avenue & Derby Avenue, Oakland, CA",,,,Closure
E 12th St between Derby Ave & Fruitvale Ave,D2,High,"May 19, 2025","May 23, 2025",2025-05-19,2025-05-23,4,2025,5,2025-05,post_newsom_order,Closure,,False,False,False,False,,intersection,"E 12th Street between Derby Avenue & Fruitvale Avenue, Oakland, CA",,,,Closure
International Blvd between 85th Ave and 86th Ave,D7,High,"May 19, 2025","May 23, 2025",2025-05-19,2025-05-23,4,2025,5,2025-05,post_newsom_order,Closure,,False,False,False,False,,intersection,"International Boulevard between 85th Avenue and 86th Avenue, Oakland, CA",,,,Closure
A St between 85th Ave and 86th Ave,D7,High,"May 19, 2025","May 23, 2025",2025-05-19,2025-05-23,4,2025,5,2025-05,post_newsom_order,Closure,,False,False,False,False,,intersection,"A Street between 85th Avenue and 86th Avenue, Oakland, CA",,,,Closure
86th Ave between International Blvd & A St,D7,High,"May 19, 2025","May 23, 2025",2025-05-19,2025-05-23,4,2025,5,2025-05,post_newsom_order,Closure,,False,False,False,False,,intersection,"86th Avenue between International Boulevard & A Street, Oakland, CA",,,,Closure
85th Ave between International Blvd & A St,D7,High,"May 19, 2025","May 23, 2025",2025-05-19,2025-05-23,4,2025,5,2025-05,post_newsom_order,Closure,,False,False,False,False,,intersection,"85th Avenue between International Boulevard & A Street, Oakland, CA",,,,Closure
E 10th St between 8th Ave and 9th Ave,D2,High,"May 19, 2025","May 23, 2025",2025-05-19,2025-05-23,4,2025,5,2025-05,post_newsom_order,Closure,,False,False,False,False,,intersection,"E 10th Street between 8th Avenue and 9th Avenue, Oakland, CA",,,,Closure
E 10th St between 9th Ave and E 8th St,D2,High,"May 19, 2025","May 23, 2025",2025-05-19,2025-05-23,4,2025,5,2025-05,post_newsom_order,Closure,,False,False,False,False,,intersection,"E 10th Street between 9th Avenue and E 8th Street, Oakland, CA",,,,Closure
E 11th St between 8th Ave and 9th Ave,D2,High,"May 19, 2025","May 23, 2025",2025-05-19,2025-05-23,4,2025,5,2025-05,post_newsom_order,Closure,,False,False,False,False,,intersection,"E 11th Street between 8th Avenue and 9th Avenue, Oakland, CA",,,,Closure
E 11th St between 9th Ave and 10th Ave,D2,High,"May 19, 2025","May 23, 2025",2025-05-19,2025-05-23,4,2025,5,2025-05,post_newsom_order,Closure,,False,False,False,False,,intersection,"E 11th Street between 9th Avenue and 10th Avenue, Oakland, CA",,,,Closure
E 11th St between 10th Ave and 11th Ave,D2,High,"May 19, 2025","May 23, 2025",2025-05-19,2025-05-23,4,2025,5,2025-05,post_newsom_order,Closure,,False,False,False,False,,intersection,"E 11th Street between 10th Avenue and 11th Avenue, Oakland, CA",,,,Closure
E 11th St between 11th Ave and E 8th St,D2,High,"May 19, 2025","May 23, 2025",2025-05-19,2025-05-23,4,2025,5,2025-05,post_newsom_order,Closure,,False,False,False,False,,intersection,"E 11th Street between 11th Avenue and E 8th Street, Oakland, CA",,,,Closure
8th Ave between E 8th St & E 10th St,D2,High,"May 19, 2025","May 23, 2025",2025-05-19,2025-05-23,4,2025,5,2025-05,post_newsom_order,Closure,,False,False,False,False,,intersection,"8th Avenue between E 8th Street & E 10th Street, Oakland, CA",,,,Closure
8th Ave between E 10th St & E 11th St,D2,High,"May 19, 2025","May 23, 2025",2025-05-19,2025-05-23,4,2025,5,2025-05,post_newsom_order,Closure,,False,False,False,False,,intersection,"8th Avenue between E 10th Street & E 11th Street, Oakland, CA",,,,Closure
8th Ave between E 11th St & E 12th St,D2,High,"May 19, 2025","May 23, 2025",2025-05-19,2025-05-23,4,2025,5,2025-05,post_newsom_order,Closure,,False,False,False,False,,intersection,"8th Avenue between E 11th Street & E 12th Street, Oakland, CA",,,,Closure
9th Ave between E 8th St & E 10th St,D2,High,"May 19, 2025","May 23, 2025",2025-05-19,2025-05-23,4,2025,5,2025-05,post_newsom_order,Closure,,False,False,False,False,,intersection,"9th Avenue between E 8th Street & E 10th Street, Oakland, CA",,,,Closure
9th Ave between E 10th St & E 11th St,D2,High,"May 19, 2025","May 23, 2025",2025-05-19,2025-05-23,4,2025,5,2025-05,post_newsom_order,Closure,,False,False,False,False,,intersection,"9th Avenue between E 10th Street & E 11th Street, Oakland, CA",,,,Closure
9th Ave between E 11th St & E 12th St,D2,High,"May 19, 2025","May 23, 2025",2025-05-19,2025-05-23,4,2025,5,2025-05,post_newsom_order,Closure,,False,False,False,False,,intersection,"9th Avenue between E 11th Street & E 12th Street, Oakland, CA",,,,Closure
10th Ave between E 8th St and E 11th St,D2,High,"May 19, 2025","May 23, 2025",2025-05-19,2025-05-23,4,2025,5,2025-05,post_newsom_order,Closure,,False,False,False,False,,intersection,"10th Avenue between E 8th Street and E 11th Street, Oakland, CA",,,,Closure
10th Ave between E 11th St and E 12th St,D2,High,"May 19, 2025","May 23, 2025",2025-05-19,2025-05-23,4,2025,5,2025-05,post_newsom_order,Closure,,False,False,False,False,,intersection,"10th Avenue between E 11th Street and E 12th Street, Oakland, CA",,,,Closure
11th Ave between E 8th St and E 11th St,D2,High,"May 19, 2025","May 23, 2025",2025-05-19,2025-05-23,4,2025,5,2025-05,post_newsom_order,Closure,,False,False,False,False,,intersection,"11th Avenue between E 8th Street and E 11th Street, Oakland, CA",,,,Closure
12th Ave between E. 8th St and E. 12th St,D2,High,"May 19, 2025","May 23, 2025",2025-05-19,2025-05-23,4,2025,5,2025-05,post_newsom_order,Closure,,False,False,False,False,,intersection,"12th Avenue between East 8th Street and East 12th Street, Oakland, CA",,,,Closure
11th Ave between E 11th St and E 12th St,D2,High,"May 19, 2025","May 23, 2025",2025-05-19,2025-05-23,4,2025,5,2025-05,post_newsom_order,Closure,,False,False,False,False,,intersection,"11th Avenue between E 11th Street and E 12th Street, Oakland, CA",,,,Closure
9th Ave between E 10th St & E 11th St,D2,High,"May 12, 2025","May 16, 2025",2025-05-12,2025-05-16,4,2025,5,2025-05,post_newsom_order,Closure,,False,False,False,False,,intersection,"9th Avenue between E 10th Street & E 11th Street, Oakland, CA",,,,Closure
10th Ave between E 8th St and E 11th St,D2,High,"May 12, 2025","May 16, 2025",2025-05-12,2025-05-16,4,2025,5,2025-05,post_newsom_order,Closure,,False,False,False,False,,intersection,"10th Avenue between E 8th Street and E 11th Street, Oakland, CA",,,,Closure
10th Ave between E 11th St and E 12th St,D2,High,"May 12, 2025","May 16, 2025",2025-05-12,2025-05-16,4,2025,5,2025-05,post_newsom_order,Closure,,False,False,False,False,,intersection,"10th Avenue between E 11th Street and E 12th Street, Oakland, CA",,,,Closure
11th Ave between E 8th St and E 11th St,D2,High,"May 12, 2025","May 16, 2025",2025-05-12,2025-05-16,4,2025,5,2025-05,post_newsom_order,Closure,,False,False,False,False,,intersection,"11th Avenue between E 8th Street and E 11th Street, Oakland, CA",,,,Closure
11th Ave between E 11th St and E 12th St,D2,High,"May 12, 2025","May 16, 2025",2025-05-12,2025-05-16,4,2025,5,2025-05,post_newsom_order,Closure,,False,False,False,False,,intersection,"11th Avenue between E 11th Street and E 12th Street, Oakland, CA",,,,Closure
12th Ave between E 8th St and E 12th St,D2,High,"May 12, 2025","May 16, 2025",2025-05-12,2025-05-16,4,2025,5,2025-05,post_newsom_order,Closure,,False,False,False,False,,intersection,"12th Avenue between E 8th Street and E 12th Street, Oakland, CA",,,,Closure
E 8th St between 8th Ave and 9th Ave,D2,High,"May 12, 2025","May 16, 2025",2025-05-12,2025-05-16,4,2025,5,2025-05,post_newsom_order,Closure,,False,False,False,False,,intersection,"E 8th Street between 8th Avenue and 9th Avenue, Oakland, CA",,,,Closure
E 8th St between 9th Ave and 10th Ave,D2,High,"May 12, 2025","May 16, 2025",2025-05-12,2025-05-16,4,2025,5,2025-05,post_newsom_order,Closure,,False,False,False,False,,intersection,"E 8th Street between 9th Avenue and 10th Avenue, Oakland, CA",,,,Closure
E 8th St between 10th Ave and 11th Ave,D2,High,"May 12, 2025","May 16, 2025",2025-05-12,2025-05-16,4,2025,5,2025-05,post_newsom_order,Closure,,False,False,False,False,,intersection,"E 8th Street between 10th Avenue and 11th Avenue, Oakland, CA",,,,Closure
E 8th St between 11th Ave and 12th Ave,D2,High,"May 12, 2025","May 16, 2025",2025-05-12,2025-05-16,4,2025,5,2025-05,post_newsom_order,Closure,,False,False,False,False,,intersection,"E 8th Street between 11th Avenue and 12th Avenue, Oakland, CA",,,,Closure
E 8th St between 12th Ave and E 12th St,D2,High,"May 12, 2025","May 16, 2025",2025-05-12,2025-05-16,4,2025,5,2025-05,post_newsom_order,Closure,,False,False,False,False,,intersection,"E 8th Street between 12th Avenue and E 12th Street, Oakland, CA",,,,Closure
Solano Way between 14th Ave and 15th Ave,D2,High,"May 12, 2025","May 16, 2025",2025-05-12,2025-05-16,4,2025,5,2025-05,post_newsom_order,Closure,,False,False,False,False,,intersection,"Solano Way between 14th Avenue and 15th Avenue, Oakland, CA",,,,Closure
Solano Way between 15th Ave and 16th Ave,D2,High,"May 12, 2025","May 16, 2025",2025-05-12,2025-05-16,4,2025,5,2025-05,post_newsom_order,Closure,,False,False,False,False,,intersection,"Solano Way between 15th Avenue and 16th Avenue, Oakland, CA",,,,Closure
Solano Way between 16th Ave and 17th Ave,D2,High,"May 12, 2025","May 16, 2025",2025-05-12,2025-05-16,4,2025,5,2025-05,post_newsom_order,Closure,,False,False,False,False,,intersection,"Solano Way between 16th Avenue and 17th Avenue, Oakland, CA",,,,Closure
Solano Way between 17th Ave and 18th Ave,D2,High,"May 12, 2025","May 16, 2025",2025-05-12,2025-05-16,4,2025,5,2025-05,post_newsom_order,Closure,,False,False,False,False,,intersection,"Solano Way between 17th Avenue and 18th Avenue, Oakland, CA",,,,Closure
Solano Way between 18th Ave and 19th Ave,D2,High,"May 12, 2025","May 16, 2025",2025-05-12,2025-05-16,4,2025,5,2025-05,post_newsom_order,Closure,,False,False,False,False,,intersection,"Solano Way between 18th Avenue and 19th Avenue, Oakland, CA",,,,Closure
Solano Way between 19th Ave and 20th Ave,D2,High,"May 12, 2025","May 16, 2025",2025-05-12,2025-05-16,4,2025,5,2025-05,post_newsom_order,Closure,,False,False,False,False,,intersection,"Solano Way between 19th Avenue and 20th Avenue, Oakland, CA",,,,Closure
19th Ave between E 12th St and Solano Way,D2,High,"May 12, 2025","May 16, 2025",2025-05-12,2025-05-16,4,2025,5,2025-05,post_newsom_order,Closure,,False,False,False,False,,intersection,"19th Avenue between E 12th Street and Solano Way, Oakland, CA",,,,Closure
19th Ave between Solano Way and International Blvd,D2,High,"May 12, 2025","May 16, 2025",2025-05-12,2025-05-16,4,2025,5,2025-05,post_newsom_order,Closure,,False,False,False,False,,intersection,"19th Avenue between Solano Way and International Boulevard, Oakland, CA",,,,Closure
18th Ave between E 12th St and Solano Way,D2,High,"May 12, 2025","May 16, 2025",2025-05-12,2025-05-16,4,2025,5,2025-05,post_newsom_order,Closure,,False,False,False,False,,intersection,"18th Avenue between E 12th Street and Solano Way, Oakland, CA",,,,Closure
18th Ave between Solano Way and International Blvd,D2,High,"May 12, 2025","May 16, 2025",2025-05-12,2025-05-16,4,2025,5,2025-05,post_newsom_order,Closure,,False,False,False,False,,intersection,"18th Avenue between Solano Way and International Boulevard, Oakland, CA",,,,Closure
17th Ave between E 12th St and Solano Way,D2,High,"May 12, 2025","May 16, 2025",2025-05-12,2025-05-16,4,2025,5,2025-05,post_newsom_order,Closure,,False,False,False,False,,intersection,"17th Avenue between E 12th Street and Solano Way, Oakland, CA",,,,Closure
17th Ave between Solano Way and International Blvd,D2,High,"May 12, 2025","May 16, 2025",2025-05-12,2025-05-16,4,2025,5,2025-05,post_newsom_order,Closure,,False,False,False,False,,intersection,"17th Avenue between Solano Way and International Boulevard, Oakland, CA",,,,Closure
16th Ave between E 12th St and Solano Way,D2,High,"May 12, 2025","May 16, 2025",2025-05-12,2025-05-16,4,2025,5,2025-05,post_newsom_order,Closure,,False,False,False,False,,intersection,"16th Avenue between E 12th Street and Solano Way, Oakland, CA",,,,Closure
16th Ave between Solano Way and International Blvd,D2,High,"May 12, 2025","May 16, 2025",2025-05-12,2025-05-16,4,2025,5,2025-05,post_newsom_order,Closure,,False,False,False,False,,intersection,"16th Avenue between Solano Way and International Boulevard, Oakland, CA",,,,Closure
15th Ave between E 12th St and Solano Way,D2,High,"May 12, 2025","May 16, 2025",2025-05-12,2025-05-16,4,2025,5,2025-05,post_newsom_order,Closure,,False,False,False,False,,intersection,"15th Avenue between E 12th Street and Solano Way, Oakland, CA",,,,Closure
15th Ave between Solano Way and International Blvd,D2,High,"May 12, 2025","May 16, 2025",2025-05-12,2025-05-16,4,2025,5,2025-05,post_newsom_order,Closure,,False,False,False,False,,intersection,"15th Avenue between Solano Way and International Boulevard, Oakland, CA",,,,Closure
E. 12th Median : 14th Ave to 19th Ave,D2,High,"May 12, 2025","May 16, 2025",2025-05-12,2025-05-16,4,2025,5,2025-05,post_newsom_order,Closure,,False,False,False,False,,named_place,"East 12th Median, Oakland, CA",,,,Closure
E 12th St between 25th Ave & 26th Ave,D2,High,"May 12, 2025","May 16, 2025",2025-05-12,2025-05-16,4,2025,5,2025-05,post_newsom_order,Closure,,False,False,False,False,,intersection,"E 12th Street between 25th Avenue & 26th Avenue, Oakland, CA",,,,Closure
E 12th St between 26th Ave & 29th Ave,D2,High,"May 12, 2025","May 16, 2025",2025-05-12,2025-05-16,4,2025,5,2025-05,post_newsom_order,Closure,,False,False,False,False,,intersection,"E 12th Street between 26th Avenue & 29th Avenue, Oakland, CA",,,,Closure
E 12th St between 29th Ave & 30th Ave,D2,High,"May 12, 2025","May 16, 2025",2025-05-12,2025-05-16,4,2025,5,2025-05,post_newsom_order,Closure,,False,False,False,False,,intersection,"E 12th Street between 29th Avenue & 30th Avenue, Oakland, CA",,,,Closure
E 12th St between 30th Ave & Derby Ave,D2,High,"May 12, 2025","May 16, 2025",2025-05-12,2025-05-16,4,2025,5,2025-05,post_newsom_order,Closure,,False,False,False,False,,intersection,"E 12th Street between 30th Avenue & Derby Avenue, Oakland, CA",,,,Closure
E 12th St between Derby Ave & Fruitvale Ave,D2,High,"May 12, 2025","May 16, 2025",2025-05-12,2025-05-16,4,2025,5,2025-05,post_newsom_order,Closure,,False,False,False,False,,intersection,"E 12th Street between Derby Avenue & Fruitvale Avenue, Oakland, CA",,,,Closure
Mandela Pkwy between 16th St and 17th St,D3,High,"May 12, 2025","May 16, 2025",2025-05-12,2025-05-16,4,2025,5,2025-05,post_newsom_order,Closure,,False,False,False,False,,intersection,"Mandela Parkway between 16th Street and 17th Street, Oakland, CA",,,,Closure
Mandela Pkwy between 17th St and 18th St,D3,High,"May 12, 2025","May 16, 2025",2025-05-12,2025-05-16,4,2025,5,2025-05,post_newsom_order,Closure,,False,False,False,False,,intersection,"Mandela Parkway between 17th Street and 18th Street, Oakland, CA",,,,Closure
Mandela Pkwy between 18th St and 20th St,D3,High,"May 12, 2025","May 16, 2025",2025-05-12,2025-05-16,4,2025,5,2025-05,post_newsom_order,Closure,,False,False,False,False,,intersection,"Mandela Parkway between 18th Street and 20th Street, Oakland, CA",,,,Closure
Mandela Pkwy between 20th St and W Grand Ave,D3,High,"May 12, 2025","May 16, 2025",2025-05-12,2025-05-16,4,2025,5,2025-05,post_newsom_order,Closure,,False,False,False,False,,intersection,"Mandela Parkway between 20th Street and West Grand Avenue, Oakland, CA",,,,Closure
W Grand Ave between Mandela Pkwy & Kirkham St,D3,High,"May 12, 2025","May 16, 2025",2025-05-12,2025-05-16,4,2025,5,2025-05,post_newsom_order,Closure,,False,False,False,False,,intersection,"West Grand Avenue between Mandela Parkway & Kirkham Street, Oakland, CA",,,,Closure
W Grand Ave between Kirkham St & Poplar St,D3,High,"May 12, 2025","May 16, 2025",2025-05-12,2025-05-16,4,2025,5,2025-05,post_newsom_order,Closure,,False,False,False,False,,intersection,"West Grand Avenue between Kirkham Street & Poplar Street, Oakland, CA",,,,Closure
W Grand between Union St & Poplar St,D3,High,"May 12, 2025","May 16, 2025",2025-05-12,2025-05-16,4,2025,5,2025-05,post_newsom_order,Closure,,False,False,False,False,,intersection,"West Grand between Union Street & Poplar Street, Oakland, CA",,,,Closure
W Grand between Adeline St & Union St,D3,High,"May 12, 2025","May 16, 2025",2025-05-12,2025-05-16,4,2025,5,2025-05,post_newsom_order,Closure,,False,False,False,False,,intersection,"West Grand between Adeline Street & Union Street, Oakland, CA",,,,Closure
14th St between Center St and Mandela Pkwy,D3,High,"May 12, 2025","May 16, 2025",2025-05-12,2025-05-16,4,2025,5,2025-05,post_newsom_order,Closure,,False,False,False,False,,named_place,"14th Street between Center Street and Mandela Parkway, Oakland, CA",,,,Closure
14th St between Mandela Pkwy and Kirkham Ct,D3,High,"May 12, 2025","May 16, 2025",2025-05-12,2025-05-16,4,2025,5,2025-05,post_newsom_order,Closure,,False,False,False,False,,intersection,"14th Street between Mandela Parkway and Kirkham Court, Oakland, CA",,,,Closure
14th St between Mandela Pkwy and Poplar St,D3,High,"May 12, 2025","May 16, 2025",2025-05-12,2025-05-16,4,2025,5,2025-05,post_newsom_order,Closure,,False,False,False,False,,intersection,"14th Street between Mandela Parkway and Poplar Street, Oakland, CA",,,,Closure
14th St between Poplar St and Union St,D3,High,"May 12, 2025","May 16, 2025",2025-05-12,2025-05-16,4,2025,5,2025-05,post_newsom_order,Closure,,False,False,False,False,,intersection,"14th Street between Poplar Street and Union Street, Oakland, CA",,,,Closure
14th St between Union St & Magnolia St,D3,High,"May 12, 2025","May 16, 2025",2025-05-12,2025-05-16,4,2025,5,2025-05,post_newsom_order,Closure,,False,False,False,False,,intersection,"14th Street between Union Street & Magnolia Street, Oakland, CA",,,,Closure
14th St between Magnolia St & Adeline St,D3,High,"May 12, 2025","May 16, 2025",2025-05-12,2025-05-16,4,2025,5,2025-05,post_newsom_order,Closure,,False,False,False,False,,intersection,"14th Street between Magnolia Street & Adeline Street, Oakland, CA",,,,Closure
E 10th St between 8th Ave and 9th Ave,D2,High,"May 12, 2025","May 16, 2025",2025-05-12,2025-05-16,4,2025,5,2025-05,post_newsom_order,Closure,,False,False,False,False,,intersection,"E 10th Street between 8th Avenue and 9th Avenue, Oakland, CA",,,,Closure
E 10th St between 9th Ave and E 8th St,D2,High,"May 12, 2025","May 16, 2025",2025-05-12,2025-05-16,4,2025,5,2025-05,post_newsom_order,Closure,,False,False,False,False,,intersection,"E 10th Street between 9th Avenue and E 8th Street, Oakland, CA",,,,Closure
E 11th St between 8th Ave and 9th Ave,D2,High,"May 12, 2025","May 16, 2025",2025-05-12,2025-05-16,4,2025,5,2025-05,post_newsom_order,Closure,,False,False,False,False,,intersection,"E 11th Street between 8th Avenue and 9th Avenue, Oakland, CA",,,,Closure
E 11th St between 9th Ave and 10th Ave,D2,High,"May 12, 2025","May 16, 2025",2025-05-12,2025-05-16,4,2025,5,2025-05,post_newsom_order,Closure,,False,False,False,False,,intersection,"E 11th Street between 9th Avenue and 10th Avenue, Oakland, CA",,,,Closure
E 11th St between 10th Ave and 11th Ave,D2,High,"May 12, 2025","May 16, 2025",2025-05-12,2025-05-16,4,2025,5,2025-05,post_newsom_order,Closure,,False,False,False,False,,intersection,"E 11th Street between 10th Avenue and 11th Avenue, Oakland, CA",,,,Closure
E 11th St between 11th Ave and E 8th St,D2,High,"May 12, 2025","May 16, 2025",2025-05-12,2025-05-16,4,2025,5,2025-05,post_newsom_order,Closure,,False,False,False,False,,intersection,"E 11th Street between 11th Avenue and E 8th Street, Oakland, CA",,,,Closure
8th Ave between E 8th St & E 10th St,D2,High,"May 12, 2025","May 16, 2025",2025-05-12,2025-05-16,4,2025,5,2025-05,post_newsom_order,Closure,,False,False,False,False,,intersection,"8th Avenue between E 8th Street & E 10th Street, Oakland, CA",,,,Closure
8th Ave between E 10th St & E 11th St,D2,High,"May 12, 2025","May 16, 2025",2025-05-12,2025-05-16,4,2025,5,2025-05,post_newsom_order,Closure,,False,False,False,False,,intersection,"8th Avenue between E 10th Street & E 11th Street, Oakland, CA",,,,Closure
8th Ave between E 11th St & E 12th St,D2,High,"May 12, 2025","May 16, 2025",2025-05-12,2025-05-16,4,2025,5,2025-05,post_newsom_order,Closure,,False,False,False,False,,intersection,"8th Avenue between E 11th Street & E 12th Street, Oakland, CA",,,,Closure
9th Ave between E 8th St & E 10th St,D2,High,"May 12, 2025","May 16, 2025",2025-05-12,2025-05-16,4,2025,5,2025-05,post_newsom_order,Closure,,False,False,False,False,,intersection,"9th Avenue between E 8th Street & E 10th Street, Oakland, CA",,,,Closure
9th Ave between E 11th St & E 12th St,D2,High,"May 12, 2025","May 16, 2025",2025-05-12,2025-05-16,4,2025,5,2025-05,post_newsom_order,Closure,,False,False,False,False,,intersection,"9th Avenue between E 11th Street & E 12th Street, Oakland, CA",,,,Closure
Mandela Pkwy between 12th St and 13th St,D3,High,"May 12, 2025","May 16, 2025",2025-05-12,2025-05-16,4,2025,5,2025-05,post_newsom_order,Closure,,False,False,False,False,,intersection,"Mandela Parkway between 12th Street and 13th Street, Oakland, CA",,,,Closure
Mandela Pkwy between 13th and 14th,D3,High,"May 12, 2025","May 16, 2025",2025-05-12,2025-05-16,4,2025,5,2025-05,post_newsom_order,Closure,,False,False,False,False,,intersection,"Mandela Parkway between 13th and 14th, Oakland, CA",,,,Closure
Mandela Pkwy between 14th St and 15th St,D3,High,"May 12, 2025","May 16, 2025",2025-05-12,2025-05-16,4,2025,5,2025-05,post_newsom_order,Closure,,False,False,False,False,,intersection,"Mandela Parkway between 14th Street and 15th Street, Oakland, CA",,,,Closure
Mandela Pkwy between 15th St and 16th St,D3,High,"May 12, 2025","May 16, 2025",2025-05-12,2025-05-16,4,2025,5,2025-05,post_newsom_order,Closure,,False,False,False,False,,intersection,"Mandela Parkway between 15th Street and 16th Street, Oakland, CA",,,,Closure
International Blvd between 82nd ave and 83rd ave,D7,High,"May 07, 2025","May 09, 2025",2025-05-07,2025-05-09,2,2025,5,2025-05,post_newsom_order,Closure,,False,False,False,False,,intersection,"International Boulevard between 82nd ave and 83rd ave, Oakland, CA",,,,Closure
International Blvd between 83rd Ave and 84th Ave,D7,High,"May 07, 2025","May 09, 2025",2025-05-07,2025-05-09,2,2025,5,2025-05,post_newsom_order,Closure,,False,False,False,False,,intersection,"International Boulevard between 83rd Avenue and 84th Avenue, Oakland, CA",,,,Closure
International Blvd between 84th Ave and 85th Ave,D7,High,"May 07, 2025","May 09, 2025",2025-05-07,2025-05-09,2,2025,5,2025-05,post_newsom_order,Closure,,False,False,False,False,,intersection,"International Boulevard between 84th Avenue and 85th Avenue, Oakland, CA",,,,Closure
International Blvd between 85th Ave and 86th Ave,D7,High,"May 07, 2025","May 09, 2025",2025-05-07,2025-05-09,2,2025,5,2025-05,post_newsom_order,Closure,,False,False,False,False,,intersection,"International Boulevard between 85th Avenue and 86th Avenue, Oakland, CA",,,,Closure
Broadway between 5th and 6th,D3,High,"May 06, 2025","May 09, 2025",2025-05-06,2025-05-09,3,2025,5,2025-05,post_newsom_order,Closure,,False,False,False,False,,intersection,"Broadway between 5th and 6th, Oakland, CA",,,,Closure
"Wilma Chan Park (formerly ""Madison Park"")",D3,High,"May 06, 2025","May 07, 2025",2025-05-06,2025-05-07,1,2025,5,2025-05,post_newsom_order,Closure,,False,False,False,False,,named_place,"Wilma Chan Park (formerly ""Madison Park""), Oakland, CA",37.8039,-122.2362,known_place_lookup,Closure
Mandela Pkwy between 20th St and W Grand Ave,D3,High,"May 05, 2025","May 09, 2025",2025-05-05,2025-05-09,4,2025,5,2025-05,post_newsom_order,Closure,,False,False,False,False,,intersection,"Mandela Parkway between 20th Street and West Grand Avenue, Oakland, CA",,,,Closure
W Grand Ave between Mandela Pkwy & Kirkham St,D3,High,"May 05, 2025","May 09, 2025",2025-05-05,2025-05-09,4,2025,5,2025-05,post_newsom_order,Closure,,False,False,False,False,,intersection,"West Grand Avenue between Mandela Parkway & Kirkham Street, Oakland, CA",,,,Closure
W Grand Ave between Kirkham St & Poplar St,D3,High,"May 05, 2025","May 09, 2025",2025-05-05,2025-05-09,4,2025,5,2025-05,post_newsom_order,Closure,,False,False,False,False,,intersection,"West Grand Avenue between Kirkham Street & Poplar Street, Oakland, CA",,,,Closure
W Grand between Union St & Poplar St,D3,High,"May 05, 2025","May 09, 2025",2025-05-05,2025-05-09,4,2025,5,2025-05,post_newsom_order,Closure,,False,False,False,False,,intersection,"West Grand between Union Street & Poplar Street, Oakland, CA",,,,Closure
W Grand between Adeline St & Union St,D3,High,"May 05, 2025","May 09, 2025",2025-05-05,2025-05-09,4,2025,5,2025-05,post_newsom_order,Closure,,False,False,False,False,,intersection,"West Grand between Adeline Street & Union Street, Oakland, CA",,,,Closure
14th St between Center St and Mandela Pkwy,D3,High,"May 05, 2025","May 09, 2025",2025-05-05,2025-05-09,4,2025,5,2025-05,post_newsom_order,Closure,,False,False,False,False,,named_place,"14th Street between Center Street and Mandela Parkway, Oakland, CA",,,,Closure
14th St between Mandela Pkwy and Kirkham Ct,D3,High,"May 05, 2025","May 09, 2025",2025-05-05,2025-05-09,4,2025,5,2025-05,post_newsom_order,Closure,,False,False,False,False,,intersection,"14th Street between Mandela Parkway and Kirkham Court, Oakland, CA",,,,Closure
14th St between Mandela Pkwy and Poplar St,D3,High,"May 05, 2025","May 09, 2025",2025-05-05,2025-05-09,4,2025,5,2025-05,post_newsom_order,Closure,,False,False,False,False,,intersection,"14th Street between Mandela Parkway and Poplar Street, Oakland, CA",,,,Closure
14th St between Poplar St and Union St,D3,High,"May 05, 2025","May 09, 2025",2025-05-05,2025-05-09,4,2025,5,2025-05,post_newsom_order,Closure,,False,False,False,False,,intersection,"14th Street between Poplar Street and Union Street, Oakland, CA",,,,Closure
14th St between Union St & Magnolia St,D3,High,"May 05, 2025","May 09, 2025",2025-05-05,2025-05-09,4,2025,5,2025-05,post_newsom_order,Closure,,False,False,False,False,,intersection,"14th Street between Union Street & Magnolia Street, Oakland, CA",,,,Closure
14th St between Magnolia St & Adeline St,D3,High,"May 05, 2025","May 09, 2025",2025-05-05,2025-05-09,4,2025,5,2025-05,post_newsom_order,Closure,,False,False,False,False,,intersection,"14th Street between Magnolia Street & Adeline Street, Oakland, CA",,,,Closure
Mandela Pkwy between 18th St and 20th St,D3,High,"May 05, 2025","May 09, 2025",2025-05-05,2025-05-09,4,2025,5,2025-05,post_newsom_order,Closure,,False,False,False,False,,intersection,"Mandela Parkway between 18th Street and 20th Street, Oakland, CA",,,,Closure
Mandela Pkwy between 13th and 14th,D3,High,"May 05, 2025","May 09, 2025",2025-05-05,2025-05-09,4,2025,5,2025-05,post_newsom_order,Closure,,False,False,False,False,,intersection,"Mandela Parkway between 13th and 14th, Oakland, CA",,,,Closure
Mandela Pkwy between 12th St and 13th St,D3,High,"May 05, 2025","May 09, 2025",2025-05-05,2025-05-09,4,2025,5,2025-05,post_newsom_order,Closure,,False,False,False,False,,intersection,"Mandela Parkway between 12th Street and 13th Street, Oakland, CA",,,,Closure
Mandela Pkwy between 17th St and 18th St,D3,High,"May 05, 2025","May 09, 2025",2025-05-05,2025-05-09,4,2025,5,2025-05,post_newsom_order,Closure,,False,False,False,False,,intersection,"Mandela Parkway between 17th Street and 18th Street, Oakland, CA",,,,Closure
Mandela Pkwy between 16th St and 17th St,D3,High,"May 05, 2025","May 09, 2025",2025-05-05,2025-05-09,4,2025,5,2025-05,post_newsom_order,Closure,,False,False,False,False,,intersection,"Mandela Parkway between 16th Street and 17th Street, Oakland, CA",,,,Closure
Mandela Pkwy between 15th St and 16th St,D3,High,"May 05, 2025","May 09, 2025",2025-05-05,2025-05-09,4,2025,5,2025-05,post_newsom_order,Closure,,False,False,False,False,,intersection,"Mandela Parkway between 15th Street and 16th Street, Oakland, CA",,,,Closure
Mandela Pkwy between 14th St and 15th St,D3,High,"May 05, 2025","May 09, 2025",2025-05-05,2025-05-09,4,2025,5,2025-05,post_newsom_order,Closure,,False,False,False,False,,intersection,"Mandela Parkway between 14th Street and 15th Street, Oakland, CA",,,,Closure
"Lake Merritt -- All Parks, City Assets, and Walkways",D3,High,"April 28, 2025","May 02, 2025",2025-04-28,2025-05-02,4,2025,4,2025-04,post_newsom_order,Closure,,False,False,False,False,,named_place,"Lake Merritt -- All Parks, City Assets, and Walkways, Oakland, CA",37.7982,-122.2587,known_place_lookup,Closure
36th St between Telegraph St and Webster St,D3,High,"April 21, 2025","April 25, 2025",2025-04-21,2025-04-25,4,2025,4,2025-04,post_newsom_order,Closure,,False,False,False,False,,intersection,"36th Street between Telegraph Street and Webster Street, Oakland, CA",,,,Closure
Webster St between 36th St and 34th St,D3,High,"April 21, 2025","April 25, 2025",2025-04-21,2025-04-25,4,2025,4,2025-04,post_newsom_order,Closure,,False,False,False,False,,intersection,"Webster Street between 36th Street and 34th Street, Oakland, CA",,,,Closure
Webster St between 36th St and 37th St,D3,High,"April 21, 2025","April 25, 2025",2025-04-21,2025-04-25,4,2025,4,2025-04,post_newsom_order,Closure,,False,False,False,False,,intersection,"Webster Street between 36th Street and 37th Street, Oakland, CA",,,,Closure
Webster St between 37th St and W MacArthur Blvd,D3,High,"April 21, 2025","April 25, 2025",2025-04-21,2025-04-25,4,2025,4,2025-04,post_newsom_order,Closure,,False,False,False,False,,intersection,"Webster Street between 37th Street and West MacArthur Boulevard, Oakland, CA",,,,Closure
Webster St between W MacArthur Blvd and 38th St,D3,High,"April 21, 2025","April 25, 2025",2025-04-21,2025-04-25,4,2025,4,2025-04,post_newsom_order,Closure,,False,False,False,False,,intersection,"Webster Street between West MacArthur Boulevard and 38th Street, Oakland, CA",,,,Closure
W MacArthur Blvd between Telegraph Ave and Latimer Pl,D3,High,"April 21, 2025","April 25, 2025",2025-04-21,2025-04-25,4,2025,4,2025-04,post_newsom_order,Closure,,False,False,False,False,,intersection,"West MacArthur Boulevard between Telegraph Avenue and Latimer Place, Oakland, CA",,,,Closure
W MacArthur Blvd between Latimer Pl and Ruby St,D3,High,"April 21, 2025","April 25, 2025",2025-04-21,2025-04-25,4,2025,4,2025-04,post_newsom_order,Closure,,False,False,False,False,,intersection,"West MacArthur Boulevard between Latimer Place and Ruby Street, Oakland, CA",,,,Closure
W MacArthur Blvd between Ruby St and Webster St,D3,High,"April 21, 2025","April 25, 2025",2025-04-21,2025-04-25,4,2025,4,2025-04,post_newsom_order,Closure,,False,False,False,False,,intersection,"West MacArthur Boulevard between Ruby Street and Webster Street, Oakland, CA",,,,Closure
W MacArthur Blvd between Webster St and Shafter St,D3,High,"April 21, 2025","April 25, 2025",2025-04-21,2025-04-25,4,2025,4,2025-04,post_newsom_order,Closure,,False,False,False,False,,intersection,"West MacArthur Boulevard between Webster Street and Shafter Street, Oakland, CA",,,,Closure
W MacArthur Blvd between Shafter St & Manila Ave,D3,High,"April 21, 2025","April 25, 2025",2025-04-21,2025-04-25,4,2025,4,2025-04,post_newsom_order,Closure,,False,False,False,False,,intersection,"West MacArthur Boulevard between Shafter Street & Manila Avenue, Oakland, CA",,,,Closure
W MacArthur Blvd between Manila Ave & Broadway,D3,High,"April 21, 2025","April 25, 2025",2025-04-21,2025-04-25,4,2025,4,2025-04,post_newsom_order,Closure,,False,False,False,False,,intersection,"West MacArthur Boulevard between Manila Avenue & Broadway, Oakland, CA",,,,Closure
Mosswood Park,D3,High,"April 21, 2025","April 25, 2025",2025-04-21,2025-04-25,4,2025,4,2025-04,post_newsom_order,Closure,,False,False,False,False,,named_place,"Mosswood Park, Oakland, CA",37.8236,-122.2617,known_place_lookup,Closure
"Lake Merritt -- All Parks, City Assets, and Walkways",D3,High,"April 21, 2025","April 25, 2025",2025-04-21,2025-04-25,4,2025,4,2025-04,post_newsom_order,Closure,,False,False,False,False,,named_place,"Lake Merritt -- All Parks, City Assets, and Walkways, Oakland, CA",37.7982,-122.2587,known_place_lookup,Closure
Mandela Pkwy between 12th St and 13th St,D3,High,"April 21, 2025","April 25, 2025",2025-04-21,2025-04-25,4,2025,4,2025-04,post_newsom_order,Closure,,False,False,False,False,,intersection,"Mandela Parkway between 12th Street and 13th Street, Oakland, CA",,,,Closure
Mandela Pkwy between 13th and 14th,D3,High,"April 21, 2025","April 25, 2025",2025-04-21,2025-04-25,4,2025,4,2025-04,post_newsom_order,Closure,,False,False,False,False,,intersection,"Mandela Parkway between 13th and 14th, Oakland, CA",,,,Closure
Mandela Pkwy between 14th St and 15th St,D3,High,"April 21, 2025","April 25, 2025",2025-04-21,2025-04-25,4,2025,4,2025-04,post_newsom_order,Closure,,False,False,False,False,,intersection,"Mandela Parkway between 14th Street and 15th Street, Oakland, CA",,,,Closure
Mandela Pkwy between 15th St and 16th St,D3,High,"April 21, 2025","April 25, 2025",2025-04-21,2025-04-25,4,2025,4,2025-04,post_newsom_order,Closure,,False,False,False,False,,intersection,"Mandela Parkway between 15th Street and 16th Street, Oakland, CA",,,,Closure
Mandela Pkwy between 16th St and 17th St,D3,High,"April 21, 2025","April 25, 2025",2025-04-21,2025-04-25,4,2025,4,2025-04,post_newsom_order,Closure,,False,False,False,False,,intersection,"Mandela Parkway between 16th Street and 17th Street, Oakland, CA",,,,Closure
Mandela Pkwy between 17th St and 18th St,D3,High,"April 21, 2025","April 25, 2025",2025-04-21,2025-04-25,4,2025,4,2025-04,post_newsom_order,Closure,,False,False,False,False,,intersection,"Mandela Parkway between 17th Street and 18th Street, Oakland, CA",,,,Closure
Mandela Pkwy between 18th St and 20th St,D3,High,"April 21, 2025","April 25, 2025",2025-04-21,2025-04-25,4,2025,4,2025-04,post_newsom_order,Closure,,False,False,False,False,,intersection,"Mandela Parkway between 18th Street and 20th Street, Oakland, CA",,,,Closure
Mandela Pkwy between 20th St and W Grand Ave,D3,High,"April 21, 2025","April 25, 2025",2025-04-21,2025-04-25,4,2025,4,2025-04,post_newsom_order,Closure,,False,False,False,False,,intersection,"Mandela Parkway between 20th Street and West Grand Avenue, Oakland, CA",,,,Closure
W Grand Ave between Mandela Pkwy & Kirkham St,D3,High,"April 21, 2025","April 25, 2025",2025-04-21,2025-04-25,4,2025,4,2025-04,post_newsom_order,Closure,,False,False,False,False,,intersection,"West Grand Avenue between Mandela Parkway & Kirkham Street, Oakland, CA",,,,Closure
W Grand Ave between Kirkham St & Poplar St,D3,High,"April 21, 2025","April 25, 2025",2025-04-21,2025-04-25,4,2025,4,2025-04,post_newsom_order,Closure,,False,False,False,False,,intersection,"West Grand Avenue between Kirkham Street & Poplar Street, Oakland, CA",,,,Closure
W Grand between Union St & Poplar St,D3,High,"April 21, 2025","April 25, 2025",2025-04-21,2025-04-25,4,2025,4,2025-04,post_newsom_order,Closure,,False,False,False,False,,intersection,"West Grand between Union Street & Poplar Street, Oakland, CA",,,,Closure
W Grand between Adeline St & Union St,D3,High,"April 21, 2025","April 25, 2025",2025-04-21,2025-04-25,4,2025,4,2025-04,post_newsom_order,Closure,,False,False,False,False,,intersection,"West Grand between Adeline Street & Union Street, Oakland, CA",,,,Closure
14th St between Center St and Mandela Pkwy,D3,High,"April 21, 2025","April 25, 2025",2025-04-21,2025-04-25,4,2025,4,2025-04,post_newsom_order,Closure,,False,False,False,False,,named_place,"14th Street between Center Street and Mandela Parkway, Oakland, CA",,,,Closure
14th St between Mandela Pkwy and Kirkham Ct,D3,High,"April 21, 2025","April 25, 2025",2025-04-21,2025-04-25,4,2025,4,2025-04,post_newsom_order,Closure,,False,False,False,False,,intersection,"14th Street between Mandela Parkway and Kirkham Court, Oakland, CA",,,,Closure
14th St between Mandela Pkwy and Poplar St,D3,High,"April 21, 2025","April 25, 2025",2025-04-21,2025-04-25,4,2025,4,2025-04,post_newsom_order,Closure,,False,False,False,False,,intersection,"14th Street between Mandela Parkway and Poplar Street, Oakland, CA",,,,Closure
14th St between Poplar St and Union St,D3,High,"April 21, 2025","April 25, 2025",2025-04-21,2025-04-25,4,2025,4,2025-04,post_newsom_order,Closure,,False,False,False,False,,intersection,"14th Street between Poplar Street and Union Street, Oakland, CA",,,,Closure
14th St between Union St & Magnolia St,D3,High,"April 21, 2025","April 25, 2025",2025-04-21,2025-04-25,4,2025,4,2025-04,post_newsom_order,Closure,,False,False,False,False,,intersection,"14th Street between Union Street & Magnolia Street, Oakland, CA",,,,Closure
14th St between Magnolia St & Adeline St,D3,High,"April 21, 2025","April 25, 2025",2025-04-21,2025-04-25,4,2025,4,2025-04,post_newsom_order,Closure,,False,False,False,False,,intersection,"14th Street between Magnolia Street & Adeline Street, Oakland, CA",,,,Closure
Bernhardt Dr between Foster Ave and Ghormley Ave,D6,High,"April 16, 2025","April 18, 2025",2025-04-16,2025-04-18,2,2025,4,2025-04,post_newsom_order,Closure,,False,False,False,False,,intersection,"Bernhardt Drive between Foster Avenue and Ghormley Avenue, Oakland, CA",,,,Closure
Bernhardt Dr between Ghormley Ave and Hunter Ave,D6,High,"April 16, 2025","April 18, 2025",2025-04-16,2025-04-18,2,2025,4,2025-04,post_newsom_order,Closure,,False,False,False,False,,intersection,"Bernhardt Drive between Ghormley Avenue and Hunter Avenue, Oakland, CA",,,,Closure
Bernhardt Dr between Hunter Ave and Isleton Ave,D6,High,"April 16, 2025","April 18, 2025",2025-04-16,2025-04-18,2,2025,4,2025-04,post_newsom_order,Closure,,False,False,False,False,,intersection,"Bernhardt Drive between Hunter Avenue and Isleton Avenue, Oakland, CA",,,,Closure
Bernhardt Dr between Islenton Ave and Kerwin Ave,D6,High,"April 16, 2025","April 18, 2025",2025-04-16,2025-04-18,2,2025,4,2025-04,post_newsom_order,Closure,,False,False,False,False,,intersection,"Bernhardt Drive between Islenton Avenue and Kerwin Avenue, Oakland, CA",,,,Closure
Bernhardt Dr between Saint Elmo Dr and Foster Ave,D6,High,"April 16, 2025","April 18, 2025",2025-04-16,2025-04-18,2,2025,4,2025-04,post_newsom_order,Closure,,False,False,False,False,,intersection,"Bernhardt Drive between Saint Elmo Drive and Foster Avenue, Oakland, CA",,,,Closure
San Leandro St between 54th Ave & Seminary Ave,D6,High,"April 15, 2025","April 16, 2025",2025-04-15,2025-04-16,1,2025,4,2025-04,post_newsom_order,Closure,,False,False,False,False,,intersection,"San Leandro Street between 54th Avenue & Seminary Avenue, Oakland, CA",,,,Closure
Wood St between 26th St and 32nd St,D3,High,"April 14, 2025","April 18, 2025",2025-04-14,2025-04-18,4,2025,4,2025-04,post_newsom_order,Closure,,False,False,False,False,,intersection,"Wood Street between 26th Street and 32nd Street, Oakland, CA",,,,Closure
Mandela Pkwy between 18th St and 20th St,D3,High,"April 14, 2025","April 18, 2025",2025-04-14,2025-04-18,4,2025,4,2025-04,post_newsom_order,Closure,,False,False,False,False,,intersection,"Mandela Parkway between 18th Street and 20th Street, Oakland, CA",,,,Closure
Mandela Pkwy between 12th St and 13th St,D3,High,"April 14, 2025","April 18, 2025",2025-04-14,2025-04-18,4,2025,4,2025-04,post_newsom_order,Closure,,False,False,False,False,,intersection,"Mandela Parkway between 12th Street and 13th Street, Oakland, CA",,,,Closure
Mandela Pkwy between 17th St and 18th St,D3,High,"April 14, 2025","April 18, 2025",2025-04-14,2025-04-18,4,2025,4,2025-04,post_newsom_order,Closure,,False,False,False,False,,intersection,"Mandela Parkway between 17th Street and 18th Street, Oakland, CA",,,,Closure
Mandela Pkwy between 16th St and 17th St,D3,High,"April 14, 2025","April 18, 2025",2025-04-14,2025-04-18,4,2025,4,2025-04,post_newsom_order,Closure,,False,False,False,False,,intersection,"Mandela Parkway between 16th Street and 17th Street, Oakland, CA",,,,Closure
Mandela Pkwy between 15th St and 16th St,D3,High,"April 14, 2025","April 18, 2025",2025-04-14,2025-04-18,4,2025,4,2025-04,post_newsom_order,Closure,,False,False,False,False,,intersection,"Mandela Parkway between 15th Street and 16th Street, Oakland, CA",,,,Closure
Mandela Pkwy between 14th St and 15th St,D3,High,"April 14, 2025","April 18, 2025",2025-04-14,2025-04-18,4,2025,4,2025-04,post_newsom_order,Closure,,False,False,False,False,,intersection,"Mandela Parkway between 14th Street and 15th Street, Oakland, CA",,,,Closure
"Lake Merritt -- All Parks, City Assets, and Walkways",D3,High,"April 14, 2025","April 18, 2025",2025-04-14,2025-04-18,4,2025,4,2025-04,post_newsom_order,Closure,,False,False,False,False,,named_place,"Lake Merritt -- All Parks, City Assets, and Walkways, Oakland, CA",37.7982,-122.2587,known_place_lookup,Closure
Mandela Pkwy between 13th and 14th,D3,High,"April 14, 2025","April 18, 2025",2025-04-14,2025-04-18,4,2025,4,2025-04,post_newsom_order,Closure,,False,False,False,False,,intersection,"Mandela Parkway between 13th and 14th, Oakland, CA",,,,Closure
W Grand Ave between Kirkham St & Poplar St,D3,High,"April 14, 2025","April 18, 2025",2025-04-14,2025-04-18,4,2025,4,2025-04,post_newsom_order,Closure,,False,False,False,False,,intersection,"West Grand Avenue between Kirkham Street & Poplar Street, Oakland, CA",,,,Closure
W Grand Ave between Mandela Pkwy & Kirkham St,D3,High,"April 14, 2025","April 18, 2025",2025-04-14,2025-04-18,4,2025,4,2025-04,post_newsom_order,Closure,,False,False,False,False,,intersection,"West Grand Avenue between Mandela Parkway & Kirkham Street, Oakland, CA",,,,Closure
Mandela Pkwy between 20th St and W Grand Ave,D3,High,"April 14, 2025","April 18, 2025",2025-04-14,2025-04-18,4,2025,4,2025-04,post_newsom_order,Closure,,False,False,False,False,,intersection,"Mandela Parkway between 20th Street and West Grand Avenue, Oakland, CA",,,,Closure
W Grand between Union St & Poplar St,D3,High,"April 14, 2025","April 18, 2025",2025-04-14,2025-04-18,4,2025,4,2025-04,post_newsom_order,Closure,,False,False,False,False,,intersection,"West Grand between Union Street & Poplar Street, Oakland, CA",,,,Closure
W Grand between Adeline St & Union St,D3,High,"April 14, 2025","April 18, 2025",2025-04-14,2025-04-18,4,2025,4,2025-04,post_newsom_order,Closure,,False,False,False,False,,intersection,"West Grand between Adeline Street & Union Street, Oakland, CA",,,,Closure
14th St between Center St and Mandela Pkwy,D3,High,"April 14, 2025","April 18, 2025",2025-04-14,2025-04-18,4,2025,4,2025-04,post_newsom_order,Closure,,False,False,False,False,,named_place,"14th Street between Center Street and Mandela Parkway, Oakland, CA",,,,Closure
14th St between Mandela Pkwy and Kirkham Ct,D3,High,"April 14, 2025","April 18, 2025",2025-04-14,2025-04-18,4,2025,4,2025-04,post_newsom_order,Closure,,False,False,False,False,,intersection,"14th Street between Mandela Parkway and Kirkham Court, Oakland, CA",,,,Closure
14th St between Mandela Pkwy and Poplar St,D3,High,"April 14, 2025","April 18, 2025",2025-04-14,2025-04-18,4,2025,4,2025-04,post_newsom_order,Closure,,False,False,False,False,,intersection,"14th Street between Mandela Parkway and Poplar Street, Oakland, CA",,,,Closure
14th St between Poplar St and Union St,D3,High,"April 14, 2025","April 18, 2025",2025-04-14,2025-04-18,4,2025,4,2025-04,post_newsom_order,Closure,,False,False,False,False,,intersection,"14th Street between Poplar Street and Union Street, Oakland, CA",,,,Closure
14th St between Union St & Magnolia St,D3,High,"April 14, 2025","April 18, 2025",2025-04-14,2025-04-18,4,2025,4,2025-04,post_newsom_order,Closure,,False,False,False,False,,intersection,"14th Street between Union Street & Magnolia Street, Oakland, CA",,,,Closure
14th St between Magnolia St & Adeline St,D3,High,"April 14, 2025","April 18, 2025",2025-04-14,2025-04-18,4,2025,4,2025-04,post_newsom_order,Closure,,False,False,False,False,,intersection,"14th Street between Magnolia Street & Adeline Street, Oakland, CA",,,,Closure
Northgate Ave between W Grand Ave and 23rd St,D3,High,"April 14, 2025","April 14, 2025",2025-04-14,2025-04-14,0,2025,4,2025-04,post_newsom_order,Closure,,False,False,False,False,,intersection,"Northgate Avenue between West Grand Avenue and 23rd Street, Oakland, CA",,,,Closure
Northgate Ave between 23rd St and 24th St,D3,High,"April 14, 2025","April 14, 2025",2025-04-14,2025-04-14,0,2025,4,2025-04,post_newsom_order,Closure,,False,False,False,False,,intersection,"Northgate Avenue between 23rd Street and 24th Street, Oakland, CA",,,,Closure
Northgate Ave between 24th St & 25th St,D3,High,"April 14, 2025","April 14, 2025",2025-04-14,2025-04-14,0,2025,4,2025-04,post_newsom_order,Closure,,False,False,False,False,,intersection,"Northgate Avenue between 24th Street & 25th Street, Oakland, CA",,,,Closure
Northgate between Sycamore St & 27th St,D3,High,"April 14, 2025","April 14, 2025",2025-04-14,2025-04-14,0,2025,4,2025-04,post_newsom_order,Closure,,False,False,False,False,,intersection,"Northgate between Sycamore Street & 27th Street, Oakland, CA",,,,Closure
Northgate Ave between 25th St & Sycamore St,D3,High,"April 14, 2025","April 14, 2025",2025-04-14,2025-04-14,0,2025,4,2025-04,post_newsom_order,Closure,,False,False,False,False,,intersection,"Northgate Avenue between 25th Street & Sycamore Street, Oakland, CA",,,,Closure
Washington St between 4th St and 5th St,D3,High,"April 14, 2025","April 15, 2025",2025-04-14,2025-04-15,1,2025,4,2025-04,post_newsom_order,Closure,,False,False,False,False,,intersection,"Washington Street between 4th Street and 5th Street, Oakland, CA",,,,Closure
5th St between Clay St and Washingston St,D3,High,"April 14, 2025","April 15, 2025",2025-04-14,2025-04-15,1,2025,4,2025-04,post_newsom_order,Closure,,False,False,False,False,,intersection,"5th Street between Clay Street and Washingston Street, Oakland, CA",,,,Closure
5th St between Washingston St & Broadway,D3,High,"April 14, 2025","April 15, 2025",2025-04-14,2025-04-15,1,2025,4,2025-04,post_newsom_order,Closure,,False,False,False,False,,intersection,"5th Street between Washingston Street & Broadway, Oakland, CA",,,,Closure
Wood St between W Grand Ave and 24th St,D3,High,"April 14, 2025","April 18, 2025",2025-04-14,2025-04-18,4,2025,4,2025-04,post_newsom_order,Closure,,False,False,False,False,,intersection,"Wood Street between West Grand Avenue and 24th Street, Oakland, CA",,,,Closure
Wood St between 24th St and 26th St,D3,High,"April 14, 2025","April 18, 2025",2025-04-14,2025-04-18,4,2025,4,2025-04,post_newsom_order,Closure,,False,False,False,False,,intersection,"Wood Street between 24th Street and 26th Street, Oakland, CA",,,,Closure
Adeline St between 19th St & 21st St,D3,High,"April 07, 2025","April 11, 2025",2025-04-07,2025-04-11,4,2025,4,2025-04,post_newsom_order,Closure,,False,False,False,False,,intersection,"Adeline Street between 19th Street & 21st Street, Oakland, CA",,,,Closure
21st St between Chestnut St & Adeline St,D3,High,"April 07, 2025","April 11, 2025",2025-04-07,2025-04-11,4,2025,4,2025-04,post_newsom_order,Closure,,False,False,False,False,,intersection,"21st Street between Chestnut Street & Adeline Street, Oakland, CA",,,,Closure
21st St between Adeline St & Union St,D3,High,"April 07, 2025","April 11, 2025",2025-04-07,2025-04-11,4,2025,4,2025-04,post_newsom_order,Closure,,False,False,False,False,,intersection,"21st Street between Adeline Street & Union Street, Oakland, CA",,,,Closure
21st St between Union St and Poplar St,D3,High,"April 07, 2025","April 11, 2025",2025-04-07,2025-04-11,4,2025,4,2025-04,post_newsom_order,Closure,,False,False,False,False,,intersection,"21st Street between Union Street and Poplar Street, Oakland, CA",,,,Closure
10th St between Fallon St & East Dr,D2,High,"April 07, 2025","April 11, 2025",2025-04-07,2025-04-11,4,2025,4,2025-04,post_newsom_order,Closure,,False,False,False,False,,intersection,"10th Street between Fallon Street & East Drive, Oakland, CA",,,,Closure
10th St and E 10th St between East Dr & 2nd Ave,D2,High,"April 07, 2025","April 11, 2025",2025-04-07,2025-04-11,4,2025,4,2025-04,post_newsom_order,Closure,,False,False,False,False,,intersection,"10th Street and E 10th Street between East Drive & 2nd Avenue, Oakland, CA",,,,Closure
E 10th St between 2nd Ave & 4th Ave,D2,High,"April 07, 2025","April 11, 2025",2025-04-07,2025-04-11,4,2025,4,2025-04,post_newsom_order,Closure,,False,False,False,False,,intersection,"E 10th Street between 2nd Avenue & 4th Avenue, Oakland, CA",,,,Closure
E 10th St between 4th Ave & 5th Ave,D2,High,"April 07, 2025","April 11, 2025",2025-04-07,2025-04-11,4,2025,4,2025-04,post_newsom_order,Closure,,False,False,False,False,,intersection,"E 10th Street between 4th Avenue & 5th Avenue, Oakland, CA",,,,Closure
E 10th St between 5th Ave & 6th Ave,D2,High,"April 07, 2025","April 11, 2025",2025-04-07,2025-04-11,4,2025,4,2025-04,post_newsom_order,Closure,,False,False,False,False,,intersection,"E 10th Street between 5th Avenue & 6th Avenue, Oakland, CA",,,,Closure
E 10th St Bridge underpass near Channel Park,D2,High,"April 07, 2025","April 11, 2025",2025-04-07,2025-04-11,4,2025,4,2025-04,post_newsom_order,Closure,,False,False,False,False,,named_place,"E 10th Street Bridge underpass near Channel Park, Oakland, CA",,,,Closure
Lake Merritt Blvd Underpass Near Peralta Park,D2,High,"April 07, 2025","April 11, 2025",2025-04-07,2025-04-11,4,2025,4,2025-04,post_newsom_order,Closure,,False,False,False,False,,named_place,"Lake Merritt Boulevard Underpass Near Peralta Park, Oakland, CA",37.7982,-122.2587,known_place_lookup,Closure
Peralta Park,D2,High,"April 07, 2025","April 11, 2025",2025-04-07,2025-04-11,4,2025,4,2025-04,post_newsom_order,Closure,,False,False,False,False,,named_place,"Peralta Park, Oakland, CA",37.8175,-122.2779,known_place_lookup,Closure
7th St & E 8th St between Fallon St & 6th Ave,D2,High,"April 07, 2025","April 11, 2025",2025-04-07,2025-04-11,4,2025,4,2025-04,post_newsom_order,Closure,,False,False,False,False,,intersection,"7th Street & E 8th Street between Fallon Street & 6th Avenue, Oakland, CA",,,,Closure
21st St between Linden St and Chestnut St,D3,High,"April 07, 2025","April 11, 2025",2025-04-07,2025-04-11,4,2025,4,2025-04,post_newsom_order,Closure,,False,False,False,False,,intersection,"21st Street between Linden Street and Chestnut Street, Oakland, CA",,,,Closure
W Grand between Linden St & Adeline St,D3,High,"April 07, 2025","April 11, 2025",2025-04-07,2025-04-11,4,2025,4,2025-04,post_newsom_order,Closure,,False,False,False,False,,intersection,"West Grand between Linden Street & Adeline Street, Oakland, CA",,,,Closure
W Grand between Adeline St & Union St,D3,High,"April 07, 2025","April 11, 2025",2025-04-07,2025-04-11,4,2025,4,2025-04,post_newsom_order,Closure,,False,False,False,False,,intersection,"West Grand between Adeline Street & Union Street, Oakland, CA",,,,Closure
W Grand between Union St & Poplar St,D3,High,"April 07, 2025","April 11, 2025",2025-04-07,2025-04-11,4,2025,4,2025-04,post_newsom_order,Closure,,False,False,False,False,,intersection,"West Grand between Union Street & Poplar Street, Oakland, CA",,,,Closure
Union St between 21st St & W Grand Ave,D3,High,"April 07, 2025","April 11, 2025",2025-04-07,2025-04-11,4,2025,4,2025-04,post_newsom_order,Closure,,False,False,False,False,,intersection,"Union Street between 21st Street & West Grand Avenue, Oakland, CA",,,,Closure
Union St between 19th St & 21st St,D3,High,"April 07, 2025","April 11, 2025",2025-04-07,2025-04-11,4,2025,4,2025-04,post_newsom_order,Closure,,False,False,False,False,,intersection,"Union Street between 19th Street & 21st Street, Oakland, CA",,,,Closure
19th St between Union St and Adeline St,D3,High,"April 07, 2025","April 11, 2025",2025-04-07,2025-04-11,4,2025,4,2025-04,post_newsom_order,Closure,,False,False,False,False,,intersection,"19th Street between Union Street and Adeline Street, Oakland, CA",,,,Closure
Poplar St between 21st St and W Grand Ave,D3,High,"April 07, 2025","April 11, 2025",2025-04-07,2025-04-11,4,2025,4,2025-04,post_newsom_order,Closure,,False,False,False,False,,intersection,"Poplar Street between 21st Street and West Grand Avenue, Oakland, CA",,,,Closure
Poplar St between 20th St and 21st St,D3,High,"April 07, 2025","April 11, 2025",2025-04-07,2025-04-11,4,2025,4,2025-04,post_newsom_order,Closure,,False,False,False,False,,intersection,"Poplar Street between 20th Street and 21st Street, Oakland, CA",,,,Closure
Poplar St between 18th St and 20th St,D3,High,"April 07, 2025","April 11, 2025",2025-04-07,2025-04-11,4,2025,4,2025-04,post_newsom_order,Closure,,False,False,False,False,,intersection,"Poplar Street between 18th Street and 20th Street, Oakland, CA",,,,Closure
Adeline St between 21st St & W Grand Ave,D3,High,"April 07, 2025","April 11, 2025",2025-04-07,2025-04-11,4,2025,4,2025-04,post_newsom_order,Closure,,False,False,False,False,,intersection,"Adeline Street between 21st Street & West Grand Avenue, Oakland, CA",,,,Closure
Adeline St between 18th St & 19th St,D3,High,"April 07, 2025","April 11, 2025",2025-04-07,2025-04-11,4,2025,4,2025-04,post_newsom_order,Closure,,False,False,False,False,,intersection,"Adeline Street between 18th Street & 19th Street, Oakland, CA",,,,Closure
18th St between Mandela Pkwy & Poplar St,D3,High,"April 07, 2025","April 11, 2025",2025-04-07,2025-04-11,4,2025,4,2025-04,post_newsom_order,Closure,,False,False,False,False,,intersection,"18th Street between Mandela Parkway & Poplar Street, Oakland, CA",,,,Closure
18th St between Poplar St and Adeline St,D3,High,"April 07, 2025","April 11, 2025",2025-04-07,2025-04-11,4,2025,4,2025-04,post_newsom_order,Closure,,False,False,False,False,,intersection,"18th Street between Poplar Street and Adeline Street, Oakland, CA",,,,Closure
Linden St between 21St & W Grand Ave,D3,High,"April 07, 2025","April 11, 2025",2025-04-07,2025-04-11,4,2025,4,2025-04,post_newsom_order,Closure,,False,False,False,False,,intersection,"Linden Street between 21St & West Grand Avenue, Oakland, CA",,,,Closure
"Lake Merritt -- All Parks, City Assets, and Walkways",D3,High,"April 07, 2025","April 11, 2025",2025-04-07,2025-04-11,4,2025,4,2025-04,post_newsom_order,Closure,,False,False,False,False,,named_place,"Lake Merritt -- All Parks, City Assets, and Walkways, Oakland, CA",37.7982,-122.2587,known_place_lookup,Closure
Railroad Ave between Louisiana St and 85th Ave,D7,High,"April 03, 2025","April 04, 2025",2025-04-03,2025-04-04,1,2025,4,2025-04,post_newsom_order,Closure,,False,False,False,False,,intersection,"Railroad Avenue between Louisiana Street and 85th Avenue, Oakland, CA",,,,Closure
105th Ave between Russet St & San Leandro St,D7,High,"April 02, 2025","April 04, 2025",2025-04-02,2025-04-04,2,2025,4,2025-04,post_newsom_order,Closure,,False,False,False,False,,intersection,"105th Avenue between Russet Street & San Leandro Street, Oakland, CA",,,,Closure
San Leandro St between 106th Ave and 107th Ave,D7,High,"April 02, 2025","April 04, 2025",2025-04-02,2025-04-04,2,2025,4,2025-04,post_newsom_order,Closure,,False,False,False,False,,intersection,"San Leandro Street between 106th Avenue and 107th Avenue, Oakland, CA",,,,Closure
San Leandro St between 105th Ave and 106th Ave,D7,High,"April 02, 2025","April 04, 2025",2025-04-02,2025-04-04,2,2025,4,2025-04,post_newsom_order,Closure,,False,False,False,False,,intersection,"San Leandro Street between 105th Avenue and 106th Avenue, Oakland, CA",,,,Closure
"Lake Merritt -- All Parks, City Assets, and Walkways",D3,High,"April 02, 2025","April 04, 2025",2025-04-02,2025-04-04,2,2025,4,2025-04,post_newsom_order,Closure,,False,False,False,False,,named_place,"Lake Merritt -- All Parks, City Assets, and Walkways, Oakland, CA",37.7982,-122.2587,known_place_lookup,Closure
Bancroft between Hole St & Trask St,D6,High,"April 01, 2025","April 03, 2025",2025-04-01,2025-04-03,2,2025,4,2025-04,post_newsom_order,Closure,,False,False,False,False,,intersection,"Bancroft between Hole Street & Trask Street, Oakland, CA",,,,Closure
55th Ave between Hilton St & Foothill Blvd,D6,High,"April 01, 2025","April 03, 2025",2025-04-01,2025-04-03,2,2025,4,2025-04,post_newsom_order,Closure,,False,False,False,False,,intersection,"55th Avenue between Hilton Street & Foothill Boulevard, Oakland, CA",,,,Closure
55th Ave between Bancroft Ave & Hilton St,D6,High,"April 01, 2025","April 03, 2025",2025-04-01,2025-04-03,2,2025,4,2025-04,post_newsom_order,Closure,,False,False,False,False,,intersection,"55th Avenue between Bancroft Avenue & Hilton Street, Oakland, CA",,,,Closure
Trask St between Foothill Blvd and Bancroft Ave,D6,High,"April 01, 2025","April 03, 2025",2025-04-01,2025-04-03,2,2025,4,2025-04,post_newsom_order,Closure,,False,False,False,False,,intersection,"Trask Street between Foothill Boulevard and Bancroft Avenue, Oakland, CA",,,,Closure
Foothill blvd between Trask St and 57th Ave,D6,High,"April 01, 2025","April 03, 2025",2025-04-01,2025-04-03,2,2025,4,2025-04,post_newsom_order,Closure,,False,False,False,False,,intersection,"Foothill blvd between Trask Street and 57th Avenue, Oakland, CA",,,,Closure
57th Ave between Foothill Blvd and Bancroft Ave,D6,High,"April 01, 2025","April 03, 2025",2025-04-01,2025-04-03,2,2025,4,2025-04,post_newsom_order,Closure,,False,False,False,False,,intersection,"57th Avenue between Foothill Boulevard and Bancroft Avenue, Oakland, CA",,,,Closure
Hilton St between 55th Ave and Bancroft Ave,D6,High,"April 01, 2025","April 03, 2025",2025-04-01,2025-04-03,2,2025,4,2025-04,post_newsom_order,Closure,,False,False,False,False,,intersection,"Hilton Street between 55th Avenue and Bancroft Avenue, Oakland, CA",,,,Closure
Bancroft between Cole St and 55th St,D6,High,"April 01, 2025","April 03, 2025",2025-04-01,2025-04-03,2,2025,4,2025-04,post_newsom_order,Closure,,False,False,False,False,,intersection,"Bancroft between Cole Street and 55th Street, Oakland, CA",,,,Closure
Bancroft Ave between 55th Ave and Hilton St,D6,High,"April 01, 2025","April 03, 2025",2025-04-01,2025-04-03,2,2025,4,2025-04,post_newsom_order,Closure,,False,False,False,False,,intersection,"Bancroft Avenue between 55th Avenue and Hilton Street, Oakland, CA",,,,Closure
Bancroft between Cole St and Trask St,D6,High,"April 01, 2025","April 03, 2025",2025-04-01,2025-04-03,2,2025,4,2025-04,post_newsom_order,Closure,,False,False,False,False,,intersection,"Bancroft between Cole Street and Trask Street, Oakland, CA",,,,Closure
Grove Shafter Park (s near park and encampment next to freeway),D3,High,"March 24, 2025","March 27, 2025",2025-03-24,2025-03-27,3,2025,3,2025-03,post_newsom_order,Closure,,False,False,False,False,,named_place,"Grove Shafter Park (s near park and encampment next to freeway), Oakland, CA",,,,Closure
33rd St between 34th St and Telegraph Ave,D3,High,"March 24, 2025","March 27, 2025",2025-03-24,2025-03-27,3,2025,3,2025-03,post_newsom_order,Closure,,False,False,False,False,,intersection,"33rd Street between 34th Street and Telegraph Avenue, Oakland, CA",,,,Closure
34th St between Andover St & Elm St,D3,High,"March 24, 2025","March 27, 2025",2025-03-24,2025-03-27,3,2025,3,2025-03,post_newsom_order,Closure,,False,False,False,False,,intersection,"34th Street between Andover Street & Elm Street, Oakland, CA",,,,Closure
34th St between Elm St & Telegraph Ave,D3,High,"March 24, 2025","March 27, 2025",2025-03-24,2025-03-27,3,2025,3,2025-03,post_newsom_order,Closure,,False,False,False,False,,intersection,"34th Street between Elm Street & Telegraph Avenue, Oakland, CA",,,,Closure
34th St between MLK & Telegraph Ave (Overpass),D3,High,"March 24, 2025","March 27, 2025",2025-03-24,2025-03-27,3,2025,3,2025-03,post_newsom_order,Closure,,False,False,False,False,,intersection,"34th Street between Martin Luther King Jr Boulevard & Telegraph Avenue (Overpass), Oakland, CA",,,,Closure
Castro St between 2nd St St and 3rd St,D3,High,"March 24, 2025","March 27, 2025",2025-03-24,2025-03-27,3,2025,3,2025-03,post_newsom_order,Closure,,False,False,False,False,,intersection,"Castro Street between 2nd Street Street and 3rd Street, Oakland, CA",,,,Closure
Castro St between 3rd St and 4th St,D3,High,"March 24, 2025","March 27, 2025",2025-03-24,2025-03-27,3,2025,3,2025-03,post_newsom_order,Closure,,False,False,False,False,,intersection,"Castro Street between 3rd Street and 4th Street, Oakland, CA",,,,Closure
Castro St between 4th St and 5th St,D3,High,"March 24, 2025","March 27, 2025",2025-03-24,2025-03-27,3,2025,3,2025-03,post_newsom_order,Closure,,False,False,False,False,,intersection,"Castro Street between 4th Street and 5th Street, Oakland, CA",,,,Closure
Castro St between 5th St and 6th St,D3,High,"March 24, 2025","March 27, 2025",2025-03-24,2025-03-27,3,2025,3,2025-03,post_newsom_order,Closure,,False,False,False,False,,intersection,"Castro Street between 5th Street and 6th Street, Oakland, CA",,,,Closure
27th St between MLK Jr Way and Northgate Ave,D3,High,"March 24, 2025","March 28, 2025",2025-03-24,2025-03-28,4,2025,3,2025-03,post_newsom_order,Closure,,False,False,False,False,,intersection,"27th Street between Martin Luther King Jr Boulevard Jr Way and Northgate Avenue, Oakland, CA",,,,Closure
23rd St between Northgate Ave and Telegraph Ave,D3,High,"March 24, 2025","March 28, 2025",2025-03-24,2025-03-28,4,2025,3,2025-03,post_newsom_order,Closure,,False,False,False,False,,intersection,"23rd Street between Northgate Avenue and Telegraph Avenue, Oakland, CA",,,,Closure
23rd St between MLK to Northgate,D3,High,"March 24, 2025","March 28, 2025",2025-03-24,2025-03-28,4,2025,3,2025-03,post_newsom_order,Closure,,False,False,False,False,,intersection,"23rd Street between Martin Luther King Jr Boulevard to Northgate, Oakland, CA",,,,Closure
W Grand Ave between Northgate Ave and Telegraph Ave,D3,High,"March 24, 2025","March 28, 2025",2025-03-24,2025-03-28,4,2025,3,2025-03,post_newsom_order,Closure,,False,False,False,False,,intersection,"West Grand Avenue between Northgate Avenue and Telegraph Avenue, Oakland, CA",,,,Closure
W Grand Ave between MLK to Northgate,D3,High,"March 24, 2025","March 28, 2025",2025-03-24,2025-03-28,4,2025,3,2025-03,post_newsom_order,Closure,,False,False,False,False,,intersection,"West Grand Avenue between Martin Luther King Jr Boulevard to Northgate, Oakland, CA",,,,Closure
Jefferson St between 2nd St and Embarcadero West,D3,High,"March 20, 2025","March 20, 2025",2025-03-20,2025-03-20,0,2025,3,2025-03,post_newsom_order,Closure,,False,False,False,False,,intersection,"Jefferson Street between 2nd Street and Embarcadero West, Oakland, CA",,,,Closure
Lafayette Square Park,D3,High,"March 18, 2025","March 21, 2025",2025-03-18,2025-03-21,3,2025,3,2025-03,post_newsom_order,Closure,,False,False,False,False,,named_place,"Lafayette Square Park, Oakland, CA",37.8077,-122.2693,known_place_lookup,Closure
Estuary Park/Jack London Aquatic Center,D3,High,"March 17, 2025","March 21, 2025",2025-03-17,2025-03-21,4,2025,3,2025-03,post_newsom_order,Closure,,False,False,False,False,,named_place,"Estuary Park, Oakland, CA",37.7907,-122.249,known_place_lookup,Closure
Helen Mc Gregor Plaza,D1,High,"March 17, 2025","March 19, 2025",2025-03-17,2025-03-19,2,2025,3,2025-03,post_newsom_order,Closure,,False,False,False,False,,named_place,"Helen Mc Gregor Plaza, Oakland, CA",37.804,-122.268,known_place_lookup,Closure
Jefferson Square Park,D3,High,"March 17, 2025","March 19, 2025",2025-03-17,2025-03-19,2,2025,3,2025-03,post_newsom_order,Closure,,False,False,False,False,,named_place,"Jefferson Square Park, Oakland, CA",37.8042,-122.271,known_place_lookup,Closure
Foothill Blvd between 67th Avenue and 68th Avenue,D6,High,"March 13, 2025","March 13, 2025",2025-03-13,2025-03-13,0,2025,3,2025-03,post_newsom_order,Closure,,False,False,False,False,,intersection,"Foothill Boulevard between 67th Avenue and 68th Avenue, Oakland, CA",,,,Closure
68th Ave between Foothill Blvd and Bancroft Ave,D6,High,"March 13, 2025","March 13, 2025",2025-03-13,2025-03-13,0,2025,3,2025-03,post_newsom_order,Closure,,False,False,False,False,,intersection,"68th Avenue between Foothill Boulevard and Bancroft Avenue, Oakland, CA",,,,Closure
67th Ave between Foothill Blvd and Bancroft Ave,D6,High,"March 13, 2025","March 13, 2025",2025-03-13,2025-03-13,0,2025,3,2025-03,post_newsom_order,Closure,,False,False,False,False,,intersection,"67th Avenue between Foothill Boulevard and Bancroft Avenue, Oakland, CA",,,,Closure
Bancroft Blvd between 67th Ave and 68th Ave,D6,High,"March 13, 2025","March 13, 2025",2025-03-13,2025-03-13,0,2025,3,2025-03,post_newsom_order,Closure,,False,False,False,False,,intersection,"Bancroft Boulevard between 67th Avenue and 68th Avenue, Oakland, CA",,,,Closure
73rd Ave between Internationaland Orral St,D6,High,"March 11, 2025","March 13, 2025",2025-03-11,2025-03-13,2,2025,3,2025-03,post_newsom_order,Closure,,False,False,False,False,,intersection,"73rd Avenue between Internationaland Orral Street, Oakland, CA",,,,Closure
Cul-de-sac at 73rd Ave and Herbert Guice Way,D6,High,"March 11, 2025","March 13, 2025",2025-03-11,2025-03-13,2,2025,3,2025-03,post_newsom_order,Closure,,False,False,False,False,,intersection,"Cul-de-sac at 73rd Avenue and Herbert Guice Way, Oakland, CA",,,,Closure
Hamilton St between 69th Ave and 70th Ave,D6,High,"March 11, 2025","March 13, 2025",2025-03-11,2025-03-13,2,2025,3,2025-03,post_newsom_order,Closure,,False,False,False,False,,intersection,"Hamilton Street between 69th Avenue and 70th Avenue, Oakland, CA",,,,Closure
Hamilton St between 70th Ave and 71st Ave,D6,High,"March 11, 2025","March 13, 2025",2025-03-11,2025-03-13,2,2025,3,2025-03,post_newsom_order,Closure,,False,False,False,False,,intersection,"Hamilton Street between 70th Avenue and 71st Avenue, Oakland, CA",,,,Closure
Hamilton St between 71st Ave and 72nd Ave,D6,High,"March 11, 2025","March 13, 2025",2025-03-11,2025-03-13,2,2025,3,2025-03,post_newsom_order,Closure,,False,False,False,False,,intersection,"Hamilton Street between 71st Avenue and 72nd Avenue, Oakland, CA",,,,Closure
Hamilton St between 72nd Ave and 73rd Ave,D6,High,"March 11, 2025","March 13, 2025",2025-03-11,2025-03-13,2,2025,3,2025-03,post_newsom_order,Closure,,False,False,False,False,,intersection,"Hamilton Street between 72nd Avenue and 73rd Avenue, Oakland, CA",,,,Closure
Hamilton St between 73rd Ave and Hegenberger Rd,D6,High,"March 11, 2025","March 13, 2025",2025-03-11,2025-03-13,2,2025,3,2025-03,post_newsom_order,Closure,,False,False,False,False,,intersection,"Hamilton Street between 73rd Avenue and Hegenberger Road, Oakland, CA",,,,Closure
7014 Hamilton St,D6,High,"March 11, 2025","March 13, 2025",2025-03-11,2025-03-13,2,2025,3,2025-03,post_newsom_order,Closure,,False,False,False,False,,address,"7014 Hamilton Street, Oakland, CA",,,,Closure
Union Point Park,D5,High,"March 10, 2025","March 11, 2025",2025-03-10,2025-03-11,1,2025,3,2025-03,post_newsom_order,Closure,,False,False,False,False,,named_place,"Union Point Park, Oakland, CA",37.7742,-122.2316,known_place_lookup,Closure
Peralta St between 3rd St and 7th St,D5,High,"March 05, 2025","March 07, 2025",2025-03-05,2025-03-07,2,2025,3,2025-03,post_newsom_order,Closure,,False,False,False,False,,intersection,"Peralta Street between 3rd Street and 7th Street, Oakland, CA",,,,Closure
Peralta St between 5th St and 7th St,D5,High,"March 05, 2025","March 07, 2025",2025-03-05,2025-03-07,2,2025,3,2025-03,post_newsom_order,Closure,,False,False,False,False,,intersection,"Peralta Street between 5th Street and 7th Street, Oakland, CA",,,,Closure
E 8th St between Fruitvale Ave and 34th Ave,D5,High,"March 04, 2025","March 06, 2025",2025-03-04,2025-03-06,2,2025,3,2025-03,post_newsom_order,Closure,,False,False,False,False,,intersection,"E 8th Street between Fruitvale Avenue and 34th Avenue, Oakland, CA",,,,Closure
E 8th St between 34th Ave and 36th Ave,D5,High,"March 04, 2025","March 06, 2025",2025-03-04,2025-03-06,2,2025,3,2025-03,post_newsom_order,Closure,,False,False,False,False,,intersection,"E 8th Street between 34th Avenue and 36th Avenue, Oakland, CA",,,,Closure
E 8th St between 36th Ave and 37th Ave,D5,High,"March 04, 2025","March 06, 2025",2025-03-04,2025-03-06,2,2025,3,2025-03,post_newsom_order,Closure,,False,False,False,False,,intersection,"E 8th Street between 36th Avenue and 37th Avenue, Oakland, CA",,,,Closure
Alameda Avenue between E 8th St and Howard St,D5,High,"March 04, 2025","March 06, 2025",2025-03-04,2025-03-06,2,2025,3,2025-03,post_newsom_order,Closure,,False,False,False,False,,intersection,"Alameda Avenue between E 8th Street and Howard Street, Oakland, CA",,,,Closure
Alameda Avenue between Oakport St and  E 8th St,D5,High,"March 04, 2025","March 06, 2025",2025-03-04,2025-03-06,2,2025,3,2025-03,post_newsom_order,Closure,,False,False,False,False,,intersection,"Alameda Avenue between Oakport Street and E 8th Street, Oakland, CA",,,,Closure
East 8th Cul De Sac,D5,High,"March 04, 2025","March 06, 2025",2025-03-04,2025-03-06,2,2025,3,2025-03,post_newsom_order,Closure,,False,False,False,False,,named_place,"East 8th Cul De Sac, Oakland, CA",,,,Closure
City Lot at Alameda - 3801 E 8th St,D5,High,"March 04, 2025","March 06, 2025",2025-03-04,2025-03-06,2,2025,3,2025-03,post_newsom_order,Closure,,False,False,False,False,,named_place,"City Lot at Alameda - 3801 E 8th Street, Oakland, CA",,,,Closure
E 9th St between Fruitvale Ave and 33rd Ave,D5,High,"March 04, 2025","March 06, 2025",2025-03-04,2025-03-06,2,2025,3,2025-03,post_newsom_order,Closure,,False,False,False,False,,intersection,"E 9th Street between Fruitvale Avenue and 33rd Avenue, Oakland, CA",,,,Closure
E 9th St between 34th Ave and 35th Ave,D5,High,"March 04, 2025","March 06, 2025",2025-03-04,2025-03-06,2,2025,3,2025-03,post_newsom_order,Closure,,False,False,False,False,,intersection,"E 9th Street between 34th Avenue and 35th Avenue, Oakland, CA",,,,Closure
E 9th St between 33rd Ave and 34th Ave,D5,High,"March 04, 2025","March 06, 2025",2025-03-04,2025-03-06,2,2025,3,2025-03,post_newsom_order,Closure,,False,False,False,False,,intersection,"E 9th Street between 33rd Avenue and 34th Avenue, Oakland, CA",,,,Closure
E 9th St between 35th Ave and 36th Ave,D5,High,"March 04, 2025","March 06, 2025",2025-03-04,2025-03-06,2,2025,3,2025-03,post_newsom_order,Closure,,False,False,False,False,,intersection,"E 9th Street between 35th Avenue and 36th Avenue, Oakland, CA",,,,Closure
E 9th St between 36th Ave and 37th Ave,D5,High,"March 04, 2025","March 06, 2025",2025-03-04,2025-03-06,2,2025,3,2025-03,post_newsom_order,Closure,,False,False,False,False,,intersection,"E 9th Street between 36th Avenue and 37th Avenue, Oakland, CA",,,,Closure
Mandela Pkwy between 11th St and 12th St,D3,High,"March 03, 2025","March 06, 2025",2025-03-03,2025-03-06,3,2025,3,2025-03,post_newsom_order,Closure,,False,False,False,False,,intersection,"Mandela Parkway between 11th Street and 12th Street, Oakland, CA",,,,Closure
16th St between Poplar St and Union St,D3,High,"March 03, 2025","March 06, 2025",2025-03-03,2025-03-06,3,2025,3,2025-03,post_newsom_order,Closure,,False,False,False,False,,intersection,"16th Street between Poplar Street and Union Street, Oakland, CA",,,,Closure
16th St between Union St and Magnolia St,D3,High,"March 03, 2025","March 06, 2025",2025-03-03,2025-03-06,3,2025,3,2025-03,post_newsom_order,Closure,,False,False,False,False,,intersection,"16th Street between Union Street and Magnolia Street, Oakland, CA",,,,Closure
16th St between Magnolia St & Adeline St,D3,High,"March 03, 2025","March 06, 2025",2025-03-03,2025-03-06,3,2025,3,2025-03,post_newsom_order,Closure,,False,False,False,False,,intersection,"16th Street between Magnolia Street & Adeline Street, Oakland, CA",,,,Closure
Adeline St between 16th St and 18th St,D3,High,"March 03, 2025","March 06, 2025",2025-03-03,2025-03-06,3,2025,3,2025-03,post_newsom_order,Closure,,False,False,False,False,,intersection,"Adeline Street between 16th Street and 18th Street, Oakland, CA",,,,Closure
Poplar St between 18th St and 20th St,D3,High,"March 03, 2025","March 06, 2025",2025-03-03,2025-03-06,3,2025,3,2025-03,post_newsom_order,Closure,,False,False,False,False,,intersection,"Poplar Street between 18th Street and 20th Street, Oakland, CA",,,,Closure
Poplar St between 20th St and 21st St,D3,High,"March 03, 2025","March 06, 2025",2025-03-03,2025-03-06,3,2025,3,2025-03,post_newsom_order,Closure,,False,False,False,False,,intersection,"Poplar Street between 20th Street and 21st Street, Oakland, CA",,,,Closure
Poplar St between 21st St and W Grand Ave,D3,High,"March 03, 2025","March 06, 2025",2025-03-03,2025-03-06,3,2025,3,2025-03,post_newsom_order,Closure,,False,False,False,False,,intersection,"Poplar Street between 21st Street and West Grand Avenue, Oakland, CA",,,,Closure
Poplar St between W Grand Ave and 24th St,D3,High,"March 03, 2025","March 06, 2025",2025-03-03,2025-03-06,3,2025,3,2025-03,post_newsom_order,Closure,,False,False,False,False,,intersection,"Poplar Street between West Grand Avenue and 24th Street, Oakland, CA",,,,Closure
Poplar St between 24th St and 26th St,D3,High,"March 03, 2025","March 06, 2025",2025-03-03,2025-03-06,3,2025,3,2025-03,post_newsom_order,Closure,,False,False,False,False,,intersection,"Poplar Street between 24th Street and 26th Street, Oakland, CA",,,,Closure
Poplar St between 26th St and 28th St,D3,High,"March 03, 2025","March 06, 2025",2025-03-03,2025-03-06,3,2025,3,2025-03,post_newsom_order,Closure,,False,False,False,False,,intersection,"Poplar Street between 26th Street and 28th Street, Oakland, CA",,,,Closure
Poplar St between 28th St and 30th St,D3,High,"March 03, 2025","March 06, 2025",2025-03-03,2025-03-06,3,2025,3,2025-03,post_newsom_order,Closure,,False,False,False,False,,intersection,"Poplar Street between 28th Street and 30th Street, Oakland, CA",,,,Closure
18th St between Poplar St and Adeline St,D3,High,"March 03, 2025","March 06, 2025",2025-03-03,2025-03-06,3,2025,3,2025-03,post_newsom_order,Closure,,False,False,False,False,,intersection,"18th Street between Poplar Street and Adeline Street, Oakland, CA",,,,Closure
Mandela Pkwy between 8th St and Dr Huey P. Newton Wy,D3,High,"March 03, 2025","March 06, 2025",2025-03-03,2025-03-06,3,2025,3,2025-03,post_newsom_order,Closure,,False,False,False,False,,intersection,"Mandela Parkway between 8th Street and Drive Huey P. Newton Wy, Oakland, CA",,,,Closure
Mandela Pkwy between Dr Huey P. Newton Wy and 10th St,D3,High,"March 03, 2025","March 06, 2025",2025-03-03,2025-03-06,3,2025,3,2025-03,post_newsom_order,Closure,,False,False,False,False,,intersection,"Mandela Parkway between Drive Huey P. Newton Wy and 10th Street, Oakland, CA",,,,Closure
Mandela Pkwy between 10th St and 11th St,D3,High,"March 03, 2025","March 06, 2025",2025-03-03,2025-03-06,3,2025,3,2025-03,post_newsom_order,Closure,,False,False,False,False,,intersection,"Mandela Parkway between 10th Street and 11th Street, Oakland, CA",,,,Closure
Mandela Pkwy between 12th St and 13th St,D3,High,"March 03, 2025","March 06, 2025",2025-03-03,2025-03-06,3,2025,3,2025-03,post_newsom_order,Closure,,False,False,False,False,,intersection,"Mandela Parkway between 12th Street and 13th Street, Oakland, CA",,,,Closure
Mandela Pkwy between 13th and 14th,D3,High,"March 03, 2025","March 06, 2025",2025-03-03,2025-03-06,3,2025,3,2025-03,post_newsom_order,Closure,,False,False,False,False,,intersection,"Mandela Parkway between 13th and 14th, Oakland, CA",,,,Closure
Mandela Pkwy between 14th St and 15th St,D3,High,"March 03, 2025","March 06, 2025",2025-03-03,2025-03-06,3,2025,3,2025-03,post_newsom_order,Closure,,False,False,False,False,,intersection,"Mandela Parkway between 14th Street and 15th Street, Oakland, CA",,,,Closure
Mandela Pkwy between 15th St and 16th St,D3,High,"March 03, 2025","March 06, 2025",2025-03-03,2025-03-06,3,2025,3,2025-03,post_newsom_order,Closure,,False,False,False,False,,intersection,"Mandela Parkway between 15th Street and 16th Street, Oakland, CA",,,,Closure
Mandela Pkwy between 16th St and 17th St,D3,High,"March 03, 2025","March 06, 2025",2025-03-03,2025-03-06,3,2025,3,2025-03,post_newsom_order,Closure,,False,False,False,False,,intersection,"Mandela Parkway between 16th Street and 17th Street, Oakland, CA",,,,Closure
Mandela Pkwy between 17th St and 18th St,D3,High,"March 03, 2025","March 06, 2025",2025-03-03,2025-03-06,3,2025,3,2025-03,post_newsom_order,Closure,,False,False,False,False,,intersection,"Mandela Parkway between 17th Street and 18th Street, Oakland, CA",,,,Closure
Mandela Pkwy between 18th St and 20th St,D3,High,"March 03, 2025","March 06, 2025",2025-03-03,2025-03-06,3,2025,3,2025-03,post_newsom_order,Closure,,False,False,False,False,,intersection,"Mandela Parkway between 18th Street and 20th Street, Oakland, CA",,,,Closure
Mandela Pkwy between 20th St and W Grand Ave,D3,High,"March 03, 2025","March 06, 2025",2025-03-03,2025-03-06,3,2025,3,2025-03,post_newsom_order,Closure,,False,False,False,False,,intersection,"Mandela Parkway between 20th Street and West Grand Avenue, Oakland, CA",,,,Closure
Bellevue Ave between Grand Ave & Staten Ave,D3,High,"February 27, 2025","February 28, 2025",2025-02-27,2025-02-28,1,2025,2,2025-02,post_newsom_order,Closure,,False,False,False,False,,intersection,"Bellevue Avenue between Grand Avenue & Staten Avenue, Oakland, CA",,,,Closure
Lake Merritt Zone 3: Bellevue Ave and Grand Ave,D3,High,"February 27, 2025","February 28, 2025",2025-02-27,2025-02-28,1,2025,2,2025-02,post_newsom_order,Closure,,False,False,False,False,,named_place,"Lake Merritt Zone 3, Oakland, CA",37.7982,-122.2587,known_place_lookup,Closure
Grand Ave between Bellevue Ave & Euclid Ave,D3,High,"February 27, 2025","February 28, 2025",2025-02-27,2025-02-28,1,2025,2,2025-02,post_newsom_order,Closure,,False,False,False,False,,intersection,"Grand Avenue between Bellevue Avenue & Euclid Avenue, Oakland, CA",,,,Closure
MLK Way between 4th St & 5th St,D3,High,"February 25, 2025","February 28, 2025",2025-02-25,2025-02-28,3,2025,2,2025-02,post_newsom_order,Closure,,False,False,False,False,,intersection,"Martin Luther King Jr Boulevard Way between 4th Street & 5th Street, Oakland, CA",,,,Closure
MLK Way between 3rd St & 4th St,D3,High,"February 25, 2025","February 28, 2025",2025-02-25,2025-02-28,3,2025,2,2025-02,post_newsom_order,Closure,,False,False,False,False,,intersection,"Martin Luther King Jr Boulevard Way between 3rd Street & 4th Street, Oakland, CA",,,,Closure
MLK Way between 2nd St & 3rd St,D3,High,"February 25, 2025","February 28, 2025",2025-02-25,2025-02-28,3,2025,2,2025-02,post_newsom_order,Closure,,False,False,False,False,,intersection,"Martin Luther King Jr Boulevard Way between 2nd Street & 3rd Street, Oakland, CA",,,,Closure
Castro St between 5th St and 6th St,D3,Low,"February 24, 2025","February 25, 2025",2025-02-24,2025-02-25,1,2025,2,2025-02,post_newsom_order,Closure,,False,False,False,False,,intersection,"Castro Street between 5th Street and 6th Street, Oakland, CA",,,,Closure
Castro St between 4th St and 5th St,D3,High,"February 24, 2025","February 25, 2025",2025-02-24,2025-02-25,1,2025,2,2025-02,post_newsom_order,Closure,,False,False,False,False,,intersection,"Castro Street between 4th Street and 5th Street, Oakland, CA",,,,Closure
Castro St between 3rd St and 4th St,D3,High,"February 24, 2025","February 25, 2025",2025-02-24,2025-02-25,1,2025,2,2025-02,post_newsom_order,Closure,,False,False,False,False,,intersection,"Castro Street between 3rd Street and 4th Street, Oakland, CA",,,,Closure
2nd & Brush,D3,High,"February 24, 2025","February 25, 2025",2025-02-24,2025-02-25,1,2025,2,2025-02,post_newsom_order,Closure,,False,False,False,False,,named_place,"2nd & Brush, Oakland, CA",,,,Closure
4th St between Clay St & Washington st,D3,High,"February 24, 2025","February 25, 2025",2025-02-24,2025-02-25,1,2025,2,2025-02,post_newsom_order,Closure,,False,False,False,False,,intersection,"4th Street between Clay Street & Washington st, Oakland, CA",,,,Closure
4th St between Jefferson St & Clay St,D3,High,"February 24, 2025","February 25, 2025",2025-02-24,2025-02-25,1,2025,2,2025-02,post_newsom_order,Closure,,False,False,False,False,,intersection,"4th Street between Jefferson Street & Clay Street, Oakland, CA",,,,Closure
4th St between MLK & Jefferson St,D3,High,"February 24, 2025","February 25, 2025",2025-02-24,2025-02-25,1,2025,2,2025-02,post_newsom_order,Closure,,False,False,False,False,,intersection,"4th Street between Martin Luther King Jr Boulevard & Jefferson Street, Oakland, CA",,,,Closure
Castro St between 2nd St St and 3rd St,D3,High,"February 24, 2025","February 25, 2025",2025-02-24,2025-02-25,1,2025,2,2025-02,post_newsom_order,Closure,,False,False,False,False,,intersection,"Castro Street between 2nd Street Street and 3rd Street, Oakland, CA",,,,Closure
Thomas L Berkley Way between Castro St and MLK,D3,High,"February 24, 2025","February 25, 2025",2025-02-24,2025-02-25,1,2025,2,2025-02,post_newsom_order,Closure,,False,False,False,False,,intersection,"Thomas L Berkley Way between Castro Street and Martin Luther King Jr Boulevard, Oakland, CA",,,,Closure
Castro St between 20th St & San Pablo Ave,D3,High,"February 24, 2025","February 25, 2025",2025-02-24,2025-02-25,1,2025,2,2025-02,post_newsom_order,Closure,,False,False,False,False,,intersection,"Castro Street between 20th Street & San Pablo Avenue, Oakland, CA",,,,Closure
Castro St between 19th St & 20th St,D3,High,"February 24, 2025","February 25, 2025",2025-02-24,2025-02-25,1,2025,2,2025-02,post_newsom_order,Closure,,False,False,False,False,,intersection,"Castro Street between 19th Street & 20th Street, Oakland, CA",,,,Closure
Castro St between 18th St & 19th St,D3,High,"February 24, 2025","February 25, 2025",2025-02-24,2025-02-25,1,2025,2,2025-02,post_newsom_order,Closure,,False,False,False,False,,intersection,"Castro Street between 18th Street & 19th Street, Oakland, CA",,,,Closure
Castro St between 17th St & 18th St,D3,High,"February 24, 2025","February 25, 2025",2025-02-24,2025-02-25,1,2025,2,2025-02,post_newsom_order,Closure,,False,False,False,False,,intersection,"Castro Street between 17th Street & 18th Street, Oakland, CA",,,,Closure
Castro St between 16th St & 17th St,D3,High,"February 24, 2025","February 25, 2025",2025-02-24,2025-02-25,1,2025,2,2025-02,post_newsom_order,Closure,,False,False,False,False,,intersection,"Castro Street between 16th Street & 17th Street, Oakland, CA",,,,Closure
Castro St between 15th St & 16th St,D3,High,"February 24, 2025","February 25, 2025",2025-02-24,2025-02-25,1,2025,2,2025-02,post_newsom_order,Closure,,False,False,False,False,,intersection,"Castro Street between 15th Street & 16th Street, Oakland, CA",,,,Closure
Castro St between 14th St & 15th St,D3,High,"February 24, 2025","February 25, 2025",2025-02-24,2025-02-25,1,2025,2,2025-02,post_newsom_order,Closure,,False,False,False,False,,intersection,"Castro Street between 14th Street & 15th Street, Oakland, CA",,,,Closure
Castro St between 12th St & 14th St,D3,High,"February 24, 2025","February 25, 2025",2025-02-24,2025-02-25,1,2025,2,2025-02,post_newsom_order,Closure,,False,False,False,False,,intersection,"Castro Street between 12th Street & 14th Street, Oakland, CA",,,,Closure
Castro St between 11th St & 12th St,D3,High,"February 24, 2025","February 25, 2025",2025-02-24,2025-02-25,1,2025,2,2025-02,post_newsom_order,Closure,,False,False,False,False,,intersection,"Castro Street between 11th Street & 12th Street, Oakland, CA",,,,Closure
Castro St between 10th St & 11th St,D3,High,"February 24, 2025","February 25, 2025",2025-02-24,2025-02-25,1,2025,2,2025-02,post_newsom_order,Closure,,False,False,False,False,,intersection,"Castro Street between 10th Street & 11th Street, Oakland, CA",,,,Closure
Castro St between 9th St & 10th St,D3,High,"February 24, 2025","February 25, 2025",2025-02-24,2025-02-25,1,2025,2,2025-02,post_newsom_order,Closure,,False,False,False,False,,intersection,"Castro Street between 9th Street & 10th Street, Oakland, CA",,,,Closure
Castro St between 8th St & 9th St,D3,High,"February 24, 2025","February 25, 2025",2025-02-24,2025-02-25,1,2025,2,2025-02,post_newsom_order,Closure,,False,False,False,False,,intersection,"Castro Street between 8th Street & 9th Street, Oakland, CA",,,,Closure
Castro St between 7th St & 8th St,D3,High,"February 24, 2025","February 25, 2025",2025-02-24,2025-02-25,1,2025,2,2025-02,post_newsom_order,Closure,,False,False,False,False,,intersection,"Castro Street between 7th Street & 8th Street, Oakland, CA",,,,Closure
Castro St between 6th and 7th St,D3,High,"February 24, 2025","February 25, 2025",2025-02-24,2025-02-25,1,2025,2,2025-02,post_newsom_order,Closure,,False,False,False,False,,intersection,"Castro Street between 6th and 7th Street, Oakland, CA",,,,Closure
Laverne Ave between 55th Ave and Foothill Blvd,D6,High,"February 20, 2025","February 21, 2025",2025-02-20,2025-02-21,1,2025,2,2025-02,post_newsom_order,Closure,,False,False,False,False,,intersection,"Laverne Avenue between 55th Avenue and Foothill Boulevard, Oakland, CA",,,,Closure
55th Ave between Foothill Blvd and Laverne Ave,D6,High,"February 20, 2025","February 21, 2025",2025-02-20,2025-02-21,1,2025,2,2025-02,post_newsom_order,Closure,,False,False,False,False,,intersection,"55th Avenue between Foothill Boulevard and Laverne Avenue, Oakland, CA",,,,Closure
Trask St between Foothill Blvd and Bancroft Ave,D6,High,"February 20, 2025","February 21, 2025",2025-02-20,2025-02-21,1,2025,2,2025-02,post_newsom_order,Closure,,False,False,False,False,,intersection,"Trask Street between Foothill Boulevard and Bancroft Avenue, Oakland, CA",,,,Closure
Foothill Blvd between 55th Ave and 57th Ave,D6,High,"February 20, 2025","February 21, 2025",2025-02-20,2025-02-21,1,2025,2,2025-02,post_newsom_order,Closure,,False,False,False,False,,intersection,"Foothill Boulevard between 55th Avenue and 57th Avenue, Oakland, CA",,,,Closure
57th Ave between Bancroft and Laverne Ave,D6,High,"February 20, 2025","February 21, 2025",2025-02-20,2025-02-21,1,2025,2,2025-02,post_newsom_order,Closure,,False,False,False,False,,intersection,"57th Avenue between Bancroft and Laverne Avenue, Oakland, CA",,,,Closure
"Wilma Chan Park (formerly ""Madison Park"")",D2,High,"February 20, 2025","February 21, 2025",2025-02-20,2025-02-21,1,2025,2,2025-02,post_newsom_order,Closure,,False,False,False,False,,named_place,"Wilma Chan Park (formerly ""Madison Park""), Oakland, CA",37.8039,-122.2362,known_place_lookup,Closure
San Pablo Ave between 23rd St and W Grand Ave,D3,High,"February 18, 2025","February 20, 2025",2025-02-18,2025-02-20,2,2025,2,2025-02,post_newsom_order,Closure,,False,False,False,False,,intersection,"San Pablo Avenue between 23rd Street and West Grand Avenue, Oakland, CA",,,,Closure
W Grand Ave between MLK to Northgate,D3,High,"February 18, 2025","February 20, 2025",2025-02-18,2025-02-20,2,2025,2,2025-02,post_newsom_order,Closure,,False,False,False,False,,intersection,"West Grand Avenue between Martin Luther King Jr Boulevard to Northgate, Oakland, CA",,,,Closure
W Grand Ave between Northgate Ave and Telegraph Ave,D3,High,"February 18, 2025","February 20, 2025",2025-02-18,2025-02-20,2,2025,2,2025-02,post_newsom_order,Closure,,False,False,False,False,,intersection,"West Grand Avenue between Northgate Avenue and Telegraph Avenue, Oakland, CA",,,,Closure
Telegraph Ave between 23rd St and W Grand Ave,D3,High,"February 18, 2025","February 20, 2025",2025-02-18,2025-02-20,2,2025,2,2025-02,post_newsom_order,Closure,,False,False,False,False,,intersection,"Telegraph Avenue between 23rd Street and West Grand Avenue, Oakland, CA",,,,Closure
MLk between W Grand Ave & 23rd,D3,High,"February 18, 2025","February 20, 2025",2025-02-18,2025-02-20,2,2025,2,2025-02,post_newsom_order,Closure,,False,False,False,False,,intersection,"Martin Luther King Jr Boulevard between West Grand Avenue & 23rd, Oakland, CA",,,,Closure
Northgate Ave between W Grand Ave and 23rd St,D3,High,"February 18, 2025","February 20, 2025",2025-02-18,2025-02-20,2,2025,2,2025-02,post_newsom_order,Closure,,False,False,False,False,,intersection,"Northgate Avenue between West Grand Avenue and 23rd Street, Oakland, CA",,,,Closure
Northgate Ave between 23rd St and 24th St,D3,High,"February 18, 2025","February 20, 2025",2025-02-18,2025-02-20,2,2025,2,2025-02,post_newsom_order,Closure,,False,False,False,False,,intersection,"Northgate Avenue between 23rd Street and 24th Street, Oakland, CA",,,,Closure
23rd St. between MLK and San Pablo,D3,High,"February 18, 2025","February 20, 2025",2025-02-18,2025-02-20,2,2025,2,2025-02,post_newsom_order,Closure,,False,False,False,False,,intersection,"23rd Street. between Martin Luther King Jr Boulevard and San Pablo, Oakland, CA",,,,Closure
23rd St between MLK to Northgate,D3,High,"February 18, 2025","February 20, 2025",2025-02-18,2025-02-20,2,2025,2,2025-02,post_newsom_order,Closure,,False,False,False,False,,intersection,"23rd Street between Martin Luther King Jr Boulevard to Northgate, Oakland, CA",,,,Closure
23rd St between Northgate Ave and Telegraph Ave,D3,High,"February 18, 2025","February 20, 2025",2025-02-18,2025-02-20,2,2025,2,2025-02,post_newsom_order,Closure,,False,False,False,False,,intersection,"23rd Street between Northgate Avenue and Telegraph Avenue, Oakland, CA",,,,Closure
W Grand Ave between San Pablo Ave & MLK,D3,High,"February 18, 2025","February 20, 2025",2025-02-18,2025-02-20,2,2025,2,2025-02,post_newsom_order,Closure,,False,False,False,False,,intersection,"West Grand Avenue between San Pablo Avenue & Martin Luther King Jr Boulevard, Oakland, CA",,,,Closure
71st Ave and San Leandro St: 700 71st St,D6,High,"February 13, 2025","February 14, 2025",2025-02-13,2025-02-14,1,2025,2,2025-02,post_newsom_order,Closure,,False,False,False,False,,intersection,"71st Avenue and San Leandro Street, Oakland, CA",,,,Closure
73rd Ave and Hawley St Access Road,D6,High,"February 11, 2025","February 14, 2025",2025-02-11,2025-02-14,3,2025,2,2025-02,post_newsom_order,Closure,,False,False,False,False,,intersection,"73rd Avenue and Hawley Street Access Road, Oakland, CA",,,,Closure
75th Ave between Snell St & Hawley St,D6,High,"February 11, 2025","February 14, 2025",2025-02-11,2025-02-14,3,2025,2,2025-02,post_newsom_order,Closure,,False,False,False,False,,intersection,"75th Avenue between Snell Street & Hawley Street, Oakland, CA",,,,Closure
73rd and San Leandro St/Coliseum/Airport Amtrak,D6,High,"February 11, 2025","February 14, 2025",2025-02-11,2025-02-14,3,2025,2,2025-02,post_newsom_order,Closure,,False,False,False,False,,intersection,"73rd and San Leandro Street, Oakland, CA",,,,Closure
San Leandro Street between Seminary & 66th Avenue,D6,High,"February 10, 2025","February 13, 2025",2025-02-10,2025-02-13,3,2025,2,2025-02,post_newsom_order,Closure,,False,False,False,False,,intersection,"San Leandro Street between Seminary & 66th Avenue, Oakland, CA",,,,Closure
34th St between MLK & Telegraph Ave (Overpass),D3,High,"February 05, 2025","February 07, 2025",2025-02-05,2025-02-07,2,2025,2,2025-02,post_newsom_order,Closure,,False,False,False,False,,intersection,"34th Street between Martin Luther King Jr Boulevard & Telegraph Avenue (Overpass), Oakland, CA",,,,Closure
Baldwin between Hegenberger and 85th Ave,D7,High,"February 03, 2025","February 06, 2025",2025-02-03,2025-02-06,3,2025,2,2025-02,post_newsom_order,Closure,,False,False,False,False,,intersection,"Baldwin between Hegenberger and 85th Avenue, Oakland, CA",,,,Closure
692 Baldwin,D7,High,"February 03, 2025","February 06, 2025",2025-02-03,2025-02-06,3,2025,2,2025-02,post_newsom_order,Closure,,False,False,False,False,,address,"692 Baldwin, Oakland, CA",,,,Closure
Estuary Park/Jack London Aquatic Center,D3,High,"February 03, 2025","February 07, 2025",2025-02-03,2025-02-07,4,2025,2,2025-02,post_newsom_order,Closure,,False,False,False,False,,named_place,"Estuary Park, Oakland, CA",37.7907,-122.249,known_place_lookup,Closure
42nd between MLK & Telegraph,D1,Low,"February 03, 2025","February 07, 2025",2025-02-03,2025-02-07,4,2025,2,2025-02,post_newsom_order,Closure,,False,False,False,False,,intersection,"42nd between Martin Luther King Jr Boulevard & Telegraph, Oakland, CA",,,,Closure
Castro St between 11th St & 12th St,D3,High,"February 03, 2025","February 04, 2025",2025-02-03,2025-02-04,1,2025,2,2025-02,post_newsom_order,Closure,,False,False,False,False,,intersection,"Castro Street between 11th Street & 12th Street, Oakland, CA",,,,Closure
Castro St between 10th St & 11th St,D3,High,"February 03, 2025","February 04, 2025",2025-02-03,2025-02-04,1,2025,2,2025-02,post_newsom_order,Closure,,False,False,False,False,,intersection,"Castro Street between 10th Street & 11th Street, Oakland, CA",,,,Closure
Castro St between 9th St & 10th St,D3,High,"February 03, 2025","February 04, 2025",2025-02-03,2025-02-04,1,2025,2,2025-02,post_newsom_order,Closure,,False,False,False,False,,intersection,"Castro Street between 9th Street & 10th Street, Oakland, CA",,,,Closure
Castro St between 8th St & 9th St,D3,High,"February 03, 2025","February 04, 2025",2025-02-03,2025-02-04,1,2025,2,2025-02,post_newsom_order,Closure,,False,False,False,False,,intersection,"Castro Street between 8th Street & 9th Street, Oakland, CA",,,,Closure
Castro St between 7th St & 8th St,D3,High,"February 03, 2025","February 04, 2025",2025-02-03,2025-02-04,1,2025,2,2025-02,post_newsom_order,Closure,,False,False,False,False,,intersection,"Castro Street between 7th Street & 8th Street, Oakland, CA",,,,Closure
Castro St between 5th St and 6th St,D3,Low,"February 03, 2025","February 04, 2025",2025-02-03,2025-02-04,1,2025,2,2025-02,post_newsom_order,Closure,,False,False,False,False,,intersection,"Castro Street between 5th Street and 6th Street, Oakland, CA",,,,Closure
7th St between Castro St & Gerry Adams Way,D3,Low,"February 03, 2025","February 04, 2025",2025-02-03,2025-02-04,1,2025,2,2025-02,post_newsom_order,Closure,,False,False,False,False,,intersection,"7th Street between Castro Street & Gerry Adams Way, Oakland, CA",,,,Closure
Leet Drive,D7,High,"January 28, 2025","January 30, 2025",2025-01-28,2025-01-30,2,2025,1,2025-01,post_newsom_order,Closure,,False,False,False,False,,named_place,"Leet Drive, Oakland, CA",,,,Closure
Courtland Creek Park,D5,High,"January 27, 2025","January 27, 2025",2025-01-27,2025-01-27,0,2025,1,2025-01,post_newsom_order,Closure,,False,False,False,False,,named_place,"Courtland Creek Park, Oakland, CA",37.776,-122.1926,known_place_lookup,Closure
City Lot - Near 105th & Knight St,D7,High,"January 27, 2025","January 31, 2025",2025-01-27,2025-01-31,4,2025,1,2025-01,post_newsom_order,Closure,,False,False,False,False,,named_place,"City Lot - Near 105th & Knight Street, Oakland, CA",,,,Closure
42nd between MLK & Telegraph,D1,Low,"January 27, 2025","January 31, 2025",2025-01-27,2025-01-31,4,2025,1,2025-01,post_newsom_order,Closure,,False,False,False,False,,intersection,"42nd between Martin Luther King Jr Boulevard & Telegraph, Oakland, CA",,,,Closure
42nd between MLK & Telegraph,D1,Low,"January 24, 2025","January 24, 2025",2025-01-24,2025-01-24,0,2025,1,2025-01,post_newsom_order,Closure,,False,False,False,False,,intersection,"42nd between Martin Luther King Jr Boulevard & Telegraph, Oakland, CA",,,,Closure
Lakeshore Ave between Wayne Ave & Hanover,D2,High,"January 22, 2025","January 24, 2025",2025-01-22,2025-01-24,2,2025,1,2025-01,post_newsom_order,Closure,,False,False,False,False,,intersection,"Lakeshore Avenue between Wayne Avenue & Hanover, Oakland, CA",,,,Closure
62nd St between Herzog St & Baker St,D1,High,"January 22, 2025","January 22, 2025",2025-01-22,2025-01-22,0,2025,1,2025-01,post_newsom_order,Closure,,False,False,False,False,,intersection,"62nd Street between Herzog Street & Baker Street, Oakland, CA",,,,Closure
Hezrog St between 62nd St & 63rd St,D1,High,"January 22, 2025","January 22, 2025",2025-01-22,2025-01-22,0,2025,1,2025-01,post_newsom_order,Closure,,False,False,False,False,,intersection,"Hezrog Street between 62nd Street & 63rd Street, Oakland, CA",,,,Closure
63rd St between Hezrog St & San Pablo Ave,D1,High,"January 22, 2025","January 22, 2025",2025-01-22,2025-01-22,0,2025,1,2025-01,post_newsom_order,Closure,,False,False,False,False,,intersection,"63rd Street between Hezrog Street & San Pablo Avenue, Oakland, CA",,,,Closure
San Pablo Ave between 61st St & 63rd St,D1,High,"January 22, 2025","January 22, 2025",2025-01-22,2025-01-22,0,2025,1,2025-01,post_newsom_order,Closure,,False,False,False,False,,intersection,"San Pablo Avenue between 61st Street & 63rd Street, Oakland, CA",,,,Closure
61st St between San Pablo Ave & Baker St,D1,High,"January 22, 2025","January 22, 2025",2025-01-22,2025-01-22,0,2025,1,2025-01,post_newsom_order,Closure,,False,False,False,False,,intersection,"61st Street between San Pablo Avenue & Baker Street, Oakland, CA",,,,Closure
Lakeshore Ave between El Embarcardeo & Boden Ave,D2,High,"January 22, 2025","January 24, 2025",2025-01-22,2025-01-24,2,2025,1,2025-01,post_newsom_order,Closure,,False,False,False,False,,intersection,"Lakeshore Avenue between El Embarcardeo & Boden Avenue, Oakland, CA",,,,Closure
Lakeshore Ave between Boden Ave & Brooklyn Ave,D2,High,"January 22, 2025","January 24, 2025",2025-01-22,2025-01-24,2,2025,1,2025-01,post_newsom_order,Closure,,False,False,False,False,,intersection,"Lakeshore Avenue between Boden Avenue & Brooklyn Avenue, Oakland, CA",,,,Closure
Lakeshore Ave between Brooklyn Ave & Wayne Ave,D2,High,"January 22, 2025","January 24, 2025",2025-01-22,2025-01-24,2,2025,1,2025-01,post_newsom_order,Closure,,False,False,False,False,,intersection,"Lakeshore Avenue between Brooklyn Avenue & Wayne Avenue, Oakland, CA",,,,Closure
Baker St between 61st Pl & 62nd St,D1,High,"January 22, 2025","January 22, 2025",2025-01-22,2025-01-22,0,2025,1,2025-01,post_newsom_order,Closure,,False,False,False,False,,intersection,"Baker Street between 61st Place & 62nd Street, Oakland, CA",,,,Closure
Lakeshore Ave between Hanover and E18th St,D2,High,"January 22, 2025","January 24, 2025",2025-01-22,2025-01-24,2,2025,1,2025-01,post_newsom_order,Closure,,False,False,False,False,,intersection,"Lakeshore Avenue between Hanover and E18th Street, Oakland, CA",,,,Closure
Lake Merritt: 563 Pergola,D2,High,"January 22, 2025","January 24, 2025",2025-01-22,2025-01-24,2,2025,1,2025-01,post_newsom_order,Closure,,False,False,False,False,,named_place,"Lake Merritt, Oakland, CA",37.7982,-122.2587,known_place_lookup,Closure
Grand Ave between Bellevue Ave & Euclid Ave,D2,High,"January 21, 2025","January 22, 2025",2025-01-21,2025-01-22,1,2025,1,2025-01,post_newsom_order,Closure,,False,False,False,False,,intersection,"Grand Avenue between Bellevue Avenue & Euclid Avenue, Oakland, CA",,,,Closure
Bellevue Ave between Grand Ave & Staten Ave,D2,High,"January 21, 2025","January 22, 2025",2025-01-21,2025-01-22,1,2025,1,2025-01,post_newsom_order,Closure,,False,False,False,False,,intersection,"Bellevue Avenue between Grand Avenue & Staten Avenue, Oakland, CA",,,,Closure
Lake Merritt: Zone 3,D2,High,"January 21, 2025","January 22, 2025",2025-01-21,2025-01-22,1,2025,1,2025-01,post_newsom_order,Closure,,False,False,False,False,,named_place,"Lake Merritt, Oakland, CA",37.7982,-122.2587,known_place_lookup,Closure
Chinese Garden Park,D2,High,"January 15, 2025","January 16, 2025",2025-01-15,2025-01-16,1,2025,1,2025-01,post_newsom_order,Closure,,False,False,False,False,,named_place,"Chinese Garden Park, Oakland, CA",37.7958,-122.2302,known_place_lookup,Closure
23rd St. between MLK and San Pablo,D3,High,"January 15, 2025","January 16, 2025",2025-01-15,2025-01-16,1,2025,1,2025-01,post_newsom_order,Closure,,False,False,False,False,,intersection,"23rd Street. between Martin Luther King Jr Boulevard and San Pablo, Oakland, CA",,,,Closure
San Pablo Ave between W Grand Ave & MLK,D3,High,"January 15, 2025","January 16, 2025",2025-01-15,2025-01-16,1,2025,1,2025-01,post_newsom_order,Closure,,False,False,False,False,,intersection,"San Pablo Avenue between West Grand Avenue & Martin Luther King Jr Boulevard, Oakland, CA",,,,Closure
Castro St between 20th St & San Pablo Ave,D3,High,"January 15, 2025","January 16, 2025",2025-01-15,2025-01-16,1,2025,1,2025-01,post_newsom_order,Closure,,False,False,False,False,,intersection,"Castro Street between 20th Street & San Pablo Avenue, Oakland, CA",,,,Closure
MLK between San Pablo Ave & W Grand Ave,D3,High,"January 15, 2025","January 16, 2025",2025-01-15,2025-01-16,1,2025,1,2025-01,post_newsom_order,Closure,,False,False,False,False,,intersection,"Martin Luther King Jr Boulevard between San Pablo Avenue & West Grand Avenue, Oakland, CA",,,,Closure
W Grand Ave between San Pablo Ave & MLK,D3,High,"January 15, 2025","January 16, 2025",2025-01-15,2025-01-16,1,2025,1,2025-01,post_newsom_order,Closure,,False,False,False,False,,intersection,"West Grand Avenue between San Pablo Avenue & Martin Luther King Jr Boulevard, Oakland, CA",,,,Closure
7th St & E 8th St between Fallon St & 6th Ave,D2,High,"January 13, 2025","January 15, 2025",2025-01-13,2025-01-15,2,2025,1,2025-01,post_newsom_order,Closure,,False,False,False,False,,intersection,"7th Street & E 8th Street between Fallon Street & 6th Avenue, Oakland, CA",,,,Closure
5th Ave between E 8th St & E 10th St,D2,High,"January 13, 2025","January 15, 2025",2025-01-13,2025-01-15,2,2025,1,2025-01,post_newsom_order,Closure,,False,False,False,False,,intersection,"5th Avenue between E 8th Street & E 10th Street, Oakland, CA",,,,Closure
5th Ave between Embarcadero & E 8th St,D2,High,"January 13, 2025","January 15, 2025",2025-01-13,2025-01-15,2,2025,1,2025-01,post_newsom_order,Closure,,False,False,False,False,,intersection,"5th Avenue between Embarcadero & E 8th Street, Oakland, CA",,,,Closure
Estuary Park/Jack London Aquatic Center,D2,High,"January 09, 2025","January 10, 2025",2025-01-09,2025-01-10,1,2025,1,2025-01,post_newsom_order,Closure,,False,False,False,False,,named_place,"Estuary Park, Oakland, CA",37.7907,-122.249,known_place_lookup,Closure
42nd between MLK & Telegraph,D1,Low,"January 08, 2025","January 09, 2025",2025-01-08,2025-01-09,1,2025,1,2025-01,post_newsom_order,Closure,,False,False,False,False,,intersection,"42nd between Martin Luther King Jr Boulevard & Telegraph, Oakland, CA",,,,Closure
42nd & Dover,D1,Low,"January 08, 2025","January 09, 2025",2025-01-08,2025-01-09,1,2025,1,2025-01,post_newsom_order,Closure,,False,False,False,False,,named_place,"42nd & Dover, Oakland, CA",,,,Closure
45th between Telegraph & MLK,D1,Low,"January 06, 2025","January 07, 2025",2025-01-06,2025-01-07,1,2025,1,2025-01,post_newsom_order,Closure,,False,False,False,False,,intersection,"45th between Telegraph & Martin Luther King Jr Boulevard, Oakland, CA",,,,Closure
Median at 73rd Ave & Hawley St,D6,High,"December 18, 2024","December 18, 2024",2024-12-18,2024-12-18,0,2024,12,2024-12,post_newsom_order,Closure,,False,False,False,False,,named_place,"Median at 73rd Avenue & Hawley Street, Oakland, CA",,,,Closure
Hawley St between 72nd Ave & 73rd Ave,D6,High,"December 18, 2024","December 18, 2024",2024-12-18,2024-12-18,0,2024,12,2024-12,post_newsom_order,Closure,,False,False,False,False,,intersection,"Hawley Street between 72nd Avenue & 73rd Avenue, Oakland, CA",,,,Closure
Bancroft Ave between 73rd Ave and 74th Ave,D6,High,"December 18, 2024","December 18, 2024",2024-12-18,2024-12-18,0,2024,12,2024-12,post_newsom_order,Closure,,False,False,False,False,,intersection,"Bancroft Avenue between 73rd Avenue and 74th Avenue, Oakland, CA",,,,Closure
Bancroft Ave between 74th Ave and 75th Ave,D6,High,"December 18, 2024","December 18, 2024",2024-12-18,2024-12-18,0,2024,12,2024-12,post_newsom_order,Closure,,False,False,False,False,,intersection,"Bancroft Avenue between 74th Avenue and 75th Avenue, Oakland, CA",,,,Closure
Jefferson Square Park,D3,High,"December 18, 2024","December 20, 2024",2024-12-18,2024-12-20,2,2024,12,2024-12,post_newsom_order,Closure,,False,False,False,False,,named_place,"Jefferson Square Park, Oakland, CA",37.8042,-122.271,known_place_lookup,Closure
6th St between Alice St and Jackson St,D2,High,"December 17, 2024","December 17, 2024",2024-12-17,2024-12-17,0,2024,12,2024-12,post_newsom_order,Closure,,False,False,False,False,,intersection,"6th Street between Alice Street and Jackson Street, Oakland, CA",,,,Closure
Chinese Garden Park,D2,High,"December 17, 2024","December 17, 2024",2024-12-17,2024-12-17,0,2024,12,2024-12,post_newsom_order,Closure,,False,False,False,False,,named_place,"Chinese Garden Park, Oakland, CA",37.7958,-122.2302,known_place_lookup,Closure
5th Ave between E 8th St & E 10th St,D2,High,"December 16, 2024","December 17, 2024",2024-12-16,2024-12-17,1,2024,12,2024-12,post_newsom_order,Closure,,False,False,False,False,,intersection,"5th Avenue between E 8th Street & E 10th Street, Oakland, CA",,,,Closure
7th St & E 8th St between Fallon St & 6th Ave,D2,High,"December 16, 2024","December 17, 2024",2024-12-16,2024-12-17,1,2024,12,2024-12,post_newsom_order,Closure,,False,False,False,False,,intersection,"7th Street & E 8th Street between Fallon Street & 6th Avenue, Oakland, CA",,,,Closure
5th Ave between Embarcadero & E 8th St,D2,High,"December 16, 2024","December 17, 2024",2024-12-16,2024-12-17,1,2024,12,2024-12,post_newsom_order,Closure,,False,False,False,False,,intersection,"5th Avenue between Embarcadero & E 8th Street, Oakland, CA",,,,Closure
5th Ave between E 8th St & E 10th St,D2,High,"December 13, 2024","December 13, 2024",2024-12-13,2024-12-13,0,2024,12,2024-12,post_newsom_order,Closure,,False,False,False,False,,intersection,"5th Avenue between E 8th Street & E 10th Street, Oakland, CA",,,,Closure
5th Ave between Embarcadero & E 8th St,D2,High,"December 13, 2024","December 13, 2024",2024-12-13,2024-12-13,0,2024,12,2024-12,post_newsom_order,Closure,,False,False,False,False,,intersection,"5th Avenue between Embarcadero & E 8th Street, Oakland, CA",,,,Closure
7th St & E 8th St between Fallon St & 6th Ave,D2,High,"December 13, 2024","December 13, 2024",2024-12-13,2024-12-13,0,2024,12,2024-12,post_newsom_order,Closure,,False,False,False,False,,intersection,"7th Street & E 8th Street between Fallon Street & 6th Avenue, Oakland, CA",,,,Closure
Franklin St & 6th St,D3,High,"December 12, 2024","December 13, 2024",2024-12-12,2024-12-13,1,2024,12,2024-12,post_newsom_order,Closure,,False,False,False,False,,named_place,"Franklin Street & 6th Street, Oakland, CA",,,,Closure
Vantage Point Park,D2,High,"December 12, 2024","December 12, 2024",2024-12-12,2024-12-12,0,2024,12,2024-12,post_newsom_order,Closure,,False,False,False,False,,named_place,"Vantage Point Park, Oakland, CA",37.801,-122.2359,known_place_lookup,Closure
6th St between Franklin and Broadway,D3,High,"December 12, 2024","December 13, 2024",2024-12-12,2024-12-13,1,2024,12,2024-12,post_newsom_order,Closure,,False,False,False,False,,intersection,"6th Street between Franklin and Broadway, Oakland, CA",,,,Closure
Harrison St between 4th St and 5th St,D2,High,"December 11, 2024","December 11, 2024",2024-12-11,2024-12-11,0,2024,12,2024-12,post_newsom_order,Closure,,False,False,False,False,,intersection,"Harrison Street between 4th Street and 5th Street, Oakland, CA",,,,Closure
5th St between Harrison St and Webster St,D2,High,"December 11, 2024","December 11, 2024",2024-12-11,2024-12-11,0,2024,12,2024-12,post_newsom_order,Closure,,False,False,False,False,,intersection,"5th Street between Harrison Street and Webster Street, Oakland, CA",,,,Closure
Webster Place between 5th St and 6th St,D2,Low,"December 11, 2024","December 11, 2024",2024-12-11,2024-12-11,0,2024,12,2024-12,post_newsom_order,Closure,,False,False,False,False,,intersection,"Webster Place between 5th Street and 6th Street, Oakland, CA",,,,Closure
San Leandro St between 92nd Ave & 98th Ave,D7,High,"December 09, 2024","December 11, 2024",2024-12-09,2024-12-11,2,2024,12,2024-12,post_newsom_order,Closure,,False,False,False,False,,intersection,"San Leandro Street between 92nd Avenue & 98th Avenue, Oakland, CA",,,,Closure
E 9th St between Fruitvale Ave and 33rd Ave,D5,High,"December 09, 2024","December 10, 2024",2024-12-09,2024-12-10,1,2024,12,2024-12,post_newsom_order,Closure,,False,False,False,False,,intersection,"E 9th Street between Fruitvale Avenue and 33rd Avenue, Oakland, CA",,,,Closure
E 9th St between 33rd Ave and 34th Ave,D5,High,"December 09, 2024","December 10, 2024",2024-12-09,2024-12-10,1,2024,12,2024-12,post_newsom_order,Closure,,False,False,False,False,,intersection,"E 9th Street between 33rd Avenue and 34th Avenue, Oakland, CA",,,,Closure
E 9th St between 34th Ave and 35th Ave,D5,High,"December 09, 2024","December 10, 2024",2024-12-09,2024-12-10,1,2024,12,2024-12,post_newsom_order,Closure,,False,False,False,False,,intersection,"E 9th Street between 34th Avenue and 35th Avenue, Oakland, CA",,,,Closure
E 9th St between 35th Ave and 36th Ave,D5,High,"December 09, 2024","December 10, 2024",2024-12-09,2024-12-10,1,2024,12,2024-12,post_newsom_order,Closure,,False,False,False,False,,intersection,"E 9th Street between 35th Avenue and 36th Avenue, Oakland, CA",,,,Closure
E 9th St between 36th Ave and 37th Ave,D5,High,"December 09, 2024","December 10, 2024",2024-12-09,2024-12-10,1,2024,12,2024-12,post_newsom_order,Closure,,False,False,False,False,,intersection,"E 9th Street between 36th Avenue and 37th Avenue, Oakland, CA",,,,Closure
Cul de sac at 36th Ave and E. 9th St,D5,High,"December 09, 2024","December 10, 2024",2024-12-09,2024-12-10,1,2024,12,2024-12,post_newsom_order,Closure,,False,False,False,False,,intersection,"Cul de sac at 36th Avenue and East 9th Street, Oakland, CA",,,,Closure
Cul de sac at 35th Ave and E. 9th St,D5,High,"December 09, 2024","December 10, 2024",2024-12-09,2024-12-10,1,2024,12,2024-12,post_newsom_order,Closure,,False,False,False,False,,intersection,"Cul de sac at 35th Avenue and East 9th Street, Oakland, CA",,,,Closure
Cul de sac at 34th Ave and E. 9th St,D5,High,"December 09, 2024","December 10, 2024",2024-12-09,2024-12-10,1,2024,12,2024-12,post_newsom_order,Closure,,False,False,False,False,,intersection,"Cul de sac at 34th Avenue and East 9th Street, Oakland, CA",,,,Closure
Cul de sac at 33rd Ave and E. 9th St,D5,High,"December 09, 2024","December 10, 2024",2024-12-09,2024-12-10,1,2024,12,2024-12,post_newsom_order,Closure,,False,False,False,False,,intersection,"Cul de sac at 33rd Avenue and East 9th Street, Oakland, CA",,,,Closure
Cul de sac at 33rd Ave and E. 9th St,D5,High,"December 06, 2024","December 06, 2024",2024-12-06,2024-12-06,0,2024,12,2024-12,post_newsom_order,Closure,,False,False,False,False,,intersection,"Cul de sac at 33rd Avenue and East 9th Street, Oakland, CA",,,,Closure
E 9th St between Fruitvale Ave and 33rd Ave,D5,High,"December 06, 2024","December 06, 2024",2024-12-06,2024-12-06,0,2024,12,2024-12,post_newsom_order,Closure,,False,False,False,False,,intersection,"E 9th Street between Fruitvale Avenue and 33rd Avenue, Oakland, CA",,,,Closure
E 9th St between 33rd Ave and 34th Ave,D5,High,"December 06, 2024","December 06, 2024",2024-12-06,2024-12-06,0,2024,12,2024-12,post_newsom_order,Closure,,False,False,False,False,,intersection,"E 9th Street between 33rd Avenue and 34th Avenue, Oakland, CA",,,,Closure
E 9th St between 34th Ave and 35th Ave,D5,High,"December 06, 2024","December 06, 2024",2024-12-06,2024-12-06,0,2024,12,2024-12,post_newsom_order,Closure,,False,False,False,False,,intersection,"E 9th Street between 34th Avenue and 35th Avenue, Oakland, CA",,,,Closure
E 9th St between 35th Ave and 36th Ave,D5,High,"December 06, 2024","December 06, 2024",2024-12-06,2024-12-06,0,2024,12,2024-12,post_newsom_order,Closure,,False,False,False,False,,intersection,"E 9th Street between 35th Avenue and 36th Avenue, Oakland, CA",,,,Closure
E 9th St between 36th Ave and 37th Ave,D5,High,"December 06, 2024","December 06, 2024",2024-12-06,2024-12-06,0,2024,12,2024-12,post_newsom_order,Closure,,False,False,False,False,,intersection,"E 9th Street between 36th Avenue and 37th Avenue, Oakland, CA",,,,Closure
Cul de sac at 36th Ave and E. 9th St,D5,High,"December 06, 2024","December 06, 2024",2024-12-06,2024-12-06,0,2024,12,2024-12,post_newsom_order,Closure,,False,False,False,False,,intersection,"Cul de sac at 36th Avenue and East 9th Street, Oakland, CA",,,,Closure
Cul de sac at 35th Ave and E. 9th St,D5,High,"December 06, 2024","December 06, 2024",2024-12-06,2024-12-06,0,2024,12,2024-12,post_newsom_order,Closure,,False,False,False,False,,intersection,"Cul de sac at 35th Avenue and East 9th Street, Oakland, CA",,,,Closure
Cul de sac at 34th Ave and E. 9th St,D5,High,"December 06, 2024","December 06, 2024",2024-12-06,2024-12-06,0,2024,12,2024-12,post_newsom_order,Closure,,False,False,False,False,,intersection,"Cul de sac at 34th Avenue and East 9th Street, Oakland, CA",,,,Closure
W MacArthur Blvd between Dover St & MLK,D1,Low,"December 05, 2024","December 05, 2024",2024-12-05,2024-12-05,0,2024,12,2024-12,post_newsom_order,Closure,,False,False,False,False,,intersection,"West MacArthur Boulevard between Dover Street & Martin Luther King Jr Boulevard, Oakland, CA",,,,Closure
30th St. between MLK and Telegraph,D3,High,"December 04, 2024","December 04, 2024",2024-12-04,2024-12-04,0,2024,12,2024-12,post_newsom_order,Closure,,False,False,False,False,,intersection,"30th Street. between Martin Luther King Jr Boulevard and Telegraph, Oakland, CA",,,,Closure
Castro St between 5th St and 6th St,D3,Low,"December 04, 2024","December 06, 2024",2024-12-04,2024-12-06,2,2024,12,2024-12,post_newsom_order,Closure,,False,False,False,False,,intersection,"Castro Street between 5th Street and 6th Street, Oakland, CA",,,,Closure
Castro St between 6th and 7th St,D3,Low,"December 04, 2024","December 06, 2024",2024-12-04,2024-12-06,2,2024,12,2024-12,post_newsom_order,Closure,,False,False,False,False,,intersection,"Castro Street between 6th and 7th Street, Oakland, CA",,,,Closure
29th St. between MLK and Telegraph,D3,High,"December 04, 2024","December 04, 2024",2024-12-04,2024-12-04,0,2024,12,2024-12,post_newsom_order,Closure,,False,False,False,False,,intersection,"29th Street. between Martin Luther King Jr Boulevard and Telegraph, Oakland, CA",,,,Closure
Vallejo & Stanford,D1,High,"December 04, 2024","December 04, 2024",2024-12-04,2024-12-04,0,2024,12,2024-12,post_newsom_order,Closure,,False,False,False,False,,named_place,"Vallejo & Stanford, Oakland, CA",,,,Closure
Lowell St between Arlington Ave & Grace Ave,D1,High,"December 02, 2024","December 03, 2024",2024-12-02,2024-12-03,1,2024,12,2024-12,post_newsom_order,Closure,,False,False,False,False,,intersection,"Lowell Street between Arlington Avenue & Grace Avenue, Oakland, CA",,,,Closure
San Leandro St between 92nd Ave & 98th Ave,D7,High,"December 02, 2024","December 03, 2024",2024-12-02,2024-12-03,1,2024,12,2024-12,post_newsom_order,Closure,,False,False,False,False,,intersection,"San Leandro Street between 92nd Avenue & 98th Avenue, Oakland, CA",,,,Closure
61st St between Bakers St & Lowell St,D1,High,"December 02, 2024","December 03, 2024",2024-12-02,2024-12-03,1,2024,12,2024-12,post_newsom_order,Closure,,False,False,False,False,,intersection,"61st Street between Bakers Street & Lowell Street, Oakland, CA",,,,Closure
61st Pl between Baker St & Lowell St,D1,High,"December 02, 2024","December 03, 2024",2024-12-02,2024-12-03,1,2024,12,2024-12,post_newsom_order,Closure,,False,False,False,False,,intersection,"61st Place between Baker Street & Lowell Street, Oakland, CA",,,,Closure
Lowell St between Grace Ave & Stanford Ave,D1,High,"December 02, 2024","December 03, 2024",2024-12-02,2024-12-03,1,2024,12,2024-12,post_newsom_order,Closure,,False,False,False,False,,intersection,"Lowell Street between Grace Avenue & Stanford Avenue, Oakland, CA",,,,Closure
Lowell St between 57th St & Arlinton Ave,D1,High,"December 02, 2024","December 03, 2024",2024-12-02,2024-12-03,1,2024,12,2024-12,post_newsom_order,Closure,,False,False,False,False,,intersection,"Lowell Street between 57th Street & Arlinton Avenue, Oakland, CA",,,,Closure
Lowell St between Aileen St & 57th St,D1,High,"December 02, 2024","December 03, 2024",2024-12-02,2024-12-03,1,2024,12,2024-12,post_newsom_order,Closure,,False,False,False,False,,intersection,"Lowell Street between Aileen Street & 57th Street, Oakland, CA",,,,Closure
Stanford Ave between Los Angeles and Lowell St,D1,High,"December 02, 2024","December 03, 2024",2024-12-02,2024-12-03,1,2024,12,2024-12,post_newsom_order,Closure,,False,False,False,False,,intersection,"Stanford Avenue between Los Angeles and Lowell Street, Oakland, CA",,,,Closure
Stanford Ave between Lowell St and Market St,D1,High,"December 02, 2024","December 03, 2024",2024-12-02,2024-12-03,1,2024,12,2024-12,post_newsom_order,Closure,,False,False,False,False,,intersection,"Stanford Avenue between Lowell Street and Market Street, Oakland, CA",,,,Closure
Grace Ave between Lowell St and Los Angeles St,D1,High,"December 02, 2024","December 03, 2024",2024-12-02,2024-12-03,1,2024,12,2024-12,post_newsom_order,Closure,,False,False,False,False,,intersection,"Grace Avenue between Lowell Street and Los Angeles Street, Oakland, CA",,,,Closure
Arlington Ave between Grace Lowell St and Los Angeles St,D1,High,"December 02, 2024","December 03, 2024",2024-12-02,2024-12-03,1,2024,12,2024-12,post_newsom_order,Closure,,False,False,False,False,,intersection,"Arlington Avenue between Grace Lowell Street and Los Angeles Street, Oakland, CA",,,,Closure
2863 E. 9th Street,D5,High,"November 27, 2024","November 27, 2024",2024-11-27,2024-11-27,0,2024,11,2024-11,post_newsom_order,Closure,,False,False,False,False,,address,"2863 East 9th Street, Oakland, CA",,,,Closure
36th & MLK,D3,High,"November 25, 2024","November 26, 2024",2024-11-25,2024-11-26,1,2024,11,2024-11,post_newsom_order,Closure,,False,False,False,False,,named_place,"36th & Martin Luther King Jr Boulevard, Oakland, CA",,,,Closure
Grove Shafter Park (s near park and encampment next to freeway),D3,High,"November 25, 2024","November 26, 2024",2024-11-25,2024-11-26,1,2024,11,2024-11,post_newsom_order,Closure,,False,False,False,False,,named_place,"Grove Shafter Park (s near park and encampment next to freeway), Oakland, CA",,,,Closure
International Blvd between 85th Ave and 86th Ave,D7,High,"November 22, 2024","November 22, 2024",2024-11-22,2024-11-22,0,2024,11,2024-11,post_newsom_order,Closure,,False,False,False,False,,intersection,"International Boulevard between 85th Avenue and 86th Avenue, Oakland, CA",,,,Closure
Bancroft Ave between 73rd Ave and 74th Ave,D6,High,"November 22, 2024","November 22, 2024",2024-11-22,2024-11-22,0,2024,11,2024-11,post_newsom_order,Closure,,False,False,False,False,,intersection,"Bancroft Avenue between 73rd Avenue and 74th Avenue, Oakland, CA",,,,Closure
Cul-de-sac at 75th Ave & Bancroft Ave,D6,High,"November 22, 2024","November 22, 2024",2024-11-22,2024-11-22,0,2024,11,2024-11,post_newsom_order,Closure,,False,False,False,False,,named_place,"Cul-de-sac at 75th Avenue & Bancroft Avenue, Oakland, CA",,,,Closure
Bancroft Ave between 74th Ave and 75th Ave,D6,High,"November 22, 2024","November 22, 2024",2024-11-22,2024-11-22,0,2024,11,2024-11,post_newsom_order,Closure,,False,False,False,False,,intersection,"Bancroft Avenue between 74th Avenue and 75th Avenue, Oakland, CA",,,,Closure
International Blvd between 84th Ave and 85th Ave,D7,High,"November 22, 2024","November 22, 2024",2024-11-22,2024-11-22,0,2024,11,2024-11,post_newsom_order,Closure,,False,False,False,False,,intersection,"International Boulevard between 84th Avenue and 85th Avenue, Oakland, CA",,,,Closure
International Blvd between 83rd Ave and 84th Ave,D7,High,"November 22, 2024","November 22, 2024",2024-11-22,2024-11-22,0,2024,11,2024-11,post_newsom_order,Closure,,False,False,False,False,,intersection,"International Boulevard between 83rd Avenue and 84th Avenue, Oakland, CA",,,,Closure
89th Ave between International Blvd & Holly St,D7,High,"November 19, 2024","November 21, 2024",2024-11-19,2024-11-21,2,2024,11,2024-11,post_newsom_order,Closure,,False,False,False,False,,intersection,"89th Avenue between International Boulevard & Holly Street, Oakland, CA",,,,Closure
86th Ave between International Blvd & A St,D7,High,"November 19, 2024","November 21, 2024",2024-11-19,2024-11-21,2,2024,11,2024-11,post_newsom_order,Closure,,False,False,False,False,,intersection,"86th Avenue between International Boulevard & A Street, Oakland, CA",,,,Closure
85th Ave between International Blvd & A St,D7,High,"November 19, 2024","November 21, 2024",2024-11-19,2024-11-21,2,2024,11,2024-11,post_newsom_order,Closure,,False,False,False,False,,intersection,"85th Avenue between International Boulevard & A Street, Oakland, CA",,,,Closure
International Blvd between 90th Ave and 91st Ave,D7,High,"November 19, 2024","November 21, 2024",2024-11-19,2024-11-21,2,2024,11,2024-11,post_newsom_order,Closure,,False,False,False,False,,intersection,"International Boulevard between 90th Avenue and 91st Avenue, Oakland, CA",,,,Closure
84th Ave between International Blvd & A St,D7,High,"November 19, 2024","November 21, 2024",2024-11-19,2024-11-21,2,2024,11,2024-11,post_newsom_order,Closure,,False,False,False,False,,intersection,"84th Avenue between International Boulevard & A Street, Oakland, CA",,,,Closure
81st Ave between International Blvd & Holly St,D7,High,"November 19, 2024","November 21, 2024",2024-11-19,2024-11-21,2,2024,11,2024-11,post_newsom_order,Closure,,False,False,False,False,,intersection,"81st Avenue between International Boulevard & Holly Street, Oakland, CA",,,,Closure
International Blvd between 89th Ave and 90th Ave,D7,High,"November 19, 2024","November 21, 2024",2024-11-19,2024-11-21,2,2024,11,2024-11,post_newsom_order,Closure,,False,False,False,False,,intersection,"International Boulevard between 89th Avenue and 90th Avenue, Oakland, CA",,,,Closure
International Blvd between 88th Ave and 89th Ave,D7,High,"November 19, 2024","November 21, 2024",2024-11-19,2024-11-21,2,2024,11,2024-11,post_newsom_order,Closure,,False,False,False,False,,intersection,"International Boulevard between 88th Avenue and 89th Avenue, Oakland, CA",,,,Closure
International Blvd between 87th Ave and 88th Ave,D7,High,"November 19, 2024","November 21, 2024",2024-11-19,2024-11-21,2,2024,11,2024-11,post_newsom_order,Closure,,False,False,False,False,,intersection,"International Boulevard between 87th Avenue and 88th Avenue, Oakland, CA",,,,Closure
International Blvd between 86th Ave and 87th Ave,D7,High,"November 19, 2024","November 21, 2024",2024-11-19,2024-11-21,2,2024,11,2024-11,post_newsom_order,Closure,,False,False,False,False,,intersection,"International Boulevard between 86th Avenue and 87th Avenue, Oakland, CA",,,,Closure
91st Ave between International Blvd & A St,D7,High,"November 19, 2024","November 21, 2024",2024-11-19,2024-11-21,2,2024,11,2024-11,post_newsom_order,Closure,,False,False,False,False,,intersection,"91st Avenue between International Boulevard & A Street, Oakland, CA",,,,Closure
90th Ave between International Blvd & A St,D7,High,"November 19, 2024","November 21, 2024",2024-11-19,2024-11-21,2,2024,11,2024-11,post_newsom_order,Closure,,False,False,False,False,,intersection,"90th Avenue between International Boulevard & A Street, Oakland, CA",,,,Closure
Auseon Ave between International Blvd & Holly St,D7,High,"November 19, 2024","November 21, 2024",2024-11-19,2024-11-21,2,2024,11,2024-11,post_newsom_order,Closure,,False,False,False,False,,intersection,"Auseon Avenue between International Boulevard & Holly Street, Oakland, CA",,,,Closure
100 Oak St/Oak St & Fallon St,D2,High,"November 18, 2024","November 18, 2024",2024-11-18,2024-11-18,0,2024,11,2024-11,post_newsom_order,Closure,,False,False,False,False,,address,"100 Oak Street, Oakland, CA",,,,Closure
23rd St. between MLK and San Pablo,D3,High,"November 18, 2024","November 18, 2024",2024-11-18,2024-11-18,0,2024,11,2024-11,post_newsom_order,Closure,,False,False,False,False,,intersection,"23rd Street. between Martin Luther King Jr Boulevard and San Pablo, Oakland, CA",,,,Closure
30th St. between MLK and Telegraph,D3,High,"November 18, 2024","November 18, 2024",2024-11-18,2024-11-18,0,2024,11,2024-11,post_newsom_order,Closure,,False,False,False,False,,intersection,"30th Street. between Martin Luther King Jr Boulevard and Telegraph, Oakland, CA",,,,Closure
Cul-de-sac at 73rd Ave and Herbert Guice Way,D6,High,"November 13, 2024","November 14, 2024",2024-11-13,2024-11-14,1,2024,11,2024-11,post_newsom_order,Closure,,False,False,False,False,,intersection,"Cul-de-sac at 73rd Avenue and Herbert Guice Way, Oakland, CA",,,,Closure
45th Ave between Foothill Blvd and Bond St,D5,High,"November 12, 2024","November 12, 2024",2024-11-12,2024-11-12,0,2024,11,2024-11,post_newsom_order,Closure,,False,False,False,False,,intersection,"45th Avenue between Foothill Boulevard and Bond Street, Oakland, CA",,,,Closure
International Blvd between 83rd Ave and 84th Ave,D7,High,"November 12, 2024","November 15, 2024",2024-11-12,2024-11-15,3,2024,11,2024-11,post_newsom_order,Closure,,False,False,False,False,,intersection,"International Boulevard between 83rd Avenue and 84th Avenue, Oakland, CA",,,,Closure
International Blvd between 84th Ave and 85th Ave,D7,High,"November 12, 2024","November 15, 2024",2024-11-12,2024-11-15,3,2024,11,2024-11,post_newsom_order,Closure,,False,False,False,False,,intersection,"International Boulevard between 84th Avenue and 85th Avenue, Oakland, CA",,,,Closure
Bond St between 45th Ave and 46th Ave,D5,High,"November 12, 2024","November 12, 2024",2024-11-12,2024-11-12,0,2024,11,2024-11,post_newsom_order,Closure,,False,False,False,False,,intersection,"Bond Street between 45th Avenue and 46th Avenue, Oakland, CA",,,,Closure
Bond St between High St and 45th Ave,D5,High,"November 12, 2024","November 12, 2024",2024-11-12,2024-11-12,0,2024,11,2024-11,post_newsom_order,Closure,,False,False,False,False,,intersection,"Bond Street between High Street and 45th Avenue, Oakland, CA",,,,Closure
Bond St between High St and 42nd Avenue,D5,High,"November 12, 2024","November 12, 2024",2024-11-12,2024-11-12,0,2024,11,2024-11,post_newsom_order,Closure,,False,False,False,False,,intersection,"Bond Street between High Street and 42nd Avenue, Oakland, CA",,,,Closure
International Blvd between 85th Ave and 86th Ave,D7,High,"November 12, 2024","November 15, 2024",2024-11-12,2024-11-15,3,2024,11,2024-11,post_newsom_order,Closure,,False,False,False,False,,intersection,"International Boulevard between 85th Avenue and 86th Avenue, Oakland, CA",,,,Closure
High Street Between Bond Street and Foothill,D5,High,"November 12, 2024","November 12, 2024",2024-11-12,2024-11-12,0,2024,11,2024-11,post_newsom_order,Closure,,False,False,False,False,,intersection,"High Street Between Bond Street and Foothill, Oakland, CA",,,,Closure
88th Ave between Holly St and International Blvd (Elmhurst Library),D7,High,"November 12, 2024","November 15, 2024",2024-11-12,2024-11-15,3,2024,11,2024-11,post_newsom_order,Closure,,False,False,False,False,,intersection,"88th Avenue between Holly Street and International Boulevard (Elmhurst Library), Oakland, CA",,,,Closure
E St between 101st Ave and 102nd Ave,D7,High,"November 01, 2024","November 01, 2024",2024-11-01,2024-11-01,0,2024,11,2024-11,post_newsom_order,Closure,,False,False,False,False,,intersection,"East Street between 101st Avenue and 102nd Avenue, Oakland, CA",,,,Closure
E St between 104th Ave & 105th Ave,D7,High,"November 01, 2024","November 01, 2024",2024-11-01,2024-11-01,0,2024,11,2024-11,post_newsom_order,Closure,,False,False,False,False,,intersection,"East Street between 104th Avenue & 105th Avenue, Oakland, CA",,,,Closure
E St between 103rd Ave and 104th Ave,D7,High,"November 01, 2024","November 01, 2024",2024-11-01,2024-11-01,0,2024,11,2024-11,post_newsom_order,Closure,,False,False,False,False,,intersection,"East Street between 103rd Avenue and 104th Avenue, Oakland, CA",,,,Closure
E St between 102nd and 103rd Ave,D7,High,"November 01, 2024","November 01, 2024",2024-11-01,2024-11-01,0,2024,11,2024-11,post_newsom_order,Closure,,False,False,False,False,,intersection,"East Street between 102nd and 103rd Avenue, Oakland, CA",,,,Closure
E St between 100th Ave and 101st Ave,D7,High,"November 01, 2024","November 01, 2024",2024-11-01,2024-11-01,0,2024,11,2024-11,post_newsom_order,Closure,,False,False,False,False,,intersection,"East Street between 100th Avenue and 101st Avenue, Oakland, CA",,,,Closure
E St between 98th Ave and 100th Ave,D7,High,"November 01, 2024","November 01, 2024",2024-11-01,2024-11-01,0,2024,11,2024-11,post_newsom_order,Closure,,False,False,False,False,,intersection,"East Street between 98th Avenue and 100th Avenue, Oakland, CA",,,,Closure
Mandela Pkwy between 12th St and 13th St,D3,High,"October 30, 2024","October 30, 2024",2024-10-30,2024-10-30,0,2024,10,2024-10,post_newsom_order,Closure,,False,False,False,False,,intersection,"Mandela Parkway between 12th Street and 13th Street, Oakland, CA",,,,Closure
Median at Mandela Pkwy between 12th St and 14th St,D3,High,"October 30, 2024","October 30, 2024",2024-10-30,2024-10-30,0,2024,10,2024-10,post_newsom_order,Closure,,False,False,False,False,,intersection,"Median at Mandela Parkway between 12th Street and 14th Street, Oakland, CA",,,,Closure
Mandela Pkwy between 13th St and 14th St,D3,High,"October 30, 2024","October 30, 2024",2024-10-30,2024-10-30,0,2024,10,2024-10,post_newsom_order,Closure,,False,False,False,False,,intersection,"Mandela Parkway between 13th Street and 14th Street, Oakland, CA",,,,Closure
West St between West Grand Ave and San Pablo Ave,D3,High,"October 29, 2024","November 01, 2024",2024-10-29,2024-11-01,3,2024,10,2024-10,post_newsom_order,Closure,,False,False,False,False,,intersection,"West Street between West Grand Avenue and San Pablo Avenue, Oakland, CA",,,,Closure
W. Grand Between West St and Isabella St,D3,High,"October 29, 2024","November 01, 2024",2024-10-29,2024-11-01,3,2024,10,2024-10,post_newsom_order,Closure,,False,False,False,False,,intersection,"West Grand Between West Street and Isabella Street, Oakland, CA",,,,Closure
W. Grand Between Brush St and West St,D3,High,"October 29, 2024","November 01, 2024",2024-10-29,2024-11-01,3,2024,10,2024-10,post_newsom_order,Closure,,False,False,False,False,,intersection,"West Grand Between Brush Street and West Street, Oakland, CA",,,,Closure
"Cypress Freeway Memorial Park (FS3), 1301 Mandela Parkway",D3,High,"October 29, 2024","October 29, 2024",2024-10-29,2024-10-29,0,2024,10,2024-10,post_newsom_order,Closure,,False,False,False,False,,named_place,"Cypress Freeway Memorial Park (FS3), 1301 Mandela Parkway, Oakland, CA",37.8199,-122.2891,known_place_lookup,Closure
13th St between Center and Mandela Pkwy,D3,High,"October 29, 2024","October 29, 2024",2024-10-29,2024-10-29,0,2024,10,2024-10,post_newsom_order,Closure,,False,False,False,False,,named_place,"13th Street between Center and Mandela Parkway, Oakland, CA",,,,Closure
Mandela Pkwy between 13th and 14th,D3,High,"October 29, 2024","October 29, 2024",2024-10-29,2024-10-29,0,2024,10,2024-10,post_newsom_order,Closure,,False,False,False,False,,intersection,"Mandela Parkway between 13th and 14th, Oakland, CA",,,,Closure
14th St between Center St and Mandela Pkwy,D3,High,"October 29, 2024","October 29, 2024",2024-10-29,2024-10-29,0,2024,10,2024-10,post_newsom_order,Closure,,False,False,False,False,,named_place,"14th Street between Center Street and Mandela Parkway, Oakland, CA",,,,Closure
23rd St between West St and Brush St,D3,High,"October 29, 2024","November 01, 2024",2024-10-29,2024-11-01,3,2024,10,2024-10,post_newsom_order,Closure,,False,False,False,False,,intersection,"23rd Street between West Street and Brush Street, Oakland, CA",,,,Closure
Clara St between Edes & Oscar Ave,D7,High,"October 28, 2024","October 28, 2024",2024-10-28,2024-10-28,0,2024,10,2024-10,post_newsom_order,Closure,,False,False,False,False,,intersection,"Clara Street between Edes & Oscar Avenue, Oakland, CA",,,,Closure
Lake Merritt: Fairyland (zone 1 and zone 2),D3,High,"October 24, 2024","October 25, 2024",2024-10-24,2024-10-25,1,2024,10,2024-10,post_newsom_order,Closure,,False,False,False,False,,named_place,"Lake Merritt, Oakland, CA",37.7982,-122.2587,known_place_lookup,Closure
"Cypress Freeway Memorial Park (FS3), 1301 Mandela Parkway",D3,High,"October 22, 2024","October 25, 2024",2024-10-22,2024-10-25,3,2024,10,2024-10,post_newsom_order,Closure,,False,False,False,False,,named_place,"Cypress Freeway Memorial Park (FS3), 1301 Mandela Parkway, Oakland, CA",37.8199,-122.2891,known_place_lookup,Closure
13th St between Center and Mandela Pkwy,D3,High,"October 22, 2024","October 25, 2024",2024-10-22,2024-10-25,3,2024,10,2024-10,post_newsom_order,Closure,,False,False,False,False,,named_place,"13th Street between Center and Mandela Parkway, Oakland, CA",,,,Closure
Mandela Pkwy between 13th and 14th,D3,High,"October 22, 2024","October 25, 2024",2024-10-22,2024-10-25,3,2024,10,2024-10,post_newsom_order,Closure,,False,False,False,False,,intersection,"Mandela Parkway between 13th and 14th, Oakland, CA",,,,Closure
14th St between Center St and Mandela Pkwy,D3,High,"October 22, 2024","October 25, 2024",2024-10-22,2024-10-25,3,2024,10,2024-10,post_newsom_order,Closure,,False,False,False,False,,named_place,"14th Street between Center Street and Mandela Parkway, Oakland, CA",,,,Closure
Union Point Park,D5,High,"October 21, 2024","October 21, 2024",2024-10-21,2024-10-21,0,2024,10,2024-10,post_newsom_order,Closure,,False,False,False,False,,named_place,"Union Point Park, Oakland, CA",37.7742,-122.2316,known_place_lookup,Closure
Median at 1008 E 23rd St and Calcot Pl,D5,High,"October 17, 2024","October 17, 2024",2024-10-17,2024-10-17,0,2024,10,2024-10,post_newsom_order,Closure,,False,False,False,False,,intersection,"Median at 1008 E 23rd Street and Calcot Place, Oakland, CA",,,,Closure
1000 Calcot Place (Homeless camp is on 23rd Ave near on-ramp near large blue building),D5,High,"October 17, 2024","October 17, 2024",2024-10-17,2024-10-17,0,2024,10,2024-10,post_newsom_order,Closure,,False,False,False,False,,named_place,"1000 Calcot Place (Homeless camp is on 23rd Avenue near on-ramp near large blue building), Oakland, CA",,,,Closure
Cul de sac at 1091 Calcot Pl,D5,High,"October 17, 2024","October 17, 2024",2024-10-17,2024-10-17,0,2024,10,2024-10,post_newsom_order,Closure,,False,False,False,False,,named_place,"Cul de sac at 1091 Calcot Place, Oakland, CA",,,,Closure
Coral Rd between Cairo Rd & Sextus Rd,D7,High,"October 16, 2024","October 16, 2024",2024-10-16,2024-10-16,0,2024,10,2024-10,post_newsom_order,Closure,,False,False,False,False,,intersection,"Coral Road between Cairo Road & Sextus Road, Oakland, CA",,,,Closure
Coral Rd between Tunist Rd & Sextus Rd,D7,High,"October 16, 2024","October 16, 2024",2024-10-16,2024-10-16,0,2024,10,2024-10,post_newsom_order,Closure,,False,False,False,False,,intersection,"Coral Road between Tunist Road & Sextus Road, Oakland, CA",,,,Closure
Cul-de-sac at 39th St. and MLK,D3,High,"October 15, 2024","October 15, 2024",2024-10-15,2024-10-15,0,2024,10,2024-10,post_newsom_order,Closure,,False,False,False,False,,intersection,"Cul-de-sac at 39th Street. and Martin Luther King Jr Boulevard, Oakland, CA",,,,Closure
29th St. between MLK and Telegraph,D3,High,"October 14, 2024","October 15, 2024",2024-10-14,2024-10-15,1,2024,10,2024-10,post_newsom_order,Closure,,False,False,False,False,,intersection,"29th Street. between Martin Luther King Jr Boulevard and Telegraph, Oakland, CA",,,,Closure
30th St. between MLK and Telegraph,D3,High,"October 09, 2024","October 10, 2024",2024-10-09,2024-10-10,1,2024,10,2024-10,post_newsom_order,Closure,,False,False,False,False,,intersection,"30th Street. between Martin Luther King Jr Boulevard and Telegraph, Oakland, CA",,,,Closure
Bancroft Way between 46th Ave & 47th Ave,D5,High,"October 07, 2024","October 08, 2024",2024-10-07,2024-10-08,1,2024,10,2024-10,post_newsom_order,Closure,,False,False,False,False,,intersection,"Bancroft Way between 46th Avenue & 47th Avenue, Oakland, CA",,,,Closure
Enterprise Way between Edes Ave and 85th Ave,D7,High,"October 04, 2024","October 04, 2024",2024-10-04,2024-10-04,0,2024,10,2024-10,post_newsom_order,Closure,,False,False,False,False,,intersection,"Enterprise Way between Edes Avenue and 85th Avenue, Oakland, CA",,,,Closure
Independent Loop,D6,High,"October 01, 2024","October 03, 2024",2024-10-01,2024-10-03,2,2024,10,2024-10,post_newsom_order,Closure,,False,False,False,False,,named_place,"Independent Loop, Oakland, CA",,,,Closure
Clinton Park,D2,High,"September 30, 2024","September 30, 2024",2024-09-30,2024-09-30,0,2024,9,2024-09,post_newsom_order,Closure,,False,False,False,False,,named_place,"Clinton Park, Oakland, CA",37.8082,-122.2544,known_place_lookup,Closure
6th Ave between International Blvd and E 12th St,D2,High,"September 30, 2024","September 30, 2024",2024-09-30,2024-09-30,0,2024,9,2024-09,post_newsom_order,Closure,,False,False,False,False,,intersection,"6th Avenue between International Boulevard and E 12th Street, Oakland, CA",,,,Closure
10th St & East Dr,D2,High,"September 24, 2024","September 26, 2024",2024-09-24,2024-09-26,2,2024,9,2024-09,post_newsom_order,Closure,,False,False,False,False,,named_place,"10th Street & East Drive, Oakland, CA",,,,Closure
Peralta Park,D2,High,"September 24, 2024","September 26, 2024",2024-09-24,2024-09-26,2,2024,9,2024-09,post_newsom_order,Closure,,False,False,False,False,,named_place,"Peralta Park, Oakland, CA",37.8175,-122.2779,known_place_lookup,Closure
67th Ave between Foothill Blvd and Bancroft Ave,D6,High,"September 23, 2024","September 23, 2024",2024-09-23,2024-09-23,0,2024,9,2024-09,post_newsom_order,Closure,,False,False,False,False,,intersection,"67th Avenue between Foothill Boulevard and Bancroft Avenue, Oakland, CA",,,,Closure
Bancroft Blvd between 67th Ave and 68th Ave,D6,High,"September 23, 2024","September 23, 2024",2024-09-23,2024-09-23,0,2024,9,2024-09,post_newsom_order,Closure,,False,False,False,False,,intersection,"Bancroft Boulevard between 67th Avenue and 68th Avenue, Oakland, CA",,,,Closure
68th Ave between Foothill Blvd and Bancroft Ave,D6,High,"September 23, 2024","September 23, 2024",2024-09-23,2024-09-23,0,2024,9,2024-09,post_newsom_order,Closure,,False,False,False,False,,intersection,"68th Avenue between Foothill Boulevard and Bancroft Avenue, Oakland, CA",,,,Closure
Foothill Blvd between 67th Avenue and 68th Avenue,D6,High,"September 23, 2024","September 23, 2024",2024-09-23,2024-09-23,0,2024,9,2024-09,post_newsom_order,Closure,,False,False,False,False,,intersection,"Foothill Boulevard between 67th Avenue and 68th Avenue, Oakland, CA",,,,Closure
23rd St between MLK to Northgate,D3,High,"September 23, 2024","September 27, 2024",2024-09-23,2024-09-27,4,2024,9,2024-09,post_newsom_order,Closure,,False,False,False,False,,intersection,"23rd Street between Martin Luther King Jr Boulevard to Northgate, Oakland, CA",,,,Closure
MLK between 24th & 25th,D3,High,"September 23, 2024","September 27, 2024",2024-09-23,2024-09-27,4,2024,9,2024-09,post_newsom_order,Closure,,False,False,False,False,,intersection,"Martin Luther King Jr Boulevard between 24th & 25th, Oakland, CA",,,,Closure
MLK between 23rd & 24th,D3,High,"September 23, 2024","September 27, 2024",2024-09-23,2024-09-27,4,2024,9,2024-09,post_newsom_order,Closure,,False,False,False,False,,intersection,"Martin Luther King Jr Boulevard between 23rd & 24th, Oakland, CA",,,,Closure
MLk between W Grand Ave & 23rd,D3,High,"September 23, 2024","September 27, 2024",2024-09-23,2024-09-27,4,2024,9,2024-09,post_newsom_order,Closure,,False,False,False,False,,intersection,"Martin Luther King Jr Boulevard between West Grand Avenue & 23rd, Oakland, CA",,,,Closure
W Grand Ave between San Pablo Ave & MLK,D3,High,"September 23, 2024","September 27, 2024",2024-09-23,2024-09-27,4,2024,9,2024-09,post_newsom_order,Closure,,False,False,False,False,,intersection,"West Grand Avenue between San Pablo Avenue & Martin Luther King Jr Boulevard, Oakland, CA",,,,Closure
MLK between San Pablo Ave & W Grand Ave,D3,High,"September 23, 2024","September 27, 2024",2024-09-23,2024-09-27,4,2024,9,2024-09,post_newsom_order,Closure,,False,False,False,False,,intersection,"Martin Luther King Jr Boulevard between San Pablo Avenue & West Grand Avenue, Oakland, CA",,,,Closure
San Pablo Ave between W Grand Ave & MLK,D3,High,"September 23, 2024","September 27, 2024",2024-09-23,2024-09-27,4,2024,9,2024-09,post_newsom_order,Closure,,False,False,False,False,,intersection,"San Pablo Avenue between West Grand Avenue & Martin Luther King Jr Boulevard, Oakland, CA",,,,Closure
23rd St. between MLK and San Pablo,D3,High,"September 23, 2024","September 27, 2024",2024-09-23,2024-09-27,4,2024,9,2024-09,post_newsom_order,Closure,,False,False,False,False,,intersection,"23rd Street. between Martin Luther King Jr Boulevard and San Pablo, Oakland, CA",,,,Closure
MLk between W Grand Ave & 23rd,D3,High,"September 16, 2024","September 20, 2024",2024-09-16,2024-09-20,4,2024,9,2024-09,post_newsom_order,Closure,,False,False,False,False,,intersection,"Martin Luther King Jr Boulevard between West Grand Avenue & 23rd, Oakland, CA",,,,Closure
23rd St. between MLK and San Pablo,D3,High,"September 16, 2024","September 20, 2024",2024-09-16,2024-09-20,4,2024,9,2024-09,post_newsom_order,Closure,,False,False,False,False,,intersection,"23rd Street. between Martin Luther King Jr Boulevard and San Pablo, Oakland, CA",,,,Closure
San Pablo Ave between W Grand Ave & MLK,D3,High,"September 16, 2024","September 20, 2024",2024-09-16,2024-09-20,4,2024,9,2024-09,post_newsom_order,Closure,,False,False,False,False,,intersection,"San Pablo Avenue between West Grand Avenue & Martin Luther King Jr Boulevard, Oakland, CA",,,,Closure
MLK between San Pablo Ave & W Grand Ave,D3,High,"September 16, 2024","September 20, 2024",2024-09-16,2024-09-20,4,2024,9,2024-09,post_newsom_order,Closure,,False,False,False,False,,intersection,"Martin Luther King Jr Boulevard between San Pablo Avenue & West Grand Avenue, Oakland, CA",,,,Closure
W Grand Ave between San Pablo Ave & MLK,D3,High,"September 16, 2024","September 20, 2024",2024-09-16,2024-09-20,4,2024,9,2024-09,post_newsom_order,Closure,,False,False,False,False,,intersection,"West Grand Avenue between San Pablo Avenue & Martin Luther King Jr Boulevard, Oakland, CA",,,,Closure
MLK between 23rd & 24th,D3,High,"September 16, 2024","September 20, 2024",2024-09-16,2024-09-20,4,2024,9,2024-09,post_newsom_order,Closure,,False,False,False,False,,intersection,"Martin Luther King Jr Boulevard between 23rd & 24th, Oakland, CA",,,,Closure
MLK between 24th & 25th,D3,High,"September 16, 2024","September 20, 2024",2024-09-16,2024-09-20,4,2024,9,2024-09,post_newsom_order,Closure,,False,False,False,False,,intersection,"Martin Luther King Jr Boulevard between 24th & 25th, Oakland, CA",,,,Closure
23rd St between MLK to Northgate,D3,High,"September 16, 2024","September 20, 2024",2024-09-16,2024-09-20,4,2024,9,2024-09,post_newsom_order,Closure,,False,False,False,False,,intersection,"23rd Street between Martin Luther King Jr Boulevard to Northgate, Oakland, CA",,,,Closure
Peralta Park,D2,High,"September 12, 2024","September 12, 2024",2024-09-12,2024-09-12,0,2024,9,2024-09,post_newsom_order,Deep Cleaning,,False,False,False,False,,named_place,"Peralta Park, Oakland, CA",37.8175,-122.2779,known_place_lookup,Deep Cleaning
Cul de sac at Collins Drive & Hegenberger Rd,D7,High,"September 10, 2024","September 11, 2024",2024-09-10,2024-09-11,1,2024,9,2024-09,post_newsom_order,Closure,,False,False,False,False,,named_place,"Cul de sac at Collins Drive & Hegenberger Road, Oakland, CA",,,,Closure
68th Ave between Foothill Blvd and Bancroft Ave,D6,High,"September 03, 2024","September 04, 2024",2024-09-03,2024-09-04,1,2024,9,2024-09,post_newsom_order,Closure,,False,False,False,False,,intersection,"68th Avenue between Foothill Boulevard and Bancroft Avenue, Oakland, CA",,,,Closure
Foothill Blvd between 67th Avenue and 68th Avenue,D6,High,"September 03, 2024","September 04, 2024",2024-09-03,2024-09-04,1,2024,9,2024-09,post_newsom_order,Closure,,False,False,False,False,,intersection,"Foothill Boulevard between 67th Avenue and 68th Avenue, Oakland, CA",,,,Closure
Bancroft Blvd between 67th Ave and 68th Ave,D6,High,"September 03, 2024","September 04, 2024",2024-09-03,2024-09-04,1,2024,9,2024-09,post_newsom_order,Closure,,False,False,False,False,,intersection,"Bancroft Boulevard between 67th Avenue and 68th Avenue, Oakland, CA",,,,Closure
67th Ave between Foothill Blvd and Bancroft Ave,D6,High,"September 03, 2024","September 04, 2024",2024-09-03,2024-09-04,1,2024,9,2024-09,post_newsom_order,Closure,,False,False,False,False,,intersection,"67th Avenue between Foothill Boulevard and Bancroft Avenue, Oakland, CA",,,,Closure
Lake Merritt: Fairyland (zone 1 and zone 2),D3,High,"August 28, 2024","August 29, 2024",2024-08-28,2024-08-29,1,2024,8,2024-08,post_newsom_order,Closure,,False,False,False,False,,named_place,"Lake Merritt, Oakland, CA",37.7982,-122.2587,known_place_lookup,Closure
Lowell St between Stanford Ave and 61st Pl,D1,High,"August 26, 2024","August 27, 2024",2024-08-26,2024-08-27,1,2024,8,2024-08,post_newsom_order,Closure,,False,False,False,False,,intersection,"Lowell Street between Stanford Avenue and 61st Place, Oakland, CA",,,,Closure
60th St between Idaho St & Lowell St,D1,High,"August 26, 2024","August 27, 2024",2024-08-26,2024-08-27,1,2024,8,2024-08,post_newsom_order,Closure,,False,False,False,False,,intersection,"60th Street between Idaho Street & Lowell Street, Oakland, CA",,,,Closure
61st Pl between Baker St & Lowell St,D1,High,"August 26, 2024","August 27, 2024",2024-08-26,2024-08-27,1,2024,8,2024-08,post_newsom_order,Closure,,False,False,False,False,,intersection,"61st Place between Baker Street & Lowell Street, Oakland, CA",,,,Closure
42nd between MLK & Telegraph,D1,High,"August 22, 2024","August 22, 2024",2024-08-22,2024-08-22,0,2024,8,2024-08,post_newsom_order,Closure,Deep Cleaning,True,False,False,False,northside; southside,intersection,"42nd between Martin Luther King Jr Boulevard & Telegraph, Oakland, CA",,,,Closure (Northside) Deep Cleaning (Southside)
6th Ave between International Blvd and E 12th St,D2,High,"August 21, 2024","August 21, 2024",2024-08-21,2024-08-21,0,2024,8,2024-08,post_newsom_order,Deep Cleaning,,False,False,False,False,,intersection,"6th Avenue between International Boulevard and E 12th Street, Oakland, CA",,,,Deep Cleaning
Clinton Park,D2,High,"August 21, 2024","August 21, 2024",2024-08-21,2024-08-21,0,2024,8,2024-08,post_newsom_order,Deep Cleaning,,False,False,False,False,,named_place,"Clinton Park, Oakland, CA",37.8082,-122.2544,known_place_lookup,Deep Cleaning
San Leandro St between 37th Ave and 38th Ave,D5,High,"August 19, 2024","August 20, 2024",2024-08-19,2024-08-20,1,2024,8,2024-08,post_newsom_order,Closure,,False,False,False,False,,intersection,"San Leandro Street between 37th Avenue and 38th Avenue, Oakland, CA",,,,Closure
San Leandro St between 38th Ave and 39th Ave,D5,High,"August 19, 2024","August 20, 2024",2024-08-19,2024-08-20,1,2024,8,2024-08,post_newsom_order,Closure,,False,False,False,False,,intersection,"San Leandro Street between 38th Avenue and 39th Avenue, Oakland, CA",,,,Closure
38th ave Cul De Sac,D5,High,"August 19, 2024","August 20, 2024",2024-08-19,2024-08-20,1,2024,8,2024-08,post_newsom_order,Closure,,False,False,False,False,,named_place,"38th ave Cul De Sac, Oakland, CA",,,,Closure
International Blvd between 105th Ave and 106th Ave,D7,High,"August 12, 2024","August 16, 2024",2024-08-12,2024-08-16,4,2024,8,2024-08,post_newsom_order,Closure,,False,False,False,False,,intersection,"International Boulevard between 105th Avenue and 106th Avenue, Oakland, CA",,,,Closure
International Blvd between 106th Ave and 107th Ave,D7,High,"August 12, 2024","August 16, 2024",2024-08-12,2024-08-16,4,2024,8,2024-08,post_newsom_order,Closure,,False,False,False,False,,intersection,"International Boulevard between 106th Avenue and 107th Avenue, Oakland, CA",,,,Closure
San Leandro St between 100th Ave and Stone St,D7,High,"August 12, 2024","August 16, 2024",2024-08-12,2024-08-16,4,2024,8,2024-08,post_newsom_order,Closure,,False,False,False,False,,intersection,"San Leandro Street between 100th Avenue and Stone Street, Oakland, CA",,,,Closure
San Leandro St between Stone St and Apple St,D7,High,"August 12, 2024","August 16, 2024",2024-08-12,2024-08-16,4,2024,8,2024-08,post_newsom_order,Closure,,False,False,False,False,,intersection,"San Leandro Street between Stone Street and Apple Street, Oakland, CA",,,,Closure
San Leandro St between Apple St and 105th Ave,D7,High,"August 12, 2024","August 16, 2024",2024-08-12,2024-08-16,4,2024,8,2024-08,post_newsom_order,Closure,,False,False,False,False,,intersection,"San Leandro Street between Apple Street and 105th Avenue, Oakland, CA",,,,Closure
San Leandro St between Prune St and 100th Ave,D7,High,"August 12, 2024","August 16, 2024",2024-08-12,2024-08-16,4,2024,8,2024-08,post_newsom_order,Closure,,False,False,False,False,,intersection,"San Leandro Street between Prune Street and 100th Avenue, Oakland, CA",,,,Closure
San Leandro St between 98th Ave and Prune St,D7,High,"August 12, 2024","August 16, 2024",2024-08-12,2024-08-16,4,2024,8,2024-08,post_newsom_order,Closure,,False,False,False,False,,intersection,"San Leandro Street between 98th Avenue and Prune Street, Oakland, CA",,,,Closure
E St between 101st Ave and 102nd Ave,D7,High,"August 08, 2024","August 08, 2024",2024-08-08,2024-08-08,0,2024,8,2024-08,post_newsom_order,Closure,,False,False,False,False,,intersection,"East Street between 101st Avenue and 102nd Avenue, Oakland, CA",,,,Closure
E St between 100th Ave and 101st Ave,D7,High,"August 08, 2024","August 08, 2024",2024-08-08,2024-08-08,0,2024,8,2024-08,post_newsom_order,Closure,,False,False,False,False,,intersection,"East Street between 100th Avenue and 101st Avenue, Oakland, CA",,,,Closure
International Blvd between 106th Ave and 107th Ave,D7,High,"August 06, 2024","August 07, 2024",2024-08-06,2024-08-07,1,2024,8,2024-08,post_newsom_order,Closure,,False,False,False,False,,intersection,"International Boulevard between 106th Avenue and 107th Avenue, Oakland, CA",,,,Closure
International Blvd between 105th Ave and 106th Ave,D7,High,"August 06, 2024","August 07, 2024",2024-08-06,2024-08-07,1,2024,8,2024-08,post_newsom_order,Closure,,False,False,False,False,,intersection,"International Boulevard between 105th Avenue and 106th Avenue, Oakland, CA",,,,Closure
42nd between MLK & Telegraph,D1,Low,"August 05, 2024","August 05, 2024",2024-08-05,2024-08-05,0,2024,8,2024-08,post_newsom_order,Deep Cleaning,,False,False,False,False,,intersection,"42nd between Martin Luther King Jr Boulevard & Telegraph, Oakland, CA",,,,Deep Cleaning
Beach St between 34th St and Shellmound St: 3400 Beach St/ 3502 Beach St (Fencing line),D3,High,"July 31, 2024","August 02, 2024",2024-07-31,2024-08-02,2,2024,7,2024-07,post_grants_pass,Closure,,False,False,False,False,,named_place,"Beach Street between 34th Street and Shellmound Street, Oakland, CA",,,,Closure
Mosswood Park,D3,High,"July 30, 2024","July 30, 2024",2024-07-30,2024-07-30,0,2024,7,2024-07,post_grants_pass,Deep Cleaning,,False,False,False,False,,named_place,"Mosswood Park, Oakland, CA",37.8236,-122.2617,known_place_lookup,Deep Cleaning
Union Point Park,D5,High,"July 29, 2024","July 29, 2024",2024-07-29,2024-07-29,0,2024,7,2024-07,post_grants_pass,Closure,,False,False,False,False,,named_place,"Union Point Park, Oakland, CA",37.7742,-122.2316,known_place_lookup,Closure
W Grand Ave between Mandela Pkwy & Kirkham St,D3,High,"July 26, 2024","July 26, 2024",2024-07-26,2024-07-26,0,2024,7,2024-07,post_grants_pass,Closure,,False,False,False,False,,intersection,"West Grand Avenue between Mandela Parkway & Kirkham Street, Oakland, CA",,,,Closure
W Grand Ave between Kirkham St & Poplar St,D3,High,"July 26, 2024","July 26, 2024",2024-07-26,2024-07-26,0,2024,7,2024-07,post_grants_pass,Closure,,False,False,False,False,,intersection,"West Grand Avenue between Kirkham Street & Poplar Street, Oakland, CA",,,,Closure
Mandela Parkway between Peralta St & W Grand Ave,D3,High,"July 26, 2024","July 26, 2024",2024-07-26,2024-07-26,0,2024,7,2024-07,post_grants_pass,Closure,,False,False,False,False,,intersection,"Mandela Parkway between Peralta Street & West Grand Avenue, Oakland, CA",,,,Closure
Lake Merritt: Amphitheater/ 12th St between Lake Merritt Blvd and 11th St,D3,High,"July 26, 2024","July 26, 2024",2024-07-26,2024-07-26,0,2024,7,2024-07,post_grants_pass,Closure,,False,False,False,False,,named_place,"Lake Merritt, Oakland, CA",37.7982,-122.2587,known_place_lookup,Closure
Toll Plaza Beach,D3,High,"July 23, 2024","July 25, 2024",2024-07-23,2024-07-25,2,2024,7,2024-07,post_grants_pass,Closure,,False,False,False,False,,named_place,"Toll Plaza Beach, Oakland, CA",37.828,-122.376,known_place_lookup,Closure
15th Ave (Median) between Foothill Blvd and E. 19th Street  (1740 15th Ave),D2,High,"July 22, 2024","July 22, 2024",2024-07-22,2024-07-22,0,2024,7,2024-07,post_grants_pass,Closure,,False,False,False,False,,intersection,"15th Avenue (Median) between Foothill Boulevard and East 19th Street (1740 15th Avenue), Oakland, CA",,,,Closure
Wood St between 24th St and 26th St,D3,High,"July 15, 2024","July 19, 2024",2024-07-15,2024-07-19,4,2024,7,2024-07,post_grants_pass,Closure,,False,False,False,False,,intersection,"Wood Street between 24th Street and 26th Street, Oakland, CA",,,,Closure
Wood St between W Grand Ave and 24th St,D3,High,"July 15, 2024","July 19, 2024",2024-07-15,2024-07-19,4,2024,7,2024-07,post_grants_pass,Closure,,False,False,False,False,,intersection,"Wood Street between West Grand Avenue and 24th Street, Oakland, CA",,,,Closure
26th St between Wood Stand Mandela Pkwy,D3,High,"July 15, 2024","July 19, 2024",2024-07-15,2024-07-19,4,2024,7,2024-07,post_grants_pass,Closure,,False,False,False,False,,intersection,"26th Street between Wood Stand Mandela Parkway, Oakland, CA",,,,Closure
26th St between Willow St and Wood St,D3,High,"July 15, 2024","July 19, 2024",2024-07-15,2024-07-19,4,2024,7,2024-07,post_grants_pass,Closure,,False,False,False,False,,intersection,"26th Street between Willow Street and Wood Street, Oakland, CA",,,,Closure
Toll Plaza Beach,D3,High,"July 09, 2024","July 11, 2024",2024-07-09,2024-07-11,2,2024,7,2024-07,post_grants_pass,Closure,,False,False,False,False,,named_place,"Toll Plaza Beach, Oakland, CA",37.828,-122.376,known_place_lookup,Closure
15th Ave (Median) between Foothill Blvd and E. 19th Street  (1740 15th Ave),D2,High,"July 08, 2024","July 08, 2024",2024-07-08,2024-07-08,0,2024,7,2024-07,post_grants_pass,Closure,,False,False,False,False,,intersection,"15th Avenue (Median) between Foothill Boulevard and East 19th Street (1740 15th Avenue), Oakland, CA",,,,Closure
Solano Way between 17th Ave and 18th Ave,D2,High,"July 08, 2024","July 08, 2024",2024-07-08,2024-07-08,0,2024,7,2024-07,post_grants_pass,Closure,,False,False,False,False,,intersection,"Solano Way between 17th Avenue and 18th Avenue, Oakland, CA",,,,Closure
18th Ave between E12th St & Solano Way,D2,High,"July 08, 2024","July 08, 2024",2024-07-08,2024-07-08,0,2024,7,2024-07,post_grants_pass,Closure,,False,False,False,False,,intersection,"18th Avenue between E12th Street & Solano Way, Oakland, CA",,,,Closure
30th St. between MLK and Telegraph,D3,High,"July 03, 2024","July 03, 2024",2024-07-03,2024-07-03,0,2024,7,2024-07,post_grants_pass,Closure,Deep Cleaning,True,False,False,False,north side; south side,intersection,"30th Street. between Martin Luther King Jr Boulevard and Telegraph, Oakland, CA",,,,Closure (North Side) Deep Clean (South Side)
West between 35th and 36th St,D3,High,"July 02, 2024","July 02, 2024",2024-07-02,2024-07-02,0,2024,7,2024-07,post_grants_pass,Partial Closure,,False,False,False,False,west side,intersection,"West between 35th and 36th Street, Oakland, CA",,,,Partial Closure (West Side - Structure Around the Street Light)
35th St between West St and Market St,D3,High,"July 01, 2024","July 01, 2024",2024-07-01,2024-07-01,0,2024,7,2024-07,post_grants_pass,Closure,,False,False,False,False,,intersection,"35th Street between West Street and Market Street, Oakland, CA",,,,Closure
Market between 35th and 36th,D3,High,"July 01, 2024","July 01, 2024",2024-07-01,2024-07-01,0,2024,7,2024-07,post_grants_pass,Closure,,False,False,False,False,,intersection,"Market between 35th and 36th, Oakland, CA",,,,Closure
West St between 16th St & 18th St,D3,High,"June 28, 2024","June 28, 2024",2024-06-28,2024-06-28,0,2024,6,2024-06,post_grants_pass,Closure,,False,False,False,False,,intersection,"West Street between 16th Street & 18th Street, Oakland, CA",,,,Closure
Marston Campbell Park (KIPP School),D3,High,"June 28, 2024","June 28, 2024",2024-06-28,2024-06-28,0,2024,6,2024-06,post_grants_pass,Closure,,False,False,False,False,,named_place,"Marston Campbell Park (KIPP School), Oakland, CA",37.7999,-122.2257,known_place_lookup,Closure
Wood St between 15th & 16th,D3,High,"June 27, 2024","June 28, 2024",2024-06-27,2024-06-28,1,2024,6,2024-06,pre_grants_pass,Closure,,False,False,False,False,,intersection,"Wood Street between 15th & 16th, Oakland, CA",,,,Closure
17th St between Willow St and Campbell St,D3,High,"June 27, 2024","June 28, 2024",2024-06-27,2024-06-28,1,2024,6,2024-06,pre_grants_pass,Closure,,False,False,False,False,,intersection,"17th Street between Willow Street and Campbell Street, Oakland, CA",,,,Closure
17th St between Wood St and Willow St,D3,High,"June 27, 2024","June 28, 2024",2024-06-27,2024-06-28,1,2024,6,2024-06,pre_grants_pass,Closure,,False,False,False,False,,intersection,"17th Street between Wood Street and Willow Street, Oakland, CA",,,,Closure
Wood St between 18th & 20th,D3,High,"June 27, 2024","June 27, 2024",2024-06-27,2024-06-27,0,2024,6,2024-06,pre_grants_pass,Closure,,False,False,False,False,,intersection,"Wood Street between 18th & 20th, Oakland, CA",,,,Closure
Wood St between 17th & 18th,D3,High,"June 27, 2024","June 27, 2024",2024-06-27,2024-06-27,0,2024,6,2024-06,pre_grants_pass,Closure,,False,False,False,False,,intersection,"Wood Street between 17th & 18th, Oakland, CA",,,,Closure
Wood St between 16th & 17th,D3,High,"June 27, 2024","June 27, 2024",2024-06-27,2024-06-27,0,2024,6,2024-06,pre_grants_pass,Closure,,False,False,False,False,,intersection,"Wood Street between 16th & 17th, Oakland, CA",,,,Closure
Lake Merritt: Fairyland (zone 1),D3,High,"June 26, 2024","June 26, 2024",2024-06-26,2024-06-26,0,2024,6,2024-06,pre_grants_pass,Closure,,False,False,False,False,,named_place,"Lake Merritt, Oakland, CA",37.7982,-122.2587,known_place_lookup,Closure
City Lot at E 12th St & 23rd Ave,D5,Low,"June 25, 2024","June 26, 2024",2024-06-25,2024-06-26,1,2024,6,2024-06,pre_grants_pass,Deep Cleaning,,False,False,False,False,,named_place,"City Lot at E 12th Street & 23rd Avenue, Oakland, CA",,,,Deep Cleaning
Miller Ave between E 15th St & E 16th St,D2,High,"June 24, 2024","June 24, 2024",2024-06-24,2024-06-24,0,2024,6,2024-06,pre_grants_pass,Closure,,False,False,False,False,,intersection,"Miller Avenue between E 15th Street & E 16th Street, Oakland, CA",,,,Closure
E 15th St between Miller Ave & 24th Ave,D2,High,"June 24, 2024","June 24, 2024",2024-06-24,2024-06-24,0,2024,6,2024-06,pre_grants_pass,Closure,,False,False,False,False,,intersection,"E 15th Street between Miller Avenue & 24th Avenue, Oakland, CA",,,,Closure
Foothill between 106th Ave and 108th Ave,D7,High,"June 21, 2024","June 21, 2024",2024-06-21,2024-06-21,0,2024,6,2024-06,pre_grants_pass,Closure,,False,False,False,False,,intersection,"Foothill between 106th Avenue and 108th Avenue, Oakland, CA",,,,Closure
International Blvd between 105th Ave and 106th Ave,D7,High,"June 20, 2024","June 21, 2024",2024-06-20,2024-06-21,1,2024,6,2024-06,pre_grants_pass,Closure,,False,False,False,False,,intersection,"International Boulevard between 105th Avenue and 106th Avenue, Oakland, CA",,,,Closure
International Blvd between 106th Ave and 107th Ave,D7,High,"June 20, 2024","June 21, 2024",2024-06-20,2024-06-21,1,2024,6,2024-06,pre_grants_pass,Closure,,False,False,False,False,,intersection,"International Boulevard between 106th Avenue and 107th Avenue, Oakland, CA",,,,Closure
Broadway between 5th and 6th,D3,Low,"June 18, 2024","June 18, 2024",2024-06-18,2024-06-18,0,2024,6,2024-06,pre_grants_pass,Closure,Deep Cleaning,True,False,False,False,east side; west side,intersection,"Broadway between 5th and 6th, Oakland, CA",,,,Closure (West Side) & Deep Clean (East Side)
W. MacArthur between MLK and Dover St,D1,Low,"June 17, 2024","June 17, 2024",2024-06-17,2024-06-17,0,2024,6,2024-06,pre_grants_pass,Closure,,False,False,False,False,south side,intersection,"West MacArthur between Martin Luther King Jr Boulevard and Dover Street, Oakland, CA",,,,Closure (South Side)
Wood St between 24th St and 26th St,D3,High,"June 12, 2024","June 14, 2024",2024-06-12,2024-06-14,2,2024,6,2024-06,pre_grants_pass,Deep Cleaning,,False,False,False,False,,intersection,"Wood Street between 24th Street and 26th Street, Oakland, CA",,,,Deep Cleaning
Wood St between W Grand Ave and 24th St,D3,High,"June 12, 2024","June 14, 2024",2024-06-12,2024-06-14,2,2024,6,2024-06,pre_grants_pass,Deep Cleaning,,False,False,False,False,,intersection,"Wood Street between West Grand Avenue and 24th Street, Oakland, CA",,,,Deep Cleaning
26th St between Willow St and Wood St,D3,High,"June 10, 2024","June 14, 2024",2024-06-10,2024-06-14,4,2024,6,2024-06,pre_grants_pass,Closure,,False,False,False,False,,intersection,"26th Street between Willow Street and Wood Street, Oakland, CA",,,,Closure
Wood St between 17th & 18th,D3,High,"June 07, 2024","June 07, 2024",2024-06-07,2024-06-07,0,2024,6,2024-06,pre_grants_pass,Closure,,False,False,False,False,,intersection,"Wood Street between 17th & 18th, Oakland, CA",,,,Closure
Wood St between 16th & 17th,D3,High,"June 07, 2024","June 07, 2024",2024-06-07,2024-06-07,0,2024,6,2024-06,pre_grants_pass,Closure,,False,False,False,False,,intersection,"Wood Street between 16th & 17th, Oakland, CA",,,,Closure
Wood St between 18th & 20th,D3,High,"June 07, 2024","June 07, 2024",2024-06-07,2024-06-07,0,2024,6,2024-06,pre_grants_pass,Closure,,False,False,False,False,,intersection,"Wood Street between 18th & 20th, Oakland, CA",,,,Closure
Lake Merritt: Fairyland (zone 1 and zone 2),D3,High,"June 05, 2024","June 06, 2024",2024-06-05,2024-06-06,1,2024,6,2024-06,pre_grants_pass,Closure,,False,False,False,False,,named_place,"Lake Merritt, Oakland, CA",37.7982,-122.2587,known_place_lookup,Closure
Mandela Parkway and West Grand Ave Median (Memorial Park),D3,High,"June 04, 2024","June 04, 2024",2024-06-04,2024-06-04,0,2024,6,2024-06,pre_grants_pass,Closure,,False,False,False,False,,named_place,"Mandela Parkway and West Grand Avenue Median (Memorial Park), Oakland, CA",,,,Closure
Union Point Park,D5,High,"June 03, 2024","June 04, 2024",2024-06-03,2024-06-04,1,2024,6,2024-06,pre_grants_pass,Closure,,False,False,False,False,,named_place,"Union Point Park, Oakland, CA",37.7742,-122.2316,known_place_lookup,Closure
E 12th St between 47th Ave and 48th Ave,D5,High,"May 29, 2024","May 30, 2024",2024-05-29,2024-05-30,1,2024,5,2024-05,pre_grants_pass,Deep Cleaning,,False,False,False,False,,intersection,"E 12th Street between 47th Avenue and 48th Avenue, Oakland, CA",,,,Deep Cleaning
E 12th St between 46th Ave and 47th Ave,D5,High,"May 29, 2024","May 30, 2024",2024-05-29,2024-05-30,1,2024,5,2024-05,pre_grants_pass,Deep Cleaning,,False,False,False,False,,intersection,"E 12th Street between 46th Avenue and 47th Avenue, Oakland, CA",,,,Deep Cleaning
47th Avenue between East 12th & International Blvd,D5,High,"May 29, 2024","May 30, 2024",2024-05-29,2024-05-30,1,2024,5,2024-05,pre_grants_pass,Deep Cleaning,,False,False,False,False,,intersection,"47th Avenue between East 12th & International Boulevard, Oakland, CA",,,,Deep Cleaning
47th Ave between E.12th and San Leandro St,D5,High,"May 29, 2024","May 30, 2024",2024-05-29,2024-05-30,1,2024,5,2024-05,pre_grants_pass,Deep Cleaning,,False,False,False,False,,intersection,"47th Avenue between E.12th and San Leandro Street, Oakland, CA",,,,Deep Cleaning
Clay St between 7th St and 8th St,D3,High,"May 28, 2024","May 28, 2024",2024-05-28,2024-05-28,0,2024,5,2024-05,pre_grants_pass,Closure,,False,False,False,False,,intersection,"Clay Street between 7th Street and 8th Street, Oakland, CA",,,,Closure
Bond St between High St and 42nd Avenue,D5,High,"May 28, 2024","May 28, 2024",2024-05-28,2024-05-28,0,2024,5,2024-05,pre_grants_pass,Closure,,False,False,False,False,,intersection,"Bond Street between High Street and 42nd Avenue, Oakland, CA",,,,Closure
Clarke St between 40th and 38th,D1,High,"May 21, 2024","May 21, 2024",2024-05-21,2024-05-21,0,2024,5,2024-05,pre_grants_pass,Closure,,False,False,False,False,,intersection,"Clarke Street between 40th and 38th, Oakland, CA",,,,Closure
Helen Mc Gregor Plaza,D1,High,"May 21, 2024","May 21, 2024",2024-05-21,2024-05-21,0,2024,5,2024-05,pre_grants_pass,Closure,,False,False,False,False,,named_place,"Helen Mc Gregor Plaza, Oakland, CA",37.804,-122.268,known_place_lookup,Closure
29th St. between MLK and Telegraph,D3,Low,"May 20, 2024","May 20, 2024",2024-05-20,2024-05-20,0,2024,5,2024-05,pre_grants_pass,Closure,Deep Cleaning,True,False,False,False,north side; south side,intersection,"29th Street. between Martin Luther King Jr Boulevard and Telegraph, Oakland, CA",,,,"Deep Cleaning (North Side) 
Closure (South Side)"
Bancroft Ave between 73rd Ave and 74th Ave,D6,High,"May 17, 2024","May 17, 2024",2024-05-17,2024-05-17,0,2024,5,2024-05,pre_grants_pass,Deep Cleaning,,False,False,False,False,,intersection,"Bancroft Avenue between 73rd Avenue and 74th Avenue, Oakland, CA",,,,Deep Cleaning
E. 12th Median : 14th Ave to 18th Ave,D2,High,"May 13, 2024","May 16, 2024",2024-05-13,2024-05-16,3,2024,5,2024-05,pre_grants_pass,Deep Cleaning,,False,False,False,False,,named_place,"East 12th Median, Oakland, CA",,,,Deep Cleaning
18th Ave between E12th St & Solano Way,D2,High,"May 13, 2024","May 16, 2024",2024-05-13,2024-05-16,3,2024,5,2024-05,pre_grants_pass,Closure,,False,False,False,False,,intersection,"18th Avenue between E12th Street & Solano Way, Oakland, CA",,,,Closure
18th Ave between Solano Way & International Blvd,D2,High,"May 13, 2024","May 16, 2024",2024-05-13,2024-05-16,3,2024,5,2024-05,pre_grants_pass,Closure,,False,False,False,False,,intersection,"18th Avenue between Solano Way & International Boulevard, Oakland, CA",,,,Closure
17th Ave between E 12th St and Solano Way,D2,High,"May 13, 2024","May 16, 2024",2024-05-13,2024-05-16,3,2024,5,2024-05,pre_grants_pass,Deep Cleaning,,False,False,False,False,,intersection,"17th Avenue between E 12th Street and Solano Way, Oakland, CA",,,,Deep Cleaning
Independent Loop,D6,High,"May 08, 2024","May 09, 2024",2024-05-08,2024-05-09,1,2024,5,2024-05,pre_grants_pass,Deep Cleaning,,False,False,False,False,,named_place,"Independent Loop, Oakland, CA",,,,Deep Cleaning
Union St between W. Grand and 24th St (2320 Union St),D3,High,"May 06, 2024","May 07, 2024",2024-05-06,2024-05-07,1,2024,5,2024-05,pre_grants_pass,Closure,,False,False,False,False,,intersection,"Union Street between West Grand and 24th Street (2320 Union Street), Oakland, CA",,,,Closure
Mandela Parkway and West Grand Ave Median (Memorial Park),D3,High,"May 02, 2024","May 02, 2024",2024-05-02,2024-05-02,0,2024,5,2024-05,pre_grants_pass,Closure,,False,False,False,False,,named_place,"Mandela Parkway and West Grand Avenue Median (Memorial Park), Oakland, CA",,,,Closure
Leet Drive,D7,High,"April 30, 2024","May 01, 2024",2024-04-30,2024-05-01,1,2024,4,2024-04,pre_grants_pass,Deep Cleaning,,False,False,False,False,,named_place,"Leet Drive, Oakland, CA",,,,Deep Cleaning
Mosswood Park,D3,High,"April 22, 2024","April 25, 2024",2024-04-22,2024-04-25,3,2024,4,2024-04,pre_grants_pass,Closure,,False,False,False,False,,named_place,"Mosswood Park, Oakland, CA",37.8236,-122.2617,known_place_lookup,Closure
San Leandro St between 106th Ave and 107th Ave,D7,High,"April 17, 2024","April 19, 2024",2024-04-17,2024-04-19,2,2024,4,2024-04,pre_grants_pass,Deep Cleaning,,False,False,False,False,,intersection,"San Leandro Street between 106th Avenue and 107th Avenue, Oakland, CA",,,,Deep Cleaning
San Leandro St between 105th Ave and 106th Ave,D7,High,"April 17, 2024","April 19, 2024",2024-04-17,2024-04-19,2,2024,4,2024-04,pre_grants_pass,Deep Cleaning,,False,False,False,False,,intersection,"San Leandro Street between 105th Avenue and 106th Avenue, Oakland, CA",,,,Deep Cleaning
San Leandro St between Apple St and 105th Ave,D7,High,"April 17, 2024","April 19, 2024",2024-04-17,2024-04-19,2,2024,4,2024-04,pre_grants_pass,Closure,,False,False,False,False,,intersection,"San Leandro Street between Apple Street and 105th Avenue, Oakland, CA",,,,Closure
San Leandro St between Stone St and Apple St,D7,High,"April 17, 2024","April 19, 2024",2024-04-17,2024-04-19,2,2024,4,2024-04,pre_grants_pass,Closure,,False,False,False,False,,intersection,"San Leandro Street between Stone Street and Apple Street, Oakland, CA",,,,Closure
San Leandro St between 81st Ave and 85th Ave: 8451 San Leandro St (Pick-n-Pull),D7,High,"April 15, 2024","April 16, 2024",2024-04-15,2024-04-16,1,2024,4,2024-04,pre_grants_pass,Deep Cleaning,,False,False,False,False,,intersection,"San Leandro Street between 81st Avenue and 85th Avenue, Oakland, CA",,,,Deep Cleaning
71st Ave Between Oral St and International Blvd (1430 71st Ave),D6,High,"April 12, 2024","April 12, 2024",2024-04-12,2024-04-12,0,2024,4,2024-04,pre_grants_pass,Closure,,False,False,False,False,,intersection,"71st Avenue Between Oral Street and International Boulevard (1430 71st Avenue), Oakland, CA",,,,Closure
Mosswood Park,D3,High,"April 09, 2024","April 10, 2024",2024-04-09,2024-04-10,1,2024,4,2024-04,pre_grants_pass,Deep Cleaning,,False,False,False,False,,named_place,"Mosswood Park, Oakland, CA",37.8236,-122.2617,known_place_lookup,Deep Cleaning
Wood St between 18th & 20th,D3,High,"April 08, 2024","April 08, 2024",2024-04-08,2024-04-08,0,2024,4,2024-04,pre_grants_pass,Closure,,False,False,False,False,,intersection,"Wood Street between 18th & 20th, Oakland, CA",,,,Closure
18th St between Campbell St and Wood St,D3,High,"April 08, 2024","April 08, 2024",2024-04-08,2024-04-08,0,2024,4,2024-04,pre_grants_pass,Closure,,False,False,False,False,,intersection,"18th Street between Campbell Street and Wood Street, Oakland, CA",,,,Closure
Wood St between 17th & 18th,D3,High,"April 08, 2024","April 08, 2024",2024-04-08,2024-04-08,0,2024,4,2024-04,pre_grants_pass,Closure,,False,False,False,False,,intersection,"Wood Street between 17th & 18th, Oakland, CA",,,,Closure
Alameda Avenue between E 8th St and Howard St,D5,High,"April 02, 2024","April 04, 2024",2024-04-02,2024-04-04,2,2024,4,2024-04,pre_grants_pass,Deep Cleaning,,False,False,False,False,,intersection,"Alameda Avenue between E 8th Street and Howard Street, Oakland, CA",,,,Deep Cleaning
Alameda Avenue between Oakport St and  E 8th St,D5,High,"April 02, 2024","April 04, 2024",2024-04-02,2024-04-04,2,2024,4,2024-04,pre_grants_pass,Deep Cleaning,,False,False,False,False,,intersection,"Alameda Avenue between Oakport Street and E 8th Street, Oakland, CA",,,,Deep Cleaning
East 8th Cul De Sac,D5,High,"April 02, 2024","April 04, 2024",2024-04-02,2024-04-04,2,2024,4,2024-04,pre_grants_pass,Deep Cleaning,,False,False,False,False,,named_place,"East 8th Cul De Sac, Oakland, CA",,,,Deep Cleaning
City Lot at Alameda - 3801 E 8th St,D5,High,"April 02, 2024","April 04, 2024",2024-04-02,2024-04-04,2,2024,4,2024-04,pre_grants_pass,Closure,,False,False,False,False,,named_place,"City Lot at Alameda - 3801 E 8th Street, Oakland, CA",,,,Closure
615 High Street,D5,High,"April 02, 2024","April 04, 2024",2024-04-02,2024-04-04,2,2024,4,2024-04,pre_grants_pass,Closure,,False,False,False,False,,address,"615 High Street, Oakland, CA",,,,Closure
Wood St between 17th & 18th,D3,High,"March 28, 2024","March 28, 2024",2024-03-28,2024-03-28,0,2024,3,2024-03,pre_grants_pass,Closure,,False,False,False,False,,intersection,"Wood Street between 17th & 18th, Oakland, CA",,,,Closure
Wood St between 18th & 20th,D3,High,"March 28, 2024","March 28, 2024",2024-03-28,2024-03-28,0,2024,3,2024-03,pre_grants_pass,Closure,,False,False,False,False,,intersection,"Wood Street between 18th & 20th, Oakland, CA",,,,Closure
Median: East 8th Street and 11th Avenue/ 1125 E 11th St,D2,High,"March 26, 2024","March 27, 2024",2024-03-26,2024-03-27,1,2024,3,2024-03,pre_grants_pass,Closure,,False,False,False,False,,intersection,"Median, Oakland, CA",,,,Closure
Union St between W. Grand and 24th St (2320 Union St),D3,High,"March 06, 2024","March 07, 2024",2024-03-06,2024-03-07,1,2024,3,2024-03,pre_grants_pass,Closure,,False,False,False,False,,intersection,"Union Street between West Grand and 24th Street (2320 Union Street), Oakland, CA",,,,Closure
Median: East 8th Street and 11th Avenue/ 1125 E 11th St,D2,High,"March 04, 2024","March 05, 2024",2024-03-04,2024-03-05,1,2024,3,2024-03,pre_grants_pass,Closure,,False,False,False,False,,intersection,"Median, Oakland, CA",,,,Closure
Leet Drive,D7,High,"February 27, 2024","March 01, 2024",2024-02-27,2024-03-01,3,2024,2,2024-02,pre_grants_pass,Deep Cleaning,,False,False,False,False,,named_place,"Leet Drive, Oakland, CA",,,,Deep Cleaning
B St between 97th Ave and 98th,D7,High,"February 26, 2024","February 26, 2024",2024-02-26,2024-02-26,0,2024,2,2024-02,pre_grants_pass,Deep Cleaning,,False,False,False,False,,intersection,"B Street between 97th Avenue and 98th, Oakland, CA",,,,Deep Cleaning
Elmhurst Park (Basketball Court),D7,High,"February 26, 2024","February 26, 2024",2024-02-26,2024-02-26,0,2024,2,2024-02,pre_grants_pass,Deep Cleaning,,False,False,False,False,,named_place,"Elmhurst Park (Basketball Court), Oakland, CA",37.7713,-122.1889,known_place_lookup,Deep Cleaning
Elmhurst Park (Tennis Court),D7,High,"February 26, 2024","February 26, 2024",2024-02-26,2024-02-26,0,2024,2,2024-02,pre_grants_pass,Closure,,False,False,False,False,,named_place,"Elmhurst Park (Tennis Court), Oakland, CA",37.7713,-122.1889,known_place_lookup,Closure
E 12th Median: 14th Ave - 18th Ave,D2,High,"February 20, 2024","February 22, 2024",2024-02-20,2024-02-22,2,2024,2,2024-02,pre_grants_pass,Deep Cleaning,,False,False,False,False,,named_place,"E 12th Median, Oakland, CA",,,,Deep Cleaning
17th Ave between Solano Way & E 12th St,D2,High,"February 20, 2024","February 22, 2024",2024-02-20,2024-02-22,2,2024,2,2024-02,pre_grants_pass,Deep Cleaning,,False,False,False,False,,intersection,"17th Avenue between Solano Way & E 12th Street, Oakland, CA",,,,Deep Cleaning
Union St between W. Grand and 24th St (2320 Union St),D3,High,"February 15, 2024","February 15, 2024",2024-02-15,2024-02-15,0,2024,2,2024-02,pre_grants_pass,Deep Cleaning,,False,False,False,False,,intersection,"Union Street between West Grand and 24th Street (2320 Union Street), Oakland, CA",,,,Deep Cleaning
42nd between MLK & Telegraph,D1,Low,"February 13, 2024","February 14, 2024",2024-02-13,2024-02-14,1,2024,2,2024-02,pre_grants_pass,Closure,Deep Cleaning,True,False,False,False,northside; southside,intersection,"42nd between Martin Luther King Jr Boulevard & Telegraph, Oakland, CA",,,,Closure (Northside) Deep Cleaning (Southside)
29th St. between MLK and Telegraph,D3,Low,"February 12, 2024","February 12, 2024",2024-02-12,2024-02-12,0,2024,2,2024-02,pre_grants_pass,Deep Cleaning,,False,False,False,False,,intersection,"29th Street. between Martin Luther King Jr Boulevard and Telegraph, Oakland, CA",,,,Deep Cleaning
Peralta Park,D2,High,"February 08, 2024","February 09, 2024",2024-02-08,2024-02-09,1,2024,2,2024-02,pre_grants_pass,Deep Cleaning,,False,False,False,False,,named_place,"Peralta Park, Oakland, CA",37.8175,-122.2779,known_place_lookup,Deep Cleaning
Foothill Blvd between Crosby Ave & 36th Ave,D5,High,"February 06, 2024","February 06, 2024",2024-02-06,2024-02-06,0,2024,2,2024-02,pre_grants_pass,Closure,,False,False,False,False,,intersection,"Foothill Boulevard between Crosby Avenue & 36th Avenue, Oakland, CA",,,,Closure
36th Ave & Foothill - Vacant Lot,D5,High,"February 06, 2024","February 06, 2024",2024-02-06,2024-02-06,0,2024,2,2024-02,pre_grants_pass,Closure,,False,False,False,False,,named_place,"36th Avenue & Foothill - Vacant Lot, Oakland, CA",,,,Closure
36th Ave between Foothill Blvd and Harper St,D5,High,"February 06, 2024","February 06, 2024",2024-02-06,2024-02-06,0,2024,2,2024-02,pre_grants_pass,Closure,,False,False,False,False,,intersection,"36th Avenue between Foothill Boulevard and Harper Street, Oakland, CA",,,,Closure
18th St between Campbell St and Wood St,D3,High,"December 19, 2023","December 20, 2023",2023-12-19,2023-12-20,1,2023,12,2023-12,pre_grants_pass,Closure,,False,False,False,False,,intersection,"18th Street between Campbell Street and Wood Street, Oakland, CA",,,,Closure
Wood St between 18th & 20th,D3,High,"December 19, 2023","December 20, 2023",2023-12-19,2023-12-20,1,2023,12,2023-12,pre_grants_pass,Closure,,False,False,False,False,,intersection,"Wood Street between 18th & 20th, Oakland, CA",,,,Closure
Wood St between 17th & 18th,D3,High,"December 19, 2023","December 20, 2023",2023-12-19,2023-12-20,1,2023,12,2023-12,pre_grants_pass,Closure,,False,False,False,False,,intersection,"Wood Street between 17th & 18th, Oakland, CA",,,,Closure
45th between Telegraph & MLK,D1,Low,"December 18, 2023","December 19, 2023",2023-12-18,2023-12-19,1,2023,12,2023-12,pre_grants_pass,Closure,Deep Cleaning,True,False,False,False,northside; southside,intersection,"45th between Telegraph & Martin Luther King Jr Boulevard, Oakland, CA",,,,Deep Cleaning (Southside) and  Closure (Northside)
20th St between Wood St and Campbell St,D3,High,"December 11, 2023","December 15, 2023",2023-12-11,2023-12-15,4,2023,12,2023-12,pre_grants_pass,Closure,,False,False,False,False,,intersection,"20th Street between Wood Street and Campbell Street, Oakland, CA",,,,Closure
Wood St between 18th & 20th,D3,High,"December 11, 2023","December 15, 2023",2023-12-11,2023-12-15,4,2023,12,2023-12,pre_grants_pass,Closure,,False,False,False,False,,intersection,"Wood Street between 18th & 20th, Oakland, CA",,,,Closure
Raimondi Park,D3,High,"December 11, 2023","December 15, 2023",2023-12-11,2023-12-15,4,2023,12,2023-12,pre_grants_pass,Closure,,False,False,False,False,,named_place,"Raimondi Park, Oakland, CA",37.8359,-122.295,known_place_lookup,Closure
18th St between Campbell St and Wood St,D3,High,"December 11, 2023","December 15, 2023",2023-12-11,2023-12-15,4,2023,12,2023-12,pre_grants_pass,Closure,,False,False,False,False,,intersection,"18th Street between Campbell Street and Wood Street, Oakland, CA",,,,Closure
Campbell St between 18th St and 20th St,D3,High,"December 11, 2023","December 15, 2023",2023-12-11,2023-12-15,4,2023,12,2023-12,pre_grants_pass,Closure,,False,False,False,False,,intersection,"Campbell Street between 18th Street and 20th Street, Oakland, CA",,,,Closure
20th St between Wood St and Campbell St,D3,High,"December 04, 2023","December 08, 2023",2023-12-04,2023-12-08,4,2023,12,2023-12,pre_grants_pass,Closure,,False,False,False,False,,intersection,"20th Street between Wood Street and Campbell Street, Oakland, CA",,,,Closure
Campbell St between 18th St and 20th St,D3,High,"December 04, 2023","December 08, 2023",2023-12-04,2023-12-08,4,2023,12,2023-12,pre_grants_pass,Closure,,False,False,False,False,,intersection,"Campbell Street between 18th Street and 20th Street, Oakland, CA",,,,Closure
18th St between Campbell St and Wood St,D3,High,"December 04, 2023","December 08, 2023",2023-12-04,2023-12-08,4,2023,12,2023-12,pre_grants_pass,Closure,,False,False,False,False,,intersection,"18th Street between Campbell Street and Wood Street, Oakland, CA",,,,Closure
Raimondi Park,D3,High,"December 04, 2023","December 08, 2023",2023-12-04,2023-12-08,4,2023,12,2023-12,pre_grants_pass,Closure,,False,False,False,False,,named_place,"Raimondi Park, Oakland, CA",37.8359,-122.295,known_place_lookup,Closure
Wood St between 18th & 20th,D3,High,"December 04, 2023","December 08, 2023",2023-12-04,2023-12-08,4,2023,12,2023-12,pre_grants_pass,Closure,,False,False,False,False,,intersection,"Wood Street between 18th & 20th, Oakland, CA",,,,Closure
E 7th St between 23rd Ave and Kennedy St: 646 Kennedy St,D5,High,"November 30, 2023","November 30, 2023",2023-11-30,2023-11-30,0,2023,11,2023-11,pre_grants_pass,Closure,,False,False,False,False,,intersection,"E 7th Street between 23rd Avenue and Kennedy Street, Oakland, CA",,,,Closure
Kennedy St between E7th St and 23rd Ave: 401 Kennedy St,D5,High,"November 30, 2023","November 30, 2023",2023-11-30,2023-11-30,0,2023,11,2023-11,pre_grants_pass,Closure,,False,False,False,False,,intersection,"Kennedy Street between E7th Street and 23rd Avenue, Oakland, CA",,,,Closure
Castro St between 5th St and 6th St,D3,Low,"November 28, 2023","November 28, 2023",2023-11-28,2023-11-28,0,2023,11,2023-11,pre_grants_pass,Deep Cleaning,,False,False,False,False,,intersection,"Castro Street between 5th Street and 6th Street, Oakland, CA",,,,Deep Cleaning
6th St between Brush St and Castro St,D3,Low,"November 28, 2023","November 28, 2023",2023-11-28,2023-11-28,0,2023,11,2023-11,pre_grants_pass,Closure,,False,False,False,False,,intersection,"6th Street between Brush Street and Castro Street, Oakland, CA",,,,Closure
San Pablo Ave between W Grand Ave & MLK,D3,High,"November 20, 2023","November 21, 2023",2023-11-20,2023-11-21,1,2023,11,2023-11,pre_grants_pass,Deep Cleaning,,False,False,False,False,,intersection,"San Pablo Avenue between West Grand Avenue & Martin Luther King Jr Boulevard, Oakland, CA",,,,Deep Cleaning
MLK between 24th & 25th,D3,High,"November 20, 2023","November 21, 2023",2023-11-20,2023-11-21,1,2023,11,2023-11,pre_grants_pass,Deep Cleaning,,False,False,False,False,,intersection,"Martin Luther King Jr Boulevard between 24th & 25th, Oakland, CA",,,,Deep Cleaning
MLK between 23rd & 24th,D3,High,"November 20, 2023","November 21, 2023",2023-11-20,2023-11-21,1,2023,11,2023-11,pre_grants_pass,Deep Cleaning,,False,False,False,False,,intersection,"Martin Luther King Jr Boulevard between 23rd & 24th, Oakland, CA",,,,Deep Cleaning
MLk between W Grand Ave & 23rd,D3,High,"November 20, 2023","November 21, 2023",2023-11-20,2023-11-21,1,2023,11,2023-11,pre_grants_pass,Deep Cleaning,,False,False,False,False,,intersection,"Martin Luther King Jr Boulevard between West Grand Avenue & 23rd, Oakland, CA",,,,Deep Cleaning
W Grand Ave between San Pablo Ave & MLK,D3,High,"November 20, 2023","November 21, 2023",2023-11-20,2023-11-21,1,2023,11,2023-11,pre_grants_pass,Deep Cleaning,,False,False,False,False,,intersection,"West Grand Avenue between San Pablo Avenue & Martin Luther King Jr Boulevard, Oakland, CA",,,,Deep Cleaning
MLK between San Pablo Ave & W Grand Ave,D3,High,"November 20, 2023","November 21, 2023",2023-11-20,2023-11-21,1,2023,11,2023-11,pre_grants_pass,Deep Cleaning,,False,False,False,False,,intersection,"Martin Luther King Jr Boulevard between San Pablo Avenue & West Grand Avenue, Oakland, CA",,,,Deep Cleaning
23rd St between MLK to Northgate,D3,High,"November 20, 2023","November 21, 2023",2023-11-20,2023-11-21,1,2023,11,2023-11,pre_grants_pass,Deep Cleaning,,False,False,False,False,,intersection,"23rd Street between Martin Luther King Jr Boulevard to Northgate, Oakland, CA",,,,Deep Cleaning
18th St between Campbell St and Wood St,D3,High,"November 14, 2023","November 16, 2023",2023-11-14,2023-11-16,2,2023,11,2023-11,pre_grants_pass,Deep Cleaning,,False,False,False,False,,intersection,"18th Street between Campbell Street and Wood Street, Oakland, CA",,,,Deep Cleaning
20th St between Wood St and Campbell St,D3,High,"November 14, 2023","November 16, 2023",2023-11-14,2023-11-16,2,2023,11,2023-11,pre_grants_pass,Deep Cleaning,,False,False,False,False,,intersection,"20th Street between Wood Street and Campbell Street, Oakland, CA",,,,Deep Cleaning
Campbell St between 18th St and 20th St,D3,High,"November 14, 2023","November 16, 2023",2023-11-14,2023-11-16,2,2023,11,2023-11,pre_grants_pass,Deep Cleaning,,False,False,False,False,,intersection,"Campbell Street between 18th Street and 20th Street, Oakland, CA",,,,Deep Cleaning
Raimondi Park,D3,High,"November 14, 2023","November 16, 2023",2023-11-14,2023-11-16,2,2023,11,2023-11,pre_grants_pass,Deep Cleaning,,False,False,False,False,,named_place,"Raimondi Park, Oakland, CA",37.8359,-122.295,known_place_lookup,Deep Cleaning
Wood St between 17th & 18th,D3,High,"November 13, 2023","November 13, 2023",2023-11-13,2023-11-13,0,2023,11,2023-11,pre_grants_pass,Closure,,False,False,False,False,,intersection,"Wood Street between 17th & 18th, Oakland, CA",,,,Closure
Wood St between 18th & 20th,D3,High,"November 13, 2023","November 13, 2023",2023-11-13,2023-11-13,0,2023,11,2023-11,pre_grants_pass,Closure,,False,False,False,False,,intersection,"Wood Street between 18th & 20th, Oakland, CA",,,,Closure
34th Ave and E. 9th St (cul-de-sac),D5,High,"November 07, 2023","November 09, 2023",2023-11-07,2023-11-09,2,2023,11,2023-11,pre_grants_pass,Deep Cleaning,,False,False,False,False,,intersection,"34th Avenue and East 9th Street, Oakland, CA",,,,Deep Cleaning
E 9th St between 34th Ave and 35th Ave,D5,High,"November 07, 2023","November 09, 2023",2023-11-07,2023-11-09,2,2023,11,2023-11,pre_grants_pass,Deep Cleaning,,False,False,False,False,,intersection,"E 9th Street between 34th Avenue and 35th Avenue, Oakland, CA",,,,Deep Cleaning
E 9th St between 33rd Ave and 34th Ave,D5,High,"November 07, 2023","November 09, 2023",2023-11-07,2023-11-09,2,2023,11,2023-11,pre_grants_pass,Deep Cleaning,,False,False,False,False,,intersection,"E 9th Street between 33rd Avenue and 34th Avenue, Oakland, CA",,,,Deep Cleaning
E 9th St between Fruitvale Ave and 33rd Ave,D5,High,"November 07, 2023","November 09, 2023",2023-11-07,2023-11-09,2,2023,11,2023-11,pre_grants_pass,Deep Cleaning,,False,False,False,False,,intersection,"E 9th Street between Fruitvale Avenue and 33rd Avenue, Oakland, CA",,,,Deep Cleaning
E 9th St between 35th Ave and 36th Ave,D5,High,"November 07, 2023","November 09, 2023",2023-11-07,2023-11-09,2,2023,11,2023-11,pre_grants_pass,Deep Cleaning,,False,False,False,False,,intersection,"E 9th Street between 35th Avenue and 36th Avenue, Oakland, CA",,,,Deep Cleaning
E 9th St between 36th Ave and 37th Ave,D5,High,"November 07, 2023","November 09, 2023",2023-11-07,2023-11-09,2,2023,11,2023-11,pre_grants_pass,Deep Cleaning,,False,False,False,False,,intersection,"E 9th Street between 36th Avenue and 37th Avenue, Oakland, CA",,,,Deep Cleaning
33rd Ave and E. 9th St (cul-de-sac),D5,High,"November 07, 2023","November 09, 2023",2023-11-07,2023-11-09,2,2023,11,2023-11,pre_grants_pass,Deep Cleaning,,False,False,False,False,,intersection,"33rd Avenue and East 9th Street, Oakland, CA",,,,Deep Cleaning
Jefferson St between 2nd St and Embarcadero West,D3,High,"November 06, 2023","November 06, 2023",2023-11-06,2023-11-06,0,2023,11,2023-11,pre_grants_pass,Closure,,False,False,False,False,,intersection,"Jefferson Street between 2nd Street and Embarcadero West, Oakland, CA",,,,Closure (EMT canceled bc OFD executed emergency closure)
High Street and Jensen: 500 High St/4343 Jensen St,D5,High,"November 02, 2023","November 03, 2023",2023-11-02,2023-11-03,1,2023,11,2023-11,pre_grants_pass,Deep Cleaning,,False,False,False,False,,intersection,"High Street and Jensen, Oakland, CA",,,,Deep Cleaning
45th between Telegraph & MLK,D1,Low,"November 01, 2023","November 01, 2023",2023-11-01,2023-11-01,0,2023,11,2023-11,pre_grants_pass,Closure,Deep Cleaning,True,False,False,False,northside; southside,intersection,"45th between Telegraph & Martin Luther King Jr Boulevard, Oakland, CA",,,,Deep Cleaning (Northside) and  Closure (Southside)
Sycamore between Northgate and MLK,D3,Low,"October 31, 2023","October 31, 2023",2023-10-31,2023-10-31,0,2023,10,2023-10,pre_grants_pass,Closure,Deep Cleaning,True,False,False,False,north; south,intersection,"Sycamore between Northgate and Martin Luther King Jr Boulevard, Oakland, CA",,,,Deep Cleaning (South) & Closure (North)
42nd between MLK & Telegraph,D1,Low,"October 30, 2023","October 30, 2023",2023-10-30,2023-10-30,0,2023,10,2023-10,pre_grants_pass,Closure,Deep Cleaning,True,False,False,False,north; south,intersection,"42nd between Martin Luther King Jr Boulevard & Telegraph, Oakland, CA",,,,Deep Cleaning (North) & Closure (South)
Market between 35th and 36th,D3,Low,"October 26, 2023","October 26, 2023",2023-10-26,2023-10-26,0,2023,10,2023-10,pre_grants_pass,Deep Cleaning,,False,False,False,False,,intersection,"Market between 35th and 36th, Oakland, CA",,,,Deep Cleaning
30th St. between MLK and Telegraph,D3,Low,"October 26, 2023","October 26, 2023",2023-10-26,2023-10-26,0,2023,10,2023-10,pre_grants_pass,Deep Cleaning,,False,False,False,False,,intersection,"30th Street. between Martin Luther King Jr Boulevard and Telegraph, Oakland, CA",,,,Deep Cleaning
29th St. between MLK and Telegraph,D3,Low,"October 25, 2023","October 25, 2023",2023-10-25,2023-10-25,0,2023,10,2023-10,pre_grants_pass,Deep Cleaning,,False,False,False,False,,intersection,"29th Street. between Martin Luther King Jr Boulevard and Telegraph, Oakland, CA",,,,Deep Cleaning
Alameda Avenue from Howard Street to Fruitvale Ave,D5,High,"October 16, 2023","October 20, 2023",2023-10-16,2023-10-20,4,2023,10,2023-10,pre_grants_pass,Closure,,False,False,False,False,,intersection,"Alameda Avenue from Howard Street to Fruitvale Avenue, Oakland, CA",,,,Closure
E. 8th St. and 37th Ave (behind home depot),D5,High,"October 16, 2023","October 20, 2023",2023-10-16,2023-10-20,4,2023,10,2023-10,pre_grants_pass,Closure,,False,False,False,False,,intersection,"East 8th Street. and 37th Avenue, Oakland, CA",,,,Closure
East 8th Cul De Sac,D5,High,"October 16, 2023","October 20, 2023",2023-10-16,2023-10-20,4,2023,10,2023-10,pre_grants_pass,Closure,,False,False,False,False,,named_place,"East 8th Cul De Sac, Oakland, CA",,,,Closure
Alameda Avenue between Oakport St and  E 8th St,D5,High,"October 16, 2023","October 20, 2023",2023-10-16,2023-10-20,4,2023,10,2023-10,pre_grants_pass,Closure,,False,False,False,False,,intersection,"Alameda Avenue between Oakport Street and E 8th Street, Oakland, CA",,,,Closure
City Lot at Alameda - 3801 E 8th St,D5,High,"October 16, 2023","October 20, 2023",2023-10-16,2023-10-20,4,2023,10,2023-10,pre_grants_pass,Closure,,False,False,False,False,,named_place,"City Lot at Alameda - 3801 E 8th Street, Oakland, CA",,,,Closure
Alameda Avenue between Oakport St and  E 8th St,D5,High,"October 09, 2023","October 13, 2023",2023-10-09,2023-10-13,4,2023,10,2023-10,pre_grants_pass,Closure,,False,False,False,False,,intersection,"Alameda Avenue between Oakport Street and E 8th Street, Oakland, CA",,,,Closure
E. 8th St. and 37th Ave (behind home depot),D5,High,"October 09, 2023","October 13, 2023",2023-10-09,2023-10-13,4,2023,10,2023-10,pre_grants_pass,Closure,,False,False,False,False,,intersection,"East 8th Street. and 37th Avenue, Oakland, CA",,,,Closure
City Lot at Alameda - 3801 E 8th St,D5,High,"October 09, 2023","October 13, 2023",2023-10-09,2023-10-13,4,2023,10,2023-10,pre_grants_pass,Closure,,False,False,False,False,,named_place,"City Lot at Alameda - 3801 E 8th Street, Oakland, CA",,,,Closure
East 8th Cul De Sac,D5,High,"October 09, 2023","October 13, 2023",2023-10-09,2023-10-13,4,2023,10,2023-10,pre_grants_pass,Closure,,False,False,False,False,,named_place,"East 8th Cul De Sac, Oakland, CA",,,,Closure
Alameda Avenue from Howard Street to Fruitvale Ave,D5,High,"October 09, 2023","October 13, 2023",2023-10-09,2023-10-13,4,2023,10,2023-10,pre_grants_pass,Closure,,False,False,False,False,,intersection,"Alameda Avenue from Howard Street to Fruitvale Avenue, Oakland, CA",,,,Closure
Telegraph Ave between 34th St and 36th St.,D3,Low,"October 05, 2023","October 05, 2023",2023-10-05,2023-10-05,0,2023,10,2023-10,pre_grants_pass,Closure,Deep Cleaning,True,False,False,False,east side; west side,intersection,"Telegraph Avenue between 34th Street and 36th Street, Oakland, CA",,,,Deep Clean (West Side) &  Closure (East Side)
Wood St between 18th & 20th,D3,High,"October 03, 2023","October 04, 2023",2023-10-03,2023-10-04,1,2023,10,2023-10,pre_grants_pass,Closure,,False,False,False,False,,intersection,"Wood Street between 18th & 20th, Oakland, CA",,,,Closure
Wood St between 17th & 18th,D3,High,"October 03, 2023","October 04, 2023",2023-10-03,2023-10-04,1,2023,10,2023-10,pre_grants_pass,Closure,,False,False,False,False,,intersection,"Wood Street between 17th & 18th, Oakland, CA",,,,Closure
E. 8th St. and 37th Ave (behind home depot),D5,High,"September 26, 2023","September 28, 2023",2023-09-26,2023-09-28,2,2023,9,2023-09,pre_grants_pass,Deep Cleaning,,False,False,False,False,,intersection,"East 8th Street. and 37th Avenue, Oakland, CA",,,,Deep Clean
Alameda Avenue from Howard Street to Fruitvale Ave,D5,High,"September 26, 2023","September 28, 2023",2023-09-26,2023-09-28,2,2023,9,2023-09,pre_grants_pass,Deep Cleaning,,False,False,False,False,,intersection,"Alameda Avenue from Howard Street to Fruitvale Avenue, Oakland, CA",,,,Deep Clean
Alameda Avenue between Oakport St and  E 8th St,D5,High,"September 26, 2023","September 28, 2023",2023-09-26,2023-09-28,2,2023,9,2023-09,pre_grants_pass,Deep Cleaning,,False,False,False,False,,intersection,"Alameda Avenue between Oakport Street and E 8th Street, Oakland, CA",,,,Deep Clean
East 8th Cul De Sac,D5,High,"September 26, 2023","September 28, 2023",2023-09-26,2023-09-28,2,2023,9,2023-09,pre_grants_pass,Deep Cleaning,,False,False,False,False,,named_place,"East 8th Cul De Sac, Oakland, CA",,,,Deep Clean
City Lot at Alameda - 3801 E 8th St,D5,High,"September 26, 2023","September 28, 2023",2023-09-26,2023-09-28,2,2023,9,2023-09,pre_grants_pass,Deep Cleaning,,False,False,False,False,,named_place,"City Lot at Alameda - 3801 E 8th Street, Oakland, CA",,,,Deep Clean
Grand Ave between MacArthur and Lake Park Ave,D2,High,"September 25, 2023","September 25, 2023",2023-09-25,2023-09-25,0,2023,9,2023-09,pre_grants_pass,Closure,,False,False,False,False,,named_place,"Grand Avenue between MacArthur and Lake Park Avenue, Oakland, CA",,,,Closure
Kennedy St between E7th St and 23rd Ave: 401 Kennedy St,D5,High,"September 21, 2023","September 21, 2023",2023-09-21,2023-09-21,0,2023,9,2023-09,pre_grants_pass,Closure,,False,False,False,False,,intersection,"Kennedy Street between E7th Street and 23rd Avenue, Oakland, CA",,,,Closure
9th St and Pine St (cul-de-sac),D3,High,"September 20, 2023","September 21, 2023",2023-09-20,2023-09-21,1,2023,9,2023-09,pre_grants_pass,Closure,,False,False,False,False,,intersection,"9th Street and Pine Street, Oakland, CA",,,,Closure
E. 12th Median : 14th Ave to 18th Ave,D2,High,"September 18, 2023","September 20, 2023",2023-09-18,2023-09-20,2,2023,9,2023-09,pre_grants_pass,Deep Cleaning,,False,False,False,False,,named_place,"East 12th Median, Oakland, CA",,,,Deep Cleaning
17th Ave between E 12th St and Solano Way,D2,High,"September 18, 2023","September 20, 2023",2023-09-18,2023-09-20,2,2023,9,2023-09,pre_grants_pass,Deep Cleaning,,False,False,False,False,,intersection,"17th Avenue between E 12th Street and Solano Way, Oakland, CA",,,,Deep Cleaning
9th St and Pine St (cul-de-sac),D3,High,"September 12, 2023","September 14, 2023",2023-09-12,2023-09-14,2,2023,9,2023-09,pre_grants_pass,Closure,,False,False,False,False,,intersection,"9th Street and Pine Street, Oakland, CA",,,,Closure
Shorey St and Pine St,D3,High,"August 30, 2023","August 31, 2023",2023-08-30,2023-08-31,1,2023,8,2023-08,pre_grants_pass,Closure,,False,False,False,False,,intersection,"Shorey Street and Pine Street, Oakland, CA",,,,Closure
9th & Pine St,D3,High,"August 30, 2023","August 31, 2023",2023-08-30,2023-08-31,1,2023,8,2023-08,pre_grants_pass,Closure,,False,False,False,False,,named_place,"9th & Pine Street, Oakland, CA",,,,Closure
Kennedy St between E7th St and 23rd Ave: 401 Kennedy St,D5,High,"August 29, 2023","August 29, 2023",2023-08-29,2023-08-29,0,2023,8,2023-08,pre_grants_pass,Closure,,False,False,False,False,,intersection,"Kennedy Street between E7th Street and 23rd Avenue, Oakland, CA",,,,Closure
E 7th St between 23rd Ave and Kennedy St: 646 Kennedy St,D5,High,"August 29, 2023","August 29, 2023",2023-08-29,2023-08-29,0,2023,8,2023-08,pre_grants_pass,Closure,,False,False,False,False,,intersection,"E 7th Street between 23rd Avenue and Kennedy Street, Oakland, CA",,,,Closure
Vallejo & Stanford,D1,High,"August 28, 2023","August 28, 2023",2023-08-28,2023-08-28,0,2023,8,2023-08,pre_grants_pass,Deep Cleaning,,False,False,False,False,,named_place,"Vallejo & Stanford, Oakland, CA",,,,Deep Cleaning
14th St between Center St and Mandela Pkwy,D3,High,"August 24, 2023","August 24, 2023",2023-08-24,2023-08-24,0,2023,8,2023-08,pre_grants_pass,Deep Cleaning,,False,False,False,False,,named_place,"14th Street between Center Street and Mandela Parkway, Oakland, CA",,,,Deep Cleaning
"Cypress Freeway Memorial Park (FS3), 1301 Mandela Parkway",D3,High,"August 24, 2023","August 24, 2023",2023-08-24,2023-08-24,0,2023,8,2023-08,pre_grants_pass,Deep Cleaning,,False,False,False,False,,named_place,"Cypress Freeway Memorial Park (FS3), 1301 Mandela Parkway, Oakland, CA",37.8199,-122.2891,known_place_lookup,Deep Cleaning
13th St between Center and Mandela Pkwy,D3,High,"August 24, 2023","August 24, 2023",2023-08-24,2023-08-24,0,2023,8,2023-08,pre_grants_pass,Deep Cleaning,,False,False,False,False,,named_place,"13th Street between Center and Mandela Parkway, Oakland, CA",,,,Deep Cleaning
Mandela Pkwy between 13th and 14th,D3,High,"August 24, 2023","August 24, 2023",2023-08-24,2023-08-24,0,2023,8,2023-08,pre_grants_pass,Deep Cleaning,,False,False,False,False,,intersection,"Mandela Parkway between 13th and 14th, Oakland, CA",,,,Deep Cleaning
Center St between 13th St and 14th St,D3,High,"August 24, 2023","August 24, 2023",2023-08-24,2023-08-24,0,2023,8,2023-08,pre_grants_pass,Deep Cleaning,,False,False,False,False,,named_place,"Center Street between 13th Street and 14th Street, Oakland, CA",,,,Deep Cleaning
International Blvd and 102nd Ave and 103rd Ave: 10221 International Blvd,D7,High,"August 22, 2023","August 23, 2023",2023-08-22,2023-08-23,1,2023,8,2023-08,pre_grants_pass,Closure,,False,False,False,False,,intersection,"International Boulevard and 102nd Avenue and 103rd Avenue, Oakland, CA",,,,Closure
MLK between 35th St and 36th St,D3,Low,"August 21, 2023","August 21, 2023",2023-08-21,2023-08-21,0,2023,8,2023-08,pre_grants_pass,Closure,Partial Closure,True,False,False,False,east side,intersection,"Martin Luther King Jr Boulevard between 35th Street and 36th Street, Oakland, CA",,,,Partial Closure (East Side) & Closure
Market between 35th and 36th,D3,Low,"August 21, 2023","August 21, 2023",2023-08-21,2023-08-21,0,2023,8,2023-08,pre_grants_pass,Closure,Partial Closure,True,False,False,False,east side,intersection,"Market between 35th and 36th, Oakland, CA",,,,Partial Closure (East Side) & Closure
Mosswood Park,D3,High,"August 17, 2023","August 18, 2023",2023-08-17,2023-08-18,1,2023,8,2023-08,pre_grants_pass,Closure,,False,False,False,False,entire park,named_place,"Mosswood Park, Oakland, CA",37.8236,-122.2617,known_place_lookup,Closure (Entire Park)
High Street and Jensen: 500 High St/4343 Jensen St,D5,High,"August 16, 2023","August 16, 2023",2023-08-16,2023-08-16,0,2023,8,2023-08,pre_grants_pass,Deep Cleaning,,False,False,False,False,,intersection,"High Street and Jensen, Oakland, CA",,,,Deep Cleaning
San Leandro St between 81st Ave and 85th Ave: 8451 San Leandro St (Pick-n-Pull),D7,High,"August 15, 2023","August 15, 2023",2023-08-15,2023-08-15,0,2023,8,2023-08,pre_grants_pass,Deep Cleaning,,False,False,False,False,,intersection,"San Leandro Street between 81st Avenue and 85th Avenue, Oakland, CA",,,,Deep Cleaning
Union Point Park,D5,High,"August 14, 2023","August 14, 2023",2023-08-14,2023-08-14,0,2023,8,2023-08,pre_grants_pass,Closure,,False,False,False,False,,named_place,"Union Point Park, Oakland, CA",37.7742,-122.2316,known_place_lookup,Closure
Kirkham St between 16th St and 18th St,D3,High,"August 11, 2023","August 11, 2023",2023-08-11,2023-08-11,0,2023,8,2023-08,pre_grants_pass,Partial Closure,,False,False,False,False,,intersection,"Kirkham Street between 16th Street and 18th Street, Oakland, CA",,,,Partial Closure
Peralta Park,D2,High,"August 10, 2023","August 10, 2023",2023-08-10,2023-08-10,0,2023,8,2023-08,pre_grants_pass,Deep Cleaning,,False,False,False,False,,named_place,"Peralta Park, Oakland, CA",37.8175,-122.2779,known_place_lookup,Deep Cleaning
Mosswood Park,D3,High,"August 07, 2023","August 09, 2023",2023-08-07,2023-08-09,2,2023,8,2023-08,pre_grants_pass,Closure,,False,False,False,False,entire park,named_place,"Mosswood Park, Oakland, CA",37.8236,-122.2617,known_place_lookup,Closure (Entire Park)
Jefferson St between 2nd St and Embarcadero West,D3,High,"August 03, 2023","August 03, 2023",2023-08-03,2023-08-03,0,2023,8,2023-08,pre_grants_pass,Closure,,False,False,False,False,,intersection,"Jefferson Street between 2nd Street and Embarcadero West, Oakland, CA",,,,Closure
84th Ave between 83rd ave and Dowling St,D7,High,"August 01, 2023","August 02, 2023",2023-08-01,2023-08-02,1,2023,8,2023-08,pre_grants_pass,Deep Cleaning,,False,False,False,False,,intersection,"84th Avenue between 83rd ave and Dowling Street, Oakland, CA",,,,Deep Cleaning
83rd Ave between Dowling St and 83rd Ave,D7,High,"August 01, 2023","August 02, 2023",2023-08-01,2023-08-02,1,2023,8,2023-08,pre_grants_pass,Deep Cleaning,,False,False,False,False,,intersection,"83rd Avenue between Dowling Street and 83rd Avenue, Oakland, CA",,,,Deep Cleaning
83rd Ave between 84th Ave & 83rd Ave,D7,High,"August 01, 2023","August 02, 2023",2023-08-01,2023-08-02,1,2023,8,2023-08,pre_grants_pass,Deep Cleaning,,False,False,False,False,,intersection,"83rd Avenue between 84th Avenue & 83rd Avenue, Oakland, CA",,,,Deep Cleaning
Dowling St between 83rd Ave and 84th Ave,D7,High,"August 01, 2023","August 02, 2023",2023-08-01,2023-08-02,1,2023,8,2023-08,pre_grants_pass,Deep Cleaning,,False,False,False,False,,intersection,"Dowling Street between 83rd Avenue and 84th Avenue, Oakland, CA",,,,Deep Cleaning
30th St. between MLK and Telegraph,D3,Low,"July 31, 2023","July 31, 2023",2023-07-31,2023-07-31,0,2023,7,2023-07,pre_grants_pass,Closure,Deep Cleaning,True,False,False,False,north side; south side,intersection,"30th Street. between Martin Luther King Jr Boulevard and Telegraph, Oakland, CA",,,,Deep Clean (South Side) Closure (North Side)
42nd between MLK & Telegraph,D1,Low,"July 31, 2023","July 31, 2023",2023-07-31,2023-07-31,0,2023,7,2023-07,pre_grants_pass,Closure,Deep Cleaning,True,False,False,False,north; south,intersection,"42nd between Martin Luther King Jr Boulevard & Telegraph, Oakland, CA",,,,Deep Cleaning (North) & Closure (South)
29th St. between MLK and Telegraph,D3,Low,"July 27, 2023","July 27, 2023",2023-07-27,2023-07-27,0,2023,7,2023-07,pre_grants_pass,Deep Cleaning,,False,False,False,False,,intersection,"29th Street. between Martin Luther King Jr Boulevard and Telegraph, Oakland, CA",,,,Deep Cleaning
MLK between 23rd & 24th,D3,High,"July 24, 2023","July 27, 2023",2023-07-24,2023-07-27,3,2023,7,2023-07,pre_grants_pass,Deep Cleaning,,False,False,False,False,,intersection,"Martin Luther King Jr Boulevard between 23rd & 24th, Oakland, CA",,,,Deep Cleaning
MLk between W Grand Ave & 23rd,D3,High,"July 24, 2023","July 27, 2023",2023-07-24,2023-07-27,3,2023,7,2023-07,pre_grants_pass,Deep Cleaning,,False,False,False,False,,intersection,"Martin Luther King Jr Boulevard between West Grand Avenue & 23rd, Oakland, CA",,,,Deep Cleaning
W Grand Ave between San Pablo Ave & MLK,D3,High,"July 24, 2023","July 27, 2023",2023-07-24,2023-07-27,3,2023,7,2023-07,pre_grants_pass,Deep Cleaning,,False,False,False,False,,intersection,"West Grand Avenue between San Pablo Avenue & Martin Luther King Jr Boulevard, Oakland, CA",,,,Deep Cleaning
MLK between San Pablo Ave & W Grand Ave,D3,High,"July 24, 2023","July 27, 2023",2023-07-24,2023-07-27,3,2023,7,2023-07,pre_grants_pass,Deep Cleaning,,False,False,False,False,,intersection,"Martin Luther King Jr Boulevard between San Pablo Avenue & West Grand Avenue, Oakland, CA",,,,Deep Cleaning
San Pablo Ave between W Grand Ave & MLK,D3,High,"July 24, 2023","July 27, 2023",2023-07-24,2023-07-27,3,2023,7,2023-07,pre_grants_pass,Deep Cleaning,,False,False,False,False,,intersection,"San Pablo Avenue between West Grand Avenue & Martin Luther King Jr Boulevard, Oakland, CA",,,,Deep Cleaning
MLK between 24th & 25th,D3,High,"July 24, 2023","July 27, 2023",2023-07-24,2023-07-27,3,2023,7,2023-07,pre_grants_pass,Deep Cleaning,,False,False,False,False,,intersection,"Martin Luther King Jr Boulevard between 24th & 25th, Oakland, CA",,,,Deep Cleaning
23rd St between MLK to Northgate,D3,High,"July 24, 2023","July 27, 2023",2023-07-24,2023-07-27,3,2023,7,2023-07,pre_grants_pass,Deep Cleaning,,False,False,False,False,,intersection,"23rd Street between Martin Luther King Jr Boulevard to Northgate, Oakland, CA",,,,Deep Cleaning
City Lot at Alameda - 3801 E 8th St,D5,High,"July 18, 2023","July 21, 2023",2023-07-18,2023-07-21,3,2023,7,2023-07,pre_grants_pass,Deep Cleaning,,False,False,False,False,,named_place,"City Lot at Alameda - 3801 E 8th Street, Oakland, CA",,,,Deep Cleaning
Alameda Avenue from Howard Street to Fruitvale Ave,D5,High,"July 18, 2023","July 21, 2023",2023-07-18,2023-07-21,3,2023,7,2023-07,pre_grants_pass,Deep Cleaning,,False,False,False,False,,intersection,"Alameda Avenue from Howard Street to Fruitvale Avenue, Oakland, CA",,,,Deep Cleaning
Alameda Avenue between E 8th St and Howard St,D5,High,"July 18, 2023","July 21, 2023",2023-07-18,2023-07-21,3,2023,7,2023-07,pre_grants_pass,Deep Cleaning,,False,False,False,False,,intersection,"Alameda Avenue between E 8th Street and Howard Street, Oakland, CA",,,,Deep Cleaning
Alameda Avenue between Oakport St and  E 8th St,D5,High,"July 18, 2023","July 21, 2023",2023-07-18,2023-07-21,3,2023,7,2023-07,pre_grants_pass,Deep Cleaning,,False,False,False,False,,intersection,"Alameda Avenue between Oakport Street and E 8th Street, Oakland, CA",,,,Deep Cleaning
E. 8th St. and 37th Ave (behind home depot),D5,High,"July 18, 2023","July 21, 2023",2023-07-18,2023-07-21,3,2023,7,2023-07,pre_grants_pass,Deep Cleaning,,False,False,False,False,,intersection,"East 8th Street. and 37th Avenue, Oakland, CA",,,,Deep Cleaning
East 8th Cul De Sac,D5,High,"July 18, 2023","July 21, 2023",2023-07-18,2023-07-21,3,2023,7,2023-07,pre_grants_pass,Deep Cleaning,,False,False,False,False,,named_place,"East 8th Cul De Sac, Oakland, CA",,,,Deep Cleaning
Bancroft Ave between 55th Ave and Hilton St,D6,High,"July 17, 2023","July 17, 2023",2023-07-17,2023-07-17,0,2023,7,2023-07,pre_grants_pass,Closure,,False,False,False,False,,intersection,"Bancroft Avenue between 55th Avenue and Hilton Street, Oakland, CA",,,,Closure
54th Ave between San Leandro St and E 8th St,D6,High,"July 13, 2023","July 13, 2023",2023-07-13,2023-07-13,0,2023,7,2023-07,pre_grants_pass,Deep Cleaning,,False,False,False,False,,intersection,"54th Avenue between San Leandro Street and E 8th Street, Oakland, CA",,,,Deep Cleaning
53rd Ave between E 8th St and San Leandro St,D6,High,"July 13, 2023","July 13, 2023",2023-07-13,2023-07-13,0,2023,7,2023-07,pre_grants_pass,Deep Cleaning,,False,False,False,False,,intersection,"53rd Avenue between E 8th Street and San Leandro Street, Oakland, CA",,,,Deep Cleaning
San Leandro St between 53rd Ave and 54th Ave,D6,High,"July 13, 2023","July 13, 2023",2023-07-13,2023-07-13,0,2023,7,2023-07,pre_grants_pass,Deep Cleaning,,False,False,False,False,,intersection,"San Leandro Street between 53rd Avenue and 54th Avenue, Oakland, CA",,,,Deep Cleaning
Wood St between 18th & 20th,D3,High,"July 12, 2023","July 12, 2023",2023-07-12,2023-07-12,0,2023,7,2023-07,pre_grants_pass,Closure,,False,True,False,False,,intersection,"Wood Street between 18th & 20th, Oakland, CA",,,,Closure  (UNABLE TO BE EXECUTED)
Wood St between 17th & 18th,D3,High,"July 12, 2023","July 12, 2023",2023-07-12,2023-07-12,0,2023,7,2023-07,pre_grants_pass,Closure,,False,True,False,False,,intersection,"Wood Street between 17th & 18th, Oakland, CA",,,,Closure  (UNABLE TO BE EXECUTED)
Mosswood Park,D3,High,"July 10, 2023","July 11, 2023",2023-07-10,2023-07-11,1,2023,7,2023-07,pre_grants_pass,Closure,,False,False,False,False,,named_place,"Mosswood Park, Oakland, CA",37.8236,-122.2617,known_place_lookup,Closure
17th Ave between E 12th St and Solano Way,D2,High,"July 06, 2023","July 07, 2023",2023-07-06,2023-07-07,1,2023,7,2023-07,pre_grants_pass,Deep Cleaning,,False,False,False,False,,intersection,"17th Avenue between E 12th Street and Solano Way, Oakland, CA",,,,Deep Cleaning
E 12th St between 14th Ave and 16th Ave (Behind Burger King),D2,High,"July 06, 2023","July 07, 2023",2023-07-06,2023-07-07,1,2023,7,2023-07,pre_grants_pass,Deep Cleaning,,False,False,False,False,,intersection,"E 12th Street between 14th Avenue and 16th Avenue, Oakland, CA",,,,Deep Cleaning
E. 12th Median : 14th Ave to 18th Ave,D2,High,"July 06, 2023","July 07, 2023",2023-07-06,2023-07-07,1,2023,7,2023-07,pre_grants_pass,Deep Cleaning,,False,False,False,False,,named_place,"East 12th Median, Oakland, CA",,,,Deep Cleaning
Castro St between 5th St and 6th St,D3,Low,"July 05, 2023","July 05, 2023",2023-07-05,2023-07-05,0,2023,7,2023-07,pre_grants_pass,Deep Cleaning,,False,False,False,False,,intersection,"Castro Street between 5th Street and 6th Street, Oakland, CA",,,,Deep Cleaning
23rd Ave between Foothill Blvd and E 17th St,D2,High,"June 29, 2023","June 29, 2023",2023-06-29,2023-06-29,0,2023,6,2023-06,pre_grants_pass,Closure,,False,False,False,False,both sides,intersection,"23rd Avenue between Foothill Boulevard and E 17th Street, Oakland, CA",,,,Closure both sides of the street
E 17th St between 22nd Ave and 23rd Ave,D2,High,"June 29, 2023","June 29, 2023",2023-06-29,2023-06-29,0,2023,6,2023-06,pre_grants_pass,Closure,,False,False,False,False,,intersection,"E 17th Street between 22nd Avenue and 23rd Avenue, Oakland, CA",,,,Closure
Foothill Blvd between 22nd Ave and 23rd Ave,D2,High,"June 29, 2023","June 29, 2023",2023-06-29,2023-06-29,0,2023,6,2023-06,pre_grants_pass,Closure,,False,False,False,False,,intersection,"Foothill Boulevard between 22nd Avenue and 23rd Avenue, Oakland, CA",,,,Closure
Leet Drive,D7,High,"June 27, 2023","June 28, 2023",2023-06-27,2023-06-28,1,2023,6,2023-06,pre_grants_pass,Deep Cleaning,,False,False,False,False,,named_place,"Leet Drive, Oakland, CA",,,,Deep Cleaning
San Leandro St between 85th Ave and 92nd Ave,D7,High,"June 26, 2023","June 26, 2023",2023-06-26,2023-06-26,0,2023,6,2023-06,pre_grants_pass,Closure,,False,False,False,False,,intersection,"San Leandro Street between 85th Avenue and 92nd Avenue, Oakland, CA",,,,Closure
7001 San Leandro St (71st Ave and San Leandro St (Safe RV Site ROW),D6,High,"June 26, 2023","June 26, 2023",2023-06-26,2023-06-26,0,2023,6,2023-06,pre_grants_pass,Closure,,False,False,False,False,,address,"7001 San Leandro Street (71st Avenue and San Leandro Street (Safe RV Site ROW), Oakland, CA",,,,Closure
City Lot at Alameda - 3801 E 8th St,D5,High,"June 21, 2023","June 22, 2023",2023-06-21,2023-06-22,1,2023,6,2023-06,pre_grants_pass,Closure,,False,False,False,False,,named_place,"City Lot at Alameda - 3801 E 8th Street, Oakland, CA",,,,Closure
Alameda Avenue from Howard Street to Fruitvale Ave,D5,High,"June 21, 2023","June 22, 2023",2023-06-21,2023-06-22,1,2023,6,2023-06,pre_grants_pass,Deep Cleaning,,False,False,False,False,,intersection,"Alameda Avenue from Howard Street to Fruitvale Avenue, Oakland, CA",,,,Deep Cleaning
Alameda Avenue between E 8th St and Howard St,D5,High,"June 21, 2023","June 22, 2023",2023-06-21,2023-06-22,1,2023,6,2023-06,pre_grants_pass,Deep Cleaning,,False,False,False,False,,intersection,"Alameda Avenue between E 8th Street and Howard Street, Oakland, CA",,,,Deep Cleaning
Alameda Avenue between Oakport St and  E 8th St,D5,High,"June 21, 2023","June 22, 2023",2023-06-21,2023-06-22,1,2023,6,2023-06,pre_grants_pass,Deep Cleaning,,False,False,False,False,,intersection,"Alameda Avenue between Oakport Street and E 8th Street, Oakland, CA",,,,Deep Cleaning
E. 8th St. and 37th Ave (behind home depot),D5,High,"June 21, 2023","June 22, 2023",2023-06-21,2023-06-22,1,2023,6,2023-06,pre_grants_pass,Deep Cleaning,,False,False,False,False,,intersection,"East 8th Street. and 37th Avenue, Oakland, CA",,,,Deep Cleaning
East 8th Cul De Sac,D5,High,"June 21, 2023","June 22, 2023",2023-06-21,2023-06-22,1,2023,6,2023-06,pre_grants_pass,Closure,,False,False,False,False,,named_place,"East 8th Cul De Sac, Oakland, CA",,,,Closure
W Grand Ave between Isabella St and West St,D3,High,"June 20, 2023","June 20, 2023",2023-06-20,2023-06-20,0,2023,6,2023-06,pre_grants_pass,Closure,,False,False,False,False,,intersection,"West Grand Avenue between Isabella Street and West Street, Oakland, CA",,,,Closure
23rd St between West St and Brush St,D3,High,"June 20, 2023","June 20, 2023",2023-06-20,2023-06-20,0,2023,6,2023-06,pre_grants_pass,Closure,,False,False,False,False,,intersection,"23rd Street between West Street and Brush Street, Oakland, CA",,,,Closure
W Grand Ave between West St and Brush St,D3,High,"June 20, 2023","June 20, 2023",2023-06-20,2023-06-20,0,2023,6,2023-06,pre_grants_pass,Closure,,False,False,False,False,,intersection,"West Grand Avenue between West Street and Brush Street, Oakland, CA",,,,Closure
West St between West Grand Ave and San Pablo Ave,D3,High,"June 20, 2023","June 20, 2023",2023-06-20,2023-06-20,0,2023,6,2023-06,pre_grants_pass,Closure,,False,False,False,False,,intersection,"West Street between West Grand Avenue and San Pablo Avenue, Oakland, CA",,,,Closure
6th Ave between International Blvd and E 12th St,D2,High,"June 16, 2023","June 16, 2023",2023-06-16,2023-06-16,0,2023,6,2023-06,pre_grants_pass,Closure,,False,False,False,False,,intersection,"6th Avenue between International Boulevard and E 12th Street, Oakland, CA",,,,Closure
18th St and Poplar St (DeFremery Pool - front of entrance),D3,High,"June 16, 2023","June 16, 2023",2023-06-16,2023-06-16,0,2023,6,2023-06,pre_grants_pass,Closure,,False,False,False,False,,intersection,"18th Street and Poplar Street (DeFremery Pool - front of entrance), Oakland, CA",,,,Closure
Clinton Park,D5,High,"June 16, 2023","June 16, 2023",2023-06-16,2023-06-16,0,2023,6,2023-06,pre_grants_pass,Closure,,False,False,False,False,,named_place,"Clinton Park, Oakland, CA",37.8082,-122.2544,known_place_lookup,Closure
Independent Loop,D6,High,"June 15, 2023","June 15, 2023",2023-06-15,2023-06-15,0,2023,6,2023-06,pre_grants_pass,Closure,,False,False,False,False,,named_place,"Independent Loop, Oakland, CA",,,,Closure
42nd Ave between San Leandro Blvd & Wattling St,D5,High,"June 14, 2023","June 14, 2023",2023-06-14,2023-06-14,0,2023,6,2023-06,pre_grants_pass,Closure,,False,False,False,False,,intersection,"42nd Avenue between San Leandro Boulevard & Wattling Street, Oakland, CA",,,,Closure
Wattling St between 42nd Ave and High St,D5,High,"June 14, 2023","June 14, 2023",2023-06-14,2023-06-14,0,2023,6,2023-06,pre_grants_pass,Closure,,False,False,False,False,,intersection,"Wattling Street between 42nd Avenue and High Street, Oakland, CA",,,,Closure
Edes Ave between 98th Ave and Douglas Ave: 9910 Edes,D7,High,"June 13, 2023","June 13, 2023",2023-06-13,2023-06-13,0,2023,6,2023-06,pre_grants_pass,Closure,,False,False,False,False,,intersection,"Edes Avenue between 98th Avenue and Douglas Avenue, Oakland, CA",,,,Closure
Union Point Park,D2,High,"June 12, 2023","June 12, 2023",2023-06-12,2023-06-12,0,2023,6,2023-06,pre_grants_pass,Closure,,False,False,False,False,,named_place,"Union Point Park, Oakland, CA",37.7742,-122.2316,known_place_lookup,Closure
Frog Park the pathway between Clifton and Cavour,D1,High,"June 09, 2023","June 09, 2023",2023-06-09,2023-06-09,0,2023,6,2023-06,pre_grants_pass,Closure,,False,False,False,False,,named_place,"Frog Park the pathway between Clifton and Cavour, Oakland, CA",,,,Closure
West between 35th and 36th St,D3,Low,"June 08, 2023","June 08, 2023",2023-06-08,2023-06-08,0,2023,6,2023-06,pre_grants_pass,Closure,Deep Cleaning,True,False,False,False,eastside; westside,intersection,"West between 35th and 36th Street, Oakland, CA",,,,Deep Clean (Westside) and Closure (Eastside)
West St between West Grand Ave and San Pablo Ave,D3,High,"June 06, 2023","June 07, 2023",2023-06-06,2023-06-07,1,2023,6,2023-06,pre_grants_pass,Closure,,False,False,False,False,,intersection,"West Street between West Grand Avenue and San Pablo Avenue, Oakland, CA",,,,Closure
W Grand Ave between Isabella St and West St,D3,High,"June 06, 2023","June 07, 2023",2023-06-06,2023-06-07,1,2023,6,2023-06,pre_grants_pass,Closure,,False,False,False,False,,intersection,"West Grand Avenue between Isabella Street and West Street, Oakland, CA",,,,Closure
23rd St between West St and Brush St,D3,High,"June 06, 2023","June 07, 2023",2023-06-06,2023-06-07,1,2023,6,2023-06,pre_grants_pass,Closure,,False,False,False,False,,intersection,"23rd Street between West Street and Brush Street, Oakland, CA",,,,Closure
W Grand Ave between West St and Brush St,D3,High,"June 06, 2023","June 07, 2023",2023-06-06,2023-06-07,1,2023,6,2023-06,pre_grants_pass,Closure,,False,False,False,False,,intersection,"West Grand Avenue between West Street and Brush Street, Oakland, CA",,,,Closure
400 Lancaster St,D5,High,"June 05, 2023","June 05, 2023",2023-06-05,2023-06-05,0,2023,6,2023-06,pre_grants_pass,Closure,,False,False,False,False,,address,"400 Lancaster Street, Oakland, CA",,,,Closure
2nd & Jefferson (cul de sac),D3,High,"June 01, 2023","June 01, 2023",2023-06-01,2023-06-01,0,2023,6,2023-06,pre_grants_pass,Closure,,False,False,False,False,both sides,named_place,"2nd & Jefferson (cul de sac), Oakland, CA",,,,Closure both sides of the street
Telegraph Ave between 34th St and 35th St.,D3,Low,"May 31, 2023","May 31, 2023",2023-05-31,2023-05-31,0,2023,5,2023-05,pre_grants_pass,Closure,Deep Cleaning,True,False,False,False,east side; west side,intersection,"Telegraph Avenue between 34th Street and 35th Street, Oakland, CA",,,,Closure East Side & Deep Cleaning West Side
34th & Elm,D3,High,"May 31, 2023","May 31, 2023",2023-05-31,2023-05-31,0,2023,5,2023-05,pre_grants_pass,Closure,,False,False,False,False,,named_place,"34th & Elm, Oakland, CA",,,,Closure
Athol Plaza Park,D2,High,"May 30, 2023","May 30, 2023",2023-05-30,2023-05-30,0,2023,5,2023-05,pre_grants_pass,Closure,,False,False,False,False,,named_place,"Athol Plaza Park, Oakland, CA",,,,Closure
42nd between MLK & Telegraph,D1,Low,"May 18, 2023","May 18, 2023",2023-05-18,2023-05-18,0,2023,5,2023-05,pre_grants_pass,Closure,Deep Cleaning,True,False,False,False,north; south,intersection,"42nd between Martin Luther King Jr Boulevard & Telegraph, Oakland, CA",,,,Deep Cleaning (North) & Closure (South)
9th St and Pine St (cul-de-sac),D3,High,"May 17, 2023","May 17, 2023",2023-05-17,2023-05-17,0,2023,5,2023-05,pre_grants_pass,Deep Cleaning,,False,False,False,False,,intersection,"9th Street and Pine Street, Oakland, CA",,,,Deep Cleaning
Mosswood Park,D3,High,"May 16, 2023","May 16, 2023",2023-05-16,2023-05-16,0,2023,5,2023-05,pre_grants_pass,Deep Cleaning,,False,False,False,False,,named_place,"Mosswood Park, Oakland, CA",37.8236,-122.2617,known_place_lookup,Deep Cleaning
29th St. between MLK and Telegraph,D3,Low,"May 15, 2023","May 15, 2023",2023-05-15,2023-05-15,0,2023,5,2023-05,pre_grants_pass,Deep Cleaning,,False,False,False,False,,intersection,"29th Street. between Martin Luther King Jr Boulevard and Telegraph, Oakland, CA",,,,Deep Cleaning
30th St. between MLK and Telegraph,D3,Low,"May 15, 2023","May 15, 2023",2023-05-15,2023-05-15,0,2023,5,2023-05,pre_grants_pass,Deep Cleaning,,False,False,False,False,,intersection,"30th Street. between Martin Luther King Jr Boulevard and Telegraph, Oakland, CA",,,,Deep Cleaning
Campbell St between 18th St and 20th St,D3,High,"May 01, 2023","May 06, 2023",2023-05-01,2023-05-06,5,2023,5,2023-05,pre_grants_pass,Deep Cleaning,,False,False,False,False,,intersection,"Campbell Street between 18th Street and 20th Street, Oakland, CA",,,,Deep Cleaning
18th St between Campbell St and Wood St,D3,High,"May 01, 2023","May 03, 2023",2023-05-01,2023-05-03,2,2023,5,2023-05,pre_grants_pass,Deep Cleaning,,False,False,False,False,,intersection,"18th Street between Campbell Street and Wood Street, Oakland, CA",,,,Deep Cleaning
Wood St between 18th & 20th,D3,High,"May 01, 2023","May 03, 2023",2023-05-01,2023-05-03,2,2023,5,2023-05,pre_grants_pass,Closure,,False,False,False,False,,intersection,"Wood Street between 18th & 20th, Oakland, CA",,,,Closure
Wood St between 17th & 18th,D3,High,"May 01, 2023","May 06, 2023",2023-05-01,2023-05-06,5,2023,5,2023-05,pre_grants_pass,Closure,,False,False,False,False,,intersection,"Wood Street between 17th & 18th, Oakland, CA",,,,Closure
Raimondi Park,D3,High,"May 01, 2023","May 06, 2023",2023-05-01,2023-05-06,5,2023,5,2023-05,pre_grants_pass,Closure,,False,False,False,False,,named_place,"Raimondi Park, Oakland, CA",37.8359,-122.295,known_place_lookup,Closure
City Lot at 1707 Wood St,D3,High,"May 01, 2023","May 03, 2023",2023-05-01,2023-05-03,2,2023,5,2023-05,pre_grants_pass,Closure,,False,False,False,False,,named_place,"City Lot at 1707 Wood Street, Oakland, CA",,,,Closure
20th St between Wood St and Campbell St,D3,High,"May 01, 2023","May 06, 2023",2023-05-01,2023-05-06,5,2023,5,2023-05,pre_grants_pass,Deep Cleaning,,False,False,False,False,,intersection,"20th Street between Wood Street and Campbell Street, Oakland, CA",,,,Deep Cleaning
Campbell St between 18th St and 20th St,D3,High,"April 24, 2023","April 29, 2023",2023-04-24,2023-04-29,5,2023,4,2023-04,pre_grants_pass,Deep Cleaning,,False,False,False,False,,intersection,"Campbell Street between 18th Street and 20th Street, Oakland, CA",,,,Deep Cleaning
18th St between Campbell St and Wood St,D3,High,"April 24, 2023","April 29, 2023",2023-04-24,2023-04-29,5,2023,4,2023-04,pre_grants_pass,Deep Cleaning,,False,False,False,False,,intersection,"18th Street between Campbell Street and Wood Street, Oakland, CA",,,,Deep Cleaning
Wood St between 18th & 20th,D3,High,"April 24, 2023","April 29, 2023",2023-04-24,2023-04-29,5,2023,4,2023-04,pre_grants_pass,Closure,,False,False,False,False,,intersection,"Wood Street between 18th & 20th, Oakland, CA",,,,Closure
Wood St between 17th & 18th,D3,High,"April 24, 2023","April 29, 2023",2023-04-24,2023-04-29,5,2023,4,2023-04,pre_grants_pass,Closure,,False,False,False,False,,intersection,"Wood Street between 17th & 18th, Oakland, CA",,,,Closure
Raimondi Park,D3,High,"April 24, 2023","April 29, 2023",2023-04-24,2023-04-29,5,2023,4,2023-04,pre_grants_pass,Closure,,False,False,False,False,,named_place,"Raimondi Park, Oakland, CA",37.8359,-122.295,known_place_lookup,Closure
City Lot at 1707 Wood St,D3,High,"April 24, 2023","April 29, 2023",2023-04-24,2023-04-29,5,2023,4,2023-04,pre_grants_pass,Closure,,False,False,False,False,,named_place,"City Lot at 1707 Wood Street, Oakland, CA",,,,Closure
20th St between Wood St and Campbell St,D3,High,"April 24, 2023","April 29, 2023",2023-04-24,2023-04-29,5,2023,4,2023-04,pre_grants_pass,Deep Cleaning,,False,False,False,False,,intersection,"20th Street between Wood Street and Campbell Street, Oakland, CA",,,,Deep Cleaning
Campbell St between 18th St and 20th St,D3,High,"April 17, 2023","April 21, 2023",2023-04-17,2023-04-21,4,2023,4,2023-04,pre_grants_pass,Deep Cleaning,,False,False,False,False,,intersection,"Campbell Street between 18th Street and 20th Street, Oakland, CA",,,,Deep Cleaning
18th St between Campbell St and Wood St,D3,High,"April 17, 2023","April 21, 2023",2023-04-17,2023-04-21,4,2023,4,2023-04,pre_grants_pass,Deep Cleaning,,False,False,False,False,,intersection,"18th Street between Campbell Street and Wood Street, Oakland, CA",,,,Deep Cleaning
Wood St between 18th & 20th,D3,High,"April 17, 2023","April 21, 2023",2023-04-17,2023-04-21,4,2023,4,2023-04,pre_grants_pass,Closure,,False,False,False,False,,intersection,"Wood Street between 18th & 20th, Oakland, CA",,,,Closure
Wood St between 17th & 18th,D3,High,"April 17, 2023","April 21, 2023",2023-04-17,2023-04-21,4,2023,4,2023-04,pre_grants_pass,Closure,,False,False,False,False,,intersection,"Wood Street between 17th & 18th, Oakland, CA",,,,Closure
Raimondi Park,D3,High,"April 17, 2023","April 21, 2023",2023-04-17,2023-04-21,4,2023,4,2023-04,pre_grants_pass,Closure,,False,False,False,False,,named_place,"Raimondi Park, Oakland, CA",37.8359,-122.295,known_place_lookup,Closure
City Lot at 1707 Wood St,D3,High,"April 17, 2023","April 21, 2023",2023-04-17,2023-04-21,4,2023,4,2023-04,pre_grants_pass,Closure,,False,False,False,False,,named_place,"City Lot at 1707 Wood Street, Oakland, CA",,,,Closure
20th St between Wood St and Campbell St,D3,High,"April 17, 2023","April 21, 2023",2023-04-17,2023-04-21,4,2023,4,2023-04,pre_grants_pass,Deep Cleaning,,False,False,False,False,,intersection,"20th Street between Wood Street and Campbell Street, Oakland, CA",,,,Deep Cleaning
Campbell St between 18th St and 20th St,D3,High,"April 10, 2023","April 14, 2023",2023-04-10,2023-04-14,4,2023,4,2023-04,pre_grants_pass,Deep Cleaning,,False,False,False,False,,intersection,"Campbell Street between 18th Street and 20th Street, Oakland, CA",,,,Deep Cleaning
City Lot at 1707 Wood St,D3,High,"April 10, 2023","April 14, 2023",2023-04-10,2023-04-14,4,2023,4,2023-04,pre_grants_pass,Closure,,False,False,False,False,,named_place,"City Lot at 1707 Wood Street, Oakland, CA",,,,Closure
Raimondi Park,D3,High,"April 10, 2023","April 14, 2023",2023-04-10,2023-04-14,4,2023,4,2023-04,pre_grants_pass,Closure,,False,False,False,False,,named_place,"Raimondi Park, Oakland, CA",37.8359,-122.295,known_place_lookup,Closure
Wood St between 17th & 18th,D3,High,"April 10, 2023","April 14, 2023",2023-04-10,2023-04-14,4,2023,4,2023-04,pre_grants_pass,Closure,,False,False,False,False,,intersection,"Wood Street between 17th & 18th, Oakland, CA",,,,Closure
Wood St between 18th & 20th,D3,High,"April 10, 2023","April 14, 2023",2023-04-10,2023-04-14,4,2023,4,2023-04,pre_grants_pass,Closure,,False,False,False,False,,intersection,"Wood Street between 18th & 20th, Oakland, CA",,,,Closure
18th St between Campbell St and Wood St,D3,High,"April 10, 2023","April 14, 2023",2023-04-10,2023-04-14,4,2023,4,2023-04,pre_grants_pass,Deep Cleaning,,False,False,False,False,,intersection,"18th Street between Campbell Street and Wood Street, Oakland, CA",,,,Deep Cleaning
20th St between Wood St and Campbell St,D3,High,"April 10, 2023","April 14, 2023",2023-04-10,2023-04-14,4,2023,4,2023-04,pre_grants_pass,Deep Cleaning,,False,False,False,False,,intersection,"20th Street between Wood Street and Campbell Street, Oakland, CA",,,,Deep Cleaning
MLK between 24th & 25th,D3,High,"April 06, 2023","April 07, 2023",2023-04-06,2023-04-07,1,2023,4,2023-04,pre_grants_pass,Closure,,False,False,False,False,east side; west,intersection,"Martin Luther King Jr Boulevard between 24th & 25th, Oakland, CA",,,,Closure (West & East Side)
MLk between W Grand Ave & 23rd,D3,High,"April 06, 2023","April 07, 2023",2023-04-06,2023-04-07,1,2023,4,2023-04,pre_grants_pass,Closure,Deep Cleaning,True,False,False,False,east side; west side,intersection,"Martin Luther King Jr Boulevard between West Grand Avenue & 23rd, Oakland, CA",,,,Closure (West Side) & Deep Cleaning (East Side)
MLK between 23rd & 24th,D3,High,"April 06, 2023","April 07, 2023",2023-04-06,2023-04-07,1,2023,4,2023-04,pre_grants_pass,Closure,Deep Cleaning,True,False,False,False,east side; west side,intersection,"Martin Luther King Jr Boulevard between 23rd & 24th, Oakland, CA",,,,Closure (West Side) & Deep Cleaning (East Side)
23rd St between MLK to Northgate,D3,High,"April 06, 2023","April 07, 2023",2023-04-06,2023-04-07,1,2023,4,2023-04,pre_grants_pass,Deep Cleaning,,False,False,False,False,north; south side,intersection,"23rd Street between Martin Luther King Jr Boulevard to Northgate, Oakland, CA",,,,Deep Cleaning (North & South Side)
W Grand Ave between San Pablo Ave & MLK,D3,High,"April 06, 2023","April 07, 2023",2023-04-06,2023-04-07,1,2023,4,2023-04,pre_grants_pass,Closure,,False,False,False,False,northside,intersection,"West Grand Avenue between San Pablo Avenue & Martin Luther King Jr Boulevard, Oakland, CA",,,,Closure (Northside Only)
International Blvd and 102nd Ave and 103rd Ave: 10221 International Blvd,D7,High,"April 05, 2023","April 05, 2023",2023-04-05,2023-04-05,0,2023,4,2023-04,pre_grants_pass,Deep Cleaning,,False,False,False,False,,intersection,"International Boulevard and 102nd Avenue and 103rd Avenue, Oakland, CA",,,,Deep Cleaning
84th Avenue & International,D7,High,"April 05, 2023","April 05, 2023",2023-04-05,2023-04-05,0,2023,4,2023-04,pre_grants_pass,Deep Cleaning,,False,False,False,False,,named_place,"84th Avenue & International Boulevard, Oakland, CA",,,,Deep Cleaning
13th St between Center and Mandela Pkwy,D3,High,"April 04, 2023","April 04, 2023",2023-04-04,2023-04-04,0,2023,4,2023-04,pre_grants_pass,Deep Cleaning,,False,False,False,False,,named_place,"13th Street between Center and Mandela Parkway, Oakland, CA",,,,Deep Cleaning
14th St between Center St & Mandela Parkway,D3,High,"April 04, 2023","April 04, 2023",2023-04-04,2023-04-04,0,2023,4,2023-04,pre_grants_pass,Deep Cleaning,,False,False,False,False,,named_place,"14th Street between Center Street & Mandela Parkway, Oakland, CA",,,,Deep Cleaning
Center St between 13th St and 14th St,D3,High,"April 04, 2023","April 04, 2023",2023-04-04,2023-04-04,0,2023,4,2023-04,pre_grants_pass,Deep Cleaning,,False,False,False,False,,named_place,"Center Street between 13th Street and 14th Street, Oakland, CA",,,,Deep Cleaning
Mandela Pkwy between 13th and 14th,D3,High,"April 04, 2023","April 04, 2023",2023-04-04,2023-04-04,0,2023,4,2023-04,pre_grants_pass,Deep Cleaning,,False,False,False,False,,intersection,"Mandela Parkway between 13th and 14th, Oakland, CA",,,,Deep Cleaning
"Cypress Freeway Memorial Park (FS3), 1301 Mandela Pkwy",D3,High,"April 04, 2023","April 04, 2023",2023-04-04,2023-04-04,0,2023,4,2023-04,pre_grants_pass,Deep Cleaning,,False,False,False,False,,named_place,"Cypress Freeway Memorial Park (FS3), 1301 Mandela Parkway, Oakland, CA",37.8199,-122.2891,known_place_lookup,Deep Cleaning
High St between Oakport St and Coliseum Way,D5,Low,"April 03, 2023","April 03, 2023",2023-04-03,2023-04-03,0,2023,4,2023-04,pre_grants_pass,Deep Cleaning,,False,False,False,False,,intersection,"High Street between Oakport Street and Coliseum Way, Oakland, CA",,,,Deep Cleaning
9th St and Pine St (cul-de-sac),D3,High,"March 30, 2023","March 30, 2023",2023-03-30,2023-03-30,0,2023,3,2023-03,pre_grants_pass,Deep Cleaning,,False,False,False,False,,intersection,"9th Street and Pine Street, Oakland, CA",,,,Deep Cleaning
42nd & Dover,D1,High,"March 28, 2023","March 29, 2023",2023-03-28,2023-03-29,1,2023,3,2023-03,pre_grants_pass,Closure,,False,False,False,False,,named_place,"42nd & Dover, Oakland, CA",,,,Closure
42nd between MLK & Telegraph,D1,Low,"March 28, 2023","March 29, 2023",2023-03-28,2023-03-29,1,2023,3,2023-03,pre_grants_pass,Closure,Deep Cleaning,True,False,False,False,northside; southside,intersection,"42nd between Martin Luther King Jr Boulevard & Telegraph, Oakland, CA",,,,Deep Cleaning (Northside) and Closure (Southside)
Lake Merritt Park: 1200 Lakeshore,D2,High,"March 27, 2023","March 28, 2023",2023-03-27,2023-03-28,1,2023,3,2023-03,pre_grants_pass,Partial Closure,,False,False,False,False,,named_place,"Lake Merritt Park, Oakland, CA",37.7982,-122.2587,known_place_lookup,Partial Closure
West between 35th and 36th St,D3,Low,"March 27, 2023","March 27, 2023",2023-03-27,2023-03-27,0,2023,3,2023-03,pre_grants_pass,Closure,Deep Cleaning,True,False,False,False,eastside; westside,intersection,"West between 35th and 36th Street, Oakland, CA",,,,Deep Clean (Westside) and Closure (Eastside)
San Leandro St between 85th Ave and 92nd Ave,D7,High,"March 23, 2023","March 24, 2023",2023-03-23,2023-03-24,1,2023,3,2023-03,pre_grants_pass,Deep Cleaning,,False,False,False,False,,intersection,"San Leandro Street between 85th Avenue and 92nd Avenue, Oakland, CA",,,,Deep Cleaning
San Leandro St between 81st Ave and 85th Ave: 8451 San Leandro Street (Pick-n-Pull),D7,High,"March 23, 2023","March 23, 2023",2023-03-23,2023-03-23,0,2023,3,2023-03,pre_grants_pass,Deep Cleaning,,False,False,False,False,,intersection,"San Leandro Street between 81st Avenue and 85th Avenue, Oakland, CA",,,,Deep Cleaning
Edes Ave between 98th Ave and Douglas Ave: 9910 Edes,D7,High,"March 22, 2023","March 22, 2023",2023-03-22,2023-03-22,0,2023,3,2023-03,pre_grants_pass,Deep Cleaning,,False,False,False,False,,intersection,"Edes Avenue between 98th Avenue and Douglas Avenue, Oakland, CA",,,,Deep Cleaning
Cary Ave between Hale Ave and Edes Ave,D7,High,"March 22, 2023","March 22, 2023",2023-03-22,2023-03-22,0,2023,3,2023-03,pre_grants_pass,Deep Cleaning,,False,False,False,False,,intersection,"Cary Avenue between Hale Avenue and Edes Avenue, Oakland, CA",,,,Deep Cleaning
42nd between MLK & Telegraph,D1,Low,"March 21, 2023","March 21, 2023",2023-03-21,2023-03-21,0,2023,3,2023-03,pre_grants_pass,Closure,Deep Cleaning,True,False,False,False,northside; southside,intersection,"42nd between Martin Luther King Jr Boulevard & Telegraph, Oakland, CA",,,,Deep Cleaning (Southside) and Closure (Northside)
Kirkham St between 5th & 7th St.,D3,Low,"March 20, 2023","March 20, 2023",2023-03-20,2023-03-20,0,2023,3,2023-03,pre_grants_pass,Deep Cleaning,,False,False,False,False,,intersection,"Kirkham Street between 5th & 7th Street, Oakland, CA",,,,Deep Cleaning
5th St between Kirkham St and Mandela Parkway,D3,Low,"March 20, 2023","March 20, 2023",2023-03-20,2023-03-20,0,2023,3,2023-03,pre_grants_pass,Deep Cleaning,,False,False,False,False,,intersection,"5th Street between Kirkham Street and Mandela Parkway, Oakland, CA",,,,Deep Cleaning
Snow Park,D3,High,"March 16, 2023","March 16, 2023",2023-03-16,2023-03-16,0,2023,3,2023-03,pre_grants_pass,Closure,,False,False,False,False,,named_place,"Snow Park, Oakland, CA",,,,Closure
45th St between Telegraph Ave and Webster St,D1,High,"March 15, 2023","March 15, 2023",2023-03-15,2023-03-15,0,2023,3,2023-03,pre_grants_pass,Closure,,False,False,False,False,,intersection,"45th Street between Telegraph Avenue and Webster Street, Oakland, CA",,,,Closure
30th St. between MLK and Telegraph,D3,Low,"March 15, 2023","March 15, 2023",2023-03-15,2023-03-15,0,2023,3,2023-03,pre_grants_pass,Closure,Deep Cleaning,True,False,False,False,north side; south side,intersection,"30th Street. between Martin Luther King Jr Boulevard and Telegraph, Oakland, CA",,,,Deep Clean (South Side) Closure (North Side)
E 12th St between 46th Ave and 47th Ave,D5,High,"March 14, 2023","March 14, 2023",2023-03-14,2023-03-14,0,2023,3,2023-03,pre_grants_pass,Deep Cleaning,,False,False,False,False,,intersection,"E 12th Street between 46th Avenue and 47th Avenue, Oakland, CA",,,,Deep Cleaning
42nd Ave between San Leandro Blvd & Wattling St,D5,High,"March 14, 2023","March 14, 2023",2023-03-14,2023-03-14,0,2023,3,2023-03,pre_grants_pass,Deep Cleaning,,False,False,False,False,,intersection,"42nd Avenue between San Leandro Boulevard & Wattling Street, Oakland, CA",,,,Deep Cleaning
Wattling St between 42nd Ave and High St,D5,High,"March 14, 2023","March 14, 2023",2023-03-14,2023-03-14,0,2023,3,2023-03,pre_grants_pass,Deep Cleaning,,False,False,False,False,,intersection,"Wattling Street between 42nd Avenue and High Street, Oakland, CA",,,,Deep Cleaning
47th Ave between E.12th and San Leandro St,D5,High,"March 14, 2023","March 14, 2023",2023-03-14,2023-03-14,0,2023,3,2023-03,pre_grants_pass,Deep Cleaning,,False,False,False,False,,intersection,"47th Avenue between E.12th and San Leandro Street, Oakland, CA",,,,Deep Cleaning
46th Ave and E. 12th (cul-de-sac),D5,High,"March 14, 2023","March 14, 2023",2023-03-14,2023-03-14,0,2023,3,2023-03,pre_grants_pass,Deep Cleaning,,False,False,False,False,,intersection,"46th Avenue and East 12th, Oakland, CA",,,,Deep Cleaning
Castro St between 6th and 7th St,D3,Low,"March 13, 2023","March 13, 2023",2023-03-13,2023-03-13,0,2023,3,2023-03,pre_grants_pass,Deep Cleaning,,False,False,False,False,,intersection,"Castro Street between 6th and 7th Street, Oakland, CA",,,,Deep Cleaning
Castro St between 5th St and 6th St,D3,Low,"March 13, 2023","March 13, 2023",2023-03-13,2023-03-13,0,2023,3,2023-03,pre_grants_pass,Deep Cleaning,,False,False,False,False,,intersection,"Castro Street between 5th Street and 6th Street, Oakland, CA",,,,Deep Cleaning
7th St between Castro St and Brush St,D3,Low,"March 13, 2023","March 13, 2023",2023-03-13,2023-03-13,0,2023,3,2023-03,pre_grants_pass,Closure,,False,False,False,False,,intersection,"7th Street between Castro Street and Brush Street, Oakland, CA",,,,Closure
E St between 91st Ave and 92nd Ave,D7,High,"March 09, 2023","March 09, 2023",2023-03-09,2023-03-09,0,2023,3,2023-03,pre_grants_pass,Closure,,False,False,False,False,,intersection,"East Street between 91st Avenue and 92nd Avenue, Oakland, CA",,,,Closure
2nd St between MLK and Jefferson St,D3,High,"March 08, 2023","March 08, 2023",2023-03-08,2023-03-08,0,2023,3,2023-03,pre_grants_pass,Closure,,False,False,False,False,,intersection,"2nd Street between Martin Luther King Jr Boulevard and Jefferson Street, Oakland, CA",,,,Closure
2nd & Brush,D3,Low,"March 08, 2023","March 08, 2023",2023-03-08,2023-03-08,0,2023,3,2023-03,pre_grants_pass,Deep Cleaning,,False,False,False,False,,named_place,"2nd & Brush, Oakland, CA",,,,Deep Cleaning
Mosswood Park,D3,High,"March 07, 2023","March 07, 2023",2023-03-07,2023-03-07,0,2023,3,2023-03,pre_grants_pass,Closure,,False,False,False,False,entire park,named_place,"Mosswood Park, Oakland, CA",37.8236,-122.2617,known_place_lookup,Closure entire park
Harrison St between 4th St and 5th St,D2,Low,"March 06, 2023","March 06, 2023",2023-03-06,2023-03-06,0,2023,3,2023-03,pre_grants_pass,Deep Cleaning,,False,False,False,False,,intersection,"Harrison Street between 4th Street and 5th Street, Oakland, CA",,,,Deep Cleaning
5th St between Harrison St and Webster St,D2,Low,"March 06, 2023","March 06, 2023",2023-03-06,2023-03-06,0,2023,3,2023-03,pre_grants_pass,Deep Cleaning,,False,False,False,False,,intersection,"5th Street between Harrison Street and Webster Street, Oakland, CA",,,,Deep Cleaning
6th Ave between International Blvd and E 12th St,D2,High,"March 03, 2023","March 03, 2023",2023-03-03,2023-03-03,0,2023,3,2023-03,pre_grants_pass,Closure,,False,False,False,False,,intersection,"6th Avenue between International Boulevard and E 12th Street, Oakland, CA",,,,Closure
Clinton Park,D2,High,"March 03, 2023","March 03, 2023",2023-03-03,2023-03-03,0,2023,3,2023-03,pre_grants_pass,Closure,,False,False,False,False,,named_place,"Clinton Park, Oakland, CA",37.8082,-122.2544,known_place_lookup,Closure
W Grand Ave between Isabella St and West St,D3,High,"March 01, 2023","March 02, 2023",2023-03-01,2023-03-02,1,2023,3,2023-03,pre_grants_pass,Closure,,False,False,False,False,,intersection,"West Grand Avenue between Isabella Street and West Street, Oakland, CA",,,,Closure
23rd between West St and Brush St,D3,High,"March 01, 2023","March 02, 2023",2023-03-01,2023-03-02,1,2023,3,2023-03,pre_grants_pass,Closure,,False,False,False,False,,intersection,"23rd between West Street and Brush Street, Oakland, CA",,,,Closure
West St between West Grand Ave and San Pablo Ave,D3,High,"March 01, 2023","March 02, 2023",2023-03-01,2023-03-02,1,2023,3,2023-03,pre_grants_pass,Closure,,False,False,False,False,,intersection,"West Street between West Grand Avenue and San Pablo Avenue, Oakland, CA",,,,Closure
W Grand Ave between West St and Brush St,D3,High,"March 01, 2023","March 02, 2023",2023-03-01,2023-03-02,1,2023,3,2023-03,pre_grants_pass,Closure,,False,False,False,False,,intersection,"West Grand Avenue between West Street and Brush Street, Oakland, CA",,,,Closure
692 Baldwin,D7,High,"February 28, 2023","February 28, 2023",2023-02-28,2023-02-28,0,2023,2,2023-02,pre_grants_pass,Deep Cleaning,,False,False,False,False,,address,"692 Baldwin, Oakland, CA",,,,Deep Cleaning
Athol Plaza Park,D2,High,"February 27, 2023","February 27, 2023",2023-02-27,2023-02-27,0,2023,2,2023-02,pre_grants_pass,Closure,,False,True,False,False,,named_place,"Athol Plaza Park, Oakland, CA",,,,Closure (UNABLE TO BE EXECUTED)
Frank Ogawa Plaza,D3,High,"February 24, 2023","February 24, 2023",2023-02-24,2023-02-24,0,2023,2,2023-02,pre_grants_pass,Closure,,False,False,False,False,,named_place,"Frank Ogawa Plaza, Oakland, CA",,,,Closure
San Pablo Ave between W Grand Ave & MLK,D3,High,"February 22, 2023","February 23, 2023",2023-02-22,2023-02-23,1,2023,2,2023-02,pre_grants_pass,Closure,Partial Closure,True,False,False,False,east side; west side,intersection,"San Pablo Avenue between West Grand Avenue & Martin Luther King Jr Boulevard, Oakland, CA",,,,Closure (West Side) and Partial Closure (East Side)
W Grand Ave between San Pablo Ave & MLK,D3,High,"February 22, 2023","February 23, 2023",2023-02-22,2023-02-23,1,2023,2,2023-02,pre_grants_pass,Closure,,False,True,False,False,,intersection,"West Grand Avenue between San Pablo Avenue & Martin Luther King Jr Boulevard, Oakland, CA",,,,Closure (UNABLE TO BE EXECUTED)
MLK between San Pablo Ave & W Grand Ave,D3,High,"February 22, 2023","February 23, 2023",2023-02-22,2023-02-23,1,2023,2,2023-02,pre_grants_pass,Closure,,False,False,False,False,,intersection,"Martin Luther King Jr Boulevard between San Pablo Avenue & West Grand Avenue, Oakland, CA",,,,Closure
MLK between 24th & 25th,D3,High,"February 22, 2023","February 23, 2023",2023-02-22,2023-02-23,1,2023,2,2023-02,pre_grants_pass,Deep Cleaning,,False,False,False,False,eastside,intersection,"Martin Luther King Jr Boulevard between 24th & 25th, Oakland, CA",,,,Deep Cleaning (Eastside)
MLK between 23rd & 24th,D3,High,"February 22, 2023","February 23, 2023",2023-02-22,2023-02-23,1,2023,2,2023-02,pre_grants_pass,Closure,Deep Cleaning,True,False,False,False,east side; west side,intersection,"Martin Luther King Jr Boulevard between 23rd & 24th, Oakland, CA",,,,Deep Cleaning (East Side) and Closure (West Side)
MLk between W Grand Ave & 23rd,D3,High,"February 22, 2023","February 23, 2023",2023-02-22,2023-02-23,1,2023,2,2023-02,pre_grants_pass,Closure,Deep Cleaning,True,False,False,False,east side; west side,intersection,"Martin Luther King Jr Boulevard between West Grand Avenue & 23rd, Oakland, CA",,,,Deep Cleaning (East Side) and Closure (West Side)
29th St. between MLK and Telegraph,D3,Low,"February 21, 2023","February 21, 2023",2023-02-21,2023-02-21,0,2023,2,2023-02,pre_grants_pass,Closure,Deep Cleaning,True,False,False,False,north; south,intersection,"29th Street. between Martin Luther King Jr Boulevard and Telegraph, Oakland, CA",,,,Deep Cleaning (North) & Closure (South)
Frank Ogawa Plaza,D3,High,"February 17, 2023","February 17, 2023",2023-02-17,2023-02-17,0,2023,2,2023-02,pre_grants_pass,Closure,,False,False,False,False,,named_place,"Frank Ogawa Plaza, Oakland, CA",,,,Closure
45th Ave between Foothill Blvd and Bond St,D5,High,"February 16, 2023","February 16, 2023",2023-02-16,2023-02-16,0,2023,2,2023-02,pre_grants_pass,Closure,,False,False,False,False,,intersection,"45th Avenue between Foothill Boulevard and Bond Street, Oakland, CA",,,,Closure
Bond St between High St and 45th Ave,D5,High,"February 16, 2023","February 16, 2023",2023-02-16,2023-02-16,0,2023,2,2023-02,pre_grants_pass,Closure,,False,False,False,False,,intersection,"Bond Street between High Street and 45th Avenue, Oakland, CA",,,,Closure
34th St between Peralta St and Fitzgerald St,D3,High,"February 13, 2023","February 15, 2023",2023-02-13,2023-02-15,2,2023,2,2023-02,pre_grants_pass,Closure,,False,False,False,False,,intersection,"34th Street between Peralta Street and Fitzgerald Street, Oakland, CA",,,,Closure
Fitzgerald Park,D3,High,"February 13, 2023","February 15, 2023",2023-02-13,2023-02-15,2,2023,2,2023-02,pre_grants_pass,Closure,,False,False,False,False,,named_place,"Fitzgerald Park, Oakland, CA",,,,Closure
E 12th St between 45th Ave and 46th Ave,D5,High,"February 08, 2023","February 10, 2023",2023-02-08,2023-02-10,2,2023,2,2023-02,pre_grants_pass,Deep Cleaning,,False,False,False,False,,intersection,"E 12th Street between 45th Avenue and 46th Avenue, Oakland, CA",,,,Deep Cleaning
E 12th St between 46th Ave and 47th Ave,D5,High,"February 08, 2023","February 10, 2023",2023-02-08,2023-02-10,2,2023,2,2023-02,pre_grants_pass,Deep Cleaning,,False,False,False,False,,intersection,"E 12th Street between 46th Avenue and 47th Avenue, Oakland, CA",,,,Deep Cleaning
47th Avenue between East 12th & International Blvd,D5,High,"February 08, 2023","February 10, 2023",2023-02-08,2023-02-10,2,2023,2,2023-02,pre_grants_pass,Deep Cleaning,,False,False,False,False,,intersection,"47th Avenue between East 12th & International Boulevard, Oakland, CA",,,,Deep Cleaning
46th Ave between International and E12 Street,D5,High,"February 08, 2023","February 10, 2023",2023-02-08,2023-02-10,2,2023,2,2023-02,pre_grants_pass,Deep Cleaning,,False,False,False,False,,intersection,"46th Avenue between International Boulevard and E12 Street, Oakland, CA",,,,Deep Cleaning
45th Ave between International and E12 Street,D5,High,"February 08, 2023","February 10, 2023",2023-02-08,2023-02-10,2,2023,2,2023-02,pre_grants_pass,Deep Cleaning,,False,False,False,False,,intersection,"45th Avenue between International Boulevard and E12 Street, Oakland, CA",,,,Deep Cleaning
42nd between MLK & Telegraph,D1,Low,"February 07, 2023","February 07, 2023",2023-02-07,2023-02-07,0,2023,2,2023-02,pre_grants_pass,Closure,Deep Cleaning,True,False,False,False,northside; southside,intersection,"42nd between Martin Luther King Jr Boulevard & Telegraph, Oakland, CA",,,,Deep Cleaning (Southside) and Closure (Northside)
42nd & Dover,D1,High,"February 07, 2023","February 07, 2023",2023-02-07,2023-02-07,0,2023,2,2023-02,pre_grants_pass,Closure,,False,False,False,False,,named_place,"42nd & Dover, Oakland, CA",,,,Closure
West between 35th and 36th St,D3,Low,"February 06, 2023","February 06, 2023",2023-02-06,2023-02-06,0,2023,2,2023-02,pre_grants_pass,Closure,Deep Cleaning,True,False,False,False,east side; west side,intersection,"West between 35th and 36th Street, Oakland, CA",,,,Deep Cleaning (West Side) and Closure (East Side)
City Lot -796 66th Avenue Parking,D6,High,"February 03, 2023","February 03, 2023",2023-02-03,2023-02-03,0,2023,2,2023-02,pre_grants_pass,Closure,,False,False,True,False,,named_place,"City Lot -796 66th Avenue Parking, Oakland, CA",,,,Closure (Self Abated)
E. 12th Median : 14th Ave to 18th Ave,D2,High,"February 01, 2023","February 02, 2023",2023-02-01,2023-02-02,1,2023,2,2023-02,pre_grants_pass,Deep Cleaning,,False,False,False,False,,named_place,"East 12th Median, Oakland, CA",,,,Deep Cleaning
17th Ave between E 12th St and Solano Way,D2,High,"February 01, 2023","February 02, 2023",2023-02-01,2023-02-02,1,2023,2,2023-02,pre_grants_pass,Deep Cleaning,,False,False,False,False,,intersection,"17th Avenue between E 12th Street and Solano Way, Oakland, CA",,,,Deep Cleaning
Bigge Street between 98th Ave & Adams Ave,D7,High,"January 31, 2023","January 31, 2023",2023-01-31,2023-01-31,0,2023,1,2023-01,pre_grants_pass,Closure,,False,False,False,False,,intersection,"Bigge Street between 98th Avenue & Adams Avenue, Oakland, CA",,,,Closure
Mandela Parkway between 14th & 16th,D3,High,"January 30, 2023","January 30, 2023",2023-01-30,2023-01-30,0,2023,1,2023-01,pre_grants_pass,Closure,,False,False,False,False,,intersection,"Mandela Parkway between 14th & 16th, Oakland, CA",,,,Closure
16th St between Kirkham St and Mandela Pkwy,D3,High,"January 30, 2023","January 30, 2023",2023-01-30,2023-01-30,0,2023,1,2023-01,pre_grants_pass,Deep Cleaning,,False,False,False,False,,intersection,"16th Street between Kirkham Street and Mandela Parkway, Oakland, CA",,,,Deep Cleaning
Frank Ogawa Plaza,D3,High,"January 27, 2023","January 27, 2023",2023-01-27,2023-01-27,0,2023,1,2023-01,pre_grants_pass,Closure,,False,False,False,False,,named_place,"Frank Ogawa Plaza, Oakland, CA",,,,Closure
Leet Drive,D7,High,"January 25, 2023","January 26, 2023",2023-01-25,2023-01-26,1,2023,1,2023-01,pre_grants_pass,Deep Cleaning,,False,False,False,False,,named_place,"Leet Drive, Oakland, CA",,,,Deep Cleaning
City Lot -796 66th Avenue Parking,D6,High,"January 24, 2023","January 24, 2023",2023-01-24,2023-01-24,0,2023,1,2023-01,pre_grants_pass,Closure,,False,False,False,False,,named_place,"City Lot -796 66th Avenue Parking, Oakland, CA",,,,Closure
54th Ave between San Leandro St and E 8th St,D7,High,"January 23, 2023","January 23, 2023",2023-01-23,2023-01-23,0,2023,1,2023-01,pre_grants_pass,Deep Cleaning,,False,False,False,False,,intersection,"54th Avenue between San Leandro Street and E 8th Street, Oakland, CA",,,,Deep Cleaning
San Leandro St between 53rd Ave and 54th Ave,D7,High,"January 23, 2023","January 23, 2023",2023-01-23,2023-01-23,0,2023,1,2023-01,pre_grants_pass,Deep Cleaning,,False,False,False,False,,intersection,"San Leandro Street between 53rd Avenue and 54th Avenue, Oakland, CA",,,,Deep Cleaning
Bishop Floyd Plaza: 2070 San Pablo Ave,D3,High,"January 19, 2023","January 19, 2023",2023-01-19,2023-01-19,0,2023,1,2023-01,pre_grants_pass,Closure,,False,False,False,False,,named_place,"Bishop Floyd Plaza, Oakland, CA",,,,Closure
San Pablo Ave between W Grand Ave & MLK,D3,High,"January 19, 2023","January 19, 2023",2023-01-19,2023-01-19,0,2023,1,2023-01,pre_grants_pass,Closure,Deep Cleaning,True,False,False,False,east side; west side,intersection,"San Pablo Avenue between West Grand Avenue & Martin Luther King Jr Boulevard, Oakland, CA",,,,Closure (West Side) Deep Clean (East Side)
Market between 35th and 36th,D3,Low,"January 18, 2023","January 18, 2023",2023-01-18,2023-01-18,0,2023,1,2023-01,pre_grants_pass,Deep Cleaning,,False,False,False,False,,intersection,"Market between 35th and 36th, Oakland, CA",,,,Deep Cleaning
Mandela Pkwy between 13th and 14th,D3,High,"January 17, 2023","January 17, 2023",2023-01-17,2023-01-17,0,2023,1,2023-01,pre_grants_pass,Deep Cleaning,,False,False,False,False,,intersection,"Mandela Parkway between 13th and 14th, Oakland, CA",,,,Deep Cleaning
13th St between Center and Mandela Pkwy,D3,High,"January 17, 2023","January 17, 2023",2023-01-17,2023-01-17,0,2023,1,2023-01,pre_grants_pass,Deep Cleaning,,False,False,False,False,,named_place,"13th Street between Center and Mandela Parkway, Oakland, CA",,,,Deep Cleaning
"Cypress Freeway Memorial Park (FS3), 1301 Mandela Pkwy",D3,High,"January 17, 2023","January 17, 2023",2023-01-17,2023-01-17,0,2023,1,2023-01,pre_grants_pass,Deep Cleaning,,False,False,False,False,,named_place,"Cypress Freeway Memorial Park (FS3), 1301 Mandela Parkway, Oakland, CA",37.8199,-122.2891,known_place_lookup,Deep Cleaning
Center St between 13th St and 14th St,D3,High,"January 17, 2023","January 17, 2023",2023-01-17,2023-01-17,0,2023,1,2023-01,pre_grants_pass,Deep Cleaning,,False,False,False,False,,named_place,"Center Street between 13th Street and 14th Street, Oakland, CA",,,,Deep Cleaning
14th St between Center St & Mandela Parkway,D3,High,"January 17, 2023","January 17, 2023",2023-01-17,2023-01-17,0,2023,1,2023-01,pre_grants_pass,Deep Cleaning,,False,False,False,False,,named_place,"14th Street between Center Street & Mandela Parkway, Oakland, CA",,,,Deep Cleaning
City Lot at 1707 Wood St,D3,High,"January 09, 2023","January 13, 2023",2023-01-09,2023-01-13,4,2023,1,2023-01,pre_grants_pass,Deep Cleaning,,False,False,False,False,,named_place,"City Lot at 1707 Wood Street, Oakland, CA",,,,Deep Cleaning
20th St between Wood St and Campbell St,D3,High,"January 09, 2023","January 13, 2023",2023-01-09,2023-01-13,4,2023,1,2023-01,pre_grants_pass,Deep Cleaning,,False,False,False,False,,intersection,"20th Street between Wood Street and Campbell Street, Oakland, CA",,,,Deep Cleaning
Campbell St between 18th St and 20th St,D3,High,"January 09, 2023","January 13, 2023",2023-01-09,2023-01-13,4,2023,1,2023-01,pre_grants_pass,Deep Cleaning,,False,False,False,False,,intersection,"Campbell Street between 18th Street and 20th Street, Oakland, CA",,,,Deep Cleaning
18th St between Campbell St and Wood St,D3,High,"January 09, 2023","January 13, 2023",2023-01-09,2023-01-13,4,2023,1,2023-01,pre_grants_pass,Deep Cleaning,,False,False,False,False,,intersection,"18th Street between Campbell Street and Wood Street, Oakland, CA",,,,Deep Cleaning
Wood St between 18th & 20th,D3,High,"January 09, 2023","January 13, 2023",2023-01-09,2023-01-13,4,2023,1,2023-01,pre_grants_pass,Deep Cleaning,,False,False,False,False,,intersection,"Wood Street between 18th & 20th, Oakland, CA",,,,Deep Cleaning
Wood St between 17th & 18th,D3,High,"January 09, 2023","January 13, 2023",2023-01-09,2023-01-13,4,2023,1,2023-01,pre_grants_pass,Deep Cleaning,,False,False,False,False,,intersection,"Wood Street between 17th & 18th, Oakland, CA",,,,Deep Cleaning
Bond St between High St and 45th Ave,D5,High,"January 05, 2023","January 05, 2023",2023-01-05,2023-01-05,0,2023,1,2023-01,pre_grants_pass,Closure,,False,False,False,False,,intersection,"Bond Street between High Street and 45th Avenue, Oakland, CA",,,,Closure
45th Ave between Foothill Blvd and Bond St,D5,High,"January 05, 2023","January 05, 2023",2023-01-05,2023-01-05,0,2023,1,2023-01,pre_grants_pass,Closure,,False,False,False,False,,intersection,"45th Avenue between Foothill Boulevard and Bond Street, Oakland, CA",,,,Closure
29th St. between MLK and Telegraph,D3,Low,"January 04, 2023","January 04, 2023",2023-01-04,2023-01-04,0,2023,1,2023-01,pre_grants_pass,Closure,Deep Cleaning,True,False,False,False,north; south,intersection,"29th Street. between Martin Luther King Jr Boulevard and Telegraph, Oakland, CA",,,,Deep Cleaning (North) & Closure (South)
23rd St between MLK to Northgate,D3,High,"January 03, 2023","January 04, 2023",2023-01-03,2023-01-04,1,2023,1,2023-01,pre_grants_pass,Deep Cleaning,,False,False,False,False,,intersection,"23rd Street between Martin Luther King Jr Boulevard to Northgate, Oakland, CA",,,,Deep Cleaning
30th St. between MLK and Telegraph,D3,Low,"January 03, 2023","January 03, 2023",2023-01-03,2023-01-03,0,2023,1,2023-01,pre_grants_pass,Closure,Deep Cleaning,True,False,False,False,north side; south side,intersection,"30th Street. between Martin Luther King Jr Boulevard and Telegraph, Oakland, CA",,,,Deep Clean (South Side) Closure (North Side)
MLk between W Grand Ave & 23rd,D3,High,"January 03, 2023","January 04, 2023",2023-01-03,2023-01-04,1,2023,1,2023-01,pre_grants_pass,Deep Cleaning,,False,False,False,False,,intersection,"Martin Luther King Jr Boulevard between West Grand Avenue & 23rd, Oakland, CA",,,,Deep Cleaning
38th Ave between Wattling St and San Leandro St,D5,Low,"December 28, 2022","December 28, 2022",2022-12-28,2022-12-28,0,2022,12,2022-12,pre_grants_pass,Closure,,False,False,False,False,,intersection,"38th Avenue between Wattling Street and San Leandro Street, Oakland, CA",,,,Closure
Castro St between 5th St and 6th St,D3,Low,"December 28, 2022","December 28, 2022",2022-12-28,2022-12-28,0,2022,12,2022-12,pre_grants_pass,Deep Cleaning,,False,False,False,False,,intersection,"Castro Street between 5th Street and 6th Street, Oakland, CA",,,,Deep Cleaning
38th ave Cul De Sac,D5,Low,"December 28, 2022","December 28, 2022",2022-12-28,2022-12-28,0,2022,12,2022-12,pre_grants_pass,Closure,,False,False,False,False,,named_place,"38th ave Cul De Sac, Oakland, CA",,,,Closure
San Leandro St between 38th Ave and 39th Ave,D5,Low,"December 28, 2022","December 28, 2022",2022-12-28,2022-12-28,0,2022,12,2022-12,pre_grants_pass,Closure,,False,False,False,False,,intersection,"San Leandro Street between 38th Avenue and 39th Avenue, Oakland, CA",,,,Closure
San Leandro St between 37th Ave and 38th Ave,D5,Low,"December 28, 2022","December 28, 2022",2022-12-28,2022-12-28,0,2022,12,2022-12,pre_grants_pass,Closure,,False,False,False,False,,intersection,"San Leandro Street between 37th Avenue and 38th Avenue, Oakland, CA",,,,Closure
E. 8th between 12th Ave to E. 12th st,D2,High,"December 27, 2022","December 27, 2022",2022-12-27,2022-12-27,0,2022,12,2022-12,pre_grants_pass,Deep Cleaning,,False,False,False,False,,intersection,"East 8th between 12th Avenue to East 12th st, Oakland, CA",,,,Deep Cleaning
Laney College at 7th and Fallon,D2,High,"December 22, 2022","December 22, 2022",2022-12-22,2022-12-22,0,2022,12,2022-12,pre_grants_pass,Closure,,False,False,False,False,,intersection,"Laney College at 7th and Fallon, Oakland, CA",,,,Closure
E. 12th Median : 14th Ave to 18th Ave,D2,High,"December 20, 2022","December 21, 2022",2022-12-20,2022-12-21,1,2022,12,2022-12,pre_grants_pass,Closure,,False,False,False,False,,named_place,"East 12th Median, Oakland, CA",,,,Closure
17th Ave between E 12th St and Solano Way,D2,High,"December 20, 2022","December 21, 2022",2022-12-20,2022-12-21,1,2022,12,2022-12,pre_grants_pass,Closure,,False,False,False,False,,intersection,"17th Avenue between E 12th Street and Solano Way, Oakland, CA",,,,Closure
San Leandro St between 105th Ave and 106th Ave,D7,High,"December 19, 2022","December 19, 2022",2022-12-19,2022-12-19,0,2022,12,2022-12,pre_grants_pass,Closure,,False,False,False,False,,intersection,"San Leandro Street between 105th Avenue and 106th Avenue, Oakland, CA",,,,Closure
Lakeside Recycling: 77th & Hawley,D7,Low,"December 15, 2022","December 15, 2022",2022-12-15,2022-12-15,0,2022,12,2022-12,pre_grants_pass,Deep Cleaning,,False,False,False,False,,named_place,"Lakeside Recycling, Oakland, CA",,,,Deep Cleaning
692 Baldwin,D7,High,"December 14, 2022","December 15, 2022",2022-12-14,2022-12-15,1,2022,12,2022-12,pre_grants_pass,Closure,Deep Cleaning,True,False,False,False,,address,"692 Baldwin, Oakland, CA",,,,Closure & Deep Cleaning
Fitzgerald Park,D3,High,"December 13, 2022","December 13, 2022",2022-12-13,2022-12-13,0,2022,12,2022-12,pre_grants_pass,Closure,,False,False,False,False,,named_place,"Fitzgerald Park, Oakland, CA",,,,Closure
34th St between Peralta St and Fitzgerald St,D3,High,"December 13, 2022","December 13, 2022",2022-12-13,2022-12-13,0,2022,12,2022-12,pre_grants_pass,Closure,,False,False,False,False,,intersection,"34th Street between Peralta Street and Fitzgerald Street, Oakland, CA",,,,Closure
Railroad Ave between Nevada St and 98th Ave,D7,High,"December 12, 2022","December 12, 2022",2022-12-12,2022-12-12,0,2022,12,2022-12,pre_grants_pass,Closure,,False,False,False,False,,intersection,"Railroad Avenue between Nevada Street and 98th Avenue, Oakland, CA",,,,Closure
38th Ave between Wattling St and San Leandro St,D5,Low,"December 08, 2022","December 08, 2022",2022-12-08,2022-12-08,0,2022,12,2022-12,pre_grants_pass,Deep Cleaning,,False,False,False,False,,intersection,"38th Avenue between Wattling Street and San Leandro Street, Oakland, CA",,,,Deep Cleaning
San Leandro St between 38th Ave and 39th Ave,D5,Low,"December 08, 2022","December 08, 2022",2022-12-08,2022-12-08,0,2022,12,2022-12,pre_grants_pass,Deep Cleaning,,False,False,False,False,,intersection,"San Leandro Street between 38th Avenue and 39th Avenue, Oakland, CA",,,,Deep Cleaning
San Leandro St between 37th Ave and 38th Ave,D5,Low,"December 08, 2022","December 08, 2022",2022-12-08,2022-12-08,0,2022,12,2022-12,pre_grants_pass,Deep Cleaning,,False,False,False,False,,intersection,"San Leandro Street between 37th Avenue and 38th Avenue, Oakland, CA",,,,Deep Cleaning
3616 San Leandro St/37th and San Leandro St,D5,High,"December 08, 2022","December 08, 2022",2022-12-08,2022-12-08,0,2022,12,2022-12,pre_grants_pass,Closure,,False,False,False,False,,address,"3616 San Leandro Street, Oakland, CA",,,,Closure
18th St between Mandela Pkwy and Kirkham St,D3,Low,"December 07, 2022","December 07, 2022",2022-12-07,2022-12-07,0,2022,12,2022-12,pre_grants_pass,Deep Cleaning,,False,False,False,False,,intersection,"18th Street between Mandela Parkway and Kirkham Street, Oakland, CA",,,,Deep Cleaning
Kirkham St between 16th St and 18th St,D3,Low,"December 07, 2022","December 07, 2022",2022-12-07,2022-12-07,0,2022,12,2022-12,pre_grants_pass,Deep Cleaning,,False,False,False,False,,intersection,"Kirkham Street between 16th Street and 18th Street, Oakland, CA",,,,Deep Cleaning
Lake Merritt Blvd Underpass Near Peralta Park,D2,High,"December 05, 2022","December 06, 2022",2022-12-05,2022-12-06,1,2022,12,2022-12,pre_grants_pass,Closure,,False,False,False,False,,named_place,"Lake Merritt Boulevard Underpass Near Peralta Park, Oakland, CA",37.7982,-122.2587,known_place_lookup,Closure
Peralta Park,D2,High,"December 05, 2022","December 06, 2022",2022-12-05,2022-12-06,1,2022,12,2022-12,pre_grants_pass,Closure,,False,False,False,False,,named_place,"Peralta Park, Oakland, CA",37.8175,-122.2779,known_place_lookup,Closure
Mosswood Park,D3,High,"December 01, 2022","December 02, 2022",2022-12-01,2022-12-02,1,2022,12,2022-12,pre_grants_pass,Closure,,False,False,False,False,,named_place,"Mosswood Park, Oakland, CA",37.8236,-122.2617,known_place_lookup,Closure
73rd and San Leandro St/Coliseum/Airport Amtrak,D3,High,"November 30, 2022","November 30, 2022",2022-11-30,2022-11-30,0,2022,11,2022-11,pre_grants_pass,Closure,,False,False,False,False,,intersection,"73rd and San Leandro Street, Oakland, CA",,,,Closure
18th St between Campbell St and Wood St,D3,High,"November 29, 2022","November 29, 2022",2022-11-29,2022-11-29,0,2022,11,2022-11,pre_grants_pass,Deep Cleaning,,False,False,False,False,,intersection,"18th Street between Campbell Street and Wood Street, Oakland, CA",,,,Deep Cleaning
Wood St between 17th & 18th,D3,High,"November 29, 2022","November 29, 2022",2022-11-29,2022-11-29,0,2022,11,2022-11,pre_grants_pass,Partial Closure,,False,False,False,False,,intersection,"Wood Street between 17th & 18th, Oakland, CA",,,,Partial Closure
Wood St between 18th & 20th,D3,High,"November 29, 2022","November 29, 2022",2022-11-29,2022-11-29,0,2022,11,2022-11,pre_grants_pass,Deep Cleaning,,False,False,False,False,,intersection,"Wood Street between 18th & 20th, Oakland, CA",,,,Deep Cleaning
20th St between Wood St and Campbell St,D3,High,"November 29, 2022","November 29, 2022",2022-11-29,2022-11-29,0,2022,11,2022-11,pre_grants_pass,Deep Cleaning,,False,False,False,False,,intersection,"20th Street between Wood Street and Campbell Street, Oakland, CA",,,,Deep Cleaning
Campbell St between 18th St and 20th St,D3,High,"November 29, 2022","November 29, 2022",2022-11-29,2022-11-29,0,2022,11,2022-11,pre_grants_pass,Deep Cleaning,,False,False,False,False,,intersection,"Campbell Street between 18th Street and 20th Street, Oakland, CA",,,,Deep Cleaning
Raimondi Park,D3,High,"November 29, 2022","November 29, 2022",2022-11-29,2022-11-29,0,2022,11,2022-11,pre_grants_pass,Closure,,False,False,False,False,,named_place,"Raimondi Park, Oakland, CA",37.8359,-122.295,known_place_lookup,Closure
42nd between MLK & Telegraph,D1,Low,"November 28, 2022","November 28, 2022",2022-11-28,2022-11-28,0,2022,11,2022-11,pre_grants_pass,Closure,Deep Cleaning,True,False,False,False,northside; southside,intersection,"42nd between Martin Luther King Jr Boulevard & Telegraph, Oakland, CA",,,,Deep Cleaning (Southside) and Closure (Northside)
45th between Telegraph & MLK,D1,Low,"November 28, 2022","November 28, 2022",2022-11-28,2022-11-28,0,2022,11,2022-11,pre_grants_pass,Closure,Deep Cleaning,True,False,False,False,northside; southside,intersection,"45th between Telegraph & Martin Luther King Jr Boulevard, Oakland, CA",,,,Deep Cleaning (Northside) and  Closure (Southside)
E 12th St & 23rd Ave,D2,High,"November 23, 2022","November 23, 2022",2022-11-23,2022-11-23,0,2022,11,2022-11,pre_grants_pass,Deep Cleaning,,False,False,False,False,,named_place,"E 12th Street & 23rd Avenue, Oakland, CA",,,,Deep Cleaning
E 12th St from 19th Ave to 20th Ave,D3,High,"November 23, 2022","November 23, 2022",2022-11-23,2022-11-23,0,2022,11,2022-11,pre_grants_pass,Deep Cleaning,,False,False,False,False,,intersection,"E 12th Street from 19th Avenue to 20th Avenue, Oakland, CA",,,,Deep Cleaning
City Lot at E 12th St & 23rd Ave,D2,High,"November 23, 2022","November 23, 2022",2022-11-23,2022-11-23,0,2022,11,2022-11,pre_grants_pass,Deep Cleaning,,False,False,False,False,,named_place,"City Lot at E 12th Street & 23rd Avenue, Oakland, CA",,,,Deep Cleaning
Bancroft Ave between 55th Ave and Hilton St,D6,High,"November 22, 2022","November 22, 2022",2022-11-22,2022-11-22,0,2022,11,2022-11,pre_grants_pass,Closure,,False,False,False,False,,intersection,"Bancroft Avenue between 55th Avenue and Hilton Street, Oakland, CA",,,,Closure
2nd & Brush,D3,Low,"November 21, 2022","November 21, 2022",2022-11-21,2022-11-21,0,2022,11,2022-11,pre_grants_pass,Deep Cleaning,,False,False,False,False,,named_place,"2nd & Brush, Oakland, CA",,,,Deep Cleaning
Leet Drive,D7,High,"November 16, 2022","November 17, 2022",2022-11-16,2022-11-17,1,2022,11,2022-11,pre_grants_pass,Deep Cleaning,,False,False,False,False,,named_place,"Leet Drive, Oakland, CA",,,,Deep Cleaning
Market between 35th and 36th,D3,Low,"November 15, 2022","November 15, 2022",2022-11-15,2022-11-15,0,2022,11,2022-11,pre_grants_pass,Closure,,False,False,False,False,,intersection,"Market between 35th and 36th, Oakland, CA",,,,Closure
Pine St between 8th St and Chase St,D3,High,"November 15, 2022","November 15, 2022",2022-11-15,2022-11-15,0,2022,11,2022-11,pre_grants_pass,Closure,,False,False,False,False,,intersection,"Pine Street between 8th Street and Chase Street, Oakland, CA",,,,Closure
1000 Calcot Place (Homeless camp is on 23rd Ave near on-ramp near large blue building),D5,High,"November 14, 2022","November 14, 2022",2022-11-14,2022-11-14,0,2022,11,2022-11,pre_grants_pass,Closure,,False,False,False,False,,named_place,"1000 Calcot Place (Homeless camp is on 23rd Avenue near on-ramp near large blue building), Oakland, CA",,,,Closure
45th Ave between International and E12 Street,D5,High,"November 10, 2022","November 10, 2022",2022-11-10,2022-11-10,0,2022,11,2022-11,pre_grants_pass,Deep Cleaning,,False,False,False,False,,intersection,"45th Avenue between International Boulevard and E12 Street, Oakland, CA",,,,Deep Cleaning
46th Ave between International and E12 Street,D5,High,"November 10, 2022","November 10, 2022",2022-11-10,2022-11-10,0,2022,11,2022-11,pre_grants_pass,Deep Cleaning,,False,False,False,False,,intersection,"46th Avenue between International Boulevard and E12 Street, Oakland, CA",,,,Deep Cleaning
E 12th St between 45th Ave and 46th Ave,D5,High,"November 10, 2022","November 10, 2022",2022-11-10,2022-11-10,0,2022,11,2022-11,pre_grants_pass,Deep Cleaning,,False,False,False,False,,intersection,"E 12th Street between 45th Avenue and 46th Avenue, Oakland, CA",,,,Deep Cleaning
E 12th St between 46th Ave and 47th Ave,D5,High,"November 10, 2022","November 10, 2022",2022-11-10,2022-11-10,0,2022,11,2022-11,pre_grants_pass,Deep Cleaning,,False,False,False,False,,intersection,"E 12th Street between 46th Avenue and 47th Avenue, Oakland, CA",,,,Deep Cleaning
E 12th St between 47th Ave and 48th Ave,D3,High,"November 10, 2022","November 10, 2022",2022-11-10,2022-11-10,0,2022,11,2022-11,pre_grants_pass,Closure,,False,False,False,False,,intersection,"E 12th Street between 47th Avenue and 48th Avenue, Oakland, CA",,,,Closure
23rd between West St and Brush St,D3,High,"November 08, 2022","November 09, 2022",2022-11-08,2022-11-09,1,2022,11,2022-11,pre_grants_pass,Deep Cleaning,,False,False,False,False,,intersection,"23rd between West Street and Brush Street, Oakland, CA",,,,Deep Cleaning
West St between West Grand Ave and San Pablo Ave,D3,High,"November 08, 2022","November 09, 2022",2022-11-08,2022-11-09,1,2022,11,2022-11,pre_grants_pass,Closure,Deep Cleaning,True,False,False,False,east side; west side,intersection,"West Street between West Grand Avenue and San Pablo Avenue, Oakland, CA",,,,Deep Cleaning (East Side) and Closure (West Side)
14th St between Center St and Mandela Pkwy,D3,High,"November 07, 2022","November 07, 2022",2022-11-07,2022-11-07,0,2022,11,2022-11,pre_grants_pass,Deep Cleaning,,False,False,False,False,,named_place,"14th Street between Center Street and Mandela Parkway, Oakland, CA",,,,Deep Cleaning
Mandela Pkwy between 13th and 14th,D3,High,"November 07, 2022","November 07, 2022",2022-11-07,2022-11-07,0,2022,11,2022-11,pre_grants_pass,Deep Cleaning,,False,False,False,False,,intersection,"Mandela Parkway between 13th and 14th, Oakland, CA",,,,Deep Cleaning
Center St between 13th St and 14th St,D3,High,"November 07, 2022","November 07, 2022",2022-11-07,2022-11-07,0,2022,11,2022-11,pre_grants_pass,Deep Cleaning,,False,False,False,False,,named_place,"Center Street between 13th Street and 14th Street, Oakland, CA",,,,Deep Cleaning
13th St between Center and Mandela Pkwy,D3,High,"November 07, 2022","November 07, 2022",2022-11-07,2022-11-07,0,2022,11,2022-11,pre_grants_pass,Deep Cleaning,,False,False,False,False,,named_place,"13th Street between Center and Mandela Parkway, Oakland, CA",,,,Deep Cleaning
"Cypress Freeway Memorial Park (FS3), 1301 Mandela Pkwy",D3,High,"November 07, 2022","November 07, 2022",2022-11-07,2022-11-07,0,2022,11,2022-11,pre_grants_pass,Deep Cleaning,,False,False,False,False,,named_place,"Cypress Freeway Memorial Park (FS3), 1301 Mandela Parkway, Oakland, CA",37.8199,-122.2891,known_place_lookup,Deep Cleaning
International Blvd and 102nd Ave and 103rd Ave: 10221 International Blvd,D3,High,"November 03, 2022","November 03, 2022",2022-11-03,2022-11-03,0,2022,11,2022-11,pre_grants_pass,Deep Cleaning,,False,False,False,False,,intersection,"International Boulevard and 102nd Avenue and 103rd Avenue, Oakland, CA",,,,Deep Cleaning
Embarcadero Bay Trail,D5,High,"November 02, 2022","November 02, 2022",2022-11-02,2022-11-02,0,2022,11,2022-11,pre_grants_pass,Closure,,False,False,False,False,,named_place,"Embarcadero Bay Trail, Oakland, CA",,,,Closure
Union Point Park,D5,High,"November 02, 2022","November 02, 2022",2022-11-02,2022-11-02,0,2022,11,2022-11,pre_grants_pass,Closure,,False,False,False,False,,named_place,"Union Point Park, Oakland, CA",37.7742,-122.2316,known_place_lookup,Closure
Mosswood Park,D3,High,"November 01, 2022","November 01, 2022",2022-11-01,2022-11-01,0,2022,11,2022-11,pre_grants_pass,Closure,Deep Cleaning,True,False,False,False,,named_place,"Mosswood Park, Oakland, CA",37.8236,-122.2617,known_place_lookup,Partial Closure & Deep Cleaning
Mosswood Park,D3,High,"November 01, 2022","November 01, 2022",2022-11-01,2022-11-01,0,2022,11,2022-11,pre_grants_pass,Closure,,False,False,False,False,,named_place,"Mosswood Park, Oakland, CA",37.8236,-122.2617,known_place_lookup,Closure
Wattling St between 42nd Ave and High St,D5,High,"October 31, 2022","October 31, 2022",2022-10-31,2022-10-31,0,2022,10,2022-10,pre_grants_pass,Closure,Deep Cleaning,True,False,False,False,,intersection,"Wattling Street between 42nd Avenue and High Street, Oakland, CA",,,,Closure & Deep Cleaning
42nd Ave between San Leandro Blvd & Wattling St,D5,High,"October 31, 2022","October 31, 2022",2022-10-31,2022-10-31,0,2022,10,2022-10,pre_grants_pass,Closure,Deep Cleaning,True,False,False,False,,intersection,"42nd Avenue between San Leandro Boulevard & Wattling Street, Oakland, CA",,,,Closure & Deep Cleaning
E. 12th Median : 14th Ave to 18th Ave,D2,High,"October 27, 2022","October 27, 2022",2022-10-27,2022-10-27,0,2022,10,2022-10,pre_grants_pass,Closure,,False,False,False,False,,named_place,"East 12th Median, Oakland, CA",,,,Closure
17th Ave between E 12th St and Solano Way,D2,High,"October 27, 2022","October 27, 2022",2022-10-27,2022-10-27,0,2022,10,2022-10,pre_grants_pass,Closure,,False,False,False,False,,intersection,"17th Avenue between E 12th Street and Solano Way, Oakland, CA",,,,Closure
East 8th Cul De Sac,D5,High,"October 25, 2022","October 26, 2022",2022-10-25,2022-10-26,1,2022,10,2022-10,pre_grants_pass,Closure,,False,False,False,False,,named_place,"East 8th Cul De Sac, Oakland, CA",,,,Closure
City Lot at Alameda - 3801 E 8th St,D5,High,"October 25, 2022","October 26, 2022",2022-10-25,2022-10-26,1,2022,10,2022-10,pre_grants_pass,Closure,,False,False,False,False,,named_place,"City Lot at Alameda - 3801 E 8th Street, Oakland, CA",,,,Closure
Alameda Avenue between E 8th St and Howard St,D5,High,"October 25, 2022","October 26, 2022",2022-10-25,2022-10-26,1,2022,10,2022-10,pre_grants_pass,Closure,,False,False,False,False,,intersection,"Alameda Avenue between E 8th Street and Howard Street, Oakland, CA",,,,Closure
E. 8th St. and 37th Ave (behind home depot),D3,High,"October 25, 2022","October 26, 2022",2022-10-25,2022-10-26,1,2022,10,2022-10,pre_grants_pass,Deep Cleaning,,False,False,False,True,,intersection,"East 8th Street. and 37th Avenue, Oakland, CA",,,,Deep Cleaning with AA
Alameda Avenue from Howard Street to Fruitvale Ave,D5,High,"October 25, 2022","October 26, 2022",2022-10-25,2022-10-26,1,2022,10,2022-10,pre_grants_pass,Deep Cleaning,,False,False,False,False,,intersection,"Alameda Avenue from Howard Street to Fruitvale Avenue, Oakland, CA",,,,Deep Cleaning
International Blvd between 96th Ave and 97th Ave,D7,High,"October 24, 2022","October 24, 2022",2022-10-24,2022-10-24,0,2022,10,2022-10,pre_grants_pass,Closure,,False,False,False,False,,intersection,"International Boulevard between 96th Avenue and 97th Avenue, Oakland, CA",,,,Closure
E 12th St between Derby Ave and 29th Ave,D5,High,"October 24, 2022","October 24, 2022",2022-10-24,2022-10-24,0,2022,10,2022-10,pre_grants_pass,Closure,,False,False,False,False,,intersection,"E 12th Street between Derby Avenue and 29th Avenue, Oakland, CA",,,,Closure
Median at 96th & International,D7,High,"October 24, 2022","October 24, 2022",2022-10-24,2022-10-24,0,2022,10,2022-10,pre_grants_pass,Closure,,False,False,False,False,,named_place,"Median at 96th & International Boulevard, Oakland, CA",,,,Closure
89th and International,D7,High,"October 24, 2022","October 24, 2022",2022-10-24,2022-10-24,0,2022,10,2022-10,pre_grants_pass,Deep Cleaning,,False,False,False,False,,intersection,"89th and International Boulevard, Oakland, CA",,,,Deep Cleaning
Douglas Ave cul de sac,D3,High,"October 19, 2022","October 20, 2022",2022-10-19,2022-10-20,1,2022,10,2022-10,pre_grants_pass,Closure,,False,False,False,False,,named_place,"Douglas Avenue cul de sac, Oakland, CA",,,,Closure
Fitzgerald Park,D3,High,"October 18, 2022","October 18, 2022",2022-10-18,2022-10-18,0,2022,10,2022-10,pre_grants_pass,Deep Cleaning,,False,False,False,False,,named_place,"Fitzgerald Park, Oakland, CA",,,,Deep Cleaning
E 19th St and 29th Ave,D3,High,"October 17, 2022","October 17, 2022",2022-10-17,2022-10-17,0,2022,10,2022-10,pre_grants_pass,Closure,Deep Cleaning,True,False,False,False,,intersection,"E 19th Street and 29th Avenue, Oakland, CA",,,,Partial Closure & Deep Cleaning
29th Ave between E 9th St and E 10th St,D3,High,"October 17, 2022","October 17, 2022",2022-10-17,2022-10-17,0,2022,10,2022-10,pre_grants_pass,Closure,Deep Cleaning,True,False,False,False,,intersection,"29th Avenue between E 9th Street and E 10th Street, Oakland, CA",,,,Partial Closure & Deep Cleaning
Bancroft Ave between 55th Ave and Hilton St,D6,High,"October 13, 2022","October 13, 2022",2022-10-13,2022-10-13,0,2022,10,2022-10,pre_grants_pass,Deep Cleaning,,False,False,False,False,,intersection,"Bancroft Avenue between 55th Avenue and Hilton Street, Oakland, CA",,,,Deep Cleaning
Concordia Park,D6,High,"October 13, 2022","October 13, 2022",2022-10-13,2022-10-13,0,2022,10,2022-10,pre_grants_pass,Closure,,False,False,False,False,,named_place,"Concordia Park, Oakland, CA",,,,Closure
2nd & Brush,D3,Low,"October 13, 2022","October 13, 2022",2022-10-13,2022-10-13,0,2022,10,2022-10,pre_grants_pass,Deep Cleaning,,False,False,False,False,,named_place,"2nd & Brush, Oakland, CA",,,,Deep Cleaning
Pine St between Chase St and 9th St,D3,High,"October 13, 2022","October 13, 2022",2022-10-13,2022-10-13,0,2022,10,2022-10,pre_grants_pass,Closure,,False,True,False,False,,intersection,"Pine Street between Chase Street and 9th Street, Oakland, CA",,,,Closure (UNABLE TO BE EXECUTED)
Pine St between 8th St and Chase St,D3,High,"October 12, 2022","October 12, 2022",2022-10-12,2022-10-12,0,2022,10,2022-10,pre_grants_pass,Closure,,False,True,False,False,,intersection,"Pine Street between 8th Street and Chase Street, Oakland, CA",,,,Closure (UNABLE TO BE EXECUTED)
Game Changer Lot - 2599 Wood St,D3,High,"October 11, 2022","October 12, 2022",2022-10-11,2022-10-12,1,2022,10,2022-10,pre_grants_pass,Closure,,False,False,False,False,,named_place,"Game Changer Lot - 2599 Wood Street, Oakland, CA",,,,Closure
MLK between 23rd & 24th,D3,High,"October 10, 2022","October 10, 2022",2022-10-10,2022-10-10,0,2022,10,2022-10,pre_grants_pass,Deep Cleaning,,False,False,False,False,,intersection,"Martin Luther King Jr Boulevard between 23rd & 24th, Oakland, CA",,,,Deep Cleaning
International Blvd between 96th Ave and 97th Ave,D7,High,"October 10, 2022","October 10, 2022",2022-10-10,2022-10-10,0,2022,10,2022-10,pre_grants_pass,Closure,,False,True,False,False,,intersection,"International Boulevard between 96th Avenue and 97th Avenue, Oakland, CA",,,,Closure (UNABLE TO BE EXECUTED)
89th and International,D7,High,"October 10, 2022","October 10, 2022",2022-10-10,2022-10-10,0,2022,10,2022-10,pre_grants_pass,Deep Cleaning,,False,True,False,False,,intersection,"89th and International Boulevard, Oakland, CA",,,,Deep Cleaning (UNABLE TO BE EXECUTED)
1000 Calcot Place (Homeless camp is on 23rd Ave near on-ramp near large blue building),D5,High,"October 10, 2022","October 10, 2022",2022-10-10,2022-10-10,0,2022,10,2022-10,pre_grants_pass,Closure,,False,False,False,False,,named_place,"1000 Calcot Place (Homeless camp is on 23rd Avenue near on-ramp near large blue building), Oakland, CA",,,,Closure
W Grand Ave between San Pablo Ave & MLK,D3,High,"October 10, 2022","October 10, 2022",2022-10-10,2022-10-10,0,2022,10,2022-10,pre_grants_pass,Deep Cleaning,,False,False,False,False,,intersection,"West Grand Avenue between San Pablo Avenue & Martin Luther King Jr Boulevard, Oakland, CA",,,,Deep Cleaning
MLK between San Pablo Ave & W Grand Ave,D3,High,"October 10, 2022","October 10, 2022",2022-10-10,2022-10-10,0,2022,10,2022-10,pre_grants_pass,Deep Cleaning,,False,False,False,False,,intersection,"Martin Luther King Jr Boulevard between San Pablo Avenue & West Grand Avenue, Oakland, CA",,,,Deep Cleaning
San Pablo Ave between W Grand Ave & MLK,D3,High,"October 10, 2022","October 10, 2022",2022-10-10,2022-10-10,0,2022,10,2022-10,pre_grants_pass,Deep Cleaning,,False,False,False,False,,intersection,"San Pablo Avenue between West Grand Avenue & Martin Luther King Jr Boulevard, Oakland, CA",,,,Deep Cleaning
23rd St between MLK to Northgate,D3,High,"October 10, 2022","October 10, 2022",2022-10-10,2022-10-10,0,2022,10,2022-10,pre_grants_pass,Deep Cleaning,,False,False,False,False,,intersection,"23rd Street between Martin Luther King Jr Boulevard to Northgate, Oakland, CA",,,,Deep Cleaning
MLK between 24th & 25th,D3,High,"October 10, 2022","October 10, 2022",2022-10-10,2022-10-10,0,2022,10,2022-10,pre_grants_pass,Deep Cleaning,,False,False,False,False,,intersection,"Martin Luther King Jr Boulevard between 24th & 25th, Oakland, CA",,,,Deep Cleaning
MLk between W Grand Ave & 23rd,D3,High,"October 10, 2022","October 10, 2022",2022-10-10,2022-10-10,0,2022,10,2022-10,pre_grants_pass,Deep Cleaning,,False,False,False,False,,intersection,"Martin Luther King Jr Boulevard between West Grand Avenue & 23rd, Oakland, CA",,,,Deep Cleaning
Mosswood Park,D3,High,"October 07, 2022","October 07, 2022",2022-10-07,2022-10-07,0,2022,10,2022-10,pre_grants_pass,Closure,Deep Cleaning,True,False,False,False,,named_place,"Mosswood Park, Oakland, CA",37.8236,-122.2617,known_place_lookup,Deep Cleaning: Mosswood Park: Closure 3612 Webster St: Closure Mosswood Park Ampitheather
Kirkham St between 5th & 7th St.,D3,Low,"October 06, 2022","October 06, 2022",2022-10-06,2022-10-06,0,2022,10,2022-10,pre_grants_pass,Deep Cleaning,,False,False,False,False,,intersection,"Kirkham Street between 5th & 7th Street, Oakland, CA",,,,Deep Cleaning
5th St between Kirkham St and Mandela Parkway,D3,Low,"October 06, 2022","October 06, 2022",2022-10-06,2022-10-06,0,2022,10,2022-10,pre_grants_pass,Deep Cleaning,,False,False,False,False,,intersection,"5th Street between Kirkham Street and Mandela Parkway, Oakland, CA",,,,Deep Cleaning
17th Ave between E 12th St and Solano Way,D2,High,"October 03, 2022","October 03, 2022",2022-10-03,2022-10-03,0,2022,10,2022-10,pre_grants_pass,Closure,,False,False,False,False,,intersection,"17th Avenue between E 12th Street and Solano Way, Oakland, CA",,,,Closure
E. 12th Median : 14th Ave to 18th Ave,D2,High,"October 03, 2022","October 05, 2022",2022-10-03,2022-10-05,2,2022,10,2022-10,pre_grants_pass,Closure,,False,False,False,False,,named_place,"East 12th Median, Oakland, CA",,,,Closure
Game Changer Lot - 2599 Wood St,D3,High,"September 30, 2022","September 30, 2022",2022-09-30,2022-09-30,0,2022,9,2022-09,pre_grants_pass,Closure,,False,True,False,False,,named_place,"Game Changer Lot - 2599 Wood Street, Oakland, CA",,,,Closure (UNABLE TO BE EXECUTED)
Wood St between W Grand Ave and 24th St,D3,High,"September 30, 2022","September 30, 2022",2022-09-30,2022-09-30,0,2022,9,2022-09,pre_grants_pass,Closure,,False,True,False,False,,intersection,"Wood Street between West Grand Avenue and 24th Street, Oakland, CA",,,,Closure (UNABLE TO BE EXECUTED)
Wood St between 24th St and 26th St,D3,High,"September 30, 2022","September 30, 2022",2022-09-30,2022-09-30,0,2022,9,2022-09,pre_grants_pass,Closure,,False,True,False,False,,intersection,"Wood Street between 24th Street and 26th Street, Oakland, CA",,,,Closure (UNABLE TO BE EXECUTED)
29th St. between MLK and Telegraph,D3,Low,"September 29, 2022","September 29, 2022",2022-09-29,2022-09-29,0,2022,9,2022-09,pre_grants_pass,Closure,Deep Cleaning,True,False,False,False,north; south,intersection,"29th Street. between Martin Luther King Jr Boulevard and Telegraph, Oakland, CA",,,,Deep Cleaning (North) & Closure (South)
45th between Telegraph & MLK,D1,Low,"September 29, 2022","September 29, 2022",2022-09-29,2022-09-29,0,2022,9,2022-09,pre_grants_pass,Closure,Deep Cleaning,True,False,False,False,north; south,intersection,"45th between Telegraph & Martin Luther King Jr Boulevard, Oakland, CA",,,,Deep Cleaning (South) & Closure (North)
1000 Calcot Place (Homeless camp is on 23rd Ave near on-ramp near large blue building),D5,High,"September 28, 2022","September 28, 2022",2022-09-28,2022-09-28,0,2022,9,2022-09,pre_grants_pass,Closure,,False,False,False,False,,named_place,"1000 Calcot Place (Homeless camp is on 23rd Avenue near on-ramp near large blue building), Oakland, CA",,,,Closure
Sycamore between Northgate and MLK,D3,Low,"September 27, 2022","September 27, 2022",2022-09-27,2022-09-27,0,2022,9,2022-09,pre_grants_pass,Closure,Deep Cleaning,True,False,False,False,north side; south side,intersection,"Sycamore between Northgate and Martin Luther King Jr Boulevard, Oakland, CA",,,,Deep Cleaning (South Side) & Closure (North Side)
Telegraph Ave between 34th St and 36th St.,D3,Low,"September 27, 2022","September 27, 2022",2022-09-27,2022-09-27,0,2022,9,2022-09,pre_grants_pass,Closure,Deep Cleaning,True,False,False,False,east side; west side,intersection,"Telegraph Avenue between 34th Street and 36th Street, Oakland, CA",,,,Closure East Side & Deep Cleaning West Side
42nd between MLK & Telegraph,D1,Low,"September 26, 2022","September 26, 2022",2022-09-26,2022-09-26,0,2022,9,2022-09,pre_grants_pass,Closure,Deep Cleaning,True,False,False,False,north side; south side,intersection,"42nd between Martin Luther King Jr Boulevard & Telegraph, Oakland, CA",,,,Closure (North Side) & Deep Cleaning (South Side)
E. 8th St. and 37th Ave (behind home depot),D3,High,"September 21, 2022","September 21, 2022",2022-09-21,2022-09-21,0,2022,9,2022-09,pre_grants_pass,Closure,,False,True,False,False,,intersection,"East 8th Street. and 37th Avenue, Oakland, CA",,,,Closure (UNABLE TO BE EXECUTED)
Embarcadero Bay Trail,D5,High,"September 21, 2022","September 22, 2022",2022-09-21,2022-09-22,1,2022,9,2022-09,pre_grants_pass,Closure,,False,False,False,False,,named_place,"Embarcadero Bay Trail, Oakland, CA",,,,Closure
Union Point Park,D5,High,"September 21, 2022","September 22, 2022",2022-09-21,2022-09-22,1,2022,9,2022-09,pre_grants_pass,Closure,,False,False,False,False,,named_place,"Union Point Park, Oakland, CA",37.7742,-122.2316,known_place_lookup,Closure
1310 Oak St,D2,High,"September 20, 2022","September 20, 2022",2022-09-20,2022-09-20,0,2022,9,2022-09,pre_grants_pass,Closure,,False,False,False,False,,address,"1310 Oak Street, Oakland, CA",,,,Closure
Elmhurst Library: 1427 88th Ave,D7,High,"September 19, 2022","September 19, 2022",2022-09-19,2022-09-19,0,2022,9,2022-09,pre_grants_pass,Closure,,False,False,False,False,,named_place,"Elmhurst Library, Oakland, CA",,,,Closure
MLK between 23rd & 24th,D3,High,"September 14, 2022","September 15, 2022",2022-09-14,2022-09-15,1,2022,9,2022-09,pre_grants_pass,Deep Cleaning,,False,False,False,False,,intersection,"Martin Luther King Jr Boulevard between 23rd & 24th, Oakland, CA",,,,Deep Cleaning
West St between West Grand Ave and San Pablo Ave,D3,High,"September 14, 2022","September 15, 2022",2022-09-14,2022-09-15,1,2022,9,2022-09,pre_grants_pass,Deep Cleaning,,False,False,False,False,,intersection,"West Street between West Grand Avenue and San Pablo Avenue, Oakland, CA",,,,Deep Cleaning
23rd St between West St and Brush St,D3,High,"September 14, 2022","September 15, 2022",2022-09-14,2022-09-15,1,2022,9,2022-09,pre_grants_pass,Deep Cleaning,,False,False,False,False,,intersection,"23rd Street between West Street and Brush Street, Oakland, CA",,,,Deep Cleaning
W Grand Ave between San Pablo Ave & MLK,D3,High,"September 14, 2022","September 15, 2022",2022-09-14,2022-09-15,1,2022,9,2022-09,pre_grants_pass,Deep Cleaning,,False,False,False,False,,intersection,"West Grand Avenue between San Pablo Avenue & Martin Luther King Jr Boulevard, Oakland, CA",,,,Deep Cleaning
MLK between San Pablo Ave & W Grand Ave,D3,High,"September 14, 2022","September 15, 2022",2022-09-14,2022-09-15,1,2022,9,2022-09,pre_grants_pass,Deep Cleaning,,False,False,False,False,,intersection,"Martin Luther King Jr Boulevard between San Pablo Avenue & West Grand Avenue, Oakland, CA",,,,Deep Cleaning
San Pablo Ave between W Grand Ave & MLK,D3,High,"September 14, 2022","September 15, 2022",2022-09-14,2022-09-15,1,2022,9,2022-09,pre_grants_pass,Deep Cleaning,,False,False,False,False,,intersection,"San Pablo Avenue between West Grand Avenue & Martin Luther King Jr Boulevard, Oakland, CA",,,,Deep Cleaning
MLK between 24th & 25th,D3,High,"September 14, 2022","September 15, 2022",2022-09-14,2022-09-15,1,2022,9,2022-09,pre_grants_pass,Deep Cleaning,,False,False,False,False,,intersection,"Martin Luther King Jr Boulevard between 24th & 25th, Oakland, CA",,,,Deep Cleaning
MLk between W Grand Ave & 23rd,D3,High,"September 14, 2022","September 15, 2022",2022-09-14,2022-09-15,1,2022,9,2022-09,pre_grants_pass,Deep Cleaning,,False,False,False,False,,intersection,"Martin Luther King Jr Boulevard between West Grand Avenue & 23rd, Oakland, CA",,,,Deep Cleaning
84th Avenue & International,D7,High,"September 13, 2022","September 13, 2022",2022-09-13,2022-09-13,0,2022,9,2022-09,pre_grants_pass,Deep Cleaning,,False,False,False,False,,named_place,"84th Avenue & International Boulevard, Oakland, CA",,,,Deep Cleaning
89th and International,D7,High,"September 13, 2022","September 13, 2022",2022-09-13,2022-09-13,0,2022,9,2022-09,pre_grants_pass,Closure,,False,False,False,False,,intersection,"89th and International Boulevard, Oakland, CA",,,,Closure
MLK between 35th St and 36th St,D3,Low,"September 12, 2022","September 12, 2022",2022-09-12,2022-09-12,0,2022,9,2022-09,pre_grants_pass,Closure,Deep Cleaning,True,False,False,False,east side; west side,intersection,"Martin Luther King Jr Boulevard between 35th Street and 36th Street, Oakland, CA",,,,Closure (East Side) & Deep Cleaning (West Side)
6th St between Alice St and Jackson St,D2,High,"September 12, 2022","September 12, 2022",2022-09-12,2022-09-12,0,2022,9,2022-09,pre_grants_pass,Closure,,False,False,False,False,,intersection,"6th Street between Alice Street and Jackson Street, Oakland, CA",,,,Closure
3616 San Leandro St/37th and San Leandro St,D5,High,"September 08, 2022","September 09, 2022",2022-09-08,2022-09-09,1,2022,9,2022-09,pre_grants_pass,Closure,Deep Cleaning,True,False,False,False,,address,"3616 San Leandro Street, Oakland, CA",,,,Deep Cleaning & Closure
Ascend Charter/3709 E 12th St,D5,High,"September 08, 2022","September 08, 2022",2022-09-08,2022-09-08,0,2022,9,2022-09,pre_grants_pass,Closure,Deep Cleaning,True,False,False,False,,named_place,"Ascend Charter, Oakland, CA",,,,Deep Cleaning & Closure
Clinton Park,D2,High,"September 08, 2022","September 09, 2022",2022-09-08,2022-09-09,1,2022,9,2022-09,pre_grants_pass,Closure,,False,False,False,False,,named_place,"Clinton Park, Oakland, CA",37.8082,-122.2544,known_place_lookup,Closure
E 12th St between Derby Ave and 29th Ave,D5,High,"September 07, 2022","September 07, 2022",2022-09-07,2022-09-07,0,2022,9,2022-09,pre_grants_pass,Closure,Deep Cleaning,True,True,False,False,,intersection,"E 12th Street between Derby Avenue and 29th Avenue, Oakland, CA",,,,Deep Cleaning & Closure  (UNABLE TO BE EXECUTED)
Elmhurst Library: 1427 88th Ave,D7,High,"September 06, 2022","September 06, 2022",2022-09-06,2022-09-06,0,2022,9,2022-09,pre_grants_pass,Closure,,False,False,False,False,,named_place,"Elmhurst Library, Oakland, CA",,,,Closure
Embarcadero Bay Trail,D5,High,"August 31, 2022","September 01, 2022",2022-08-31,2022-09-01,1,2022,8,2022-08,pre_grants_pass,Closure,,False,False,False,False,,named_place,"Embarcadero Bay Trail, Oakland, CA",,,,Closure
Union Point Park,D5,High,"August 31, 2022","September 01, 2022",2022-08-31,2022-09-01,1,2022,8,2022-08,pre_grants_pass,Closure,,False,False,False,False,,named_place,"Union Point Park, Oakland, CA",37.7742,-122.2316,known_place_lookup,Closure
29th St. between MLK and Telegraph,D3,Low,"August 29, 2022","August 30, 2022",2022-08-29,2022-08-30,1,2022,8,2022-08,pre_grants_pass,Closure,Deep Cleaning,True,False,False,False,north; south,intersection,"29th Street. between Martin Luther King Jr Boulevard and Telegraph, Oakland, CA",,,,Deep Cleaning (North) & Closure (South)
E. 12th Median : 14th Ave to 18th Ave,D2,High,"August 22, 2022","August 25, 2022",2022-08-22,2022-08-25,3,2022,8,2022-08,pre_grants_pass,Closure,Deep Cleaning,True,False,False,False,,named_place,"East 12th Median, Oakland, CA",,,,Closure & Deep Cleaning
Wood St between W Grand Ave and 24th St,D3,High,"August 15, 2022","August 18, 2022",2022-08-15,2022-08-18,3,2022,8,2022-08,pre_grants_pass,Closure,,False,False,False,False,,intersection,"Wood Street between West Grand Avenue and 24th Street, Oakland, CA",,,,Closure
Wood St between 24th St and 26th St,D3,High,"August 15, 2022","August 18, 2022",2022-08-15,2022-08-18,3,2022,8,2022-08,pre_grants_pass,Closure,,False,False,False,False,,intersection,"Wood Street between 24th Street and 26th Street, Oakland, CA",,,,Closure
Game Changer Lot - 2599 Wood St,D3,High,"August 15, 2022","August 18, 2022",2022-08-15,2022-08-18,3,2022,8,2022-08,pre_grants_pass,Closure,,False,False,False,False,,named_place,"Game Changer Lot - 2599 Wood Street, Oakland, CA",,,,Closure
Independent Loop,D6,High,"August 11, 2022","August 11, 2022",2022-08-11,2022-08-11,0,2022,8,2022-08,pre_grants_pass,Deep Cleaning,,False,False,False,False,,named_place,"Independent Loop, Oakland, CA",,,,Deep Cleaning
MLK between 35th St and 36th St,D3,Low,"August 10, 2022","August 10, 2022",2022-08-10,2022-08-10,0,2022,8,2022-08,pre_grants_pass,Deep Cleaning,,False,False,False,False,,intersection,"Martin Luther King Jr Boulevard between 35th Street and 36th Street, Oakland, CA",,,,Deep Cleaning
MLK between 34th St and 35th St,D3,High,"August 10, 2022","August 10, 2022",2022-08-10,2022-08-10,0,2022,8,2022-08,pre_grants_pass,Deep Cleaning,,False,False,False,False,,intersection,"Martin Luther King Jr Boulevard between 34th Street and 35th Street, Oakland, CA",,,,Deep Cleaning
West between 35th and 36th St,D3,Low,"August 10, 2022","August 10, 2022",2022-08-10,2022-08-10,0,2022,8,2022-08,pre_grants_pass,Deep Cleaning,,False,False,False,False,,intersection,"West between 35th and 36th Street, Oakland, CA",,,,Deep Cleaning
6th St between Alice St and Jackson St,D2,High,"August 09, 2022","August 09, 2022",2022-08-09,2022-08-09,0,2022,8,2022-08,pre_grants_pass,Deep Cleaning,,False,False,False,False,,intersection,"6th Street between Alice Street and Jackson Street, Oakland, CA",,,,Deep Cleaning
Castro St between 5th St and 6th St,D3,Low,"August 09, 2022","August 09, 2022",2022-08-09,2022-08-09,0,2022,8,2022-08,pre_grants_pass,Deep Cleaning,,False,False,False,False,,intersection,"Castro Street between 5th Street and 6th Street, Oakland, CA",,,,Deep Cleaning
Telegraph Ave between 34th St and 36th St.,D3,Low,"August 08, 2022","August 08, 2022",2022-08-08,2022-08-08,0,2022,8,2022-08,pre_grants_pass,Deep Cleaning,,False,False,False,False,,intersection,"Telegraph Avenue between 34th Street and 36th Street, Oakland, CA",,,,Deep Cleaning
Lakeside Recycling: 77th & Hawley,D7,Low,"August 04, 2022","August 04, 2022",2022-08-04,2022-08-04,0,2022,8,2022-08,pre_grants_pass,Deep Cleaning,,False,False,False,False,,named_place,"Lakeside Recycling, Oakland, CA",,,,Deep Cleaning
Embarcadero Bay Trail,D5,High,"August 02, 2022","August 03, 2022",2022-08-02,2022-08-03,1,2022,8,2022-08,pre_grants_pass,Closure,,False,False,False,False,,named_place,"Embarcadero Bay Trail, Oakland, CA",,,,Closure
Lake Merritt: Grand Avenue,D3,High,"August 01, 2022","August 01, 2022",2022-08-01,2022-08-01,0,2022,8,2022-08,pre_grants_pass,Closure,,False,False,False,False,,named_place,"Lake Merritt, Oakland, CA",37.7982,-122.2587,known_place_lookup,Closure at Lakeside Park/563 Grand Avenue
East 8th Cul De Sac,D5,High,"July 26, 2022","July 28, 2022",2022-07-26,2022-07-28,2,2022,7,2022-07,pre_grants_pass,Closure,,False,False,False,False,,named_place,"East 8th Cul De Sac, Oakland, CA",,,,Closure
City Lot at Alameda - 3801 E 8th St,D5,High,"July 26, 2022","July 28, 2022",2022-07-26,2022-07-28,2,2022,7,2022-07,pre_grants_pass,Closure,,False,False,False,False,,named_place,"City Lot at Alameda - 3801 E 8th Street, Oakland, CA",,,,Closure
Alameda Avenue from Howard Street to Fruitvale Ave,D5,High,"July 26, 2022","July 28, 2022",2022-07-26,2022-07-28,2,2022,7,2022-07,pre_grants_pass,Closure,Deep Cleaning,True,False,False,False,,intersection,"Alameda Avenue from Howard Street to Fruitvale Avenue, Oakland, CA",,,,Deep Cleaning at Alameda Ave & Closure at the Garden on embankment
Alameda Avenue between E 8th St and Howard St,D5,High,"July 26, 2022","July 28, 2022",2022-07-26,2022-07-28,2,2022,7,2022-07,pre_grants_pass,Closure,,False,False,False,False,,intersection,"Alameda Avenue between E 8th Street and Howard Street, Oakland, CA",,,,Closure
Frog Park the pathway between Clifton and Cavour,D1,High,"July 25, 2022","July 25, 2022",2022-07-25,2022-07-25,0,2022,7,2022-07,pre_grants_pass,Closure,,False,False,False,False,,named_place,"Frog Park the pathway between Clifton and Cavour, Oakland, CA",,,,Closure at Frog Park - DMV
Clay St between 7th St and 8th St,D3,High,"July 25, 2022","July 25, 2022",2022-07-25,2022-07-25,0,2022,7,2022-07,pre_grants_pass,Closure,,False,False,False,False,,intersection,"Clay Street between 7th Street and 8th Street, Oakland, CA",,,,Closure
Clay St between 8th St and Ninth St,D3,High,"July 25, 2022","July 25, 2022",2022-07-25,2022-07-25,0,2022,7,2022-07,pre_grants_pass,Closure,,False,False,False,False,,intersection,"Clay Street between 8th Street and Ninth Street, Oakland, CA",,,,Closure
Lake Merritt: Cameron Stanford House,D3,High,"July 21, 2022","July 21, 2022",2022-07-21,2022-07-21,0,2022,7,2022-07,pre_grants_pass,Closure,,False,False,False,False,,named_place,"Lake Merritt, Oakland, CA",37.7982,-122.2587,known_place_lookup,Closure
Vallejo & Stanford,D1,High,"July 20, 2022","July 20, 2022",2022-07-20,2022-07-20,0,2022,7,2022-07,pre_grants_pass,Deep Cleaning,,False,False,False,False,,named_place,"Vallejo & Stanford, Oakland, CA",,,,Deep Cleaning
Poplar St between 24th St and 26th St,D3,High,"July 19, 2022","July 19, 2022",2022-07-19,2022-07-19,0,2022,7,2022-07,pre_grants_pass,Closure,Deep Cleaning,True,False,False,False,,intersection,"Poplar Street between 24th Street and 26th Street, Oakland, CA",,,,Deep Cleaning & Closure
Union St between W Grand Ave and 24th St,D3,High,"July 19, 2022","July 19, 2022",2022-07-19,2022-07-19,0,2022,7,2022-07,pre_grants_pass,Closure,Deep Cleaning,True,False,False,False,,intersection,"Union Street between West Grand Avenue and 24th Street, Oakland, CA",,,,Deep Cleaning & Closure
MLK & Thomas L Berkley Way,D3,High,"July 18, 2022","July 18, 2022",2022-07-18,2022-07-18,0,2022,7,2022-07,pre_grants_pass,Closure,,False,False,False,False,,named_place,"Martin Luther King Jr Boulevard & Thomas L Berkley Way, Oakland, CA",,,,Closure
San Pablo Ave between MLK & Thomas L Berkley Way,D3,High,"July 18, 2022","July 18, 2022",2022-07-18,2022-07-18,0,2022,7,2022-07,pre_grants_pass,Closure,,False,False,False,False,,intersection,"San Pablo Avenue between Martin Luther King Jr Boulevard & Thomas L Berkley Way, Oakland, CA",,,,Closure
Median at 660 Thomas L Berkley Way/20th and MLK,D3,High,"July 18, 2022","July 18, 2022",2022-07-18,2022-07-18,0,2022,7,2022-07,pre_grants_pass,Closure,,False,False,False,False,,intersection,"Median at 660 Thomas L Berkley Way, Oakland, CA",,,,Closure
Market St between 30th St and 31st St,D3,High,"July 18, 2022","July 18, 2022",2022-07-18,2022-07-18,0,2022,7,2022-07,pre_grants_pass,Closure,,False,False,False,False,,intersection,"Market Street between 30th Street and 31st Street, Oakland, CA",,,,Closure
30th St between Market St and San Pablo St,D3,High,"July 18, 2022","July 18, 2022",2022-07-18,2022-07-18,0,2022,7,2022-07,pre_grants_pass,Closure,,False,False,False,False,,intersection,"30th Street between Market Street and San Pablo Street, Oakland, CA",,,,Closure
6th St between Alice St and Jackson St,D2,High,"July 18, 2022","July 18, 2022",2022-07-18,2022-07-18,0,2022,7,2022-07,pre_grants_pass,Closure,,False,False,False,False,,intersection,"6th Street between Alice Street and Jackson Street, Oakland, CA",,,,Closure
24th St between Willow St and Wood St,D3,High,"July 11, 2022","July 14, 2022",2022-07-11,2022-07-14,3,2022,7,2022-07,pre_grants_pass,Closure,,False,False,False,False,,intersection,"24th Street between Willow Street and Wood Street, Oakland, CA",,,,Closure
Wood St between 26th St and 32nd St,D3,High,"July 11, 2022","July 14, 2022",2022-07-11,2022-07-14,3,2022,7,2022-07,pre_grants_pass,Closure,,False,False,False,False,,intersection,"Wood Street between 26th Street and 32nd Street, Oakland, CA",,,,Closure
Wood St between 24th St and 26th St,D3,High,"July 11, 2022","July 14, 2022",2022-07-11,2022-07-14,3,2022,7,2022-07,pre_grants_pass,Closure,,False,False,False,False,,intersection,"Wood Street between 24th Street and 26th Street, Oakland, CA",,,,Closure
Wood St between W Grand Ave and 24th St,D3,High,"July 11, 2022","July 14, 2022",2022-07-11,2022-07-14,3,2022,7,2022-07,pre_grants_pass,Closure,,False,False,False,False,,intersection,"Wood Street between West Grand Avenue and 24th Street, Oakland, CA",,,,Closure
Game Changer Lot - 2599 Wood St,D3,High,"July 11, 2022","July 14, 2022",2022-07-11,2022-07-14,3,2022,7,2022-07,pre_grants_pass,Closure,,False,False,False,False,,named_place,"Game Changer Lot - 2599 Wood Street, Oakland, CA",,,,Closure
2nd & Brush,D3,Low,"July 07, 2022","July 07, 2022",2022-07-07,2022-07-07,0,2022,7,2022-07,pre_grants_pass,Deep Cleaning,,False,False,False,False,,named_place,"2nd & Brush, Oakland, CA",,,,Deep Cleaning
E 12th St between High St and 44th Ave,D3,High,"July 05, 2022","July 07, 2022",2022-07-05,2022-07-07,2,2022,7,2022-07,pre_grants_pass,Closure,,False,False,False,False,,intersection,"E 12th Street between High Street and 44th Avenue, Oakland, CA",,,,Closure
E 12th St between 46th Ave and 47th Ave,D5,High,"July 05, 2022","July 07, 2022",2022-07-05,2022-07-07,2,2022,7,2022-07,pre_grants_pass,Closure,,False,False,False,False,,intersection,"E 12th Street between 46th Avenue and 47th Avenue, Oakland, CA",,,,Closure
E 12th St between 45th Ave and 46th Ave,D5,High,"July 05, 2022","July 07, 2022",2022-07-05,2022-07-07,2,2022,7,2022-07,pre_grants_pass,Closure,,False,False,False,False,,intersection,"E 12th Street between 45th Avenue and 46th Avenue, Oakland, CA",,,,Closure
E 12th St between 44th Ave and 45th Ave,D5,High,"July 05, 2022","July 07, 2022",2022-07-05,2022-07-07,2,2022,7,2022-07,pre_grants_pass,Closure,,False,False,False,False,,intersection,"E 12th Street between 44th Avenue and 45th Avenue, Oakland, CA",,,,Closure
E 12th St between High St and E 12th Place,D3,High,"July 05, 2022","July 07, 2022",2022-07-05,2022-07-07,2,2022,7,2022-07,pre_grants_pass,Closure,,False,False,False,False,,intersection,"E 12th Street between High Street and E 12th Place, Oakland, CA",,,,Closure
692 Baldwin,D7,High,"June 29, 2022","June 30, 2022",2022-06-29,2022-06-30,1,2022,6,2022-06,pre_grants_pass,Closure,,False,False,False,False,,address,"692 Baldwin, Oakland, CA",,,,Closure
Baldwin and Hegenberger (Triangle Lot),D7,High,"June 29, 2022","June 30, 2022",2022-06-29,2022-06-30,1,2022,6,2022-06,pre_grants_pass,Closure,,False,False,False,False,,named_place,"Baldwin and Hegenberger (Triangle Lot), Oakland, CA",,,,Closure
24th St between Willow St and Wood St,D3,High,"June 28, 2022","June 30, 2022",2022-06-28,2022-06-30,2,2022,6,2022-06,pre_grants_pass,Closure,Deep Cleaning,True,False,False,False,,intersection,"24th Street between Willow Street and Wood Street, Oakland, CA",,,,Partial Closure & Deep Cleaning
Wood St between 26th St and 32nd St,D3,High,"June 28, 2022","June 30, 2022",2022-06-28,2022-06-30,2,2022,6,2022-06,pre_grants_pass,Closure,Deep Cleaning,True,False,False,False,,intersection,"Wood Street between 26th Street and 32nd Street, Oakland, CA",,,,Partial Closure & Deep Cleaning
Wood St between 24th St and 26th St,D3,High,"June 28, 2022","June 30, 2022",2022-06-28,2022-06-30,2,2022,6,2022-06,pre_grants_pass,Closure,Deep Cleaning,True,False,False,False,,intersection,"Wood Street between 24th Street and 26th Street, Oakland, CA",,,,Partial Closure & Deep Cleaning
Game Changer Lot - 2599 Wood St,D3,High,"June 28, 2022","June 30, 2022",2022-06-28,2022-06-30,2,2022,6,2022-06,pre_grants_pass,Closure,Deep Cleaning,True,False,False,False,,named_place,"Game Changer Lot - 2599 Wood Street, Oakland, CA",,,,Partial Closure & Deep Cleaning
Wood St between W Grand Ave and 24th St,D3,High,"June 28, 2022","June 30, 2022",2022-06-28,2022-06-30,2,2022,6,2022-06,pre_grants_pass,Closure,Deep Cleaning,True,False,False,False,,intersection,"Wood Street between West Grand Avenue and 24th Street, Oakland, CA",,,,Partial Closure & Deep Cleaning
26th St between Willow St and Wood St,D3,High,"June 28, 2022","June 30, 2022",2022-06-28,2022-06-30,2,2022,6,2022-06,pre_grants_pass,Closure,Deep Cleaning,True,False,False,False,,intersection,"26th Street between Willow Street and Wood Street, Oakland, CA",,,,Partial Closure & Deep Cleaning
Webster St between 36th St and 37th St,D3,High,"June 27, 2022","June 27, 2022",2022-06-27,2022-06-27,0,2022,6,2022-06,pre_grants_pass,Closure,,False,False,False,False,,intersection,"Webster Street between 36th Street and 37th Street, Oakland, CA",,,,Closure
Webster St between 37th St and W MacArthur Blvd,D3,High,"June 27, 2022","June 27, 2022",2022-06-27,2022-06-27,0,2022,6,2022-06,pre_grants_pass,Closure,,False,False,False,False,,intersection,"Webster Street between 37th Street and West MacArthur Boulevard, Oakland, CA",,,,Closure
12th Street Estuary/Rear of Dewey High School,D2,High,"June 27, 2022","June 27, 2022",2022-06-27,2022-06-27,0,2022,6,2022-06,pre_grants_pass,Closure,,False,False,False,False,,named_place,"12th Street Estuary, Oakland, CA",,,,Closure
692 Baldwin,D7,High,"June 22, 2022","June 23, 2022",2022-06-22,2022-06-23,1,2022,6,2022-06,pre_grants_pass,Closure,,False,True,False,False,,address,"692 Baldwin, Oakland, CA",,,,Closure (UNABLE TO BE EXECUTED)
Baldwin and Hegenberger (Triangle Lot),D7,High,"June 22, 2022","June 23, 2022",2022-06-22,2022-06-23,1,2022,6,2022-06,pre_grants_pass,Closure,,False,True,False,False,,named_place,"Baldwin and Hegenberger (Triangle Lot), Oakland, CA",,,,Closure  (UNABLE TO BE EXECUTED)
E. 12th Median : 14th Ave to 18th Ave,D2,High,"June 21, 2022","June 23, 2022",2022-06-21,2022-06-23,2,2022,6,2022-06,pre_grants_pass,Closure,,False,False,False,False,,named_place,"East 12th Median, Oakland, CA",,,,Closure
E 10th St Bridge underpass near Channel Park,D3,High,"June 20, 2022","June 20, 2022",2022-06-20,2022-06-20,0,2022,6,2022-06,pre_grants_pass,Closure,,False,False,False,False,,named_place,"E 10th Street Bridge underpass near Channel Park, Oakland, CA",,,,Closure
3902 Manila Ave/Manila between 38th & 40th St,D1,High,"June 20, 2022","June 21, 2022",2022-06-20,2022-06-21,1,2022,6,2022-06,pre_grants_pass,Closure,,False,False,False,False,,address,"3902 Manila Avenue, Oakland, CA",,,,Closure
12th Street Estuary/Rear of Dewey High School,D2,High,"June 20, 2022","June 20, 2022",2022-06-20,2022-06-20,0,2022,6,2022-06,pre_grants_pass,Closure,,False,False,False,False,,named_place,"12th Street Estuary, Oakland, CA",,,,Closure
Peralta Park,D2,High,"June 20, 2022","June 20, 2022",2022-06-20,2022-06-20,0,2022,6,2022-06,pre_grants_pass,Closure,,False,False,False,False,,named_place,"Peralta Park, Oakland, CA",37.8175,-122.2779,known_place_lookup,Closure
Leet Drive,D7,High,"June 16, 2022","June 16, 2022",2022-06-16,2022-06-16,0,2022,6,2022-06,pre_grants_pass,Deep Cleaning,,False,False,False,False,,named_place,"Leet Drive, Oakland, CA",,,,Deep Cleaning
Webster St between 37th St and W MacArthur Blvd,D3,High,"June 15, 2022","June 15, 2022",2022-06-15,2022-06-15,0,2022,6,2022-06,pre_grants_pass,Closure,,False,False,False,False,,intersection,"Webster Street between 37th Street and West MacArthur Boulevard, Oakland, CA",,,,Closure
Webster St between 36th St and 37th St,D3,High,"June 15, 2022","June 15, 2022",2022-06-15,2022-06-15,0,2022,6,2022-06,pre_grants_pass,Closure,,False,False,False,False,,intersection,"Webster Street between 36th Street and 37th Street, Oakland, CA",,,,Closure
Baldwin and Hegenberger (Triangle Lot),D7,High,"June 14, 2022","June 14, 2022",2022-06-14,2022-06-14,0,2022,6,2022-06,pre_grants_pass,Closure,,False,False,False,False,,named_place,"Baldwin and Hegenberger (Triangle Lot), Oakland, CA",,,,Closure
3902 Manila Ave/Manila between 38th & 40th St,D1,High,"June 14, 2022","June 14, 2022",2022-06-14,2022-06-14,0,2022,6,2022-06,pre_grants_pass,Closure,,False,True,False,False,,address,"3902 Manila Avenue, Oakland, CA",,,,Closure (UNABLE TO BE EXECUTED)
692 Baldwin,D7,High,"June 14, 2022","June 14, 2022",2022-06-14,2022-06-14,0,2022,6,2022-06,pre_grants_pass,Closure,,False,False,False,False,,address,"692 Baldwin, Oakland, CA",,,,Closure
E 12th St between 47th Ave and 48th Ave,D3,High,"June 14, 2022","June 14, 2022",2022-06-14,2022-06-14,0,2022,6,2022-06,pre_grants_pass,Closure,,False,False,False,False,,intersection,"E 12th Street between 47th Avenue and 48th Avenue, Oakland, CA",,,,Closure
E 12th St between 46th Ave and 47th Ave,D5,High,"June 14, 2022","June 14, 2022",2022-06-14,2022-06-14,0,2022,6,2022-06,pre_grants_pass,Closure,,False,False,False,False,,intersection,"E 12th Street between 46th Avenue and 47th Avenue, Oakland, CA",,,,Closure
Clinton Park,D2,High,"June 13, 2022","June 13, 2022",2022-06-13,2022-06-13,0,2022,6,2022-06,pre_grants_pass,Closure,,False,False,False,False,,named_place,"Clinton Park, Oakland, CA",37.8082,-122.2544,known_place_lookup,Closure
Oak Glenn Park: 3339 Richmond Blvd,D3,High,"June 13, 2022","June 13, 2022",2022-06-13,2022-06-13,0,2022,6,2022-06,pre_grants_pass,Closure,,False,False,False,False,,named_place,"Oak Glenn Park, Oakland, CA",,,,Closure
692 Baldwin,D7,High,"June 08, 2022","June 09, 2022",2022-06-08,2022-06-09,1,2022,6,2022-06,pre_grants_pass,Closure,Deep Cleaning,True,False,False,False,cul de sac,address,"692 Baldwin, Oakland, CA",,,,Closure at Cul de sac and  Deep Cleaning the rest of the site. At 692 Baldwin (cul-de-sac in baldwin)
3902 Manila Ave/Manila between 38th & 40th St,D1,High,"June 07, 2022","June 07, 2022",2022-06-07,2022-06-07,0,2022,6,2022-06,pre_grants_pass,Closure,,False,True,False,False,,address,"3902 Manila Avenue, Oakland, CA",,,,Closure (UNABLE TO BE EXECUTED)
Webster St between 36th St and 37th St,D3,High,"June 06, 2022","June 06, 2022",2022-06-06,2022-06-06,0,2022,6,2022-06,pre_grants_pass,Closure,,False,False,False,False,,intersection,"Webster Street between 36th Street and 37th Street, Oakland, CA",,,,Closure
Webster St between 36th St and 34th St,D3,High,"June 02, 2022","June 02, 2022",2022-06-02,2022-06-02,0,2022,6,2022-06,pre_grants_pass,Closure,,False,False,False,False,,intersection,"Webster Street between 36th Street and 34th Street, Oakland, CA",,,,Closure
Webster St between 37th St and W MacArthur Blvd,D3,High,"June 02, 2022","June 02, 2022",2022-06-02,2022-06-02,0,2022,6,2022-06,pre_grants_pass,Closure,,False,False,False,False,,intersection,"Webster Street between 37th Street and West MacArthur Boulevard, Oakland, CA",,,,Closure
Mosswood Park,D3,High,"June 02, 2022","June 02, 2022",2022-06-02,2022-06-02,0,2022,6,2022-06,pre_grants_pass,Closure,,False,False,False,False,entire park,named_place,"Mosswood Park, Oakland, CA",37.8236,-122.2617,known_place_lookup,Closure entire park
MLK between 23rd & 24th,D3,High,"May 31, 2022","June 01, 2022",2022-05-31,2022-06-01,1,2022,5,2022-05,pre_grants_pass,Deep Cleaning,,False,False,False,False,,intersection,"Martin Luther King Jr Boulevard between 23rd & 24th, Oakland, CA",,,,Deep Cleaning
MLk between W Grand Ave & 23rd,D3,High,"May 31, 2022","June 01, 2022",2022-05-31,2022-06-01,1,2022,5,2022-05,pre_grants_pass,Deep Cleaning,,False,False,False,False,,intersection,"Martin Luther King Jr Boulevard between West Grand Avenue & 23rd, Oakland, CA",,,,Deep Cleaning
MLK between 24th & 25th,D3,High,"May 31, 2022","June 01, 2022",2022-05-31,2022-06-01,1,2022,5,2022-05,pre_grants_pass,Deep Cleaning,,False,False,False,False,,intersection,"Martin Luther King Jr Boulevard between 24th & 25th, Oakland, CA",,,,Deep Cleaning
23rd St between MLK to Northgate,D3,High,"May 31, 2022","June 01, 2022",2022-05-31,2022-06-01,1,2022,5,2022-05,pre_grants_pass,Closure,,False,False,False,False,,intersection,"23rd Street between Martin Luther King Jr Boulevard to Northgate, Oakland, CA",,,,Closure
San Pablo Ave between W Grand Ave & MLK,D3,High,"May 31, 2022","June 01, 2022",2022-05-31,2022-06-01,1,2022,5,2022-05,pre_grants_pass,Closure,,False,False,False,False,,intersection,"San Pablo Avenue between West Grand Avenue & Martin Luther King Jr Boulevard, Oakland, CA",,,,Closure
MLK between San Pablo Ave & W Grand Ave,D3,High,"May 31, 2022","June 01, 2022",2022-05-31,2022-06-01,1,2022,5,2022-05,pre_grants_pass,Closure,,False,False,False,False,,intersection,"Martin Luther King Jr Boulevard between San Pablo Avenue & West Grand Avenue, Oakland, CA",,,,Closure
W Grand Ave between San Pablo Ave & MLK,D3,High,"May 31, 2022","June 01, 2022",2022-05-31,2022-06-01,1,2022,5,2022-05,pre_grants_pass,Closure,,False,False,False,False,,intersection,"West Grand Avenue between San Pablo Avenue & Martin Luther King Jr Boulevard, Oakland, CA",,,,Closure
Alameda Avenue from Howard Street to Fruitvale Ave,D5,High,"May 25, 2022","May 26, 2022",2022-05-25,2022-05-26,1,2022,5,2022-05,pre_grants_pass,Deep Cleaning,,False,False,False,False,,intersection,"Alameda Avenue from Howard Street to Fruitvale Avenue, Oakland, CA",,,,Deep Cleaning
E 10th St Bridge underpass near Channel Park,D3,High,"May 24, 2022","May 24, 2022",2022-05-24,2022-05-24,0,2022,5,2022-05,pre_grants_pass,Closure,,False,False,False,False,,named_place,"E 10th Street Bridge underpass near Channel Park, Oakland, CA",,,,Closure
Peralta Park,D2,High,"May 24, 2022","May 24, 2022",2022-05-24,2022-05-24,0,2022,5,2022-05,pre_grants_pass,Closure,,False,False,False,False,,named_place,"Peralta Park, Oakland, CA",37.8175,-122.2779,known_place_lookup,Closure
12th Street Estuary/Rear of Dewey High School,D2,High,"May 24, 2022","May 24, 2022",2022-05-24,2022-05-24,0,2022,5,2022-05,pre_grants_pass,Closure,,False,False,False,False,,named_place,"12th Street Estuary, Oakland, CA",,,,Closure
Snow Park,D3,High,"May 23, 2022","May 23, 2022",2022-05-23,2022-05-23,0,2022,5,2022-05,pre_grants_pass,Closure,,False,False,False,False,,named_place,"Snow Park, Oakland, CA",,,,Closure
Lake Merritt: Cameron Stanford House,D3,High,"May 23, 2022","May 23, 2022",2022-05-23,2022-05-23,0,2022,5,2022-05,pre_grants_pass,Closure,,False,False,False,False,,named_place,"Lake Merritt, Oakland, CA",37.7982,-122.2587,known_place_lookup,Closure
2121 E. 12th /2199 E.12th/@23rd Bridge,D2,High,"May 23, 2022","May 23, 2022",2022-05-23,2022-05-23,0,2022,5,2022-05,pre_grants_pass,Closure,,False,True,False,False,,address,"2121 East 12th, Oakland, CA",,,,Closure (UNABLE TO BE EXECUTED)
3902 Manila Ave/Manila between 38th & 40th St,D1,High,"May 19, 2022","May 19, 2022",2022-05-19,2022-05-19,0,2022,5,2022-05,pre_grants_pass,Closure,,False,False,False,False,,address,"3902 Manila Avenue, Oakland, CA",,,,Closure
2121 E. 12th /2199 E.12th/@23rd Bridge,D2,High,"May 18, 2022","May 18, 2022",2022-05-18,2022-05-18,0,2022,5,2022-05,pre_grants_pass,Closure,,False,False,False,False,,address,"2121 East 12th, Oakland, CA",,,,Closure
42nd between MLK & Telegraph,D1,Low,"May 17, 2022","May 17, 2022",2022-05-17,2022-05-17,0,2022,5,2022-05,pre_grants_pass,Closure,Deep Cleaning,True,False,False,False,north side; south side,intersection,"42nd between Martin Luther King Jr Boulevard & Telegraph, Oakland, CA",,,,Closure (North Side) & Deep Cleaning (South Side)
29th St. between MLK and Telegraph,D3,Low,"May 17, 2022","May 17, 2022",2022-05-17,2022-05-17,0,2022,5,2022-05,pre_grants_pass,Closure,Deep Cleaning,True,False,False,False,north; south,intersection,"29th Street. between Martin Luther King Jr Boulevard and Telegraph, Oakland, CA",,,,Deep Cleaning (South) & Closure (North)
Webster St between 37th St and W MacArthur Blvd,D3,High,"May 16, 2022","May 16, 2022",2022-05-16,2022-05-16,0,2022,5,2022-05,pre_grants_pass,Closure,,False,False,False,False,,intersection,"Webster Street between 37th Street and West MacArthur Boulevard, Oakland, CA",,,,Closure
Webster St between 36th St and 37th St,D3,High,"May 16, 2022","May 16, 2022",2022-05-16,2022-05-16,0,2022,5,2022-05,pre_grants_pass,Closure,,False,False,False,False,,intersection,"Webster Street between 36th Street and 37th Street, Oakland, CA",,,,Closure
Mosswood Park,D3,High,"May 16, 2022","May 16, 2022",2022-05-16,2022-05-16,0,2022,5,2022-05,pre_grants_pass,Closure,,False,False,False,False,,named_place,"Mosswood Park, Oakland, CA",37.8236,-122.2617,known_place_lookup,Closure
Wood St between W Grand Ave and 24th St,D3,High,"May 10, 2022","May 12, 2022",2022-05-10,2022-05-12,2,2022,5,2022-05,pre_grants_pass,Micro Closure,Deep Cleaning,True,False,False,False,,intersection,"Wood Street between West Grand Avenue and 24th Street, Oakland, CA",,,,"Micro Closures at  2121 Wood Street (1 RV), 1700 24th Street (RV) and Game Changer Lot at 2599 Wood St, Oakland, CA 94607 (2 Tents), and Deep Cleaning at Wood St. Grand to 26th."
Wood St between 24th St and 26th St,D3,High,"May 10, 2022","May 12, 2022",2022-05-10,2022-05-12,2,2022,5,2022-05,pre_grants_pass,Micro Closure,Deep Cleaning,True,False,False,False,,intersection,"Wood Street between 24th Street and 26th Street, Oakland, CA",,,,"Micro Closures at  2121 Wood Street (1 RV), 1700 24th Street (RV) and Game Changer Lot at 2599 Wood St, Oakland, CA 94607 (2 Tents), and Deep Cleaning at Wood St. Grand to 26th."
24th St between Willow St and Wood St,D3,High,"May 10, 2022","May 12, 2022",2022-05-10,2022-05-12,2,2022,5,2022-05,pre_grants_pass,Micro Closure,Deep Cleaning,True,False,False,False,,intersection,"24th Street between Willow Street and Wood Street, Oakland, CA",,,,"Micro Closures at  2121 Wood Street (1 RV), 1700 24th Street (RV) and Game Changer Lot at 2599 Wood St, Oakland, CA 94607 (2 Tents), and Deep Cleaning at Wood St. Grand to 26th."
Game Changer Lot - 2599 Wood St,D3,High,"May 10, 2022","May 12, 2022",2022-05-10,2022-05-12,2,2022,5,2022-05,pre_grants_pass,Micro Closure,Deep Cleaning,True,False,False,False,,named_place,"Game Changer Lot - 2599 Wood Street, Oakland, CA",,,,"Micro Closures at  2121 Wood Street (1 RV), 1700 24th Street (RV) and Game Changer Lot at 2599 Wood St, Oakland, CA 94607 (2 Tents), and Deep Cleaning at Wood St. Grand to 26th."
Wood St between 20th St and W Grand Ave,D3,High,"May 10, 2022","May 12, 2022",2022-05-10,2022-05-12,2,2022,5,2022-05,pre_grants_pass,Micro Closure,,False,False,False,False,,intersection,"Wood Street between 20th Street and West Grand Avenue, Oakland, CA",,,,"Micro Closures at  2121 Wood Street (1 RV),"
Webster St between 37th St and W MacArthur Blvd,D3,High,"May 09, 2022","May 09, 2022",2022-05-09,2022-05-09,0,2022,5,2022-05,pre_grants_pass,Deep Cleaning,,False,False,False,False,,intersection,"Webster Street between 37th Street and West MacArthur Boulevard, Oakland, CA",,,,Deep Cleaning
Webster St between 36th St and 37th St,D3,High,"May 09, 2022","May 09, 2022",2022-05-09,2022-05-09,0,2022,5,2022-05,pre_grants_pass,Deep Cleaning,,False,False,False,False,,intersection,"Webster Street between 36th Street and 37th Street, Oakland, CA",,,,Deep Cleaning
MLK between 35th St and 36th St,D3,Low,"May 09, 2022","May 09, 2022",2022-05-09,2022-05-09,0,2022,5,2022-05,pre_grants_pass,Closure,Deep Cleaning,True,False,False,False,east side; west side,intersection,"Martin Luther King Jr Boulevard between 35th Street and 36th Street, Oakland, CA",,,,"Deep Cleaning (West Side), Closure (East Side)"
Pearmain St between 100th Ave and Douglas Ave,D3,High,"May 05, 2022","May 05, 2022",2022-05-05,2022-05-05,0,2022,5,2022-05,pre_grants_pass,Deep Cleaning,,False,False,False,False,,intersection,"Pearmain Street between 100th Avenue and Douglas Avenue, Oakland, CA",,,,Deep Cleaning
Pearmain St between Douglas Ave and 100th Ave,D3,High,"May 05, 2022","May 05, 2022",2022-05-05,2022-05-05,0,2022,5,2022-05,pre_grants_pass,Deep Cleaning,,False,False,False,False,,intersection,"Pearmain Street between Douglas Avenue and 100th Avenue, Oakland, CA",,,,Deep Cleaning
Douglas Ave cul de sac,D3,High,"May 05, 2022","May 05, 2022",2022-05-05,2022-05-05,0,2022,5,2022-05,pre_grants_pass,Deep Cleaning,,False,False,False,False,,named_place,"Douglas Avenue cul de sac, Oakland, CA",,,,Deep Cleaning
San Leandro St between 42nd Ave and High St,D3,High,"May 04, 2022","May 04, 2022",2022-05-04,2022-05-04,0,2022,5,2022-05,pre_grants_pass,Deep Cleaning,,False,False,False,False,,intersection,"San Leandro Street between 42nd Avenue and High Street, Oakland, CA",,,,Deep Cleaning
42nd Ave between San Leandro Blvd & Wattling St,D5,High,"May 04, 2022","May 04, 2022",2022-05-04,2022-05-04,0,2022,5,2022-05,pre_grants_pass,Deep Cleaning,,False,False,False,False,,intersection,"42nd Avenue between San Leandro Boulevard & Wattling Street, Oakland, CA",,,,Deep Cleaning
Wattling St between 42nd Ave and High St,D5,High,"May 04, 2022","May 04, 2022",2022-05-04,2022-05-04,0,2022,5,2022-05,pre_grants_pass,Deep Cleaning,,False,False,False,False,,intersection,"Wattling Street between 42nd Avenue and High Street, Oakland, CA",,,,Deep Cleaning
High St between Wattling St and San Leandro St,D3,High,"May 04, 2022","May 04, 2022",2022-05-04,2022-05-04,0,2022,5,2022-05,pre_grants_pass,Deep Cleaning,,False,False,False,False,,intersection,"High Street between Wattling Street and San Leandro Street, Oakland, CA",,,,Deep Cleaning
Walter Ave between Louisiana St and Clara St,D7,High,"May 03, 2022","May 03, 2022",2022-05-03,2022-05-03,0,2022,5,2022-05,pre_grants_pass,Closure,,False,False,False,False,,intersection,"Walter Avenue between Louisiana Street and Clara Street, Oakland, CA",,,,Closure
Walter Ave between Nevada St and 98th Ave,D7,High,"May 03, 2022","May 03, 2022",2022-05-03,2022-05-03,0,2022,5,2022-05,pre_grants_pass,Closure,,False,False,False,False,,intersection,"Walter Avenue between Nevada Street and 98th Avenue, Oakland, CA",,,,Closure
Walter Ave between Tyler St and Nevada St,D7,High,"May 03, 2022","May 03, 2022",2022-05-03,2022-05-03,0,2022,5,2022-05,pre_grants_pass,Closure,,False,False,False,False,,intersection,"Walter Avenue between Tyler Street and Nevada Street, Oakland, CA",,,,Closure
Walter Ave between S Elmhurst Ave and Tyler St,D7,High,"May 03, 2022","May 03, 2022",2022-05-03,2022-05-03,0,2022,5,2022-05,pre_grants_pass,Closure,,False,False,False,False,,intersection,"Walter Avenue between South Elmhurst Avenue and Tyler Street, Oakland, CA",,,,Closure
Walter Ave between Clara St and S Elmhurst Ave,D7,High,"May 03, 2022","May 03, 2022",2022-05-03,2022-05-03,0,2022,5,2022-05,pre_grants_pass,Closure,,False,False,False,False,,intersection,"Walter Avenue between Clara Street and South Elmhurst Avenue, Oakland, CA",,,,Closure
2nd & Brush,D3,Low,"May 02, 2022","May 02, 2022",2022-05-02,2022-05-02,0,2022,5,2022-05,pre_grants_pass,Deep Cleaning,,False,False,False,False,,named_place,"2nd & Brush, Oakland, CA",,,,Deep Cleaning
Downtown Oakland Senior Center,D3,High,"April 29, 2022","April 29, 2022",2022-04-29,2022-04-29,0,2022,4,2022-04,pre_grants_pass,Closure,,False,False,False,False,entire encampment,named_place,Downtown Oakland Senior Center,,,,Closure Entire Encampment at Downtown Senior Center/ Memorial building at Harrison St and Grand St
E. 12th Median : 14th Ave to 18th Ave,D2,High,"April 26, 2022","April 28, 2022",2022-04-26,2022-04-28,2,2022,4,2022-04,pre_grants_pass,Deep Cleaning,,False,False,False,False,,named_place,"East 12th Median, Oakland, CA",,,,Deep Cleaning
Mosswood Park,D3,High,"April 25, 2022","April 25, 2022",2022-04-25,2022-04-25,0,2022,4,2022-04,pre_grants_pass,Deep Cleaning,,False,False,False,False,dog park,named_place,"Mosswood Park, Oakland, CA",37.8236,-122.2617,known_place_lookup,Deep Cleaning at Mosswood Dog Park
Mosswood Park,D3,High,"April 25, 2022","April 25, 2022",2022-04-25,2022-04-25,0,2022,4,2022-04,pre_grants_pass,Closure,,False,False,False,False,dog park,named_place,"Mosswood Park, Oakland, CA",37.8236,-122.2617,known_place_lookup,Closure at Mosswood Park: Dog Park/3505 Broadway
14th St between Center St and Mandela Pkwy,D3,High,"April 20, 2022","April 21, 2022",2022-04-20,2022-04-21,1,2022,4,2022-04,pre_grants_pass,Closure,,False,False,False,False,,named_place,"14th Street between Center Street and Mandela Parkway, Oakland, CA",,,,Closure
Center St between 13th St and 14th St,D3,High,"April 20, 2022","April 21, 2022",2022-04-20,2022-04-21,1,2022,4,2022-04,pre_grants_pass,Closure,,False,False,False,False,,named_place,"Center Street between 13th Street and 14th Street, Oakland, CA",,,,Closure
13th St between Center and Mandela Pkwy,D3,High,"April 20, 2022","April 21, 2022",2022-04-20,2022-04-21,1,2022,4,2022-04,pre_grants_pass,Closure,,False,False,False,False,,named_place,"13th Street between Center and Mandela Parkway, Oakland, CA",,,,Closure
Mandela Pkwy between 13th and 14th,D3,High,"April 20, 2022","April 21, 2022",2022-04-20,2022-04-21,1,2022,4,2022-04,pre_grants_pass,Closure,,False,False,False,False,,intersection,"Mandela Parkway between 13th and 14th, Oakland, CA",,,,Closure
"Cypress Freeway Memorial Park (FS3), 1301 Mandela Pkwy",D3,High,"April 20, 2022","April 21, 2022",2022-04-20,2022-04-21,1,2022,4,2022-04,pre_grants_pass,Closure,,False,False,False,False,,named_place,"Cypress Freeway Memorial Park (FS3), 1301 Mandela Parkway, Oakland, CA",37.8199,-122.2891,known_place_lookup,Closure
16th St between Kirkham St and Mandela Pkwy,D3,High,"April 20, 2022","April 21, 2022",2022-04-20,2022-04-21,1,2022,4,2022-04,pre_grants_pass,Closure,,False,False,False,False,,intersection,"16th Street between Kirkham Street and Mandela Parkway, Oakland, CA",,,,Closure
14th St between Mandela Pkwy and Kirkham Ct,D3,High,"April 20, 2022","April 21, 2022",2022-04-20,2022-04-21,1,2022,4,2022-04,pre_grants_pass,Closure,,False,False,False,False,,intersection,"14th Street between Mandela Parkway and Kirkham Court, Oakland, CA",,,,Closure
Mandela Parkway between 14th & 16th,D3,High,"April 20, 2022","April 21, 2022",2022-04-20,2022-04-21,1,2022,4,2022-04,pre_grants_pass,Closure,,False,False,False,False,,intersection,"Mandela Parkway between 14th & 16th, Oakland, CA",,,,Closure
E 12th Remainder Parcel: Adjacent to LML,D2,High,"April 19, 2022","April 19, 2022",2022-04-19,2022-04-19,0,2022,4,2022-04,pre_grants_pass,Closure,,False,False,False,False,,named_place,"E 12th Remainder Parcel, Oakland, CA",,,,Closure
Lake Merritt: Cameron Stanford House,D3,High,"April 19, 2022","April 19, 2022",2022-04-19,2022-04-19,0,2022,4,2022-04,pre_grants_pass,Closure,,False,True,False,False,,named_place,"Lake Merritt, Oakland, CA",37.7982,-122.2587,known_place_lookup,Closure  (UNABLE TO BE EXECUTED)
Downtown Oakland Senior Center,D3,High,"April 19, 2022","April 19, 2022",2022-04-19,2022-04-19,0,2022,4,2022-04,pre_grants_pass,Closure,,False,False,False,False,,named_place,Downtown Oakland Senior Center,,,,Closure
Lake Merritt: Grand Avenue,D3,High,"April 18, 2022","April 18, 2022",2022-04-18,2022-04-18,0,2022,4,2022-04,pre_grants_pass,Closure,,False,False,False,False,,named_place,"Lake Merritt, Oakland, CA",37.7982,-122.2587,known_place_lookup,Closure  at Lakeside Park (large structure and additional 7 tents)
Lake Merritt: 563 Pergola,D3,High,"April 18, 2022","April 18, 2022",2022-04-18,2022-04-18,0,2022,4,2022-04,pre_grants_pass,Closure,,False,False,False,False,,named_place,"Lake Merritt, Oakland, CA",37.7982,-122.2587,known_place_lookup,Closure at The Pergola at Lake Merritt
Wood St between 24th St and 26th St,D3,High,"April 13, 2022","April 13, 2022",2022-04-13,2022-04-13,0,2022,4,2022-04,pre_grants_pass,Deep Cleaning,,False,False,False,False,,intersection,"Wood Street between 24th Street and 26th Street, Oakland, CA",,,,Deep Cleaning
Wood St between W Grand Ave and 24th St,D3,High,"April 13, 2022","April 13, 2022",2022-04-13,2022-04-13,0,2022,4,2022-04,pre_grants_pass,Deep Cleaning,,False,False,False,False,,intersection,"Wood Street between West Grand Avenue and 24th Street, Oakland, CA",,,,Deep Cleaning
San Pablo Ave between W Grand Ave & MLK,D3,High,"April 12, 2022","April 14, 2022",2022-04-12,2022-04-14,2,2022,4,2022-04,pre_grants_pass,Closure,,False,False,False,False,,intersection,"San Pablo Avenue between West Grand Avenue & Martin Luther King Jr Boulevard, Oakland, CA",,,,Closure
W Grand Ave between San Pablo Ave & MLK,D3,High,"April 12, 2022","April 14, 2022",2022-04-12,2022-04-14,2,2022,4,2022-04,pre_grants_pass,Closure,,False,False,False,False,,intersection,"West Grand Avenue between San Pablo Avenue & Martin Luther King Jr Boulevard, Oakland, CA",,,,Closure
E 12th Remainder Parcel: Adjacent to LML,D2,High,"April 12, 2022","April 12, 2022",2022-04-12,2022-04-12,0,2022,4,2022-04,pre_grants_pass,Closure,,False,False,False,False,,named_place,"E 12th Remainder Parcel, Oakland, CA",,,,Closure
12th Street Estuary/Rear of Dewey High School,D2,High,"April 12, 2022","April 12, 2022",2022-04-12,2022-04-12,0,2022,4,2022-04,pre_grants_pass,Closure,,False,False,False,False,,named_place,"12th Street Estuary, Oakland, CA",,,,Closure
MLk between W Grand Ave & 23rd,D3,High,"April 12, 2022","April 14, 2022",2022-04-12,2022-04-14,2,2022,4,2022-04,pre_grants_pass,Closure,Deep Cleaning,True,False,False,False,,intersection,"Martin Luther King Jr Boulevard between West Grand Avenue & 23rd, Oakland, CA",,,,Deep Cleaning & Closure
MLK between 23rd & 24th,D3,High,"April 12, 2022","April 14, 2022",2022-04-12,2022-04-14,2,2022,4,2022-04,pre_grants_pass,Closure,Deep Cleaning,True,False,False,False,,intersection,"Martin Luther King Jr Boulevard between 23rd & 24th, Oakland, CA",,,,Deep Cleaning & Closure
MLK between 24th & 25th,D3,High,"April 12, 2022","April 14, 2022",2022-04-12,2022-04-14,2,2022,4,2022-04,pre_grants_pass,Closure,Deep Cleaning,True,False,False,False,,intersection,"Martin Luther King Jr Boulevard between 24th & 25th, Oakland, CA",,,,Deep Cleaning & Closure
23rd St between MLK to Northgate,D3,High,"April 12, 2022","April 14, 2022",2022-04-12,2022-04-14,2,2022,4,2022-04,pre_grants_pass,Closure,,False,False,False,False,,intersection,"23rd Street between Martin Luther King Jr Boulevard to Northgate, Oakland, CA",,,,Closure
MLK between San Pablo Ave & W Grand Ave,D3,High,"April 12, 2022","April 14, 2022",2022-04-12,2022-04-14,2,2022,4,2022-04,pre_grants_pass,Closure,,False,False,False,False,,intersection,"Martin Luther King Jr Boulevard between San Pablo Avenue & West Grand Avenue, Oakland, CA",,,,Closure
64th Ave between Brann St and Camden St,D6,High,"April 11, 2022","April 11, 2022",2022-04-11,2022-04-11,0,2022,4,2022-04,pre_grants_pass,Closure,,False,False,False,False,,intersection,"64th Avenue between Brann Street and Camden Street, Oakland, CA",,,,Closure
Concordia Park,D6,High,"April 11, 2022","April 11, 2022",2022-04-11,2022-04-11,0,2022,4,2022-04,pre_grants_pass,Closure,,False,False,False,False,,named_place,"Concordia Park, Oakland, CA",,,,Closure
10451 MacArthur Blvd.,D7,High,"April 11, 2022","April 11, 2022",2022-04-11,2022-04-11,0,2022,4,2022-04,pre_grants_pass,Closure,,False,False,False,False,,address,"10451 MacArthur Boulevard, Oakland, CA",,,,Closure
96th Ave between A St and International Blvd,D7,High,"April 11, 2022","April 11, 2022",2022-04-11,2022-04-11,0,2022,4,2022-04,pre_grants_pass,Closure,,False,False,False,False,,intersection,"96th Avenue between A Street and International Boulevard, Oakland, CA",,,,Closure
International Blvd between 96th Ave and 97th Ave,D7,High,"April 11, 2022","April 11, 2022",2022-04-11,2022-04-11,0,2022,4,2022-04,pre_grants_pass,Closure,,False,False,False,False,,intersection,"International Boulevard between 96th Avenue and 97th Avenue, Oakland, CA",,,,Closure
Median at 96th & International,D7,High,"April 11, 2022","April 11, 2022",2022-04-11,2022-04-11,0,2022,4,2022-04,pre_grants_pass,Closure,,False,False,False,False,,named_place,"Median at 96th & International Boulevard, Oakland, CA",,,,Closure
10451 MacArthur Blvd.,D7,High,"April 07, 2022","April 07, 2022",2022-04-07,2022-04-07,0,2022,4,2022-04,pre_grants_pass,Closure,,False,False,False,False,,address,"10451 MacArthur Boulevard, Oakland, CA",,,,Closure
14th St between Mandela Pkwy and Kirkham Ct,D3,High,"April 05, 2022","April 06, 2022",2022-04-05,2022-04-06,1,2022,4,2022-04,pre_grants_pass,Closure,,False,False,False,False,eastside,intersection,"14th Street between Mandela Parkway and Kirkham Court, Oakland, CA",,,,Closure (Eastside Only)
16th St between Kirkham St and Mandela Pkwy,D3,High,"April 05, 2022","April 06, 2022",2022-04-05,2022-04-06,1,2022,4,2022-04,pre_grants_pass,Closure,,False,False,False,False,eastside,intersection,"16th Street between Kirkham Street and Mandela Parkway, Oakland, CA",,,,Closure (Eastside Only)
Mandela Parkway between 14th & 16th,D3,High,"April 05, 2022","April 06, 2022",2022-04-05,2022-04-06,1,2022,4,2022-04,pre_grants_pass,Closure,,False,False,False,False,eastside,intersection,"Mandela Parkway between 14th & 16th, Oakland, CA",,,,Closure (Eastside Only)
330 Chestnut Street,D3,High,"April 04, 2022","April 04, 2022",2022-04-04,2022-04-04,0,2022,4,2022-04,pre_grants_pass,Closure,,False,False,False,False,,address,"330 Chestnut Street, Oakland, CA",,,,Closure
6th St between Brush St and Castro St,D3,Low,"April 04, 2022","April 04, 2022",2022-04-04,2022-04-04,0,2022,4,2022-04,pre_grants_pass,Deep Cleaning,,False,False,False,False,,intersection,"6th Street between Brush Street and Castro Street, Oakland, CA",,,,Deep Cleaning
E 12th Remainder Parcel: Adjacent to LML,D2,High,"April 04, 2022","April 04, 2022",2022-04-04,2022-04-04,0,2022,4,2022-04,pre_grants_pass,Closure,,False,False,False,False,,named_place,"E 12th Remainder Parcel, Oakland, CA",,,,Closure
12th Street Estuary/Rear of Dewey High School,D2,High,"April 04, 2022","April 04, 2022",2022-04-04,2022-04-04,0,2022,4,2022-04,pre_grants_pass,Closure,,False,False,False,False,,named_place,"12th Street Estuary, Oakland, CA",,,,Closure
E 10th St Bridge underpass near Channel Park,D3,High,"March 30, 2022","March 31, 2022",2022-03-30,2022-03-31,1,2022,3,2022-03,pre_grants_pass,Closure,,False,False,False,False,,named_place,"E 10th Street Bridge underpass near Channel Park, Oakland, CA",,,,Closure
12th Street Estuary/Rear of Dewey High School,D2,High,"March 30, 2022","March 31, 2022",2022-03-30,2022-03-31,1,2022,3,2022-03,pre_grants_pass,Closure,,False,False,False,False,,named_place,"12th Street Estuary, Oakland, CA",,,,Closure
E 12th Remainder Parcel: Adjacent to LML,D2,High,"March 30, 2022","March 31, 2022",2022-03-30,2022-03-31,1,2022,3,2022-03,pre_grants_pass,Closure,,False,False,False,False,,named_place,"E 12th Remainder Parcel, Oakland, CA",,,,Closure
Peralta Park,D2,High,"March 30, 2022","March 31, 2022",2022-03-30,2022-03-31,1,2022,3,2022-03,pre_grants_pass,Closure,,False,False,False,False,,named_place,"Peralta Park, Oakland, CA",37.8175,-122.2779,known_place_lookup,Closure
Webster St between 37th St and W MacArthur Blvd,D3,High,"March 29, 2022","March 29, 2022",2022-03-29,2022-03-29,0,2022,3,2022-03,pre_grants_pass,Closure,,False,False,False,False,,intersection,"Webster Street between 37th Street and West MacArthur Boulevard, Oakland, CA",,,,Closure
Mosswood Park,D3,High,"March 29, 2022","March 29, 2022",2022-03-29,2022-03-29,0,2022,3,2022-03,pre_grants_pass,Deep Cleaning,,False,False,False,False,dog park,named_place,"Mosswood Park, Oakland, CA",37.8236,-122.2617,known_place_lookup,Deep Cleaning at Mosswood Dog Park
Webster St between 36th St and 37th St,D3,High,"March 29, 2022","March 29, 2022",2022-03-29,2022-03-29,0,2022,3,2022-03,pre_grants_pass,Closure,,False,False,False,False,,intersection,"Webster Street between 36th Street and 37th Street, Oakland, CA",,,,Closure
MLK between Ninth St and 10th St,D3,High,"March 28, 2022","March 28, 2022",2022-03-28,2022-03-28,0,2022,3,2022-03,pre_grants_pass,Closure,Deep Cleaning,True,False,False,False,east side; west side,intersection,"Martin Luther King Jr Boulevard between Ninth Street and 10th Street, Oakland, CA",,,,Closure (west side w/structure) and Deep Clean (east side w/Car)
Lake Merritt: Grand Avenue,D3,High,"March 24, 2022","March 24, 2022",2022-03-24,2022-03-24,0,2022,3,2022-03,pre_grants_pass,Closure,,False,False,False,False,,named_place,"Lake Merritt, Oakland, CA",37.7982,-122.2587,known_place_lookup,Closure  at Lakeside Park (large structure and additional 7 tents)
Lake Merritt: 563 Pergola,D3,High,"March 24, 2022","March 24, 2022",2022-03-24,2022-03-24,0,2022,3,2022-03,pre_grants_pass,Closure,,False,False,False,False,,named_place,"Lake Merritt, Oakland, CA",37.7982,-122.2587,known_place_lookup,Closure
Downtown Oakland Senior Center,D3,High,"March 23, 2022","March 23, 2022",2022-03-23,2022-03-23,0,2022,3,2022-03,pre_grants_pass,Deep Cleaning,,False,False,False,False,,named_place,Downtown Oakland Senior Center,,,,Deep Cleaning at Downtown Oakland Senior Center (Grand & Harrison St)
MLK between 35th St and 36th St,D3,Low,"March 23, 2022","March 23, 2022",2022-03-23,2022-03-23,0,2022,3,2022-03,pre_grants_pass,Deep Cleaning,,False,False,False,False,,intersection,"Martin Luther King Jr Boulevard between 35th Street and 36th Street, Oakland, CA",,,,Deep Cleaning
East 8th Cul De Sac,D5,High,"March 22, 2022","March 22, 2022",2022-03-22,2022-03-22,0,2022,3,2022-03,pre_grants_pass,Closure,,False,False,False,False,,named_place,"East 8th Cul De Sac, Oakland, CA",,,,Closure
Alameda Avenue from Howard Street to Fruitvale Ave,D5,High,"March 21, 2022","March 21, 2022",2022-03-21,2022-03-21,0,2022,3,2022-03,pre_grants_pass,Deep Cleaning,,False,False,False,False,,intersection,"Alameda Avenue from Howard Street to Fruitvale Avenue, Oakland, CA",,,,Deep Cleaning
City Lot at Alameda - 3801 E 8th St,D5,High,"March 21, 2022","March 21, 2022",2022-03-21,2022-03-21,0,2022,3,2022-03,pre_grants_pass,Closure,,False,False,False,False,,named_place,"City Lot at Alameda - 3801 E 8th Street, Oakland, CA",,,,Closure
Alameda Avenue between High St and E 8th St,D5,High,"March 21, 2022","March 21, 2022",2022-03-21,2022-03-21,0,2022,3,2022-03,pre_grants_pass,Closure,,False,False,False,False,,intersection,"Alameda Avenue between High Street and E 8th Street, Oakland, CA",,,,Closure
29th St. between MLK and Telegraph,D3,Low,"March 17, 2022","March 17, 2022",2022-03-17,2022-03-17,0,2022,3,2022-03,pre_grants_pass,Closure,Deep Cleaning,True,False,False,False,north side; south side,intersection,"29th Street. between Martin Luther King Jr Boulevard and Telegraph, Oakland, CA",,,,Deep Clean (South Side) Closure (North Side)
30th St. between MLK and Telegraph,D3,Low,"March 17, 2022","March 17, 2022",2022-03-17,2022-03-17,0,2022,3,2022-03,pre_grants_pass,Closure,Deep Cleaning,True,False,False,False,north side; south side,intersection,"30th Street. between Martin Luther King Jr Boulevard and Telegraph, Oakland, CA",,,,Deep Clean (South Side) Closure (North Side)
Embarcadero Bay Trail,D5,High,"March 15, 2022","March 16, 2022",2022-03-15,2022-03-16,1,2022,3,2022-03,pre_grants_pass,Closure,,False,False,False,False,,named_place,"Embarcadero Bay Trail, Oakland, CA",,,,Closure
Snow Park,D3,High,"March 14, 2022","March 14, 2022",2022-03-14,2022-03-14,0,2022,3,2022-03,pre_grants_pass,Closure,,False,False,False,False,,named_place,"Snow Park, Oakland, CA",,,,Closure
Independent Loop,D6,High,"March 10, 2022","March 10, 2022",2022-03-10,2022-03-10,0,2022,3,2022-03,pre_grants_pass,Closure,Deep Cleaning,True,False,False,False,northside; includes partial closure,named_place,"Independent Loop, Oakland, CA",,,,"Deep Cleaning, Partial Closure 30ft of the gate at the backside parallel to freeway and Closure at Northside."
Ruby St between 38th St ad W MacArthur Blvd,D1,High,"March 09, 2022","March 09, 2022",2022-03-09,2022-03-09,0,2022,3,2022-03,pre_grants_pass,Closure,,False,False,False,False,,intersection,"Ruby Street between 38th Street ad West MacArthur Boulevard, Oakland, CA",,,,Closure
Dover street between 46th St. and 47th St.,D1,High,"March 08, 2022","March 08, 2022",2022-03-08,2022-03-08,0,2022,3,2022-03,pre_grants_pass,Closure,,False,False,False,False,,intersection,"Dover street between 46th Street. and 47th Street, Oakland, CA",,,,Closure
Lake Merritt: Grand Avenue,D3,High,"March 07, 2022","March 07, 2022",2022-03-07,2022-03-07,0,2022,3,2022-03,pre_grants_pass,Closure,,False,True,False,False,,named_place,"Lake Merritt, Oakland, CA",37.7982,-122.2587,known_place_lookup,Closure (UNABLE TO BE EXECUTED)
Vallejo & Stanford,D1,High,"March 03, 2022","March 03, 2022",2022-03-03,2022-03-03,0,2022,3,2022-03,pre_grants_pass,Deep Cleaning,,False,False,False,False,,named_place,"Vallejo & Stanford, Oakland, CA",,,,Deep Cleaning
330 Chestnut Street,D3,High,"March 03, 2022","March 03, 2022",2022-03-03,2022-03-03,0,2022,3,2022-03,pre_grants_pass,Deep Cleaning,,False,False,False,False,,address,"330 Chestnut Street, Oakland, CA",,,,Deep Cleaning
33rd street between Market and West,D3,High,"March 02, 2022","March 02, 2022",2022-03-02,2022-03-02,0,2022,3,2022-03,pre_grants_pass,Closure,,False,False,False,False,,intersection,"33rd street between Market and West, Oakland, CA",,,,Closure (OPD/Abandon Auto Posting Only)
4761 Redding Street,D3,High,"March 02, 2022","March 02, 2022",2022-03-02,2022-03-02,0,2022,3,2022-03,pre_grants_pass,Closure,,False,False,False,False,,address,"4761 Redding Street, Oakland, CA",,,,Closure (OPD/Abandon Auto Posting Only)
10451 MacArthur Blvd.,D7,High,"March 01, 2022","March 01, 2022",2022-03-01,2022-03-01,0,2022,3,2022-03,pre_grants_pass,Closure,,False,False,False,False,,address,"10451 MacArthur Boulevard, Oakland, CA",,,,Closure
International Blvd between 96th Ave and 97th Ave,D7,High,"February 28, 2022","February 28, 2022",2022-02-28,2022-02-28,0,2022,2,2022-02,pre_grants_pass,Closure,,False,False,False,False,,intersection,"International Boulevard between 96th Avenue and 97th Avenue, Oakland, CA",,,,Closure
84th Avenue & International,D7,High,"February 14, 2022","February 14, 2022",2022-02-14,2022-02-14,0,2022,2,2022-02,pre_grants_pass,Deep Cleaning,,False,False,False,False,half block,named_place,"84th Avenue & International Boulevard, Oakland, CA",,,,Deep Cleaning at 84th Avenue & International (half block)
Lakeside Recycling: 77th & Hawley,D7,Low,"February 10, 2022","February 10, 2022",2022-02-10,2022-02-10,0,2022,2,2022-02,pre_grants_pass,Deep Cleaning,,False,False,False,False,,named_place,"Lakeside Recycling, Oakland, CA",,,,Deep Cleaning
47th Avenue between East 12th & International Blvd,D5,High,"February 09, 2022","February 09, 2022",2022-02-09,2022-02-09,0,2022,2,2022-02,pre_grants_pass,Deep Cleaning,,False,False,False,False,,intersection,"47th Avenue between East 12th & International Boulevard, Oakland, CA",,,,Deep Cleaning
Leet Drive,D7,High,"February 08, 2022","February 08, 2022",2022-02-08,2022-02-08,0,2022,2,2022-02,pre_grants_pass,Deep Cleaning,,False,False,False,False,,named_place,"Leet Drive, Oakland, CA",,,,Deep Cleaning
34th St between Peralta St and Fitzgerald St,D3,High,"February 07, 2022","February 07, 2022",2022-02-07,2022-02-07,0,2022,2,2022-02,pre_grants_pass,Deep Cleaning,,False,False,False,False,,intersection,"34th Street between Peralta Street and Fitzgerald Street, Oakland, CA",,,,Deep Cleaning
Fitzgerald Park,D3,High,"February 07, 2022","February 07, 2022",2022-02-07,2022-02-07,0,2022,2,2022-02,pre_grants_pass,Deep Cleaning,,False,False,False,False,,named_place,"Fitzgerald Park, Oakland, CA",,,,Deep Cleaning
3902 Manila Ave/Manila between 38th & 40th St,D1,High,"February 03, 2022","February 03, 2022",2022-02-03,2022-02-03,0,2022,2,2022-02,pre_grants_pass,Deep Cleaning,,False,False,False,False,,address,"3902 Manila Avenue, Oakland, CA",,,,Deep Cleaning
Webster St between 37th St and W MacArthur Blvd,D3,High,"February 03, 2022","February 03, 2022",2022-02-03,2022-02-03,0,2022,2,2022-02,pre_grants_pass,Deep Cleaning,,False,False,False,False,,intersection,"Webster Street between 37th Street and West MacArthur Boulevard, Oakland, CA",,,,Deep Cleaning
Webster St between 36th St and 37th St,D3,High,"February 03, 2022","February 03, 2022",2022-02-03,2022-02-03,0,2022,2,2022-02,pre_grants_pass,Deep Cleaning,,False,False,False,False,,intersection,"Webster Street between 36th Street and 37th Street, Oakland, CA",,,,Deep Cleaning
Mosswood Park,D3,High,"February 03, 2022","February 03, 2022",2022-02-03,2022-02-03,0,2022,2,2022-02,pre_grants_pass,Deep Cleaning,,False,False,False,False,,named_place,"Mosswood Park, Oakland, CA",37.8236,-122.2617,known_place_lookup,Deep Cleaning at Mosswood
Mosswood Park,D3,High,"February 03, 2022","February 03, 2022",2022-02-03,2022-02-03,0,2022,2,2022-02,pre_grants_pass,Deep Cleaning,,False,False,False,False,dog park,named_place,"Mosswood Park, Oakland, CA",37.8236,-122.2617,known_place_lookup,Deep Cleaning at Dog Park
W Grand Ave between San Pablo Ave & MLK,D3,High,"February 02, 2022","February 02, 2022",2022-02-02,2022-02-02,0,2022,2,2022-02,pre_grants_pass,Deep Cleaning,,False,False,False,False,,intersection,"West Grand Avenue between San Pablo Avenue & Martin Luther King Jr Boulevard, Oakland, CA",,,,Deep Cleaning
MLk between W Grand Ave & 23rd,D3,High,"February 02, 2022","February 02, 2022",2022-02-02,2022-02-02,0,2022,2,2022-02,pre_grants_pass,Deep Cleaning,,False,False,False,False,,intersection,"Martin Luther King Jr Boulevard between West Grand Avenue & 23rd, Oakland, CA",,,,Deep Cleaning
MLK between 23rd & 24th,D3,High,"February 02, 2022","February 02, 2022",2022-02-02,2022-02-02,0,2022,2,2022-02,pre_grants_pass,Deep Cleaning,,False,False,False,False,,intersection,"Martin Luther King Jr Boulevard between 23rd & 24th, Oakland, CA",,,,Deep Cleaning
Snow Park,D3,High,"February 01, 2022","February 01, 2022",2022-02-01,2022-02-01,0,2022,2,2022-02,pre_grants_pass,Deep Cleaning,,False,False,False,False,,named_place,"Snow Park, Oakland, CA",,,,Deep Cleaning
2nd & Brush,D3,Low,"January 31, 2022","January 31, 2022",2022-01-31,2022-01-31,0,2022,1,2022-01,pre_grants_pass,Deep Cleaning,,False,False,False,False,,named_place,"2nd & Brush, Oakland, CA",,,,Deep Cleaning
29th St. between MLK and Telegraph,D3,Low,"January 27, 2022","January 27, 2022",2022-01-27,2022-01-27,0,2022,1,2022-01,pre_grants_pass,Deep Cleaning,,False,False,False,False,,intersection,"29th Street. between Martin Luther King Jr Boulevard and Telegraph, Oakland, CA",,,,Deep Cleaning
30th St. between MLK and Telegraph,D3,Low,"January 27, 2022","January 27, 2022",2022-01-27,2022-01-27,0,2022,1,2022-01,pre_grants_pass,Deep Cleaning,,False,False,False,False,,intersection,"30th Street. between Martin Luther King Jr Boulevard and Telegraph, Oakland, CA",,,,Deep Cleaning
34th & Elm,D3,High,"January 26, 2022","January 26, 2022",2022-01-26,2022-01-26,0,2022,1,2022-01,pre_grants_pass,Deep Cleaning,,False,False,False,False,,named_place,"34th & Elm, Oakland, CA",,,,Deep Cleaning
East Dr between E 10th St and Lake Merritt Blvd,D3,High,"January 24, 2022","January 24, 2022",2022-01-24,2022-01-24,0,2022,1,2022-01,pre_grants_pass,Deep Cleaning,,False,False,False,False,,named_place,"East Drive between E 10th Street and Lake Merritt Boulevard, Oakland, CA",37.7982,-122.2587,known_place_lookup,Deep Cleaning
Peralta Park,D2,High,"January 24, 2022","January 24, 2022",2022-01-24,2022-01-24,0,2022,1,2022-01,pre_grants_pass,Deep Cleaning,,False,False,False,False,,named_place,"Peralta Park, Oakland, CA",37.8175,-122.2779,known_place_lookup,Deep Cleaning
Mandela Parkway between 14th & 16th,D3,High,"January 19, 2022","January 20, 2022",2022-01-19,2022-01-20,1,2022,1,2022-01,pre_grants_pass,Deep Cleaning,,False,False,False,False,,intersection,"Mandela Parkway between 14th & 16th, Oakland, CA",,,,Deep Cleaning
E 12th Remainder Parcel: Adjacent to LML,D2,High,"January 18, 2022","January 18, 2022",2022-01-18,2022-01-18,0,2022,1,2022-01,pre_grants_pass,Deep Cleaning,,False,False,False,False,,named_place,"E 12th Remainder Parcel, Oakland, CA",,,,Deep Cleaning
East 12th & 2nd Avenue,D2,High,"January 18, 2022","January 18, 2022",2022-01-18,2022-01-18,0,2022,1,2022-01,pre_grants_pass,Deep Cleaning,,False,False,False,False,,named_place,"East 12th & 2nd Avenue, Oakland, CA",,,,Deep Cleaning
12th Street Estuary/Rear of Dewey High School,D2,High,"January 18, 2022","January 18, 2022",2022-01-18,2022-01-18,0,2022,1,2022-01,pre_grants_pass,Deep Cleaning,,False,False,False,False,,named_place,"12th Street Estuary, Oakland, CA",,,,Deep Cleaning
42nd Avenue between E. 12th Street & International Blvd,D5,High,"January 13, 2022","January 13, 2022",2022-01-13,2022-01-13,0,2022,1,2022-01,pre_grants_pass,Deep Cleaning,,False,False,False,False,,intersection,"42nd Avenue between East 12th Street & International Boulevard, Oakland, CA",,,,Deep Cleaning
San Leandro St between 85th Ave and 92nd Ave,D3,High,"January 12, 2022","January 12, 2022",2022-01-12,2022-01-12,0,2022,1,2022-01,pre_grants_pass,Deep Cleaning,,False,False,False,False,,intersection,"San Leandro Street between 85th Avenue and 92nd Avenue, Oakland, CA",,,,Deep Cleaning
29th Avenue between E. 7th and Chapman,D5,High,"January 11, 2022","January 11, 2022",2022-01-11,2022-01-11,0,2022,1,2022-01,pre_grants_pass,Closure,,False,False,False,False,,intersection,"29th Avenue between East 7th and Chapman, Oakland, CA",,,,Closure
Mosswood Park,D3,High,"January 10, 2022","January 10, 2022",2022-01-10,2022-01-10,0,2022,1,2022-01,pre_grants_pass,Partial Closure,,False,False,False,False,dog park,named_place,"Mosswood Park, Oakland, CA",37.8236,-122.2617,known_place_lookup,Partial Closure at Dog Park
Mosswood Park,D3,High,"January 10, 2022","January 10, 2022",2022-01-10,2022-01-10,0,2022,1,2022-01,pre_grants_pass,Partial Closure,,False,False,False,False,,named_place,"Mosswood Park, Oakland, CA",37.8236,-122.2617,known_place_lookup,Partial Closure at 3505 Broadway
Mosswood Park,D3,High,"January 10, 2022","January 10, 2022",2022-01-10,2022-01-10,0,2022,1,2022-01,pre_grants_pass,Partial Closure,,False,False,False,False,,named_place,"Mosswood Park, Oakland, CA",37.8236,-122.2617,known_place_lookup,Partial Closure at Mosswood Park
Webster St between 37th St and W MacArthur Blvd,D3,High,"January 10, 2022","January 10, 2022",2022-01-10,2022-01-10,0,2022,1,2022-01,pre_grants_pass,Closure,,False,False,False,False,,intersection,"Webster Street between 37th Street and West MacArthur Boulevard, Oakland, CA",,,,Closure
Webster St between 36th St and 37th St,D3,High,"January 10, 2022","January 10, 2022",2022-01-10,2022-01-10,0,2022,1,2022-01,pre_grants_pass,Closure,,False,False,False,False,,intersection,"Webster Street between 36th Street and 37th Street, Oakland, CA",,,,Closure
692 Baldwin,D7,High,"January 05, 2022","January 06, 2022",2022-01-05,2022-01-06,1,2022,1,2022-01,pre_grants_pass,Deep Cleaning,,False,False,False,False,,address,"692 Baldwin, Oakland, CA",,,,Deep Cleaning
6th Street between Harrison St and Alice St,D2,High,"January 04, 2022","January 04, 2022",2022-01-04,2022-01-04,0,2022,1,2022-01,pre_grants_pass,Deep Cleaning,,False,False,False,False,,intersection,"6th Street between Harrison Street and Alice Street, Oakland, CA",,,,"Deep Cleaning, Enforcement of Fire lane at 6th Street between Harrison Street and Jackson Street"
6th St between Alice St and Jackson St,D2,High,"January 04, 2022","January 04, 2022",2022-01-04,2022-01-04,0,2022,1,2022-01,pre_grants_pass,Deep Cleaning,,False,False,False,False,,intersection,"6th Street between Alice Street and Jackson Street, Oakland, CA",,,,"Deep Cleaning, Enforcement of Fire lane at 6th Street between Harrison Street and Jackson Street"
MLK between 35th St and 36th St,D3,Low,"January 03, 2022","January 03, 2022",2022-01-03,2022-01-03,0,2022,1,2022-01,pre_grants_pass,Closure,Deep Cleaning,True,False,False,False,east side; west side,intersection,"Martin Luther King Jr Boulevard between 35th Street and 36th Street, Oakland, CA",,,,Deep Cleaning (West Side) & Closure (East Side)
Median at Mandela Parkway and 28th Street,D3,High,"December 29, 2021","December 29, 2021",2021-12-29,2021-12-29,0,2021,12,2021-12,pre_grants_pass,Closure,,False,False,False,False,,intersection,"Median at Mandela Parkway and 28th Street, Oakland, CA",,,,Closure
Webster St between 36th St and 37th St,D3,High,"December 29, 2021","December 29, 2021",2021-12-29,2021-12-29,0,2021,12,2021-12,pre_grants_pass,Deep Cleaning,,False,False,False,False,,intersection,"Webster Street between 36th Street and 37th Street, Oakland, CA",,,,Deep Cleaning
45th Ave between International and E12 Street,D5,High,"December 28, 2021","December 28, 2021",2021-12-28,2021-12-28,0,2021,12,2021-12,pre_grants_pass,Closure,,False,False,False,False,,intersection,"45th Avenue between International Boulevard and E12 Street, Oakland, CA",,,,Closure
Bond St between High St and 42nd Avenue,D5,High,"December 28, 2021","December 28, 2021",2021-12-28,2021-12-28,0,2021,12,2021-12,pre_grants_pass,Closure,,False,False,False,False,,intersection,"Bond Street between High Street and 42nd Avenue, Oakland, CA",,,,Closure
Lake Merritt: Dock at 150 Lakeside Dr/ Lakeside/19th/Madison,D3,High,"December 27, 2021","December 27, 2021",2021-12-27,2021-12-27,0,2021,12,2021-12,pre_grants_pass,Closure,,False,False,False,False,,named_place,"Lake Merritt, Oakland, CA",37.7982,-122.2587,known_place_lookup,Closure
5920 San Pablo / 59th�Street & San Pablo Ave�,D1,High,"December 27, 2021","December 27, 2021",2021-12-27,2021-12-27,0,2021,12,2021-12,pre_grants_pass,Closure,,False,False,False,False,,address,"5920 San Pablo, Oakland, CA",,,,Closure
Frog Park the pathway between Clifton and Cavour,D1,High,"December 22, 2021","December 22, 2021",2021-12-22,2021-12-22,0,2021,12,2021-12,pre_grants_pass,Closure,,False,False,False,False,,named_place,"Frog Park the pathway between Clifton and Cavour, Oakland, CA",,,,Closure
45th Ave between International and E12 Street,D5,High,"December 21, 2021","December 21, 2021",2021-12-21,2021-12-21,0,2021,12,2021-12,pre_grants_pass,Closure,,False,False,False,False,,intersection,"45th Avenue between International Boulevard and E12 Street, Oakland, CA",,,,Closure on Tents/ Structures
Bigge Street between 98th Ave & Adams Ave,D7,High,"December 20, 2021","December 20, 2021",2021-12-20,2021-12-20,0,2021,12,2021-12,pre_grants_pass,Deep Cleaning,,False,False,False,False,,intersection,"Bigge Street between 98th Avenue & Adams Avenue, Oakland, CA",,,,Deep Cleaning
E Street & 100th Avenue,D7,High,"December 20, 2021","December 20, 2021",2021-12-20,2021-12-20,0,2021,12,2021-12,pre_grants_pass,Closure,,False,False,False,False,,named_place,"East Street & 100th Avenue, Oakland, CA",,,,Closure
956 West Grand,D3,High,"December 15, 2021","December 15, 2021",2021-12-15,2021-12-15,0,2021,12,2021-12,pre_grants_pass,Closure,,False,False,False,False,,address,"956 West Grand, Oakland, CA",,,,Closure (OPD/Abandon Auto Posting Only)
Lafayette Square Park,D3,High,"December 15, 2021","December 16, 2021",2021-12-15,2021-12-16,1,2021,12,2021-12,pre_grants_pass,Closure,,False,False,False,False,,named_place,"Lafayette Square Park, Oakland, CA",37.8077,-122.2693,known_place_lookup,Closure
International Blvd between 6th Ave and 7th Ave,D2,High,"December 13, 2021","December 14, 2021",2021-12-13,2021-12-14,1,2021,12,2021-12,pre_grants_pass,Closure,,False,False,False,True,,intersection,"International Boulevard between 6th Avenue and 7th Avenue, Oakland, CA",,,,Closure with AA
E 12th St between 6th Ave and 7th Ave,D2,High,"December 13, 2021","December 14, 2021",2021-12-13,2021-12-14,1,2021,12,2021-12,pre_grants_pass,Closure,,False,False,False,True,,intersection,"E 12th Street between 6th Avenue and 7th Avenue, Oakland, CA",,,,Closure with AA
6th Ave between International Blvd and E 12th St,D2,High,"December 13, 2021","December 14, 2021",2021-12-13,2021-12-14,1,2021,12,2021-12,pre_grants_pass,Closure,,False,False,False,True,,intersection,"6th Avenue between International Boulevard and E 12th Street, Oakland, CA",,,,Closure with AA
7th Ave between E 12th St and International Blvd,D2,High,"December 13, 2021","December 14, 2021",2021-12-13,2021-12-14,1,2021,12,2021-12,pre_grants_pass,Closure,,False,False,False,True,,intersection,"7th Avenue between E 12th Street and International Boulevard, Oakland, CA",,,,Closure with AA
Clinton Park,D2,High,"December 13, 2021","December 14, 2021",2021-12-13,2021-12-14,1,2021,12,2021-12,pre_grants_pass,Closure,,False,False,False,True,,named_place,"Clinton Park, Oakland, CA",37.8082,-122.2544,known_place_lookup,Closure with AA
East Dr between E 10th St and Lake Merritt Blvd,D3,High,"December 08, 2021","December 09, 2021",2021-12-08,2021-12-09,1,2021,12,2021-12,pre_grants_pass,Deep Cleaning,,False,False,False,False,,named_place,"East Drive between E 10th Street and Lake Merritt Boulevard, Oakland, CA",37.7982,-122.2587,known_place_lookup,Deep Cleaning
Lake Merritt Blvd Underpass Near Peralta Park,D2,High,"December 08, 2021","December 09, 2021",2021-12-08,2021-12-09,1,2021,12,2021-12,pre_grants_pass,Deep Cleaning,,False,False,False,False,,named_place,"Lake Merritt Boulevard Underpass Near Peralta Park, Oakland, CA",37.7982,-122.2587,known_place_lookup,Deep Cleaning
Peralta Park,D2,High,"December 08, 2021","December 09, 2021",2021-12-08,2021-12-09,1,2021,12,2021-12,pre_grants_pass,Deep Cleaning,,False,False,False,False,,named_place,"Peralta Park, Oakland, CA",37.8175,-122.2779,known_place_lookup,Deep Cleaning
E 10th St Bridge underpass near Channel Park,D3,High,"December 08, 2021","December 09, 2021",2021-12-08,2021-12-09,1,2021,12,2021-12,pre_grants_pass,Deep Cleaning,,False,False,False,False,,named_place,"E 10th Street Bridge underpass near Channel Park, Oakland, CA",,,,Deep Cleaning
45th Avenue between Bancroft Avenue and Bond Street,D5,High,"December 07, 2021","December 07, 2021",2021-12-07,2021-12-07,0,2021,12,2021-12,pre_grants_pass,Closure,,False,False,False,False,,intersection,"45th Avenue between Bancroft Avenue and Bond Street, Oakland, CA",,,,Closure
Pine Knoll Park,D2,High,"December 06, 2021","December 06, 2021",2021-12-06,2021-12-06,0,2021,12,2021-12,pre_grants_pass,Closure,,False,False,False,False,,named_place,"Pine Knoll Park, Oakland, CA",,,,Closure
East 12th & 2nd Avenue,D2,High,"December 01, 2021","December 02, 2021",2021-12-01,2021-12-02,1,2021,12,2021-12,pre_grants_pass,Closure,,False,False,False,False,,named_place,"East 12th & 2nd Avenue, Oakland, CA",,,,Closure
E 12th Remainder Parcel: Adjacent to LML,D2,High,"December 01, 2021","December 02, 2021",2021-12-01,2021-12-02,1,2021,12,2021-12,pre_grants_pass,Closure,,False,False,False,False,,named_place,"E 12th Remainder Parcel, Oakland, CA",,,,Closure
12th Street Estuary/Rear of Dewey High School,D2,High,"December 01, 2021","December 02, 2021",2021-12-01,2021-12-02,1,2021,12,2021-12,pre_grants_pass,Closure,,False,False,False,False,,named_place,"12th Street Estuary, Oakland, CA",,,,Closure
2540 West Street,D3,High,"December 01, 2021","December 01, 2021",2021-12-01,2021-12-01,0,2021,12,2021-12,pre_grants_pass,Closure,,False,False,False,False,,address,"2540 West Street, Oakland, CA",,,,Closure (OPD/Abandon Auto Posting Only)
West between 35th and 36th St,D3,Low,"December 01, 2021","December 01, 2021",2021-12-01,2021-12-01,0,2021,12,2021-12,pre_grants_pass,Closure,,False,False,False,False,,intersection,"West between 35th and 36th Street, Oakland, CA",,,,Closure (OPD/Abandon Auto Posting Only)
Mandela Pkwy between 13th and 14th,D3,High,"November 29, 2021","November 30, 2021",2021-11-29,2021-11-30,1,2021,11,2021-11,pre_grants_pass,Closure,,False,False,False,True,,intersection,"Mandela Parkway between 13th and 14th, Oakland, CA",,,,Closure with AA
13th St between Center and Mandela Pkwy,D3,High,"November 29, 2021","November 30, 2021",2021-11-29,2021-11-30,1,2021,11,2021-11,pre_grants_pass,Closure,,False,False,False,True,,named_place,"13th Street between Center and Mandela Parkway, Oakland, CA",,,,Closure with AA
Center St between 13th St and 14th St,D3,High,"November 29, 2021","November 30, 2021",2021-11-29,2021-11-30,1,2021,11,2021-11,pre_grants_pass,Closure,,False,False,False,True,,named_place,"Center Street between 13th Street and 14th Street, Oakland, CA",,,,Closure with AA
"Cypress Freeway Memorial Park (FS3), 1301 Mandela Pkwy",D3,High,"November 29, 2021","November 30, 2021",2021-11-29,2021-11-30,1,2021,11,2021-11,pre_grants_pass,Closure,,False,False,False,True,,named_place,"Cypress Freeway Memorial Park (FS3), 1301 Mandela Parkway, Oakland, CA",37.8199,-122.2891,known_place_lookup,Closure with AA
E 12th Remainder Parcel: Adjacent to LML,D2,High,"November 22, 2021","November 23, 2021",2021-11-22,2021-11-23,1,2021,11,2021-11,pre_grants_pass,Closure,,False,False,False,False,,named_place,"E 12th Remainder Parcel, Oakland, CA",,,,Closure
12th Street Estuary/Rear of Dewey High School,D2,High,"November 22, 2021","November 23, 2021",2021-11-22,2021-11-23,1,2021,11,2021-11,pre_grants_pass,Closure,,False,False,False,False,,named_place,"12th Street Estuary, Oakland, CA",,,,Closure
Bancroft Ave & Ritchie St: 2507 Ritchie Street,D6,High,"November 18, 2021","November 18, 2021",2021-11-18,2021-11-18,0,2021,11,2021-11,pre_grants_pass,Closure,,False,False,False,False,,named_place,"Bancroft Avenue & Ritchie Street, Oakland, CA",,,,Closure
Edes Ave between 98th Ave and Douglas Ave: 9910 Edes,D7,High,"November 17, 2021","November 17, 2021",2021-11-17,2021-11-17,0,2021,11,2021-11,pre_grants_pass,Closure,Deep Cleaning,True,False,False,False,,intersection,"Edes Avenue between 98th Avenue and Douglas Avenue, Oakland, CA",,,,Partial Closure & Deep Cleaning
34th & Elm,D3,High,"November 16, 2021","November 16, 2021",2021-11-16,2021-11-16,0,2021,11,2021-11,pre_grants_pass,Deep Cleaning,,False,False,False,False,,named_place,"34th & Elm, Oakland, CA",,,,Deep Cleaning
Harrison St between Stanley Pl and Pearl St,D3,High,"November 15, 2021","November 15, 2021",2021-11-15,2021-11-15,0,2021,11,2021-11,pre_grants_pass,Closure,,False,False,False,False,,intersection,"Harrison Street between Stanley Place and Pearl Street, Oakland, CA",,,,Closure
10th Street between Jefferson St and MLK,D3,High,"November 15, 2021","November 15, 2021",2021-11-15,2021-11-15,0,2021,11,2021-11,pre_grants_pass,Deep Cleaning,,False,False,False,False,,intersection,"10th Street between Jefferson Street and Martin Luther King Jr Boulevard, Oakland, CA",,,,Deep Cleaning
Lafayette Square Park,D3,High,"November 15, 2021","November 15, 2021",2021-11-15,2021-11-15,0,2021,11,2021-11,pre_grants_pass,Closure,,False,False,False,False,,named_place,"Lafayette Square Park, Oakland, CA",37.8077,-122.2693,known_place_lookup,Closure
Wood St between 24th St and 26th St,D3,High,"November 08, 2021","November 10, 2021",2021-11-08,2021-11-10,2,2021,11,2021-11,pre_grants_pass,Closure,,False,False,False,False,,intersection,"Wood Street between 24th Street and 26th Street, Oakland, CA",,,,Closure
Wood St between W Grand Ave and 24th St,D3,High,"November 08, 2021","November 10, 2021",2021-11-08,2021-11-10,2,2021,11,2021-11,pre_grants_pass,Closure,,False,False,False,False,,intersection,"Wood Street between West Grand Avenue and 24th Street, Oakland, CA",,,,Closure
2121 E. 12th /2199 E.12th/@23rd Bridge,D2,High,"November 04, 2021","November 04, 2021",2021-11-04,2021-11-04,0,2021,11,2021-11,pre_grants_pass,Deep Cleaning,,False,False,False,False,,address,"2121 East 12th, Oakland, CA",,,,Deep Cleaning
City Lot - Foothill Blvd between 67th Avenue and 68th Avenue,D5,High,"November 04, 2021","November 04, 2021",2021-11-04,2021-11-04,0,2021,11,2021-11,pre_grants_pass,Closure,,False,False,False,False,,named_place,"City Lot - Foothill Boulevard between 67th Avenue and 68th Avenue, Oakland, CA",,,,Closure
Foothill Blvd between 67th Avenue and 68th Avenue,D6,High,"November 03, 2021","November 03, 2021",2021-11-03,2021-11-03,0,2021,11,2021-11,pre_grants_pass,Closure,,False,False,False,False,,intersection,"Foothill Boulevard between 67th Avenue and 68th Avenue, Oakland, CA",,,,Closure
29th Avenue between E. 7th and Chapman,D5,High,"November 02, 2021","November 02, 2021",2021-11-02,2021-11-02,0,2021,11,2021-11,pre_grants_pass,Closure,Deep Cleaning,True,False,False,False,east side; west side,intersection,"29th Avenue between East 7th and Chapman, Oakland, CA",,,,Closure (East Side) and Deep Clean (West Side)
27th St. between Northgate south/north on the Northside of the street,D3,Low,"November 01, 2021","November 01, 2021",2021-11-01,2021-11-01,0,2021,11,2021-11,pre_grants_pass,Closure,,False,False,False,False,both sides,intersection,"27th Street. between Northgate south, Oakland, CA",,,,Closure both sides of the street
Dover street between 46th St. and 47th St.,D1,High,"November 01, 2021","November 01, 2021",2021-11-01,2021-11-01,0,2021,11,2021-11,pre_grants_pass,Deep Cleaning,,False,False,False,False,,intersection,"Dover street between 46th Street. and 47th Street, Oakland, CA",,,,Deep Cleaning
35th St between Magnolia and Adeline St,D3,High,"October 28, 2021","October 28, 2021",2021-10-28,2021-10-28,0,2021,10,2021-10,pre_grants_pass,Closure,,False,False,False,False,,intersection,"35th Street between Magnolia and Adeline Street, Oakland, CA",,,,Closure
W Grand Ave between San Pablo Ave & MLK,D3,High,"October 27, 2021","October 27, 2021",2021-10-27,2021-10-27,0,2021,10,2021-10,pre_grants_pass,Closure,,False,False,False,False,,intersection,"West Grand Avenue between San Pablo Avenue & Martin Luther King Jr Boulevard, Oakland, CA",,,,Closure
San Pablo Ave between W Grand Ave & MLK,D3,High,"October 27, 2021","October 27, 2021",2021-10-27,2021-10-27,0,2021,10,2021-10,pre_grants_pass,Closure,,False,False,False,False,,intersection,"San Pablo Avenue between West Grand Avenue & Martin Luther King Jr Boulevard, Oakland, CA",,,,Closure
Webster St between 5th St and 6th St,D3,High,"October 27, 2021","October 27, 2021",2021-10-27,2021-10-27,0,2021,10,2021-10,pre_grants_pass,Closure,,False,False,False,False,,intersection,"Webster Street between 5th Street and 6th Street, Oakland, CA",,,,Closure
MLK between San Pablo Ave & W Grand Ave,D3,High,"October 27, 2021","October 27, 2021",2021-10-27,2021-10-27,0,2021,10,2021-10,pre_grants_pass,Closure,,False,False,False,False,,intersection,"Martin Luther King Jr Boulevard between San Pablo Avenue & West Grand Avenue, Oakland, CA",,,,Closure
30th St. between MLK and Telegraph,D3,Low,"October 26, 2021","October 26, 2021",2021-10-26,2021-10-26,0,2021,10,2021-10,pre_grants_pass,Closure,Deep Cleaning,True,False,False,False,north side; south side,intersection,"30th Street. between Martin Luther King Jr Boulevard and Telegraph, Oakland, CA",,,,Deep Clean (South Side) Closure (North Side)
Downtown Oakland Senior Center,D3,High,"October 25, 2021","October 25, 2021",2021-10-25,2021-10-25,0,2021,10,2021-10,pre_grants_pass,Closure,Deep Cleaning,True,False,False,False,,named_place,Downtown Oakland Senior Center,,,,Deep Cleaning at the side of porta-potty and Closure at Bay Place
Independent Loop,D6,High,"October 21, 2021","October 21, 2021",2021-10-21,2021-10-21,0,2021,10,2021-10,pre_grants_pass,Deep Cleaning,,False,False,False,True,,named_place,"Independent Loop, Oakland, CA",,,,Deep Cleaning with AA at 500 Independent Road @ 66th Ave on-ramp to 880 / Independent Loop
MLK between 35th St and 36th St,D3,Low,"October 20, 2021","October 20, 2021",2021-10-20,2021-10-20,0,2021,10,2021-10,pre_grants_pass,Closure,Deep Cleaning,True,False,False,False,eastside; westside,intersection,"Martin Luther King Jr Boulevard between 35th Street and 36th Street, Oakland, CA",,,,Deep Clean (Westside) and Closure (Eastside)
West between 35th and 36th St,D3,Low,"October 19, 2021","October 19, 2021",2021-10-19,2021-10-19,0,2021,10,2021-10,pre_grants_pass,Closure,Deep Cleaning,True,False,False,True,east side; west side,intersection,"West between 35th and 36th Street, Oakland, CA",,,,"Deep Clean East side, Closure of West side.  AA lead"
6th St between Brush St and Castro St,D3,Low,"October 18, 2021","October 18, 2021",2021-10-18,2021-10-18,0,2021,10,2021-10,pre_grants_pass,Closure,,False,False,False,True,,intersection,"6th Street between Brush Street and Castro Street, Oakland, CA",,,,Closure. Lead AA: 6th Street & Brush Street
Santa Clara between Harrison St and Kepmton Way,D3,High,"October 14, 2021","October 15, 2021",2021-10-14,2021-10-15,1,2021,10,2021-10,pre_grants_pass,Closure,,False,False,False,False,,intersection,"Santa Clara between Harrison Street and Kepmton Way, Oakland, CA",,,,Closure
Walkway behind Piedmont Place Hotel,D1,High,"October 14, 2021","October 15, 2021",2021-10-14,2021-10-15,1,2021,10,2021-10,pre_grants_pass,Closure,,False,False,False,False,,named_place,"Walkway behind Piedmont Place Hotel, Oakland, CA",,,,Closure
E Street & 100th Avenue,D7,High,"October 13, 2021","October 13, 2021",2021-10-13,2021-10-13,0,2021,10,2021-10,pre_grants_pass,Closure,,False,False,False,False,,named_place,"East Street & 100th Avenue, Oakland, CA",,,,Closure
Knight Street between Douglas Avenue and Gramercy Place,D7,High,"October 12, 2021","October 12, 2021",2021-10-12,2021-10-12,0,2021,10,2021-10,pre_grants_pass,Closure,,False,False,False,True,,intersection,"Knight Street between Douglas Avenue and Gramercy Place, Oakland, CA",,,,Closure with AA
Lake Merritt: Dock at 150 Lakeside Dr/ Lakeside/19th/Madison,D3,High,"October 11, 2021","October 11, 2021",2021-10-11,2021-10-11,0,2021,10,2021-10,pre_grants_pass,Closure,,False,False,False,False,,named_place,"Lake Merritt, Oakland, CA",37.7982,-122.2587,known_place_lookup,Closure
Frog Park the pathway between Clifton and Cavour,D1,High,"October 07, 2021","October 07, 2021",2021-10-07,2021-10-07,0,2021,10,2021-10,pre_grants_pass,Closure,,False,False,False,False,pathway,named_place,"Frog Park the pathway between Clifton and Cavour, Oakland, CA",,,,Closure AT Frog Park - Pathway
668 27th St/ MLK and 27th,D3,Low,"October 07, 2021","October 07, 2021",2021-10-07,2021-10-07,0,2021,10,2021-10,pre_grants_pass,Closure,,False,False,True,False,,address,"668 27th Street, Oakland, CA",,,,(Self Closure)
San Leandro Street between Seminary & 66th Avenue,D6,High,"October 05, 2021","October 06, 2021",2021-10-05,2021-10-06,1,2021,10,2021-10,pre_grants_pass,Deep Cleaning,,False,False,False,True,,intersection,"San Leandro Street between Seminary & 66th Avenue, Oakland, CA",,,,Deep Cleaning with AA
E. 12th Median : 14th Ave to 18th Ave,D2,High,"October 04, 2021","October 04, 2021",2021-10-04,2021-10-04,0,2021,10,2021-10,pre_grants_pass,Closure,,False,False,False,False,,named_place,"East 12th Median, Oakland, CA",,,,Closure
5840 Harmon Avenue,D6,High,"September 30, 2021","September 30, 2021",2021-09-30,2021-09-30,0,2021,9,2021-09,pre_grants_pass,Closure,,False,False,False,False,,address,"5840 Harmon Avenue, Oakland, CA",,,,Closure
San Leandro Street between Seminary & 66th Avenue,D6,High,"September 29, 2021","September 29, 2021",2021-09-29,2021-09-29,0,2021,9,2021-09,pre_grants_pass,Deep Cleaning,,False,True,False,False,,intersection,"San Leandro Street between Seminary & 66th Avenue, Oakland, CA",,,,Deep Cleaning (UNABLE TO BE EXECUTED)
Bancroft Ave between 55th Ave and Hilton St,D6,High,"September 29, 2021","September 29, 2021",2021-09-29,2021-09-29,0,2021,9,2021-09,pre_grants_pass,Closure,,False,False,False,True,,intersection,"Bancroft Avenue between 55th Avenue and Hilton Street, Oakland, CA",,,,Closure with AA
Bancroft Avenue between 42nd Avenue & High Street,D5,Low,"September 28, 2021","September 28, 2021",2021-09-28,2021-09-28,0,2021,9,2021-09,pre_grants_pass,Closure,,False,False,False,True,,intersection,"Bancroft Avenue between 42nd Avenue & High Street, Oakland, CA",,,,Closure with AA
International Blvd between 96th Ave and 97th Ave,D7,High,"September 27, 2021","September 27, 2021",2021-09-27,2021-09-27,0,2021,9,2021-09,pre_grants_pass,Closure,,False,False,False,False,,intersection,"International Boulevard between 96th Avenue and 97th Avenue, Oakland, CA",,,,Closure
Embarcadero between Dennison & Livingston,D5,High,"September 23, 2021","September 24, 2021",2021-09-23,2021-09-24,1,2021,9,2021-09,pre_grants_pass,Closure,,False,False,False,False,,intersection,"Embarcadero between Dennison & Livingston, Oakland, CA",,,,Closure
Santa Clara between Harrison St and Kepmton Way,D3,High,"September 21, 2021","September 22, 2021",2021-09-21,2021-09-22,1,2021,9,2021-09,pre_grants_pass,Closure,,False,False,False,False,,intersection,"Santa Clara between Harrison Street and Kepmton Way, Oakland, CA",,,,Closure
56th & Telegraph,D1,Low,"September 20, 2021","September 20, 2021",2021-09-20,2021-09-20,0,2021,9,2021-09,pre_grants_pass,Deep Cleaning,,False,False,False,False,,named_place,"56th & Telegraph, Oakland, CA",,,,Deep Cleaning
16th Street between MLK and Castro,D3,High,"September 16, 2021","September 16, 2021",2021-09-16,2021-09-16,0,2021,9,2021-09,pre_grants_pass,Closure,,False,False,False,False,,intersection,"16th Street between Martin Luther King Jr Boulevard and Castro, Oakland, CA",,,,Closure
Downtown Oakland Senior Center,D3,High,"September 16, 2021","September 16, 2021",2021-09-16,2021-09-16,0,2021,9,2021-09,pre_grants_pass,Partial Closure,,False,False,False,False,,named_place,Downtown Oakland Senior Center,,,,Partial Closure at for 200 Grand Ave./ Senior Center / Downtown Oakland Senior Bay Place Side
Franklin St & 6th St,D3,High,"September 15, 2021","September 15, 2021",2021-09-15,2021-09-15,0,2021,9,2021-09,pre_grants_pass,Deep Cleaning,,False,False,False,False,,named_place,"Franklin Street & 6th Street, Oakland, CA",,,,Deep Cleaning
Athol Plaza Park,D2,High,"September 13, 2021","September 15, 2021",2021-09-13,2021-09-15,2,2021,9,2021-09,pre_grants_pass,Closure,,False,False,False,False,,named_place,"Athol Plaza Park, Oakland, CA",,,,Closure
5920 San Pablo / 59th�Street & San Pablo Ave�,D1,High,"September 08, 2021","September 08, 2021",2021-09-08,2021-09-08,0,2021,9,2021-09,pre_grants_pass,Closure,,False,False,False,False,,address,"5920 San Pablo, Oakland, CA",,,,Closure
Miles Ave between Presley Way and College Ave,D1,High,"September 07, 2021","September 07, 2021",2021-09-07,2021-09-07,0,2021,9,2021-09,pre_grants_pass,Closure,,False,False,False,False,,intersection,"Miles Avenue between Presley Way and College Avenue, Oakland, CA",,,,Closure
Frank Ogawa Plaza,D3,High,"September 02, 2021","September 02, 2021",2021-09-02,2021-09-02,0,2021,9,2021-09,pre_grants_pass,Closure,,False,False,False,False,,named_place,"Frank Ogawa Plaza, Oakland, CA",,,,Closure
84th Avenue & International,D7,High,"September 01, 2021","September 01, 2021",2021-09-01,2021-09-01,0,2021,9,2021-09,pre_grants_pass,Deep Cleaning,,False,False,False,False,half block,named_place,"84th Avenue & International Boulevard, Oakland, CA",,,,Deep Cleaning (half block)
23rd�St. between MLK and San Pablo,D3,High,"August 31, 2021","August 31, 2021",2021-08-31,2021-08-31,0,2021,8,2021-08,pre_grants_pass,Closure,,False,False,False,False,,intersection,"23rd�Street. between Martin Luther King Jr Boulevard and San Pablo, Oakland, CA",,,,Closure
Lafayette Square Park,D3,High,"August 31, 2021","August 31, 2021",2021-08-31,2021-08-31,0,2021,8,2021-08,pre_grants_pass,Partial Closure,,False,False,False,False,,named_place,"Lafayette Square Park, Oakland, CA",37.8077,-122.2693,known_place_lookup,Partial Closure
10th Street between Jefferson St and MLK,D3,High,"August 31, 2021","August 31, 2021",2021-08-31,2021-08-31,0,2021,8,2021-08,pre_grants_pass,Partial Closure,,False,False,False,False,,intersection,"10th Street between Jefferson Street and Martin Luther King Jr Boulevard, Oakland, CA",,,,Partial Closure
Lakeside Recycling: 77th & Hawley,D7,Low,"August 30, 2021","August 30, 2021",2021-08-30,2021-08-30,0,2021,8,2021-08,pre_grants_pass,Deep Cleaning,,False,False,False,False,,named_place,"Lakeside Recycling, Oakland, CA",,,,Deep Cleaning/ K-Rails Enforcement
High St  Safe Parking along Alameda Ave,D5,High,"August 25, 2021","August 26, 2021",2021-08-25,2021-08-26,1,2021,8,2021-08,pre_grants_pass,Closure,,False,False,False,False,,named_place,"High Street Safe Parking along Alameda Avenue, Oakland, CA",,,,Closure
East 8th Cul De Sac,D5,High,"August 25, 2021","August 26, 2021",2021-08-25,2021-08-26,1,2021,8,2021-08,pre_grants_pass,Closure,,False,False,False,False,,named_place,"East 8th Cul De Sac, Oakland, CA",,,,Closure
Alameda Avenue between High St and E 8th St,D5,High,"August 24, 2021","August 24, 2021",2021-08-24,2021-08-24,0,2021,8,2021-08,pre_grants_pass,Deep Cleaning,,False,False,False,False,,intersection,"Alameda Avenue between High Street and E 8th Street, Oakland, CA",,,,Deep Cleaning
Alameda Avenue from Howard Street to Fruitvale Ave,D5,High,"August 24, 2021","August 24, 2021",2021-08-24,2021-08-24,0,2021,8,2021-08,pre_grants_pass,Deep Cleaning,,False,False,False,False,,intersection,"Alameda Avenue from Howard Street to Fruitvale Avenue, Oakland, CA",,,,Deep Cleaning
Alameda Avenue between E 8th St and Howard St,D5,High,"August 24, 2021","August 24, 2021",2021-08-24,2021-08-24,0,2021,8,2021-08,pre_grants_pass,Deep Cleaning,,False,False,False,False,,intersection,"Alameda Avenue between E 8th Street and Howard Street, Oakland, CA",,,,Deep Cleaning
30th St. between MLK and Telegraph,D3,Low,"August 23, 2021","August 23, 2021",2021-08-23,2021-08-23,0,2021,8,2021-08,pre_grants_pass,Closure,Deep Cleaning,True,False,False,False,north side; south side,intersection,"30th Street. between Martin Luther King Jr Boulevard and Telegraph, Oakland, CA",,,,Deep Clean (South Side) Closure (North Side)
5th St. between Mandela Pkwy & Union,D3,Low,"August 19, 2021","August 19, 2021",2021-08-19,2021-08-19,0,2021,8,2021-08,pre_grants_pass,Deep Cleaning,,False,False,False,False,,intersection,"5th Street. between Mandela Parkway & Union, Oakland, CA",,,,Deep Cleaning
Kirkham St between 5th & 7th St.,D3,Low,"August 19, 2021","August 19, 2021",2021-08-19,2021-08-19,0,2021,8,2021-08,pre_grants_pass,Deep Cleaning,,False,False,False,False,,intersection,"Kirkham Street between 5th & 7th Street, Oakland, CA",,,,Deep Cleaning
San Leandro St between 81st Ave and 85th Ave: 8451 San Leandro Street (Pick-n-Pull),D7,High,"August 18, 2021","August 18, 2021",2021-08-18,2021-08-18,0,2021,8,2021-08,pre_grants_pass,Deep Cleaning,,False,False,False,False,,intersection,"San Leandro Street between 81st Avenue and 85th Avenue, Oakland, CA",,,,Deep Cleaning
45th Ave between International and E12 Street,D5,High,"August 17, 2021","August 17, 2021",2021-08-17,2021-08-17,0,2021,8,2021-08,pre_grants_pass,Closure,,False,False,False,False,,intersection,"45th Avenue between International Boulevard and E12 Street, Oakland, CA",,,,Closure
City Lot - 11th St between Clay & Broadway,D3,High,"August 16, 2021","August 16, 2021",2021-08-16,2021-08-16,0,2021,8,2021-08,pre_grants_pass,Closure,,False,False,False,False,,named_place,"City Lot - 11th Street between Clay & Broadway, Oakland, CA",,,,Closure
"Lakeside Park: Lakeside Park Garden Center, 666 Bellevue Ave",D3,High,"August 16, 2021","August 16, 2021",2021-08-16,2021-08-16,0,2021,8,2021-08,pre_grants_pass,Closure,,False,False,False,False,,named_place,"Lakeside Park: Lakeside Park Garden Center, 666 Bellevue Avenue, Oakland, CA",,,,Closure
Mosswood Park,D3,High,"August 10, 2021","August 12, 2021",2021-08-10,2021-08-12,2,2021,8,2021-08,pre_grants_pass,Closure,,False,False,False,False,entire park,named_place,"Mosswood Park, Oakland, CA",37.8236,-122.2617,known_place_lookup,Closure entire park
"Lakeside Park: Lakeside Park Garden Center, 666 Bellevue Ave",D3,High,"August 09, 2021","August 09, 2021",2021-08-09,2021-08-09,0,2021,8,2021-08,pre_grants_pass,Closure,,False,False,False,False,,named_place,"Lakeside Park: Lakeside Park Garden Center, 666 Bellevue Avenue, Oakland, CA",,,,Closure
Athol Plaza Park,D2,High,"August 09, 2021","August 09, 2021",2021-08-09,2021-08-09,0,2021,8,2021-08,pre_grants_pass,Closure,,False,True,False,False,,named_place,"Athol Plaza Park, Oakland, CA",,,,Closure (Unable to be executed)
MLK between San Pablo Ave & W Grand Ave,D3,High,"August 05, 2021","August 05, 2021",2021-08-05,2021-08-05,0,2021,8,2021-08,pre_grants_pass,Closure,,False,False,False,False,,intersection,"Martin Luther King Jr Boulevard between San Pablo Avenue & West Grand Avenue, Oakland, CA",,,,Closure
San Pablo Ave between W Grand Ave & MLK,D3,High,"August 05, 2021","August 05, 2021",2021-08-05,2021-08-05,0,2021,8,2021-08,pre_grants_pass,Closure,,False,False,False,False,,intersection,"San Pablo Avenue between West Grand Avenue & Martin Luther King Jr Boulevard, Oakland, CA",,,,Closure
W Grand Ave between San Pablo Ave & MLK,D3,High,"August 05, 2021","August 05, 2021",2021-08-05,2021-08-05,0,2021,8,2021-08,pre_grants_pass,Closure,,False,False,False,False,,intersection,"West Grand Avenue between San Pablo Avenue & Martin Luther King Jr Boulevard, Oakland, CA",,,,Closure
MLK between 23rd & 24th,D3,High,"August 05, 2021","August 05, 2021",2021-08-05,2021-08-05,0,2021,8,2021-08,pre_grants_pass,Deep Cleaning,,False,False,False,False,,intersection,"Martin Luther King Jr Boulevard between 23rd & 24th, Oakland, CA",,,,Deep Cleaning
MLk between W Grand Ave & 23rd,D3,High,"August 05, 2021","August 05, 2021",2021-08-05,2021-08-05,0,2021,8,2021-08,pre_grants_pass,Deep Cleaning,,False,False,False,False,,intersection,"Martin Luther King Jr Boulevard between West Grand Avenue & 23rd, Oakland, CA",,,,Deep Cleaning
692 Baldwin,D7,High,"August 04, 2021","August 04, 2021",2021-08-04,2021-08-04,0,2021,8,2021-08,pre_grants_pass,Deep Cleaning,,False,False,False,False,,address,"692 Baldwin, Oakland, CA",,,,Deep Cleaning
E 12th Remainder Parcel: Adjacent to LML,D2,High,"August 02, 2021","August 03, 2021",2021-08-02,2021-08-03,1,2021,8,2021-08,pre_grants_pass,Partial Closure,,False,False,False,False,,named_place,"E 12th Remainder Parcel, Oakland, CA",,,,Partial Closure
Pine Knoll Park,D2,High,"July 29, 2021","July 29, 2021",2021-07-29,2021-07-29,0,2021,7,2021-07,pre_grants_pass,Deep Cleaning,,False,False,False,False,,named_place,"Pine Knoll Park, Oakland, CA",,,,Deep Cleaning
Fitzgerald Park,D3,High,"July 28, 2021","July 28, 2021",2021-07-28,2021-07-28,0,2021,7,2021-07,pre_grants_pass,Deep Cleaning,,False,True,False,False,,named_place,"Fitzgerald Park, Oakland, CA",,,,Deep Cleaning (UNABLE TO BE EXECUTED)
14th Avenue between East 33rd and MacArthur,D5,Low,"July 27, 2021","July 27, 2021",2021-07-27,2021-07-27,0,2021,7,2021-07,pre_grants_pass,Deep Cleaning,,False,False,False,False,,intersection,"14th Avenue between East 33rd and MacArthur, Oakland, CA",,,,Deep Cleaning
Snow Park,D3,High,"July 26, 2021","July 26, 2021",2021-07-26,2021-07-26,0,2021,7,2021-07,pre_grants_pass,Partial Closure,,False,False,False,False,play structure,named_place,"Snow Park, Oakland, CA",,,,Partial Closure at Play Structure
85th Avenue between Baldwin St and Enterprise Way,D7,High,"July 22, 2021","July 22, 2021",2021-07-22,2021-07-22,0,2021,7,2021-07,pre_grants_pass,Closure,,False,False,False,False,,intersection,"85th Avenue between Baldwin Street and Enterprise Way, Oakland, CA",,,,Closure
Webster St between 36th St and 37th St,D3,High,"July 21, 2021","July 21, 2021",2021-07-21,2021-07-21,0,2021,7,2021-07,pre_grants_pass,Closure,,False,False,False,False,,intersection,"Webster Street between 36th Street and 37th Street, Oakland, CA",,,,Closure
Mosswood Park,D3,High,"July 21, 2021","July 21, 2021",2021-07-21,2021-07-21,0,2021,7,2021-07,pre_grants_pass,Closure,,False,False,False,False,,named_place,"Mosswood Park, Oakland, CA",37.8236,-122.2617,known_place_lookup,Closure at Mosswood House (Fencing)
3902 Manila Ave/Manila between 38th & 40th St,D1,High,"July 20, 2021","July 20, 2021",2021-07-20,2021-07-20,0,2021,7,2021-07,pre_grants_pass,Closure,Deep Cleaning,True,False,False,False,east side; west side; includes partial closure,address,"3902 Manila Avenue, Oakland, CA",,,,"Closure (West Side),  Deep Cleaning (East Side), Partial Closure (East Side directly in front of homes)"
Lake Merritt: Walkway between Harrison St between 21st St &  Grand Ave,D3,High,"July 19, 2021","July 19, 2021",2021-07-19,2021-07-19,0,2021,7,2021-07,pre_grants_pass,Closure,,False,False,False,False,,named_place,"Lake Merritt, Oakland, CA",37.7982,-122.2587,known_place_lookup,Closure
Leet Drive,D7,High,"July 15, 2021","July 15, 2021",2021-07-15,2021-07-15,0,2021,7,2021-07,pre_grants_pass,Closure,Deep Cleaning,True,False,False,False,northside; southside,named_place,"Leet Drive, Oakland, CA",,,,Deep Cleaning (Southside) & Closure (Northside)
Walkway behind Piedmont Place Hotel,D1,High,"July 14, 2021","July 14, 2021",2021-07-14,2021-07-14,0,2021,7,2021-07,pre_grants_pass,Deep Cleaning,,False,False,False,False,,named_place,"Walkway behind Piedmont Place Hotel, Oakland, CA",,,,Deep Cleaning
Santa Clara between Harrison St and Kepmton Way,D3,High,"July 14, 2021","July 14, 2021",2021-07-14,2021-07-14,0,2021,7,2021-07,pre_grants_pass,Deep Cleaning,,False,False,False,False,,intersection,"Santa Clara between Harrison Street and Kepmton Way, Oakland, CA",,,,Deep Cleaning at Santa Clara & Harrison/ Macarthur
6th St between Alice St and Jackson St,D2,High,"July 13, 2021","July 13, 2021",2021-07-13,2021-07-13,0,2021,7,2021-07,pre_grants_pass,Deep Cleaning,,False,False,False,False,,intersection,"6th Street between Alice Street and Jackson Street, Oakland, CA",,,,Deep Cleaning at 6th Street between Alice & Jackson  & Fire Lane Enforcement
Lake Merritt: 563 Pergola,D3,High,"July 12, 2021","July 12, 2021",2021-07-12,2021-07-12,0,2021,7,2021-07,pre_grants_pass,Closure,,False,False,False,False,,named_place,"Lake Merritt, Oakland, CA",37.7982,-122.2587,known_place_lookup,Closure
27th St. between Northgate south/north on the Northside of the street,D3,Low,"July 07, 2021","July 08, 2021",2021-07-07,2021-07-08,1,2021,7,2021-07,pre_grants_pass,Deep Cleaning,,False,False,False,False,both sides,intersection,"27th Street. between Northgate south, Oakland, CA",,,,Deep Cleaning both sides of the street
Sycamore between Northgate and MLK,D3,Low,"July 07, 2021","July 08, 2021",2021-07-07,2021-07-08,1,2021,7,2021-07,pre_grants_pass,Deep Cleaning,,False,False,False,False,both sides,intersection,"Sycamore between Northgate and Martin Luther King Jr Boulevard, Oakland, CA",,,,Deep Cleaning both sides of the street
Vallejo & Stanford,D1,High,"July 06, 2021","July 06, 2021",2021-07-06,2021-07-06,0,2021,7,2021-07,pre_grants_pass,Deep Cleaning,,False,False,False,False,,named_place,"Vallejo & Stanford, Oakland, CA",,,,Deep Cleaning
Median at Mandela Parkway and 28th Street,D3,High,"July 01, 2021","July 01, 2021",2021-07-01,2021-07-01,0,2021,7,2021-07,pre_grants_pass,Closure,,False,False,False,False,,intersection,"Median at Mandela Parkway and 28th Street, Oakland, CA",,,,Closure
28th Street between Ettie and Mandela Parkway,D3,High,"July 01, 2021","July 01, 2021",2021-07-01,2021-07-01,0,2021,7,2021-07,pre_grants_pass,Deep Cleaning,,False,False,False,False,,intersection,"28th Street between Ettie and Mandela Parkway, Oakland, CA",,,,Deep Cleaning
City Lot - 73rd Ave. and San Leandro city property under the Bart tram to the airport,D7,High,"June 30, 2021","June 30, 2021",2021-06-30,2021-06-30,0,2021,6,2021-06,pre_grants_pass,Deep Cleaning,,False,False,False,False,,named_place,"City Lot - 73rd Avenue. and San Leandro city property under the Bart tram to the airport, Oakland, CA",,,,Deep Cleaning
21st & Filbert,D3,High,"June 29, 2021","June 29, 2021",2021-06-29,2021-06-29,0,2021,6,2021-06,pre_grants_pass,Closure,,False,False,False,False,,named_place,"21st & Filbert, Oakland, CA",,,,Closure
Downtown Oakland Senior Center,D3,High,"June 28, 2021","June 28, 2021",2021-06-28,2021-06-28,0,2021,6,2021-06,pre_grants_pass,Closure,,False,False,False,False,building only,named_place,Downtown Oakland Senior Center,,,,Closure (Building Only)
Rockridge Temescal/North Frog Park,D1,High,"June 28, 2021","June 28, 2021",2021-06-28,2021-06-28,0,2021,6,2021-06,pre_grants_pass,Closure,,False,False,False,False,,named_place,"Rockridge Temescal, Oakland, CA",,,,Closure
3326 Chestnut / Chestnut between 32nd - 34th,D3,High,"June 24, 2021","June 24, 2021",2021-06-24,2021-06-24,0,2021,6,2021-06,pre_grants_pass,Closure,,False,False,False,False,,address,"3326 Chestnut, Oakland, CA",,,,Closure
Dover St between 44th and 45th,D1,High,"June 23, 2021","June 23, 2021",2021-06-23,2021-06-23,0,2021,6,2021-06,pre_grants_pass,Closure,,False,False,False,False,,intersection,"Dover Street between 44th and 45th, Oakland, CA",,,,Closure
Poplar between 18th St and 20th St,D3,High,"June 22, 2021","June 22, 2021",2021-06-22,2021-06-22,0,2021,6,2021-06,pre_grants_pass,Closure,,False,False,False,False,,intersection,"Poplar between 18th Street and 20th Street, Oakland, CA",,,,Closure
Broadway between 5th and 6th,D2,High,"June 21, 2021","June 21, 2021",2021-06-21,2021-06-21,0,2021,6,2021-06,pre_grants_pass,Closure,,False,False,False,False,west side,intersection,"Broadway between 5th and 6th, Oakland, CA",,,,Closure (West Side Only)
2nd & Brush,D3,Low,"June 21, 2021","June 21, 2021",2021-06-21,2021-06-21,0,2021,6,2021-06,pre_grants_pass,Deep Cleaning,,False,False,False,False,,named_place,"2nd & Brush, Oakland, CA",,,,Deep Cleaning
Wood St between W Grand Ave and 24th St,D3,High,"June 15, 2021","June 16, 2021",2021-06-15,2021-06-16,1,2021,6,2021-06,pre_grants_pass,Closure,Deep Cleaning,True,False,False,False,,intersection,"Wood Street between West Grand Avenue and 24th Street, Oakland, CA",,,,Partial Closure/Deep Cleaning
Wood Street between 24th St and Willow St,D3,High,"June 15, 2021","June 16, 2021",2021-06-15,2021-06-16,1,2021,6,2021-06,pre_grants_pass,Partial Closure,,False,False,False,False,,intersection,"Wood Street between 24th Street and Willow Street, Oakland, CA",,,,Partial Closure
Median at 6th & Jackson,D2,High,"June 14, 2021","June 14, 2021",2021-06-14,2021-06-14,0,2021,6,2021-06,pre_grants_pass,Closure,,False,False,False,False,,named_place,"Median at 6th & Jackson, Oakland, CA",,,,Closure
Independent Loop,D6,High,"June 14, 2021","June 14, 2021",2021-06-14,2021-06-14,0,2021,6,2021-06,pre_grants_pass,Partial Closure,,False,False,False,False,,named_place,"Independent Loop, Oakland, CA",,,,Partial Closure
Kirkham St between 5th & 7th St.,D3,Low,"June 10, 2021","June 10, 2021",2021-06-10,2021-06-10,0,2021,6,2021-06,pre_grants_pass,Deep Cleaning,,False,False,False,False,,intersection,"Kirkham Street between 5th & 7th Street, Oakland, CA",,,,Deep Cleaning
29th Avenue between E. 7th and Chapman,D5,High,"June 09, 2021","June 09, 2021",2021-06-09,2021-06-09,0,2021,6,2021-06,pre_grants_pass,Deep Cleaning,,False,False,False,False,,intersection,"29th Avenue between East 7th and Chapman, Oakland, CA",,,,Deep Cleaning
Embarcadero between Dennison & Livingston,D5,High,"June 08, 2021","June 08, 2021",2021-06-08,2021-06-08,0,2021,6,2021-06,pre_grants_pass,Deep Cleaning,,False,False,False,False,,intersection,"Embarcadero between Dennison & Livingston, Oakland, CA",,,,Deep Cleaning
Frank Ogawa Plaza,D3,High,"June 07, 2021","June 07, 2021",2021-06-07,2021-06-07,0,2021,6,2021-06,pre_grants_pass,Closure,,False,False,False,False,,named_place,"Frank Ogawa Plaza, Oakland, CA",,,,Closure
9809 Kitty Lane,D7,High,"June 03, 2021","June 03, 2021",2021-06-03,2021-06-03,0,2021,6,2021-06,pre_grants_pass,Closure,,False,False,False,False,,address,"9809 Kitty Lane, Oakland, CA",,,,Closure
International Blvd between 96th Ave and 97th Ave,D7,High,"June 02, 2021","June 02, 2021",2021-06-02,2021-06-02,0,2021,6,2021-06,pre_grants_pass,Closure,,False,False,False,False,,intersection,"International Boulevard between 96th Avenue and 97th Avenue, Oakland, CA",,,,Closure
Median at 96th & International,D7,High,"June 02, 2021","June 02, 2021",2021-06-02,2021-06-02,0,2021,6,2021-06,pre_grants_pass,Closure,,False,False,False,False,,named_place,"Median at 96th & International Boulevard, Oakland, CA",,,,Closure
Helen Mc Gregor Plaza,D1,High,"June 01, 2021","June 01, 2021",2021-06-01,2021-06-01,0,2021,6,2021-06,pre_grants_pass,Closure,,False,False,False,False,,named_place,"Helen Mc Gregor Plaza, Oakland, CA",37.804,-122.268,known_place_lookup,Closure
Santa Clara between Harrison St and Kepmton Way,D3,High,"May 27, 2021","May 27, 2021",2021-05-27,2021-05-27,0,2021,5,2021-05,pre_grants_pass,Deep Cleaning,,False,False,False,False,,intersection,"Santa Clara between Harrison Street and Kepmton Way, Oakland, CA",,,,Deep Cleaning
4th & MLK,D3,High,"May 26, 2021","May 26, 2021",2021-05-26,2021-05-26,0,2021,5,2021-05,pre_grants_pass,Other,,False,False,False,False,fire debris,named_place,"4th & Martin Luther King Jr Boulevard, Oakland, CA",,,,"(Encampment Fire, KOCB Clean Debris)"
Mandela Parkway between 14th & 16th,D3,High,"May 26, 2021","May 26, 2021",2021-05-26,2021-05-26,0,2021,5,2021-05,pre_grants_pass,Deep Cleaning,,False,False,False,False,,intersection,"Mandela Parkway between 14th & 16th, Oakland, CA",,,,Deep Cleaning
7779 Pardee Lane,D7,High,"May 25, 2021","May 25, 2021",2021-05-25,2021-05-25,0,2021,5,2021-05,pre_grants_pass,Closure,,False,False,False,False,,address,"7779 Pardee Lane, Oakland, CA",,,,Closure
5920 San Pablo / 59th�Street & San Pablo Ave�,D1,High,"May 24, 2021","May 24, 2021",2021-05-24,2021-05-24,0,2021,5,2021-05,pre_grants_pass,Closure,,False,False,False,False,,address,"5920 San Pablo, Oakland, CA",,,,Closure
77th Ave between Rudsdale St and Hamilton St,D7,High,"May 20, 2021","May 20, 2021",2021-05-20,2021-05-20,0,2021,5,2021-05,pre_grants_pass,Closure,,False,False,False,False,,intersection,"77th Avenue between Rudsdale Street and Hamilton Street, Oakland, CA",,,,Closure
64th Ave between Brann St and Camden St,D6,High,"May 19, 2021","May 19, 2021",2021-05-19,2021-05-19,0,2021,5,2021-05,pre_grants_pass,Closure,,False,False,False,False,,intersection,"64th Avenue between Brann Street and Camden Street, Oakland, CA",,,,Closure
Brann St between 62nd Ave and 64th Ave,D6,High,"May 19, 2021","May 19, 2021",2021-05-19,2021-05-19,0,2021,5,2021-05,pre_grants_pass,Closure,,False,False,False,False,,intersection,"Brann Street between 62nd Avenue and 64th Avenue, Oakland, CA",,,,Closure
62nd Ave between Foothill Blvd and Brann St,D6,High,"May 19, 2021","May 19, 2021",2021-05-19,2021-05-19,0,2021,5,2021-05,pre_grants_pass,Closure,,False,False,False,False,,intersection,"62nd Avenue between Foothill Boulevard and Brann Street, Oakland, CA",,,,Closure
64th Ave between Foothill Blvd and Brann,D6,High,"May 19, 2021","May 19, 2021",2021-05-19,2021-05-19,0,2021,5,2021-05,pre_grants_pass,Closure,,False,False,False,False,,intersection,"64th Avenue between Foothill Boulevard and Brann, Oakland, CA",,,,Closure
Foothill Blvd between 63rd Ave and 64th Ave,D6,High,"May 19, 2021","May 19, 2021",2021-05-19,2021-05-19,0,2021,5,2021-05,pre_grants_pass,Closure,,False,False,False,False,,intersection,"Foothill Boulevard between 63rd Avenue and 64th Avenue, Oakland, CA",,,,Closure
Foothill Blvd between 62nd Ave and 63rd Ave,D6,High,"May 19, 2021","May 19, 2021",2021-05-19,2021-05-19,0,2021,5,2021-05,pre_grants_pass,Closure,,False,False,False,False,,intersection,"Foothill Boulevard between 62nd Avenue and 63rd Avenue, Oakland, CA",,,,Closure
Brann St between Camden St and 67th Ave,D6,High,"May 19, 2021","May 19, 2021",2021-05-19,2021-05-19,0,2021,5,2021-05,pre_grants_pass,Closure,,False,False,False,False,,intersection,"Brann Street between Camden Street and 67th Avenue, Oakland, CA",,,,Closure
Brann St between 64th Ave and Camden St,D6,High,"May 19, 2021","May 19, 2021",2021-05-19,2021-05-19,0,2021,5,2021-05,pre_grants_pass,Closure,,False,False,False,False,,intersection,"Brann Street between 64th Avenue and Camden Street, Oakland, CA",,,,Closure
Concordia Park,D6,High,"May 19, 2021","May 19, 2021",2021-05-19,2021-05-19,0,2021,5,2021-05,pre_grants_pass,Closure,,False,False,False,False,,named_place,"Concordia Park, Oakland, CA",,,,Closure
MacArthur Blvd between 66th Ave and 68th Ave,D6,High,"May 19, 2021","May 19, 2021",2021-05-19,2021-05-19,0,2021,5,2021-05,pre_grants_pass,Closure,,False,False,False,False,,intersection,"MacArthur Boulevard between 66th Avenue and 68th Avenue, Oakland, CA",,,,Closure
Camden St between 62nd St and 63rd St,D6,High,"May 19, 2021","May 19, 2021",2021-05-19,2021-05-19,0,2021,5,2021-05,pre_grants_pass,Closure,,False,False,False,False,,intersection,"Camden Street between 62nd Street and 63rd Street, Oakland, CA",,,,Closure
MacArthur Blvd between 64th Ave Pl and 65th Ave,D6,High,"May 19, 2021","May 19, 2021",2021-05-19,2021-05-19,0,2021,5,2021-05,pre_grants_pass,Closure,,False,False,False,False,,intersection,"MacArthur Boulevard between 64th Avenue Place and 65th Avenue, Oakland, CA",,,,Closure
64th Ave between Camden St and MacArthur Blvd,D6,High,"May 19, 2021","May 19, 2021",2021-05-19,2021-05-19,0,2021,5,2021-05,pre_grants_pass,Closure,,False,False,False,False,,intersection,"64th Avenue between Camden Street and MacArthur Boulevard, Oakland, CA",,,,Closure
MacArthur Blvd between 64th Ave and 64th Ave Pl,D6,High,"May 19, 2021","May 19, 2021",2021-05-19,2021-05-19,0,2021,5,2021-05,pre_grants_pass,Closure,,False,False,False,False,,intersection,"MacArthur Boulevard between 64th Avenue and 64th Avenue Place, Oakland, CA",,,,Closure
Camden St between 63rd St and 64th St,D6,High,"May 19, 2021","May 19, 2021",2021-05-19,2021-05-19,0,2021,5,2021-05,pre_grants_pass,Closure,,False,False,False,False,,intersection,"Camden Street between 63rd Street and 64th Street, Oakland, CA",,,,Closure
62nd Ave between Brann St and Camden St,D6,High,"May 19, 2021","May 19, 2021",2021-05-19,2021-05-19,0,2021,5,2021-05,pre_grants_pass,Closure,,False,False,False,False,,intersection,"62nd Avenue between Brann Street and Camden Street, Oakland, CA",,,,Closure
Courtland Creek Park,D4,High,"May 18, 2021","May 18, 2021",2021-05-18,2021-05-18,0,2021,5,2021-05,pre_grants_pass,Closure,,False,False,False,False,,named_place,"Courtland Creek Park, Oakland, CA",37.776,-122.1926,known_place_lookup,Closure
Little Frog Park,D1,High,"May 17, 2021","May 17, 2021",2021-05-17,2021-05-17,0,2021,5,2021-05,pre_grants_pass,Closure,,False,False,False,False,,named_place,"Little Frog Park, Oakland, CA",,,,Closure
Mosswood Park,D3,High,"May 13, 2021","May 13, 2021",2021-05-13,2021-05-13,0,2021,5,2021-05,pre_grants_pass,Closure,,False,False,False,False,,named_place,"Mosswood Park, Oakland, CA",37.8236,-122.2617,known_place_lookup,Closure at Mosswood House (Fencing)
City Lot at Alameda - 3801 E 8th St,D5,High,"May 12, 2021","May 12, 2021",2021-05-12,2021-05-12,0,2021,5,2021-05,pre_grants_pass,Closure,,False,False,False,False,,named_place,"City Lot at Alameda - 3801 E 8th Street, Oakland, CA",,,,Closure
Webster St between 37th St and W MacArthur Blvd,D3,High,"May 10, 2021","May 11, 2021",2021-05-10,2021-05-11,1,2021,5,2021-05,pre_grants_pass,Closure,,False,False,False,False,,intersection,"Webster Street between 37th Street and West MacArthur Boulevard, Oakland, CA",,,,Closure
W Macarthur Blvd between Ruby and Webster St,D1,High,"May 10, 2021","May 11, 2021",2021-05-10,2021-05-11,1,2021,5,2021-05,pre_grants_pass,Closure,,False,False,False,False,,intersection,"West Macarthur Boulevard between Ruby and Webster Street, Oakland, CA",,,,Closure
Moorpark St between Pippin St and Russet St,D7,High,"May 06, 2021","May 07, 2021",2021-05-06,2021-05-07,1,2021,5,2021-05,pre_grants_pass,Closure,,False,False,False,False,,intersection,"Moorpark Street between Pippin Street and Russet Street, Oakland, CA",,,,Closure
Russet St and Moorpark St (Dead End),D7,High,"May 06, 2021","May 07, 2021",2021-05-06,2021-05-07,1,2021,5,2021-05,pre_grants_pass,Closure,,False,False,False,False,,intersection,"Russet Street and Moorpark Street (Dead End), Oakland, CA",,,,Closure
Russet St between 105th Ave and 107th Ave,D7,High,"May 06, 2021","May 07, 2021",2021-05-06,2021-05-07,1,2021,5,2021-05,pre_grants_pass,Closure,,False,False,False,False,,intersection,"Russet Street between 105th Avenue and 107th Avenue, Oakland, CA",,,,Closure
Russet St between 107th and Moorpark St,D7,High,"May 06, 2021","May 07, 2021",2021-05-06,2021-05-07,1,2021,5,2021-05,pre_grants_pass,Closure,,False,False,False,False,,intersection,"Russet Street between 107th and Moorpark Street, Oakland, CA",,,,Closure
Foothill Blvd between 15th Ave and 16th Ave,D2,High,"May 05, 2021","May 05, 2021",2021-05-05,2021-05-05,0,2021,5,2021-05,pre_grants_pass,Closure,,False,False,False,False,,intersection,"Foothill Boulevard between 15th Avenue and 16th Avenue, Oakland, CA",,,,Closure
16th Ave between Foothill Blvd and E 15th St,D2,High,"May 05, 2021","May 05, 2021",2021-05-05,2021-05-05,0,2021,5,2021-05,pre_grants_pass,Closure,,False,False,False,False,,intersection,"16th Avenue between Foothill Boulevard and E 15th Street, Oakland, CA",,,,Closure
15th Ave between Foothill Blvd and Gleason Way,D2,High,"May 05, 2021","May 05, 2021",2021-05-05,2021-05-05,0,2021,5,2021-05,pre_grants_pass,Closure,,False,False,False,False,,intersection,"15th Avenue between Foothill Boulevard and Gleason Way, Oakland, CA",,,,Closure
15th Ave between Gleason Way and E 15th St,D2,High,"May 05, 2021","May 05, 2021",2021-05-05,2021-05-05,0,2021,5,2021-05,pre_grants_pass,Closure,,False,False,False,False,,intersection,"15th Avenue between Gleason Way and E 15th Street, Oakland, CA",,,,Closure
E 15th St between 15th Ave and 16th Ave,D2,High,"May 05, 2021","May 05, 2021",2021-05-05,2021-05-05,0,2021,5,2021-05,pre_grants_pass,Closure,,False,False,False,False,,intersection,"E 15th Street between 15th Avenue and 16th Avenue, Oakland, CA",,,,Closure
22nd Ave between E 17th St and Foothill Blvd,D2,High,"May 04, 2021","May 04, 2021",2021-05-04,2021-05-04,0,2021,5,2021-05,pre_grants_pass,Closure,,False,False,False,False,,intersection,"22nd Avenue between E 17th Street and Foothill Boulevard, Oakland, CA",,,,Closure
Foothill Blvd between 22nd Ave and 23rd Ave,D2,High,"May 04, 2021","May 04, 2021",2021-05-04,2021-05-04,0,2021,5,2021-05,pre_grants_pass,Closure,,False,False,False,False,,intersection,"Foothill Boulevard between 22nd Avenue and 23rd Avenue, Oakland, CA",,,,Closure
Foothill Blvd between E 15th St and 23rd Ave,D2,High,"May 04, 2021","May 04, 2021",2021-05-04,2021-05-04,0,2021,5,2021-05,pre_grants_pass,Closure,,False,False,False,False,,intersection,"Foothill Boulevard between E 15th Street and 23rd Avenue, Oakland, CA",,,,Closure
23rd Ave between Foothill Blvd and E 17th St,D2,High,"May 04, 2021","May 04, 2021",2021-05-04,2021-05-04,0,2021,5,2021-05,pre_grants_pass,Closure,,False,False,False,False,,intersection,"23rd Avenue between Foothill Boulevard and E 17th Street, Oakland, CA",,,,Closure
83rd Ave between 84th Ave and 83rd Ave,D7,High,"May 03, 2021","May 03, 2021",2021-05-03,2021-05-03,0,2021,5,2021-05,pre_grants_pass,Closure,,False,False,False,False,,intersection,"83rd Avenue between 84th Avenue and 83rd Avenue, Oakland, CA",,,,Closure
E 17th St between 22nd Ave and 23rd Ave,D2,High,"May 03, 2021","May 03, 2021",2021-05-03,2021-05-03,0,2021,5,2021-05,pre_grants_pass,Closure,,False,False,False,False,,intersection,"E 17th Street between 22nd Avenue and 23rd Avenue, Oakland, CA",,,,Closure
83rd Ave between Dowling St and 83rd Ave,D7,High,"May 03, 2021","May 03, 2021",2021-05-03,2021-05-03,0,2021,5,2021-05,pre_grants_pass,Closure,,False,False,False,False,,intersection,"83rd Avenue between Dowling Street and 83rd Avenue, Oakland, CA",,,,Closure
Lighthouse Community Charter Public School at 444 Hegenberger Rd.,D7,High,"May 03, 2021","May 03, 2021",2021-05-03,2021-05-03,0,2021,5,2021-05,pre_grants_pass,Other,,False,False,False,False,,named_place,"Lighthouse Community Charter Public School at 444 Hegenberger Road, Oakland, CA",,,,Abandoned Auto Posting Only
Telegraph Ave between 34th St and 36th St.,D3,Low,"April 29, 2021","April 29, 2021",2021-04-29,2021-04-29,0,2021,4,2021-04,pre_grants_pass,Closure,,False,False,False,False,eastside,intersection,"Telegraph Avenue between 34th Street and 36th Street, Oakland, CA",,,,Closure (Eastside Only)
Bancroft Avenue between 42nd Avenue & High Street,D5,Low,"April 29, 2021","April 29, 2021",2021-04-29,2021-04-29,0,2021,4,2021-04,pre_grants_pass,Deep Cleaning,,False,False,False,False,,intersection,"Bancroft Avenue between 42nd Avenue & High Street, Oakland, CA",,,,Deep Cleaning
Wood St between W Grand Ave and 24th St,D3,High,"April 27, 2021","April 28, 2021",2021-04-27,2021-04-28,1,2021,4,2021-04,pre_grants_pass,Partial Closure,,False,False,False,False,,intersection,"Wood Street between West Grand Avenue and 24th Street, Oakland, CA",,,,Partial Closure
Wood Street between 24th St and Willow St,D3,High,"April 27, 2021","April 28, 2021",2021-04-27,2021-04-28,1,2021,4,2021-04,pre_grants_pass,Partial Closure,,False,False,False,False,,intersection,"Wood Street between 24th Street and Willow Street, Oakland, CA",,,,Partial Closure
10th & Pine Street / 1022 Pine Street,D3,High,"April 22, 2021","April 22, 2021",2021-04-22,2021-04-22,0,2021,4,2021-04,pre_grants_pass,Closure,,False,False,False,False,,named_place,"10th & Pine Street, Oakland, CA",,,,Closure
34th Street & San Pablo,D3,High,"April 21, 2021","April 21, 2021",2021-04-21,2021-04-21,0,2021,4,2021-04,pre_grants_pass,Closure,,False,False,False,False,,named_place,"34th Street & San Pablo, Oakland, CA",,,,Closure
San Antonio Park,D2,High,"April 20, 2021","April 20, 2021",2021-04-20,2021-04-20,0,2021,4,2021-04,pre_grants_pass,Closure,,False,False,False,False,,named_place,"San Antonio Park, Oakland, CA",,,,Closure
6th St between Broadway and Washington St,D3,High,"April 19, 2021","April 19, 2021",2021-04-19,2021-04-19,0,2021,4,2021-04,pre_grants_pass,Closure,,False,False,False,False,,intersection,"6th Street between Broadway and Washington Street, Oakland, CA",,,,Closure
29th St. between MLK and Telegraph,D3,Low,"April 15, 2021","April 15, 2021",2021-04-15,2021-04-15,0,2021,4,2021-04,pre_grants_pass,Closure,Deep Cleaning,True,False,False,False,north; south,intersection,"29th Street. between Martin Luther King Jr Boulevard and Telegraph, Oakland, CA",,,,Deep Cleaning (South) & Closure (North)
30th St. between MLK and Telegraph,D3,Low,"April 14, 2021","April 14, 2021",2021-04-14,2021-04-14,0,2021,4,2021-04,pre_grants_pass,Closure,Deep Cleaning,True,False,False,False,north side; south side,intersection,"30th Street. between Martin Luther King Jr Boulevard and Telegraph, Oakland, CA",,,,Deep Clean (South Side) Closure (North Side)
MLk between W Grand Ave & 23rd,D3,High,"April 07, 2021","April 08, 2021",2021-04-07,2021-04-08,1,2021,4,2021-04,pre_grants_pass,Deep Cleaning,,False,False,False,False,westside,intersection,"Martin Luther King Jr Boulevard between West Grand Avenue & 23rd, Oakland, CA",,,,Deep Cleaning at MLK Westside Only (VA lot to 23rd St.)
W Grand Ave between San Pablo Ave & MLK,D3,High,"April 07, 2021","April 08, 2021",2021-04-07,2021-04-08,1,2021,4,2021-04,pre_grants_pass,Closure,Deep Cleaning,True,False,False,False,,intersection,"West Grand Avenue between San Pablo Avenue & Martin Luther King Jr Boulevard, Oakland, CA",,,,Deep Cleaning & Partial Closure
MLK between 23rd & 24th,D3,High,"March 31, 2021","April 01, 2021",2021-03-31,2021-04-01,1,2021,3,2021-03,pre_grants_pass,Deep Cleaning,,False,False,False,False,east side,intersection,"Martin Luther King Jr Boulevard between 23rd & 24th, Oakland, CA",,,,Deep Cleaning (East Side Only)
MLk between W Grand Ave & 23rd,D3,High,"March 31, 2021","April 01, 2021",2021-03-31,2021-04-01,1,2021,3,2021-03,pre_grants_pass,Deep Cleaning,,False,False,False,False,east side,intersection,"Martin Luther King Jr Boulevard between West Grand Avenue & 23rd, Oakland, CA",,,,Deep Cleaning (East Side Only)
MLK between 24th & 25th,D3,High,"March 31, 2021","April 01, 2021",2021-03-31,2021-04-01,1,2021,3,2021-03,pre_grants_pass,Deep Cleaning,,False,False,False,False,east side,intersection,"Martin Luther King Jr Boulevard between 24th & 25th, Oakland, CA",,,,Deep Cleaning (East Side Only)
Union Point Park,D5,High,"March 30, 2021","March 30, 2021",2021-03-30,2021-03-30,0,2021,3,2021-03,pre_grants_pass,Closure,,False,False,False,False,,named_place,"Union Point Park, Oakland, CA",37.7742,-122.2316,known_place_lookup,Closure
Joaquin Miller Park,D4,High,"March 30, 2021","March 30, 2021",2021-03-30,2021-03-30,0,2021,3,2021-03,pre_grants_pass,Closure,,False,False,True,False,,named_place,"Joaquin Miller Park, Oakland, CA",,,,Closure (Self Closure)
Alameda Avenue from Howard Street to Fruitvale Ave,D5,High,"March 23, 2021","March 25, 2021",2021-03-23,2021-03-25,2,2021,3,2021-03,pre_grants_pass,Deep Cleaning,,False,False,False,False,,intersection,"Alameda Avenue from Howard Street to Fruitvale Avenue, Oakland, CA",,,,Deep Cleaning
Alameda Avenue between E 8th St and Howard St,D5,High,"March 23, 2021","March 23, 2021",2021-03-23,2021-03-23,0,2021,3,2021-03,pre_grants_pass,Closure,,False,False,False,False,,intersection,"Alameda Avenue between E 8th Street and Howard Street, Oakland, CA",,,,Closure
East 8th Cul De Sac,D5,High,"March 23, 2021","March 23, 2021",2021-03-23,2021-03-23,0,2021,3,2021-03,pre_grants_pass,Closure,,False,False,False,False,,named_place,"East 8th Cul De Sac, Oakland, CA",,,,Closure
Union Point Park,D5,High,"March 09, 2021","March 11, 2021",2021-03-09,2021-03-11,2,2021,3,2021-03,pre_grants_pass,Closure,,False,False,False,False,,named_place,"Union Point Park, Oakland, CA",37.7742,-122.2316,known_place_lookup,Closure
Union Point Park,D5,High,"February 09, 2021","February 11, 2021",2021-02-09,2021-02-11,2,2021,2,2021-02,pre_grants_pass,Closure,,False,False,False,False,,named_place,"Union Point Park, Oakland, CA",37.7742,-122.2316,known_place_lookup,Closure
56th & Telegraph,D1,Low,"January 21, 2021","January 21, 2021",2021-01-21,2021-01-21,0,2021,1,2021-01,pre_grants_pass,Deep Cleaning,,False,False,False,False,,named_place,"56th & Telegraph, Oakland, CA",,,,Deep Cleaning
