"LOCATION","DISTRICT","SENSITIVITY ZONE","INTERVENTION","OPERATION START DATE","OPERATION END DATE"
"23rd St. between MLK and San Pablo","D3","High","Closure","November 24, 2025","November 26, 2025"
"San Pablo Ave between 23rd St and W Grand Ave","D3","High","Closure","November 24, 2025","November 26, 2025"
"San Pablo Ave between W Grand Ave & MLK","D3","High","Closure","November 24, 2025","November 26, 2025"
"MLK between San Pablo Ave & W Grand Ave","D3","High","Closure","November 24, 2025","November 26, 2025"
"MLk between W Grand Ave & 23rd","D3","High","Closure","November 24, 2025","November 26, 2025"
"W Grand Ave between San Pablo Ave & MLK","D3","High","Closure","November 24, 2025","November 26, 2025"
"5th ST/5th ST and Washington","D3","High","Closure","November 17, 2025","November 21, 2025"
"37th Ave between E. 9th St and San Leandro St","D5","High","Closure","November 17, 2025","November 21, 2025"
"MLK between San Pablo Ave & W Grand Ave","D3","High","Closure","November 17, 2025","November 21, 2025"
"Washington St between 4th St and 5th St","D3","High","Closure","November 17, 2025","November 21, 2025"
"San Pablo Ave between W Grand Ave & MLK","D3","High","Closure","November 17, 2025","November 21, 2025"
"San Pablo Ave between 23rd St and W Grand Ave","D3","High","Closure","November 17, 2025","November 21, 2025"
"MLk between W Grand Ave & 23rd","D3","High","Closure","November 17, 2025","November 21, 2025"
"W Grand Ave between San Pablo Ave & MLK","D3","High","Closure","November 17, 2025","November 21, 2025"
"23rd St. between MLK and San Pablo","D3","High","Closure","November 17, 2025","November 21, 2025"
"San Pablo Ave between 59th St & 60th St","D1","High","Closure","November 17, 2025","November 21, 2025"
"59th St between Herzog St and San Pablo Ave","D1","High","Closure","November 17, 2025","November 21, 2025"
"Robert Mason Fields/Golden Gate Playground","D1","High","Closure","November 17, 2025","November 21, 2025"
"Cesar Chavez Park","D5","High","Closure","November 10, 2025","November 14, 2025"
"San Pablo Ave between W Grand Ave & MLK","D3","High","Closure","November 10, 2025","November 14, 2025"
"San Pablo Ave between 23rd St and W Grand Ave","D3","High","Closure","November 10, 2025","November 14, 2025"
"23rd St. between MLK and San Pablo","D3","High","Closure","November 10, 2025","November 14, 2025"
"W Grand Ave between San Pablo Ave & MLK","D3","High","Closure","November 10, 2025","November 14, 2025"
"MLk between W Grand Ave & 23rd","D3","High","Closure","November 10, 2025","November 14, 2025"
"MLK between San Pablo Ave & W Grand Ave","D3","High","Closure","November 10, 2025","November 14, 2025"
"Median at Peralta St and 32nd St","D3","High","Deep Cleaning","November 10, 2025","November 14, 2025"
"36th Ave between Foothill Blvd and Harper St","D5","High","Closure","November 10, 2025","November 14, 2025"
"Foothill Blvd between Crosby Ave and Harrington Ave","D5","High","Closure","November 10, 2025","November 14, 2025"
"Foothill Blvd between Crosby Ave & 36th Ave","D5","High","Closure","November 10, 2025","November 14, 2025"
"Crosby Ave between Foothill Blvd and Harper St","D5","High","Closure","November 10, 2025","November 14, 2025"
"Cul-de-sac at 73rd Ave and Herbert Guice Way","D6","High","Closure","November 06, 2025","November 07, 2025"
"MLK between San Pablo Ave & W Grand Ave","D3","High","Closure","November 03, 2025","November 07, 2025"
"MLk between W Grand Ave & 23rd","D3","High","Closure","November 03, 2025","November 07, 2025"
"W Grand Ave between San Pablo Ave & MLK","D3","High","Closure","November 03, 2025","November 07, 2025"
"23rd St. between MLK and San Pablo","D3","High","Closure","November 03, 2025","November 07, 2025"
"San Pablo Ave between 23rd St and W Grand Ave","D3","High","Closure","November 03, 2025","November 07, 2025"
"San Pablo Ave between W Grand Ave & MLK","D3","High","Closure","November 03, 2025","November 07, 2025"
"Church St between Foohill Blvd and Bancroft Ave","D6","High","Closure","November 03, 2025","November 07, 2025"
"Hilton St between 55th Ave and Bancroft Ave","D6","High","Closure","November 03, 2025","November 07, 2025"
"Bancroft between Hilton St and Trask St","D6","High","Closure","November 03, 2025","November 07, 2025"
"Bancroft Ave between 55th Ave and Hilton St","D6","High","Closure","November 03, 2025","November 07, 2025"
"Bancroft between Cole St and 55th St","D6","High","Closure","November 03, 2025","November 07, 2025"
"55th Ave between Bancroft Ave & Hilton St","D6","High","Closure","November 03, 2025","November 07, 2025"
"55th Ave between Hilton St & Foothill Blvd","D6","High","Closure","November 03, 2025","November 07, 2025"
"San Leandro St between Prune St and 100th Ave","D7","High","Closure","October 27, 2025","October 31, 2025"
"98th Ave between Edes Ave and Walter Ave","D7","High","Closure","October 27, 2025","October 31, 2025"
"98th Ave between Walter Ave and Railroad Ave","D7","High","Closure","October 27, 2025","October 31, 2025"
"Tyler st between Railroad Ave and Walter Ave","D7","High","Closure","October 27, 2025","October 31, 2025"
"San Leandro St between 92nd Ave & 98th Ave","D7","High","Closure","October 27, 2025","October 31, 2025"
"Pearmain St between 98th Ave and Prune St","D7","High","Closure","October 27, 2025","October 31, 2025"
"Pearmain St between 100th Ave and Prune St","D7","High","Closure","October 27, 2025","October 31, 2025"
"Pearmain St between Douglas Ave and 100th Ave","D7","High","Closure","October 27, 2025","October 31, 2025"
"Pearmain St between Douglas Ave and Stone St","D7","High","Closure","October 27, 2025","October 31, 2025"
"Pearmain St between Stone St and Tartarian St","D7","High","Closure","October 27, 2025","October 31, 2025"
"Pearmain St between Tartarian St and Apple St","D7","High","Closure","October 27, 2025","October 31, 2025"
"Pearmain St between Apple St and Gravenstein St","D7","High","Closure","October 27, 2025","October 31, 2025"
"Pearmain St between Gravenstein St and 105th Ave","D7","High","Closure","October 27, 2025","October 31, 2025"
"Douglas Ave cul de sac","D7","High","Closure","October 27, 2025","October 31, 2025"
"Stone St between San Leandro St and Pippin St","D7","High","Closure","October 27, 2025","October 31, 2025"
"Stone St between Pippin St and Pearmain St","D7","High","Closure","October 27, 2025","October 31, 2025"
"100th Ave between San Leandro St and Pippin St","D7","High","Closure","October 27, 2025","October 31, 2025"
"100th Ave between Pippin St and Pearmain St","D7","High","Closure","October 27, 2025","October 31, 2025"
"Prune St between San Leandro St and Pippin St","D7","High","Closure","October 27, 2025","October 31, 2025"
"Prune St between Pippin St and Pearmain St","D7","High","Closure","October 27, 2025","October 31, 2025"
"San Leandro St between 98th Ave and Prune St","D7","High","Closure","October 27, 2025","October 31, 2025"
"San Leandro St between 100th Ave and Stone St","D7","High","Closure","October 27, 2025","October 31, 2025"
"Pippin St between 98th Ave and Prune St","D7","High","Closure","October 27, 2025","October 31, 2025"
"Pippin St between Prune St and 100th Ave","D7","High","Closure","October 27, 2025","October 31, 2025"
"Pippin St between 100th Ave and Stone St","D7","High","Closure","October 27, 2025","October 31, 2025"
"Nevada St between Railroad Ave and Walter Ave","D7","High","Closure","October 27, 2025","October 31, 2025"
"Walter Ave between Nevada St and 98th Ave","D7","High","Closure","October 27, 2025","October 31, 2025"
"Walter Ave between Tyler St and Nevada St","D7","High","Closure","October 27, 2025","October 31, 2025"
"Railroad Ave between 85th Ave and Louisana St","D7","High","Closure","October 27, 2025","October 31, 2025"
"Railroad Ave between Louisana St and Clara St","D7","High","Closure","October 27, 2025","October 31, 2025"
"Railroad Ave between Clara St and S Elmurst Ave","D7","High","Closure","October 27, 2025","October 31, 2025"
"Railroad Ave between S Elmurst Ave and Tyler St","D7","High","Closure","October 27, 2025","October 31, 2025"
"Railroad Ave between Tyler St and Nevada St","D7","High","Closure","October 27, 2025","October 31, 2025"
"Railroad Ave between Nevada St and 98th Ave","D7","High","Closure","October 27, 2025","October 31, 2025"
"Pine St between 8th St and Goss St","D3","High","Closure","October 27, 2025","October 31, 2025"
"Grand Ave between MacArthur and Lake Park Ave","D2","High","Closure","October 20, 2025","October 24, 2025"
"Lakeshore Ave between MacArthurd Ave and Lake Park Ave","D2","High","Closure","October 20, 2025","October 24, 2025"
"Lake Park Parking Lot","D2","High","Closure","October 20, 2025","October 24, 2025"
"Oak St between Fallon St and 2nd St","D2","High","Closure","October 20, 2025","October 24, 2025"
"Oak St between 3rd St and 4th St","D2","High","Closure","October 20, 2025","October 24, 2025"
"Oak St between 2nd St and 3rd St","D2","High","Closure","October 20, 2025","October 24, 2025"
"Fallon St between Victory Ct and Fallon St","D2","High","Closure","October 20, 2025","October 24, 2025"
"Fallon St between 4th St and Victory Ct","D2","High","Closure","October 20, 2025","October 24, 2025"
"Fallon St between Oak St and Fallon St","D2","High","Closure","October 20, 2025","October 24, 2025"
"South Prescott Park and Dog Park","D3","High","Closure","October 20, 2025","October 24, 2025"
"Peralta St between 5th St and 7th St","D3","High","Closure","October 20, 2025","October 24, 2025"
"Peralta St between 3rd St & 5th St","D3","High","Closure","October 20, 2025","October 24, 2025"
"3rd St between Lewis St & Peralta St","D3","High","Closure","October 20, 2025","October 24, 2025"
"3rd St between Henry St & Lewis St","D3","High","Closure","October 20, 2025","October 24, 2025"
"3rd St between Chester St and Henry St","D3","High","Closure","October 20, 2025","October 24, 2025"
"3rd St between Center St and Chester St","D3","High","Closure","October 20, 2025","October 24, 2025"
"Foothill Blvd between Frazier Ave and Talbot Ave","D7","High","Closure","October 13, 2025","October 17, 2025"
"Foothill Blvd between MacArthur and Frazier Ave","D7","High","Closure","October 13, 2025","October 17, 2025"
"Foothill Blvd between Talbot Ave and 106th Ave","D7","High","Closure","October 13, 2025","October 17, 2025"
"Foothill between 106th Ave and 108th Ave","D7","High","Closure","October 13, 2025","October 17, 2025"
"Foothill Blvd between 108th Ave and Durant Ave","D7","High","Closure","October 13, 2025","October 17, 2025"
"Talbot Ave between MacArthur Blvd and Fisher Ave","D7","High","Closure","October 13, 2025","October 17, 2025"
"Talbot Ave between Fisher Ave and Foothill Blvd","D7","High","Closure","October 13, 2025","October 17, 2025"
"Frazier Ave between Fisher Ave and Foothill Blvd","D7","High","Closure","October 13, 2025","October 17, 2025"
"Fisher Ave between MacArthur Blvd and Frazier Ave","D7","High","Closure","October 13, 2025","October 17, 2025"
"Fisher Ave between Frazier Ave and Talbot Ave","D7","High","Closure","October 13, 2025","October 17, 2025"
"MacArthur Blvd between Foothill Blvd & Fisher Ave","D7","High","Closure","October 13, 2025","October 17, 2025"
"MacArthur Blvd between Fisher Ave & Talbot Ave","D7","High","Closure","October 13, 2025","October 17, 2025"
"MacArthur Blvd between Talbot Ave and 106th Ave","D7","High","Closure","October 13, 2025","October 17, 2025"
"10451 MacArthur Blvd.","D7","High","Closure","October 13, 2025","October 17, 2025"
"85th Ave between Railroad Ave and Edes Ave","D7","High","Closure","October 13, 2025","October 17, 2025"
"Railroad Ave between 85th Ave and Louisana St","D7","High","Closure","October 13, 2025","October 17, 2025"
"Railroad Ave between Louisana St and Clara St","D7","High","Closure","October 13, 2025","October 17, 2025"
"Railroad Ave between Clara St and S Elmurst Ave","D7","High","Closure","October 13, 2025","October 17, 2025"
"Railroad Ave between S Elmurst Ave and Tyler St","D7","High","Closure","October 13, 2025","October 17, 2025"
"Railroad Ave between Tyler St and Nevada St","D7","High","Closure","October 13, 2025","October 17, 2025"
"Railroad Ave between Nevada St and 98th Ave","D7","High","Closure","October 13, 2025","October 17, 2025"
"5th Ave between Embarcadero & E 8th St","D2","High","Closure","October 06, 2025","October 10, 2025"
"Union Point Park","D5","High","Closure","October 06, 2025","October 10, 2025"
"Bay Trail (b/t Alameda Ave and High St)","D5","High","Closure","October 06, 2025","October 10, 2025"
"Bancroft Blvd between 67th Ave and 68th Ave","D6","High","Closure","October 01, 2025","October 03, 2025"
"Foothill Blvd between 67th Avenue and 68th Avenue","D6","High","Closure","October 01, 2025","October 03, 2025"
"68th Ave between Foothill Blvd and Bancroft Ave","D6","High","Closure","October 01, 2025","October 03, 2025"
"67th Ave between Foothill Blvd and Bancroft Ave","D6","High","Closure","October 01, 2025","October 03, 2025"
"Wood St between 32nd St and 34th St","D3","High","Closure","September 29, 2025","October 03, 2025"
"Harrison St and Grand Ave","D3","High","Closure","September 29, 2025","October 03, 2025"
"Downtown Oakland Senior Center","D3","High","Closure","September 29, 2025","October 03, 2025"
"San Leandro St between 42nd Ave and High St","D5","High","Closure","September 29, 2025","October 03, 2025"
"San Leandro St between 41st Ave & 42nd Ave","D5","High","Closure","September 29, 2025","October 03, 2025"
"San Leandro St between 40th Ave & 41st Ave","D5","High","Closure","September 29, 2025","October 03, 2025"
"45th Ave between Foothill Blvd and Bond St","D5","High","Closure","September 29, 2025","October 03, 2025"
"45th Avenue between Bancroft Avenue and Bond Street","D5","High","Closure","September 29, 2025","October 03, 2025"
"Bond St between High St and 42nd Avenue","D5","High","Closure","September 29, 2025","October 03, 2025"
"Bond St between High St and 45th Ave","D5","High","Closure","September 29, 2025","October 03, 2025"
"Bond St between 45th Ave and 46th Ave","D5","High","Closure","September 29, 2025","October 03, 2025"
"Foothill blvd between 45th and 46th Ave","D5","High","Closure","September 29, 2025","October 03, 2025"
"Northgate Ave between 24th St & 25th St","D3","High","Closure","September 29, 2025","October 03, 2025"
"46th Ave between Bancroft Ave and Bond St","D5","High","Closure","September 29, 2025","October 03, 2025"
"46th Ave between Bond St and Foothill Blvd","D5","High","Closure","September 29, 2025","October 03, 2025"
"Northgate Ave between 25th St & Sycamore St","D3","High","Closure","September 29, 2025","October 03, 2025"
"Northgate Ave between Sycamore St & 27th St","D3","High","Closure","September 29, 2025","October 03, 2025"
"Beach St/Wood St between 34th St and Halleck St","D3","High","Closure","September 29, 2025","October 03, 2025"
"Wood St between W Grand Ave and 24th St","D3","High","Closure","September 29, 2025","October 03, 2025"
"Wood St between 24th St and 26th St","D3","High","Closure","September 29, 2025","October 03, 2025"
"Wood St between 26th St and 32nd St","D3","High","Closure","September 29, 2025","October 03, 2025"
"27th St between Northgate Ave and Telegraph Ave","D3","High","Closure","September 29, 2025","October 03, 2025"
"24th St between Northgate Ave and Telegraph Ave","D3","High","Closure","September 29, 2025","October 03, 2025"
"25th st between Northgate Ave and Telegraph Ave","D3","High","Closure","September 29, 2025","October 03, 2025"
"Sycamore between Northgate Ave and Telegraph Ave","D3","High","Closure","September 29, 2025","October 03, 2025"
"W Grand Ave between San Pablo Ave & MLK","D3","High","Closure","September 29, 2025","October 03, 2025"
"W Grand Ave between MLK to Northgate","D3","High","Closure","September 29, 2025","October 03, 2025"
"W Grand Ave between Northgate Ave and Telegraph Ave","D3","High","Closure","September 29, 2025","October 03, 2025"
"Sycamore between Northgate and MLK","D3","High","Closure","September 29, 2025","October 03, 2025"
"San Pablo Ave between W Grand Ave & MLK","D3","High","Closure","September 29, 2025","October 03, 2025"
"23rd St. between MLK and San Pablo","D3","High","Closure","September 29, 2025","October 03, 2025"
"23rd St between Northgate Ave and Telegraph Ave","D3","High","Closure","September 29, 2025","October 03, 2025"
"23rd St between MLK to Northgate","D3","High","Closure","September 29, 2025","October 03, 2025"
"27th St between MLK Jr Way and Northgate Ave","D3","High","Closure","September 29, 2025","October 03, 2025"
"MLk between W Grand Ave & 23rd","D3","High","Closure","September 29, 2025","October 03, 2025"
"MLK between 23rd & 24th","D3","High","Closure","September 29, 2025","October 03, 2025"
"MLK between 24th & 25th","D3","High","Closure","September 29, 2025","October 03, 2025"
"MLK between 25th St & Sycamore St","D3","High","Closure","September 29, 2025","October 03, 2025"
"MLK between Sycamore St & 26th St","D3","High","Closure","September 29, 2025","October 03, 2025"
"MLK between 26th St & 27th St","D3","High","Closure","September 29, 2025","October 03, 2025"
"Northgate Ave between W Grand Ave and 23rd St","D3","High","Closure","September 29, 2025","October 03, 2025"
"Northgate Ave between 23rd St and 24th St","D3","High","Closure","September 29, 2025","October 03, 2025"
"MLK between 25th St & Sycamore St","D3","High","Closure","September 22, 2025","September 26, 2025"
"MLK between Sycamore St & 26th St","D3","High","Closure","September 22, 2025","September 26, 2025"
"MLK between 26th St & 27th St","D3","High","Closure","September 22, 2025","September 26, 2025"
"Northgate Ave between W Grand Ave and 23rd St","D3","High","Closure","September 22, 2025","September 26, 2025"
"Northgate Ave between 23rd St and 24th St","D3","High","Closure","September 22, 2025","September 26, 2025"
"Northgate Ave between 24th St & 25th St","D3","High","Closure","September 22, 2025","September 26, 2025"
"Northgate Ave between 25th St & Sycamore St","D3","High","Closure","September 22, 2025","September 26, 2025"
"Northgate Ave between Sycamore St & 27th St","D3","High","Closure","September 22, 2025","September 26, 2025"
"28th Street between Ettie and Mandela Parkway","D3","High","Deep Cleaning","September 22, 2025","September 26, 2025"
"28th St between Ettie St & Hannah St","D3","High","Deep Cleaning","September 22, 2025","September 26, 2025"
"Ettie St b/t 28th St and 32nd St","D3","High","Closure","September 22, 2025","September 26, 2025"
"Telegraph Ave between 34th St and 36th St.","D3","High","Closure & Deep Cleaning","September 22, 2025","September 26, 2025"
"West between 35th and 36th St","D3","High","Closure","September 22, 2025","September 26, 2025"
"19th Ave between Solano Way and International Blvd","D2","High","Closure","September 22, 2025","September 26, 2025"
"19th Ave between E 12th St and Solano Way","D2","High","Closure","September 22, 2025","September 26, 2025"
"E. 12th Median : 14th Ave to 19th Ave","D2","High","Closure","September 22, 2025","September 26, 2025"
"Wood St between W Grand Ave and 24th St","D3","High","Closure","September 22, 2025","September 26, 2025"
"Beach St/Wood St between 34th St and Halleck St","D3","High","Closure","September 22, 2025","September 26, 2025"
"Wood St between 24th St and 26th St","D3","High","Closure","September 22, 2025","September 26, 2025"
"Wood St between 26th St and 32nd St","D3","High","Closure","September 22, 2025","September 26, 2025"
"Wood St between 32nd St and 34th St","D3","High","Closure","September 22, 2025","September 26, 2025"
"27th St between Northgate Ave and Telegraph Ave","D3","High","Closure","September 22, 2025","September 26, 2025"
"24th St between Northgate Ave and Telegraph Ave","D3","High","Closure","September 22, 2025","September 26, 2025"
"25th st between Northgate Ave and Telegraph Ave","D3","High","Closure","September 22, 2025","September 26, 2025"
"Sycamore between Northgate Ave and Telegraph Ave","D3","High","Closure","September 22, 2025","September 26, 2025"
"W Grand Ave between San Pablo Ave & MLK","D3","High","Closure","September 22, 2025","September 26, 2025"
"W Grand Ave between MLK to Northgate","D3","High","Closure","September 22, 2025","September 26, 2025"
"W Grand Ave between Northgate Ave and Telegraph Ave","D3","High","Closure","September 22, 2025","September 26, 2025"
"Sycamore between Northgate and MLK","D3","High","Closure","September 22, 2025","September 26, 2025"
"San Pablo Ave between W Grand Ave & MLK","D3","High","Closure","September 22, 2025","September 26, 2025"
"23rd St. between MLK and San Pablo","D3","High","Closure","September 22, 2025","September 26, 2025"
"23rd St between Northgate Ave and Telegraph Ave","D3","High","Closure","September 22, 2025","September 26, 2025"
"23rd St between MLK to Northgate","D3","High","Closure","September 22, 2025","September 26, 2025"
"27th St between MLK Jr Way and Northgate Ave","D3","High","Closure","September 22, 2025","September 26, 2025"
"MLk between W Grand Ave & 23rd","D3","High","Closure","September 22, 2025","September 26, 2025"
"MLK between 23rd & 24th","D3","High","Closure","September 22, 2025","September 26, 2025"
"MLK between 24th & 25th","D3","High","Closure","September 22, 2025","September 26, 2025"
"24th St between Northgate Ave and Telegraph Ave","D3","High","Closure","September 15, 2025","September 19, 2025"
"Sycamore between Northgate Ave and Telegraph Ave","D3","High","Closure","September 15, 2025","September 19, 2025"
"W Grand Ave between San Pablo Ave & MLK","D3","High","Closure","September 15, 2025","September 19, 2025"
"W Grand Ave between MLK to Northgate","D3","High","Closure","September 15, 2025","September 19, 2025"
"W Grand Ave between Northgate Ave and Telegraph Ave","D3","High","Closure","September 15, 2025","September 19, 2025"
"Sycamore between Northgate and MLK","D3","High","Closure","September 15, 2025","September 19, 2025"
"San Pablo Ave between W Grand Ave & MLK","D3","High","Closure","September 15, 2025","September 19, 2025"
"23rd St. between MLK and San Pablo","D3","High","Closure","September 15, 2025","September 19, 2025"
"23rd St between Northgate Ave and Telegraph Ave","D3","High","Closure","September 15, 2025","September 19, 2025"
"23rd St between MLK to Northgate","D3","High","Closure","September 15, 2025","September 19, 2025"
"27th St between MLK Jr Way and Northgate Ave","D3","High","Closure","September 15, 2025","September 19, 2025"
"MLk between W Grand Ave & 23rd","D3","High","Closure","September 15, 2025","September 19, 2025"
"MLK between 23rd & 24th","D3","High","Closure","September 15, 2025","September 19, 2025"
"MLK between 24th & 25th","D3","High","Closure","September 15, 2025","September 19, 2025"
"MLK between 25th St & Sycamore St","D3","High","Closure","September 15, 2025","September 19, 2025"
"MLK between Sycamore St & 26th St","D3","High","Closure","September 15, 2025","September 19, 2025"
"MLK between 26th St & 27th St","D3","High","Closure","September 15, 2025","September 19, 2025"
"Northgate Ave between W Grand Ave and 23rd St","D3","High","Closure","September 15, 2025","September 19, 2025"
"Northgate Ave between 23rd St and 24th St","D3","High","Closure","September 15, 2025","September 19, 2025"
"Northgate Ave between 24th St & 25th St","D3","High","Closure","September 15, 2025","September 19, 2025"
"Northgate Ave between 25th St & Sycamore St","D3","High","Closure","September 15, 2025","September 19, 2025"
"Northgate Ave between Sycamore St & 27th St","D3","High","Closure","September 15, 2025","September 19, 2025"
"28th Street between Ettie and Mandela Parkway","D3","High","Deep Cleaning","September 15, 2025","September 19, 2025"
"28th St between Ettie St & Hannah St","D3","High","Deep Cleaning","September 15, 2025","September 19, 2025"
"Ettie St b/t 28th St and 32nd St","D3","High","Closure","September 15, 2025","September 19, 2025"
"Telegraph Ave between 34th St and 36th St.","D3","High","Closure & Deep Cleaning","September 15, 2025","September 19, 2025"
"West between 35th and 36th St","D3","High","Closure","September 15, 2025","September 19, 2025"
"88th Ave Mini Park","D7","High","Closure","September 15, 2025","September 19, 2025"
"88th Ave between Birch St and Plymouth St","D7","High","Closure","September 15, 2025","September 19, 2025"
"27th St between Northgate Ave and Telegraph Ave","D3","High","Closure","September 15, 2025","September 19, 2025"
"25th st between Northgate Ave and Telegraph Ave","D3","High","Closure","September 15, 2025","September 19, 2025"
"Marston Campbell Park (KIPP School)","D3","High","Closure","September 11, 2025","September 12, 2025"
"Sycamore between Northgate and MLK","D3","High","Closure","September 08, 2025","September 12, 2025"
"W Grand Ave between Northgate Ave and Telegraph Ave","D3","High","Closure","September 08, 2025","September 12, 2025"
"W Grand Ave between MLK to Northgate","D3","High","Closure","September 08, 2025","September 12, 2025"
"W Grand Ave between San Pablo Ave & MLK","D3","High","Closure","September 08, 2025","September 12, 2025"
"MLK between Sycamore St & 26th St","D3","High","Closure","September 08, 2025","September 12, 2025"
"MLK between 25th St & Sycamore St","D3","High","Closure","September 08, 2025","September 12, 2025"
"MLK between 24th & 25th","D3","High","Closure","September 08, 2025","September 12, 2025"
"MLK between 23rd & 24th","D3","High","Closure","September 08, 2025","September 12, 2025"
"MLk between W Grand Ave & 23rd","D3","High","Closure","September 08, 2025","September 12, 2025"
"27th St between MLK Jr Way and Northgate Ave","D3","High","Closure","September 08, 2025","September 12, 2025"
"23rd St between MLK to Northgate","D3","High","Closure","September 08, 2025","September 12, 2025"
"23rd St between Northgate Ave and Telegraph Ave","D3","High","Closure","September 08, 2025","September 12, 2025"
"Northgate Ave between W Grand Ave and 23rd St","D3","High","Closure","September 08, 2025","September 12, 2025"
"Northgate Ave between 23rd St and 24th St","D3","High","Closure","September 08, 2025","September 12, 2025"
"Northgate Ave between 24th St & 25th St","D3","High","Closure","September 08, 2025","September 12, 2025"
"Northgate Ave between 25th St & Sycamore St","D3","High","Closure","September 08, 2025","September 12, 2025"
"Northgate Ave between Sycamore St & 27th St","D3","High","Closure","September 08, 2025","September 12, 2025"
"27th St between Northgate Ave and Telegraph Ave","D3","High","Closure","September 08, 2025","September 12, 2025"
"24th St between Northgate Ave and Telegraph Ave","D3","High","Closure","September 08, 2025","September 12, 2025"
"25th st between Northgate Ave and Telegraph Ave","D3","High","Closure","September 08, 2025","September 12, 2025"
"Sycamore between Northgate Ave and Telegraph Ave","D3","High","Closure","September 08, 2025","September 12, 2025"
"Kirkham St between 5th & 7th St.","D3","High","Closure","September 08, 2025","September 12, 2025"
"Union St between 5th St and 7th St","D3","High","Closure","September 08, 2025","September 12, 2025"
"Goss St between Pine St and Wood St","D3","High","Closure","September 08, 2025","September 12, 2025"
"Pine St between 8th St and Goss St","D3","High","Closure","September 08, 2025","September 12, 2025"
"Wood St between 7th St and Goss St","D3","High","Closure","September 08, 2025","September 12, 2025"
"7th St between Willow St and Wood St","D3","High","Closure","September 08, 2025","September 12, 2025"
"Adeline St & 3rd St","D3","High","Closure","September 08, 2025","September 12, 2025"
"5th St. between Mandela Pkwy & Union","D3","High","Closure","September 08, 2025","September 12, 2025"
"23rd St. between MLK and San Pablo","D3","High","Closure","September 08, 2025","September 12, 2025"
"San Pablo Ave between W Grand Ave & MLK","D3","High","Closure","September 08, 2025","September 12, 2025"
"MLK between 26th St & 27th St","D3","High","Closure","September 08, 2025","September 12, 2025"
"MLK between 25th St & Sycamore St","D3","High","Closure","September 02, 2025","September 05, 2025"
"27th St between Northgate Ave and Telegraph Ave","D3","High","Closure","September 02, 2025","September 05, 2025"
"24th St between Northgate Ave and Telegraph Ave","D3","High","Closure","September 02, 2025","September 05, 2025"
"25th st between Northgate Ave and Telegraph Ave","D3","High","Closure","September 02, 2025","September 05, 2025"
"Sycamore between Northgate Ave and Telegraph Ave","D3","High","Closure","September 02, 2025","September 05, 2025"
"W Grand Ave between San Pablo Ave & MLK","D3","High","Closure","September 02, 2025","September 05, 2025"
"W Grand Ave between MLK to Northgate","D3","High","Closure","September 02, 2025","September 05, 2025"
"W Grand Ave between Northgate Ave and Telegraph Ave","D3","High","Closure","September 02, 2025","September 05, 2025"
"Sycamore between Northgate and MLK","D3","High","Closure","September 02, 2025","September 05, 2025"
"San Pablo Ave between W Grand Ave & MLK","D3","High","Closure","September 02, 2025","September 05, 2025"
"23rd St. between MLK and San Pablo","D3","High","Closure","September 02, 2025","September 05, 2025"
"23rd St between Northgate Ave and Telegraph Ave","D3","High","Closure","September 02, 2025","September 05, 2025"
"23rd St between MLK to Northgate","D3","High","Closure","September 02, 2025","September 05, 2025"
"27th St between MLK Jr Way and Northgate Ave","D3","High","Closure","September 02, 2025","September 05, 2025"
"MLk between W Grand Ave & 23rd","D3","High","Closure","September 02, 2025","September 05, 2025"
"MLK between 23rd & 24th","D3","High","Closure","September 02, 2025","September 05, 2025"
"MLK between 24th & 25th","D3","High","Closure","September 02, 2025","September 05, 2025"
"MLK between Sycamore St & 26th St","D3","High","Closure","September 02, 2025","September 05, 2025"
"MLK between 26th St & 27th St","D3","High","Closure","September 02, 2025","September 05, 2025"
"Northgate Ave between W Grand Ave and 23rd St","D3","High","Closure","September 02, 2025","September 05, 2025"
"Northgate Ave between 23rd St and 24th St","D3","High","Closure","September 02, 2025","September 05, 2025"
"Northgate Ave between 24th St & 25th St","D3","High","Closure","September 02, 2025","September 05, 2025"
"Northgate Ave between 25th St & Sycamore St","D3","High","Closure","September 02, 2025","September 05, 2025"
"Northgate Ave between Sycamore St & 27th St","D3","High","Closure","September 02, 2025","September 05, 2025"
"83rd Ave between Holly St and International Blvd","D7","High","Closure","September 02, 2025","September 05, 2025"
"84th Ave between Holly St and International Blvd","D7","High","Closure","September 02, 2025","September 05, 2025"
"85th Ave between Holly St and International Blvd","D7","High","Closure","September 02, 2025","September 05, 2025"
"86th Ave between International and Holly St","D7","High","Closure","September 02, 2025","September 05, 2025"
"87th Ave between Holly St and International Blvd","D7","High","Closure","September 02, 2025","September 05, 2025"
"Kirkham St between 5th & 7th St.","D3","High","Closure","September 02, 2025","September 05, 2025"
"Union St between 5th St and 7th St","D3","High","Closure","September 02, 2025","September 05, 2025"
"Goss St between Pine St and Wood St","D3","High","Closure","September 02, 2025","September 05, 2025"
"Pine St between 8th St and Goss St","D3","High","Closure","September 02, 2025","September 05, 2025"
"Wood St between 7th St and Goss St","D3","High","Closure","September 02, 2025","September 05, 2025"
"7th St between Willow St and Wood St","D3","High","Closure","September 02, 2025","September 05, 2025"
"5th St. between Mandela Pkwy & Union","D3","High","Closure","September 02, 2025","September 05, 2025"
"Broadway between Embarcadero West and 2nd St","D3","High","Closure","July 28, 2025","August 01, 2025"
"Broadway between 2nd St and 3rd St","D3","High","Closure","July 28, 2025","August 01, 2025"
"Broadway between 3rd St & 4th St","D3","High","Closure","July 28, 2025","August 01, 2025"
"Franklin st between Embarcadero West and 2nd St","D3","High","Closure","July 28, 2025","August 01, 2025"
"Franklin st between 2nd St and 3rd St","D3","High","Closure","July 28, 2025","August 01, 2025"
"Franklin st between 3rd St and 4th St","D3","High","Closure","July 28, 2025","August 01, 2025"
"4th St between Clay St and Washington St","D3","High","Closure","July 28, 2025","August 01, 2025"
"4th St between Washington St & Broadway","D3","High","Closure","July 28, 2025","August 01, 2025"
"4th St between Broadway and Franklin St","D3","High","Closure","July 28, 2025","August 01, 2025"
"3rd St between Clay St and Washington St","D3","High","Closure","July 28, 2025","August 01, 2025"
"3rd St between Washington St & Broadway","D3","High","Closure","July 28, 2025","August 01, 2025"
"2nd St between Broadway and Franklin St","D3","High","Closure","July 28, 2025","August 01, 2025"
"2nd St between Washington St & Broadway","D3","High","Closure","July 28, 2025","August 01, 2025"
"2ndSt between Clay St and Washington St","D3","High","Closure","July 28, 2025","August 01, 2025"
"19th Ave between Solano Way and International Blvd","D2","High","Closure","July 28, 2025","August 01, 2025"
"19th Ave between E 12th St and Solano Way","D2","High","Closure","July 28, 2025","August 01, 2025"
"E. 12th Median : 14th Ave to 19th Ave","D2","High","Closure","July 28, 2025","August 01, 2025"
"Broadway between 5th and 6th","D2","High","Closure","July 28, 2025","August 01, 2025"
"Broadway between 4th St and 5th St","D2","High","Closure","July 28, 2025","August 01, 2025"
"4th st between Webster St & Franklin St","D2","High","Closure","July 28, 2025","August 01, 2025"
"4th st between Harrison st and Webster St","D2","High","Closure","July 28, 2025","August 01, 2025"
"Embarcadero West between Clay St and Washington St","D3","High","Closure","July 28, 2025","August 01, 2025"
"Embarcadero West between Washington St and Broadway","D3","High","Closure","July 28, 2025","August 01, 2025"
"3rd St between Broadway and Franklin St","D3","High","Closure","July 28, 2025","August 01, 2025"
"Embarcadero West between Clay St and Franklin St","D3","High","Closure","July 28, 2025","August 01, 2025"
"MLk between W Grand Ave & 23rd","D3","High","Closure","July 28, 2025","August 01, 2025"
"MLK between 23rd & 24th","D3","High","Closure","July 28, 2025","August 01, 2025"
"MLK between 24th & 25th","D3","High","Closure","July 28, 2025","August 01, 2025"
"17th Ave between E 12th St and Solano Way","D3","High","Closure","July 28, 2025","August 01, 2025"
"17th Ave between Solano Way and International Blvd","D3","High","Closure","July 28, 2025","August 01, 2025"
"Milton St between Market St and San Pablo Ave","D3","High","Closure","July 28, 2025","August 01, 2025"
"San Pablo Ave between 27th St and Milton St","D3","High","Closure","July 28, 2025","August 01, 2025"
"San Pablo Ave between Milton St & Mead Ave","D3","High","Closure","July 28, 2025","August 01, 2025"
"Castro St between 12th St & 14th St","D3","High","Closure","July 28, 2025","August 01, 2025"
"Castro St between 14th St & 15th St","D3","High","Closure","July 28, 2025","August 01, 2025"
"23rd St. between MLK and San Pablo","D3","High","Closure","July 28, 2025","August 01, 2025"
"23rd St between MLK to Northgate","D3","High","Closure","July 28, 2025","August 01, 2025"
"Northgate Ave between W Grand Ave and 23rd St","D3","High","Closure","July 28, 2025","July 31, 2025"
"Northgate Ave between 23rd St and 24th St","D3","High","Closure","July 28, 2025","July 31, 2025"
"Northgate Ave between 24th St & 25th St","D3","High","Closure","July 28, 2025","July 31, 2025"
"Northgate Ave between 25th St & Sycamore St","D3","High","Closure","July 28, 2025","July 31, 2025"
"Northgate Ave between Sycamore St & 27th St","D3","High","Closure","July 28, 2025","July 31, 2025"
"MLk between W Grand Ave & 23rd","D3","High","Closure","July 28, 2025","July 31, 2025"
"MLK between 23rd & 24th","D3","High","Closure","July 28, 2025","July 31, 2025"
"MLK between 24th & 25th","D3","High","Closure","July 28, 2025","July 31, 2025"
"MLK between 25th St & Sycamore St","D3","High","Closure","July 28, 2025","July 31, 2025"
"MLK between Sycamore St & 26th St","D3","High","Closure","July 28, 2025","July 31, 2025"
"MLK between 26th St & 27th St","D3","High","Closure","July 28, 2025","July 31, 2025"
"Sycamore between Northgate and MLK","D3","High","Closure","July 28, 2025","July 31, 2025"
"Clay st between Embarcadero West and 2nd St","D3","High","Closure","July 28, 2025","August 01, 2025"
"Clay st between 2nd St and 3rd St","D3","High","Closure","July 28, 2025","August 01, 2025"
"Clay st between 3rd St and 4th St","D3","High","Closure","July 28, 2025","August 01, 2025"
"Washington St between 2nd St & Embarcadero West","D3","High","Closure","July 28, 2025","August 01, 2025"
"Washington St between 2nd St & 3rd St","D3","High","Closure","July 28, 2025","August 01, 2025"
"Washington St between 3rd St & 4th St","D3","High","Closure","July 28, 2025","August 01, 2025"
"Clay st between 3rd St and 4th St","D3","High","Closure","July 23, 2025","July 25, 2025"
"Washington St between 2nd St & Embarcadero West","D3","High","Closure","July 23, 2025","July 25, 2025"
"Washington St between 2nd St & 3rd St","D3","High","Closure","July 23, 2025","July 25, 2025"
"Washington St between 3rd St & 4th St","D3","High","Closure","July 23, 2025","July 25, 2025"
"Broadway between Embarcadero West and 2nd St","D3","High","Closure","July 23, 2025","July 25, 2025"
"Broadway between 2nd St and 3rd St","D3","High","Closure","July 23, 2025","July 25, 2025"
"Broadway between 3rd St & 4th St","D3","High","Closure","July 23, 2025","July 25, 2025"
"Franklin st between Embarcadero West and 2nd St","D3","High","Closure","July 23, 2025","July 25, 2025"
"Franklin st between 2nd St and 3rd St","D3","High","Closure","July 23, 2025","July 25, 2025"
"Franklin st between 3rd St and 4th St","D3","High","Closure","July 23, 2025","July 25, 2025"
"4th St between Clay St and Washington St","D3","High","Closure","July 23, 2025","July 25, 2025"
"4th St between Washington St & Broadway","D3","High","Closure","July 23, 2025","July 25, 2025"
"4th St between Broadway and Franklin St","D3","High","Closure","July 23, 2025","July 25, 2025"
"3rd St between Clay St and Washington St","D3","High","Closure","July 23, 2025","July 25, 2025"
"3rd St between Washington St & Broadway","D3","High","Closure","July 23, 2025","July 25, 2025"
"3rd St between Broadway and Franklin St","D3","High","Closure","July 23, 2025","July 25, 2025"
"2ndSt between Clay St and Washington St","D3","High","Closure","July 23, 2025","July 25, 2025"
"2nd St between Washington St & Broadway","D3","High","Closure","July 23, 2025","July 25, 2025"
"2nd St between Broadway and Franklin St","D3","High","Closure","July 23, 2025","July 25, 2025"
"Embarcadero West between Clay St and Franklin St","D3","High","Closure","July 23, 2025","July 25, 2025"
"Embarcadero West between Washington St and Broadway","D3","High","Closure","July 23, 2025","July 25, 2025"
"Embarcadero West between Clay St and Washington St","D3","High","Closure","July 23, 2025","July 25, 2025"
"Clay st between 2nd St and 3rd St","D3","High","Closure","July 23, 2025","July 25, 2025"
"Clay st between Embarcadero West and 2nd St","D3","High","Closure","July 23, 2025","July 25, 2025"
"Brush St between 20th St and 21st St","D3","High","Closure","July 21, 2025","July 25, 2025"
"E. 12th Median : 14th Ave to 19th Ave","D2","High","Closure","July 21, 2025","July 24, 2025"
"22nd St between Brush St & West St","D3","High","Closure","July 21, 2025","July 25, 2025"
"Brush St between 21st St and 22nd St","D3","High","Closure","July 21, 2025","July 25, 2025"
"Brush St between 22nd St and W Grand Ave","D3","High","Closure","July 21, 2025","July 25, 2025"
"E 15th St between 23rd Ave & Miller Ave","D3","High","Closure","July 21, 2025","July 25, 2025"
"42nd between MLK & Telegraph","D1","High","Closure","July 21, 2025","July 25, 2025"
"MLk between W Grand Ave & 23rd","D3","High","Closure","July 21, 2025","July 24, 2025"
"MLK between 23rd & 24th","D3","High","Closure","July 21, 2025","July 24, 2025"
"MLK between 24th & 25th","D3","High","Closure","July 21, 2025","July 24, 2025"
"23rd St. between MLK and San Pablo","D3","High","Closure","July 21, 2025","July 24, 2025"
"23rd St between MLK to Northgate","D3","High","Closure","July 21, 2025","July 24, 2025"
"35th St between Adeline St and Chestnut St","D3","High","Closure","July 21, 2025","July 24, 2025"
"35th St between Chestnut St and San Pablo Ave","D3","High","Closure","July 21, 2025","July 24, 2025"
"34th St between Adeline St and Chestnut St","D3","High","Closure","July 21, 2025","July 24, 2025"
"34th St between Chestnut St and San Pablo Ave","D3","High","Closure","July 21, 2025","July 24, 2025"
"Chestnut St between 35th St and 34th St","D3","High","Closure","July 21, 2025","July 24, 2025"
"Magnolia St between 35th St and 36th St","D3","High","Closure","July 21, 2025","July 24, 2025"
"Peralta St between Harlan St and 35th St","D3","High","Closure","July 21, 2025","July 24, 2025"
"Peralta St between 35th St and 36th St","D3","High","Closure","July 21, 2025","July 24, 2025"
"19th Ave between E 12th St and Solano Way","D2","High","Closure","July 21, 2025","July 24, 2025"
"19th Ave between Solano Way and International Blvd","D2","High","Closure","July 21, 2025","July 24, 2025"
"Miller Ave between E 15th St & E 16th St","D2","High","Closure","July 15, 2025","July 17, 2025"
"E 15th St between 23rd Ave and Miller Ave","D2","High","Closure","July 15, 2025","July 17, 2025"
"E 15th St between Miller Ave and 24th Ave","D2","High","Closure","July 15, 2025","July 17, 2025"
"23rd Ave between E 15th St and  E 16th St","D2","High","Closure","July 15, 2025","July 15, 2025"
"23rd Ave between International Blvd & E 15th St","D2","High","Closure","July 15, 2025","July 15, 2025"
"Miller Ave between International Blvd & E 15th St","D2","High","Closure","July 15, 2025","July 17, 2025"
"Hawley St between 71st Ave and 72nd Ave","D6","High","Closure","July 14, 2025","July 17, 2025"
"19th Ave between E 12th St and Solano Way","D2","High","Closure","July 14, 2025","July 18, 2025"
"19th Ave between Solano Way and International Blvd","D2","High","Closure","July 14, 2025","July 18, 2025"
"E. 12th Median : 14th Ave to 19th Ave","D2","High","Closure","July 14, 2025","July 18, 2025"
"MLk between W Grand Ave & 23rd","D3","High","Closure","July 14, 2025","July 18, 2025"
"MLK between 23rd & 24th","D3","High","Closure","July 14, 2025","July 18, 2025"
"MLK between 24th & 25th","D3","High","Closure","July 14, 2025","July 18, 2025"
"23rd St. between MLK and San Pablo","D3","High","Closure","July 14, 2025","July 18, 2025"
"23rd St between MLK to Northgate","D3","High","Closure","July 14, 2025","July 18, 2025"
"73rd Ave between Hawley St and Spencer St","D6","High","Closure","July 14, 2025","July 17, 2025"
"Hawley St between 72nd Ave and 73rd Ave","D6","High","Closure","July 14, 2025","July 17, 2025"
"23rd St between MLK to Northgate","D3","High","Closure","July 10, 2025","July 11, 2025"
"MLK between 24th & 25th","D3","High","Closure","July 10, 2025","July 11, 2025"
"MLK between 23rd & 24th","D3","High","Closure","July 10, 2025","July 11, 2025"
"MLk between W Grand Ave & 23rd","D3","High","Closure","July 10, 2025","July 11, 2025"
"23rd St. between MLK and San Pablo","D3","High","Closure","July 10, 2025","July 11, 2025"
"Castro St between 16th St & 17th St","D3","High","Closure","July 09, 2025","July 10, 2025"
"Castro St between 15th St & 16th St","D3","High","Closure","July 09, 2025","July 10, 2025"
"16th St between Castro St and MLK","D3","High","Closure","July 09, 2025","July 10, 2025"
"E 11th St & 23rd Ave","D5","High","Closure","July 07, 2025","July 09, 2025"
"Castro St between 14th St & 15th St","D3","High","Closure","July 07, 2025","July 11, 2025"
"Castro St between 12th St & 14th St","D3","High","Closure","July 07, 2025","July 11, 2025"
"Castro St between 11th St & 12th St","D3","High","Closure","July 07, 2025","July 11, 2025"
"2121 E. 12th St/23rd Ave and E. 12th St","D2","High","Closure","July 07, 2025","July 11, 2025"
"50th Ave between E 12th St & San Leandro St","D5","High","Closure","June 30, 2025","July 03, 2025"
"49th Ave between International Blvd and San Leandro St","D5","High","Closure","June 30, 2025","July 03, 2025"
"50th Ave between International Blvd & E 12th St","D5","High","Closure","June 30, 2025","July 03, 2025"
"48th Street between International Boulevard and San Leandro Street","D5","High","Closure","June 30, 2025","July 03, 2025"
"E. 12th St between 49th Ave and 50th Ave","D5","High","Closure","June 30, 2025","July 03, 2025"
"E. 12th St between 48th Ave and 49th Ave","D5","High","Closure","June 30, 2025","July 03, 2025"
"E. 12th St between 47th Ave and 48th Ave","D5","High","Closure","June 30, 2025","July 03, 2025"
"E. 12th St between 46th Ave and 47th Ave","D5","High","Closure","June 30, 2025","July 03, 2025"
"E. 12th St between 45th Ave and 46th Ave","D5","High","Closure","June 30, 2025","July 03, 2025"
"E. 12th St between 44th Ave and 45th Ave","D5","High","Closure","June 30, 2025","July 03, 2025"
"E. 12th St between High St and 44th Ave","D5","High","Closure","June 30, 2025","July 03, 2025"
"E. 12th St between 42nd Ave and High St","D5","High","Closure","June 30, 2025","July 03, 2025"
"E. 12th St between 41st Ave and 42nd Ave","D5","High","Closure","June 30, 2025","July 03, 2025"
"E. 12th St between 40th Ave and 41st Ave","D5","High","Closure","June 30, 2025","July 03, 2025"
"45th between E 12th St and San Leandro","D5","High","Closure","June 30, 2025","July 03, 2025"
"45th Ave between International and E12 Street","D5","High","Closure","June 30, 2025","July 03, 2025"
"47th Ave between E.12th and San Leandro St","D5","High","Closure","June 30, 2025","July 03, 2025"
"47th Avenue between East 12th & International Blvd","D5","High","Closure","June 30, 2025","July 03, 2025"
"High St between E 12th St Pl & International Blvd","D5","High","Closure","June 30, 2025","July 03, 2025"
"High St between E 12th St & E 12th St Pl","D5","High","Closure","June 30, 2025","July 03, 2025"
"46th Ave and E. 12th (cul-de-sac)","D5","High","Closure","June 30, 2025","July 03, 2025"
"46th Ave between International and E12 Street","D5","High","Closure","June 30, 2025","July 03, 2025"
"44th Ave between E 12th St & San Leandro ST","D5","High","Closure","June 30, 2025","July 03, 2025"
"44th Ave between E 12th St & International Blvd","D5","High","Closure","June 30, 2025","July 03, 2025"
"42nd Ave between International and E 12th St","D5","High","Closure","June 30, 2025","July 03, 2025"
"41st Ave and San Leandro St","D5","High","Closure","June 30, 2025","July 03, 2025"
"41st Ave between International blvd and San Leandro St","D5","High","Closure","June 30, 2025","July 03, 2025"
"42nd Ave between International and E 12th St","D5","High","Closure","June 23, 2025","June 27, 2025"
"41st Ave and San Leandro St","D5","High","Closure","June 23, 2025","June 27, 2025"
"23rd St. between MLK and San Pablo","D3","High","Closure","June 23, 2025","June 27, 2025"
"49th Ave between International Blvd and San Leandro St","D5","High","Closure","June 23, 2025","June 27, 2025"
"41st Ave between International blvd and San Leandro St","D5","High","Closure","June 23, 2025","June 27, 2025"
"50th Ave between E 12th St & San Leandro St","D5","High","Closure","June 23, 2025","June 27, 2025"
"50th Ave between International Blvd & E 12th St","D5","High","Closure","June 23, 2025","June 27, 2025"
"48th Street between International Boulevard and San Leandro Street","D5","High","Closure","June 23, 2025","June 27, 2025"
"E. 12th St between 49th Ave and 50th Ave","D5","High","Closure","June 23, 2025","June 27, 2025"
"E. 12th St between 48th Ave and 49th Ave","D5","High","Closure","June 23, 2025","June 27, 2025"
"E. 12th St between 47th Ave and 48th Ave","D5","High","Closure","June 23, 2025","June 27, 2025"
"E. 12th St between 46th Ave and 47th Ave","D5","High","Closure","June 23, 2025","June 27, 2025"
"E. 12th St between 45th Ave and 46th Ave","D5","High","Closure","June 23, 2025","June 27, 2025"
"E. 12th St between 44th Ave and 45th Ave","D5","High","Closure","June 23, 2025","June 27, 2025"
"E. 12th St between High St and 44th Ave","D5","High","Closure","June 23, 2025","June 27, 2025"
"E. 12th St between 42nd Ave and High St","D5","High","Closure","June 23, 2025","June 27, 2025"
"E. 12th St between 41st Ave and 42nd Ave","D5","High","Closure","June 23, 2025","June 27, 2025"
"E. 12th St between 40th Ave and 41st Ave","D5","High","Closure","June 23, 2025","June 27, 2025"
"45th between E 12th St and San Leandro","D5","High","Closure","June 23, 2025","June 27, 2025"
"45th Ave between International and E12 Street","D5","High","Closure","June 23, 2025","June 27, 2025"
"47th St between International Blvd and San Leandro St","D5","High","Closure","June 23, 2025","June 27, 2025"
"47th Ave between E.12th and San Leandro St","D5","High","Closure","June 23, 2025","June 27, 2025"
"High St between E 12th St Pl & International Blvd","D5","High","Closure","June 23, 2025","June 27, 2025"
"High St between E 12th St & E 12th St Pl","D5","High","Closure","June 23, 2025","June 27, 2025"
"46th Ave and E. 12th (cul-de-sac)","D5","High","Closure","June 23, 2025","June 27, 2025"
"46th Ave between International and E12 Street","D5","High","Closure","June 23, 2025","June 27, 2025"
"44th Ave between E 12th St & San Leandro ST","D5","High","Closure","June 23, 2025","June 27, 2025"
"44th Ave between E 12th St & International Blvd","D5","High","Closure","June 23, 2025","June 27, 2025"
"50th Ave between International Blvd & E 12th St","D5","High","Closure","June 16, 2025","June 20, 2025"
"41st Ave between International blvd and San Leandro St","D5","High","Closure","June 16, 2025","June 20, 2025"
"41st Ave and San Leandro St","D5","High","Closure","June 16, 2025","June 20, 2025"
"42nd Ave between International and E 12th St","D5","High","Closure","June 16, 2025","June 20, 2025"
"44th Ave between E 12th St & International Blvd","D5","High","Closure","June 16, 2025","June 20, 2025"
"44th Ave between E 12th St & San Leandro ST","D5","High","Closure","June 16, 2025","June 20, 2025"
"46th Ave between International and E12 Street","D5","High","Closure","June 16, 2025","June 20, 2025"
"46th Ave and E. 12th (cul-de-sac)","D5","High","Closure","June 16, 2025","June 20, 2025"
"High St between E 12th St & E 12th St Pl","D5","High","Closure","June 16, 2025","June 20, 2025"
"High St between E 12th St Pl & International Blvd","D5","High","Closure","June 16, 2025","June 20, 2025"
"47th Avenue between East 12th & International Blvd","D5","High","Closure","June 16, 2025","June 20, 2025"
"47th Ave between E.12th and San Leandro St","D5","High","Closure","June 16, 2025","June 20, 2025"
"45th Ave between International and E12 Street","D5","High","Closure","June 16, 2025","June 20, 2025"
"45th between E 12th St and San Leandro","D5","High","Closure","June 16, 2025","June 20, 2025"
"E. 12th St between 40th Ave and 41st Ave","D5","High","Closure","June 16, 2025","June 20, 2025"
"E. 12th St between 41st Ave and 42nd Ave","D5","High","Closure","June 16, 2025","June 20, 2025"
"E. 12th St between 42nd Ave and High St","D5","High","Closure","June 16, 2025","June 20, 2025"
"E. 12th St between High St and 44th Ave","D5","High","Closure","June 16, 2025","June 20, 2025"
"E. 12th St between 44th Ave and 45th Ave","D5","High","Closure","June 16, 2025","June 20, 2025"
"E. 12th St between 45th Ave and 46th Ave","D5","High","Closure","June 16, 2025","June 20, 2025"
"E. 12th St between 46th Ave and 47th Ave","D5","High","Closure","June 16, 2025","June 20, 2025"
"E. 12th St between 47th Ave and 48th Ave","D5","High","Closure","June 16, 2025","June 20, 2025"
"E. 12th St between 48th Ave and 49th Ave","D5","High","Closure","June 16, 2025","June 20, 2025"
"E. 12th St between 49th Ave and 50th Ave","D5","High","Closure","June 16, 2025","June 20, 2025"
"48th Street between International Boulevard and San Leandro Street","D5","High","Closure","June 16, 2025","June 20, 2025"
"50th Ave between E 12th St & San Leandro St","D5","High","Closure","June 16, 2025","June 20, 2025"
"49th Ave between International Blvd and San Leandro St","D5","High","Closure","June 16, 2025","June 20, 2025"
"20th St between West St and Brush St","D3","High","Closure","June 10, 2025","June 13, 2025"
"19th St between West St and Brush St","D3","High","Closure","June 10, 2025","June 13, 2025"
"21st St between West St and Brush St","D3","High","Closure","June 10, 2025","June 13, 2025"
"22nd St between West St and Brush St","D3","High","Closure","June 10, 2025","June 13, 2025"
"Brush St between 19th St and 20th St","D3","High","Closure","June 10, 2025","June 13, 2025"
"Brush St between 20th St and 21st St","D3","High","Closure","June 10, 2025","June 13, 2025"
"Brush St between 21st St and 22nd St","D3","High","Closure","June 10, 2025","June 13, 2025"
"W Grand Ave between Brush St & San Pablo Ave","D3","High","Deep Cleaning","June 10, 2025","June 13, 2025"
"Brush St between 23rd St & W Grand Ave","D3","High","Deep Cleaning","June 10, 2025","June 13, 2025"
"Median at 2300 Brush St","D3","High","Deep Cleaning","June 10, 2025","June 13, 2025"
"Brush St between 22nd St and W Grand Ave","D3","High","Closure","June 10, 2025","June 13, 2025"
"27th St between Market St and San Pablo ave","D3","High","Closure","June 09, 2025","June 10, 2025"
"85th Ave between International Blvd & A St","D7","High","Closure","June 09, 2025","June 13, 2025"
"86th Ave between International Blvd & A St","D7","High","Closure","June 09, 2025","June 13, 2025"
"A St between 85th Ave and 86th Ave","D7","High","Closure","June 09, 2025","June 13, 2025"
"International Blvd between 85th Ave and 86th Ave","D7","High","Closure","June 09, 2025","June 13, 2025"
"MLK between W MacArthur Blvd and 37th St","D3","High","Closure","June 09, 2025","June 10, 2025"
"37th St between MLK and West St","D3","High","Closure","June 09, 2025","June 10, 2025"
"Cul de sac at 37th St and MLK","D3","High","Closure","June 09, 2025","June 10, 2025"
"Market Street between 27th Street and Mead Avenue","D3","High","Closure","June 09, 2025","June 10, 2025"
"San Pablo St between 27th St and Mead Ave","D3","High","Closure","June 09, 2025","June 10, 2025"
"Mead Avenue between Market Street and San Pablo Avenue","D3","High","Closure","June 09, 2025","June 10, 2025"
"Milton St between Market St and San Pablo Ave","D3","High","Closure","June 09, 2025","June 10, 2025"
"2121 E. 12th St/23rd Ave and E. 12th St","D2","High","Closure","June 09, 2025","June 13, 2025"
"San Pablo Ave between 62nd St and 63rd St","D1","High","Closure","June 05, 2025","June 06, 2025"
"Robert Mason Fields/Golden Gate Playground","D1","High","Closure","June 05, 2025","June 06, 2025"
"San Pablo Ave between 61st St and 62nd St","D1","High","Closure","June 05, 2025","June 06, 2025"
"46th St between Dover and Shuttuck Ave","D1","High","Closure","June 05, 2025","June 06, 2025"
"47th St between Dover and Shuttuck Ave","D1","High","Closure","June 05, 2025","June 06, 2025"
"E 12th St & 23rd Ave","D2","High","Closure","June 03, 2025","June 04, 2025"
"E 12th St between 22nd Ave and 23rd Ave","D2","High","Closure","June 03, 2025","June 04, 2025"
"8th Ave between E 11th St & E 12th St","D2","High","Closure","June 02, 2025","June 06, 2025"
"8th Ave between E 10th St & E 11th St","D2","High","Closure","June 02, 2025","June 06, 2025"
"8th Ave between E 8th St & E 10th St","D2","High","Closure","June 02, 2025","June 06, 2025"
"E 11th St between 10th Ave and 11th Ave","D2","High","Closure","June 02, 2025","June 06, 2025"
"E 11th St between 9th Ave and 10th Ave","D2","High","Closure","June 02, 2025","June 06, 2025"
"E 11th St between 8th Ave and 9th Ave","D2","High","Closure","June 02, 2025","June 06, 2025"
"E 10th St between 8th Ave and 9th Ave","D2","High","Closure","June 02, 2025","June 06, 2025"
"E 10th St between 9th Ave and E 8th St","D2","High","Closure","June 02, 2025","June 06, 2025"
"85th Ave between International Blvd & A St","D7","High","Closure","June 02, 2025","June 06, 2025"
"86th Ave between International Blvd & A St","D7","High","Closure","June 02, 2025","June 06, 2025"
"A St between 85th Ave and 86th Ave","D7","High","Closure","June 02, 2025","June 06, 2025"
"International Blvd between 85th Ave and 86th Ave","D7","High","Closure","June 02, 2025","June 06, 2025"
"Franklin St & 6th St","D3","High","Closure","June 02, 2025","June 03, 2025"
"9th Ave between E 10th St & E 11th St","D2","High","Closure","June 02, 2025","June 06, 2025"
"E. 12th Median : 14th Ave to 19th Ave","D2","High","Closure","June 02, 2025","June 06, 2025"
"15th Ave between Solano Way and International Blvd","D2","High","Closure","June 02, 2025","June 06, 2025"
"15th Ave between E 12th St and Solano Way","D2","High","Closure","June 02, 2025","June 06, 2025"
"16th Ave between Solano Way and International Blvd","D2","High","Closure","June 02, 2025","June 06, 2025"
"16th Ave between E 12th St and Solano Way","D2","High","Closure","June 02, 2025","June 06, 2025"
"17th Ave between Solano Way and International Blvd","D2","High","Closure","June 02, 2025","June 06, 2025"
"17th Ave between E 12th St and Solano Way","D2","High","Closure","June 02, 2025","June 06, 2025"
"18th Ave between Solano Way and International Blvd","D2","High","Closure","June 02, 2025","June 06, 2025"
"18th Ave between E 12th St and Solano Way","D2","High","Closure","June 02, 2025","June 06, 2025"
"19th Ave between Solano Way and International Blvd","D2","High","Closure","June 02, 2025","June 06, 2025"
"19th Ave between E 12th St and Solano Way","D2","High","Closure","June 02, 2025","June 06, 2025"
"Solano Way between 19th Ave and 20th Ave","D2","High","Closure","June 02, 2025","June 06, 2025"
"Solano Way between 18th Ave and 19th Ave","D2","High","Closure","June 02, 2025","June 06, 2025"
"Solano Way between 17th Ave and 18th Ave","D2","High","Closure","June 02, 2025","June 06, 2025"
"Solano Way between 16th Ave and 17th Ave","D2","High","Closure","June 02, 2025","June 06, 2025"
"Solano Way between 15th Ave and 16th Ave","D2","High","Closure","June 02, 2025","June 06, 2025"
"Solano Way between 14th Ave and 15th Ave","D2","High","Closure","June 02, 2025","June 06, 2025"
"E 8th St between 12th Ave and E 12th St","D2","High","Closure","June 02, 2025","June 06, 2025"
"E 8th St between 11th Ave and 12th Ave","D2","High","Closure","June 02, 2025","June 06, 2025"
"E 8th St between 10th Ave and 11th Ave","D2","High","Closure","June 02, 2025","June 06, 2025"
"E 8th St between 9th Ave and 10th Ave","D2","High","Closure","June 02, 2025","June 06, 2025"
"E 8th St between 8th Ave and 9th Ave","D2","High","Closure","June 02, 2025","June 06, 2025"
"12th Ave between E. 8th St and E. 12th St","D2","High","Closure","June 02, 2025","June 06, 2025"
"11th Ave between E 11th St and E 12th St","D2","High","Closure","June 02, 2025","June 06, 2025"
"11th Ave between E 8th St and E 11th St","D2","High","Closure","June 02, 2025","June 06, 2025"
"10th Ave between E 11th St and E 12th St","D2","High","Closure","June 02, 2025","June 06, 2025"
"10th Ave between E 8th St and E 11th St","D2","High","Closure","June 02, 2025","June 06, 2025"
"9th Ave between E 11th St & E 12th St","D2","High","Closure","June 02, 2025","June 06, 2025"
"6th St between Franklin St and Webster St","D3","High","Closure","June 02, 2025","June 03, 2025"
"9th Ave between E 8th St & E 10th St","D2","High","Closure","June 02, 2025","June 06, 2025"
"MLK between 24th & 25th","D3","Low","Closure","May 28, 2025","May 30, 2025"
"MLK between 23rd & 24th","D3","Low","Closure","May 28, 2025","May 30, 2025"
"MLk between W Grand Ave & 23rd","D3","Low","Closure","May 28, 2025","May 30, 2025"
"23rd St. between MLK and San Pablo","D3","Low","Closure","May 28, 2025","May 30, 2025"
"23rd St between MLK to Northgate","D3","Low","Closure","May 28, 2025","May 30, 2025"
"29th St. between MLK and Telegraph","D3","Low","Closure","May 28, 2025","May 30, 2025"
"E 8th St between 11th Ave and 12th Ave","D2","High","Closure","May 27, 2025","May 30, 2025"
"E 10th St between 8th Ave and 9th Ave","D2","High","Closure","May 27, 2025","May 30, 2025"
"E 10th St between 9th Ave and E 8th St","D2","High","Closure","May 27, 2025","May 30, 2025"
"E 11th St between 8th Ave and 9th Ave","D2","High","Closure","May 27, 2025","May 30, 2025"
"E 11th St between 9th Ave and 10th Ave","D2","High","Closure","May 27, 2025","May 30, 2025"
"E 11th St between 10th Ave and 11th Ave","D2","High","Closure","May 27, 2025","May 30, 2025"
"E 11th St between 11th Ave and E 8th St","D2","High","Closure","May 27, 2025","May 30, 2025"
"8th Ave between E 8th St & E 10th St","D2","High","Closure","May 27, 2025","May 30, 2025"
"8th Ave between E 10th St & E 11th St","D2","High","Closure","May 27, 2025","May 30, 2025"
"8th Ave between E 11th St & E 12th St","D2","High","Closure","May 27, 2025","May 30, 2025"
"9th Ave between E 8th St & E 10th St","D2","High","Closure","May 27, 2025","May 30, 2025"
"9th Ave between E 10th St & E 11th St","D2","High","Closure","May 27, 2025","May 30, 2025"
"9th Ave between E 11th St & E 12th St","D2","High","Closure","May 27, 2025","May 30, 2025"
"10th Ave between E 8th St and E 11th St","D2","High","Closure","May 27, 2025","May 30, 2025"
"10th Ave between E 11th St and E 12th St","D2","High","Closure","May 27, 2025","May 30, 2025"
"11th Ave between E 8th St and E 11th St","D2","High","Closure","May 27, 2025","May 30, 2025"
"11th Ave between E 11th St and E 12th St","D2","High","Closure","May 27, 2025","May 30, 2025"
"12th Ave between E. 8th St and E. 12th St","D2","High","Closure","May 27, 2025","May 30, 2025"
"E 8th St between 8th Ave and 9th Ave","D2","High","Closure","May 27, 2025","May 30, 2025"
"E 8th St between 9th Ave and 10th Ave","D2","High","Closure","May 27, 2025","May 30, 2025"
"E 8th St between 10th Ave and 11th Ave","D2","High","Closure","May 27, 2025","May 30, 2025"
"E 8th St between 12th Ave and E 12th St","D2","High","Closure","May 27, 2025","May 30, 2025"
"Solano Way between 14th Ave and 15th Ave","D2","High","Closure","May 27, 2025","May 30, 2025"
"Solano Way between 15th Ave and 16th Ave","D2","High","Closure","May 27, 2025","May 30, 2025"
"Solano Way between 16th Ave and 17th Ave","D2","High","Closure","May 27, 2025","May 30, 2025"
"Solano Way between 17th Ave and 18th Ave","D2","High","Closure","May 27, 2025","May 30, 2025"
"Solano Way between 18th Ave and 19th Ave","D2","High","Closure","May 27, 2025","May 30, 2025"
"Solano Way between 19th Ave and 20th Ave","D2","High","Closure","May 27, 2025","May 30, 2025"
"19th Ave between E 12th St and Solano Way","D2","High","Closure","May 27, 2025","May 30, 2025"
"19th Ave between Solano Way and International Blvd","D2","High","Closure","May 27, 2025","May 30, 2025"
"18th Ave between E 12th St and Solano Way","D2","High","Closure","May 27, 2025","May 30, 2025"
"18th Ave between Solano Way and International Blvd","D2","High","Closure","May 27, 2025","May 30, 2025"
"17th Ave between E 12th St and Solano Way","D2","High","Closure","May 27, 2025","May 30, 2025"
"17th Ave between Solano Way and International Blvd","D2","High","Closure","May 27, 2025","May 30, 2025"
"16th Ave between E 12th St and Solano Way","D2","High","Closure","May 27, 2025","May 30, 2025"
"16th Ave between Solano Way and International Blvd","D2","High","Closure","May 27, 2025","May 30, 2025"
"15th Ave between E 12th St and Solano Way","D2","High","Closure","May 27, 2025","May 30, 2025"
"15th Ave between Solano Way and International Blvd","D2","High","Closure","May 27, 2025","May 30, 2025"
"E. 12th Median : 14th Ave to 19th Ave","D2","High","Closure","May 27, 2025","May 30, 2025"
"E 12th St between 25th Ave & 26th Ave","D2","High","Closure","May 27, 2025","May 30, 2025"
"E 12th St between 26th Ave & 29th Ave","D2","High","Closure","May 27, 2025","May 30, 2025"
"E 12th St between 29th Ave & 30th Ave","D2","High","Closure","May 27, 2025","May 30, 2025"
"E 12th St between 30th Ave & Derby Ave","D2","High","Closure","May 27, 2025","May 30, 2025"
"E 12th St between Derby Ave & Fruitvale Ave","D2","High","Closure","May 27, 2025","May 30, 2025"
"International Blvd between 85th Ave and 86th Ave","D7","High","Closure","May 27, 2025","May 30, 2025"
"A St between 85th Ave and 86th Ave","D7","High","Closure","May 27, 2025","May 30, 2025"
"86th Ave between International Blvd & A St","D7","High","Closure","May 27, 2025","May 30, 2025"
"85th Ave between International Blvd & A St","D7","High","Closure","May 27, 2025","May 30, 2025"
"21st Ave between E 12th St and International Blvd","D2","High","Closure","May 22, 2025","May 23, 2025"
"E 8th St between 8th Ave and 9th Ave","D2","High","Closure","May 19, 2025","May 23, 2025"
"E 8th St between 9th Ave and 10th Ave","D2","High","Closure","May 19, 2025","May 23, 2025"
"E 8th St between 10th Ave and 11th Ave","D2","High","Closure","May 19, 2025","May 23, 2025"
"E 8th St between 11th Ave and 12th Ave","D2","High","Closure","May 19, 2025","May 23, 2025"
"E 8th St between 12th Ave and E 12th St","D2","High","Closure","May 19, 2025","May 23, 2025"
"Solano Way between 14th Ave and 15th Ave","D2","High","Closure","May 19, 2025","May 23, 2025"
"Solano Way between 15th Ave and 16th Ave","D2","High","Closure","May 19, 2025","May 23, 2025"
"Solano Way between 16th Ave and 17th Ave","D2","High","Closure","May 19, 2025","May 23, 2025"
"Solano Way between 17th Ave and 18th Ave","D2","High","Closure","May 19, 2025","May 23, 2025"
"Solano Way between 18th Ave and 19th Ave","D2","High","Closure","May 19, 2025","May 23, 2025"
"Solano Way between 19th Ave and 20th Ave","D2","High","Closure","May 19, 2025","May 23, 2025"
"19th Ave between E 12th St and Solano Way","D2","High","Closure","May 19, 2025","May 23, 2025"
"19th Ave between Solano Way and International Blvd","D2","High","Closure","May 19, 2025","May 23, 2025"
"18th Ave between E 12th St and Solano Way","D2","High","Closure","May 19, 2025","May 23, 2025"
"18th Ave between Solano Way and International Blvd","D2","High","Closure","May 19, 2025","May 23, 2025"
"17th Ave between E 12th St and Solano Way","D2","High","Closure","May 19, 2025","May 23, 2025"
"17th Ave between Solano Way and International Blvd","D2","High","Closure","May 19, 2025","May 23, 2025"
"16th Ave between E 12th St and Solano Way","D2","High","Closure","May 19, 2025","May 23, 2025"
"16th Ave between Solano Way and International Blvd","D2","High","Closure","May 19, 2025","May 23, 2025"
"15th Ave between E 12th St and Solano Way","D2","High","Closure","May 19, 2025","May 23, 2025"
"15th Ave between Solano Way and International Blvd","D2","High","Closure","May 19, 2025","May 23, 2025"
"E. 12th Median : 14th Ave to 19th Ave","D2","High","Closure","May 19, 2025","May 23, 2025"
"E 12th St between 25th Ave & 26th Ave","D2","High","Closure","May 19, 2025","May 23, 2025"
"E 12th St between 26th Ave & 29th Ave","D2","High","Closure","May 19, 2025","May 23, 2025"
"E 12th St between 29th Ave & 30th Ave","D2","High","Closure","May 19, 2025","May 23, 2025"
"E 12th St between 30th Ave & Derby Ave","D2","High","Closure","May 19, 2025","May 23, 2025"
"E 12th St between Derby Ave & Fruitvale Ave","D2","High","Closure","May 19, 2025","May 23, 2025"
"International Blvd between 85th Ave and 86th Ave","D7","High","Closure","May 19, 2025","May 23, 2025"
"A St between 85th Ave and 86th Ave","D7","High","Closure","May 19, 2025","May 23, 2025"
"86th Ave between International Blvd & A St","D7","High","Closure","May 19, 2025","May 23, 2025"
"85th Ave between International Blvd & A St","D7","High","Closure","May 19, 2025","May 23, 2025"
"E 10th St between 8th Ave and 9th Ave","D2","High","Closure","May 19, 2025","May 23, 2025"
"E 10th St between 9th Ave and E 8th St","D2","High","Closure","May 19, 2025","May 23, 2025"
"E 11th St between 8th Ave and 9th Ave","D2","High","Closure","May 19, 2025","May 23, 2025"
"E 11th St between 9th Ave and 10th Ave","D2","High","Closure","May 19, 2025","May 23, 2025"
"E 11th St between 10th Ave and 11th Ave","D2","High","Closure","May 19, 2025","May 23, 2025"
"E 11th St between 11th Ave and E 8th St","D2","High","Closure","May 19, 2025","May 23, 2025"
"8th Ave between E 8th St & E 10th St","D2","High","Closure","May 19, 2025","May 23, 2025"
"8th Ave between E 10th St & E 11th St","D2","High","Closure","May 19, 2025","May 23, 2025"
"8th Ave between E 11th St & E 12th St","D2","High","Closure","May 19, 2025","May 23, 2025"
"9th Ave between E 8th St & E 10th St","D2","High","Closure","May 19, 2025","May 23, 2025"
"9th Ave between E 10th St & E 11th St","D2","High","Closure","May 19, 2025","May 23, 2025"
"9th Ave between E 11th St & E 12th St","D2","High","Closure","May 19, 2025","May 23, 2025"
"10th Ave between E 8th St and E 11th St","D2","High","Closure","May 19, 2025","May 23, 2025"
"10th Ave between E 11th St and E 12th St","D2","High","Closure","May 19, 2025","May 23, 2025"
"11th Ave between E 8th St and E 11th St","D2","High","Closure","May 19, 2025","May 23, 2025"
"12th Ave between E. 8th St and E. 12th St","D2","High","Closure","May 19, 2025","May 23, 2025"
"11th Ave between E 11th St and E 12th St","D2","High","Closure","May 19, 2025","May 23, 2025"
"9th Ave between E 10th St & E 11th St","D2","High","Closure","May 12, 2025","May 16, 2025"
"10th Ave between E 8th St and E 11th St","D2","High","Closure","May 12, 2025","May 16, 2025"
"10th Ave between E 11th St and E 12th St","D2","High","Closure","May 12, 2025","May 16, 2025"
"11th Ave between E 8th St and E 11th St","D2","High","Closure","May 12, 2025","May 16, 2025"
"11th Ave between E 11th St and E 12th St","D2","High","Closure","May 12, 2025","May 16, 2025"
"12th Ave between E 8th St and E 12th St","D2","High","Closure","May 12, 2025","May 16, 2025"
"E 8th St between 8th Ave and 9th Ave","D2","High","Closure","May 12, 2025","May 16, 2025"
"E 8th St between 9th Ave and 10th Ave","D2","High","Closure","May 12, 2025","May 16, 2025"
"E 8th St between 10th Ave and 11th Ave","D2","High","Closure","May 12, 2025","May 16, 2025"
"E 8th St between 11th Ave and 12th Ave","D2","High","Closure","May 12, 2025","May 16, 2025"
"E 8th St between 12th Ave and E 12th St","D2","High","Closure","May 12, 2025","May 16, 2025"
"Solano Way between 14th Ave and 15th Ave","D2","High","Closure","May 12, 2025","May 16, 2025"
"Solano Way between 15th Ave and 16th Ave","D2","High","Closure","May 12, 2025","May 16, 2025"
"Solano Way between 16th Ave and 17th Ave","D2","High","Closure","May 12, 2025","May 16, 2025"
"Solano Way between 17th Ave and 18th Ave","D2","High","Closure","May 12, 2025","May 16, 2025"
"Solano Way between 18th Ave and 19th Ave","D2","High","Closure","May 12, 2025","May 16, 2025"
"Solano Way between 19th Ave and 20th Ave","D2","High","Closure","May 12, 2025","May 16, 2025"
"19th Ave between E 12th St and Solano Way","D2","High","Closure","May 12, 2025","May 16, 2025"
"19th Ave between Solano Way and International Blvd","D2","High","Closure","May 12, 2025","May 16, 2025"
"18th Ave between E 12th St and Solano Way","D2","High","Closure","May 12, 2025","May 16, 2025"
"18th Ave between Solano Way and International Blvd","D2","High","Closure","May 12, 2025","May 16, 2025"
"17th Ave between E 12th St and Solano Way","D2","High","Closure","May 12, 2025","May 16, 2025"
"17th Ave between Solano Way and International Blvd","D2","High","Closure","May 12, 2025","May 16, 2025"
"16th Ave between E 12th St and Solano Way","D2","High","Closure","May 12, 2025","May 16, 2025"
"16th Ave between Solano Way and International Blvd","D2","High","Closure","May 12, 2025","May 16, 2025"
"15th Ave between E 12th St and Solano Way","D2","High","Closure","May 12, 2025","May 16, 2025"
"15th Ave between Solano Way and International Blvd","D2","High","Closure","May 12, 2025","May 16, 2025"
"E. 12th Median : 14th Ave to 19th Ave","D2","High","Closure","May 12, 2025","May 16, 2025"
"E 12th St between 25th Ave & 26th Ave","D2","High","Closure","May 12, 2025","May 16, 2025"
"E 12th St between 26th Ave & 29th Ave","D2","High","Closure","May 12, 2025","May 16, 2025"
"E 12th St between 29th Ave & 30th Ave","D2","High","Closure","May 12, 2025","May 16, 2025"
"E 12th St between 30th Ave & Derby Ave","D2","High","Closure","May 12, 2025","May 16, 2025"
"E 12th St between Derby Ave & Fruitvale Ave","D2","High","Closure","May 12, 2025","May 16, 2025"
"Mandela Pkwy between 16th St and 17th St","D3","High","Closure","May 12, 2025","May 16, 2025"
"Mandela Pkwy between 17th St and 18th St","D3","High","Closure","May 12, 2025","May 16, 2025"
"Mandela Pkwy between 18th St and 20th St","D3","High","Closure","May 12, 2025","May 16, 2025"
"Mandela Pkwy between 20th St and W Grand Ave","D3","High","Closure","May 12, 2025","May 16, 2025"
"W Grand Ave between Mandela Pkwy & Kirkham St","D3","High","Closure","May 12, 2025","May 16, 2025"
"W Grand Ave between Kirkham St & Poplar St","D3","High","Closure","May 12, 2025","May 16, 2025"
"W Grand between Union St & Poplar St","D3","High","Closure","May 12, 2025","May 16, 2025"
"W Grand between Adeline St & Union St","D3","High","Closure","May 12, 2025","May 16, 2025"
"14th St between Center St and Mandela Pkwy","D3","High","Closure","May 12, 2025","May 16, 2025"
"14th St between Mandela Pkwy and Kirkham Ct","D3","High","Closure","May 12, 2025","May 16, 2025"
"14th St between Mandela Pkwy and Poplar St","D3","High","Closure","May 12, 2025","May 16, 2025"
"14th St between Poplar St and Union St","D3","High","Closure","May 12, 2025","May 16, 2025"
"14th St between Union St & Magnolia St","D3","High","Closure","May 12, 2025","May 16, 2025"
"14th St between Magnolia St & Adeline St","D3","High","Closure","May 12, 2025","May 16, 2025"
"E 10th St between 8th Ave and 9th Ave","D2","High","Closure","May 12, 2025","May 16, 2025"
"E 10th St between 9th Ave and E 8th St","D2","High","Closure","May 12, 2025","May 16, 2025"
"E 11th St between 8th Ave and 9th Ave","D2","High","Closure","May 12, 2025","May 16, 2025"
"E 11th St between 9th Ave and 10th Ave","D2","High","Closure","May 12, 2025","May 16, 2025"
"E 11th St between 10th Ave and 11th Ave","D2","High","Closure","May 12, 2025","May 16, 2025"
"E 11th St between 11th Ave and E 8th St","D2","High","Closure","May 12, 2025","May 16, 2025"
"8th Ave between E 8th St & E 10th St","D2","High","Closure","May 12, 2025","May 16, 2025"
"8th Ave between E 10th St & E 11th St","D2","High","Closure","May 12, 2025","May 16, 2025"
"8th Ave between E 11th St & E 12th St","D2","High","Closure","May 12, 2025","May 16, 2025"
"9th Ave between E 8th St & E 10th St","D2","High","Closure","May 12, 2025","May 16, 2025"
"9th Ave between E 11th St & E 12th St","D2","High","Closure","May 12, 2025","May 16, 2025"
"Mandela Pkwy between 12th St and 13th St","D3","High","Closure","May 12, 2025","May 16, 2025"
"Mandela Pkwy between 13th and 14th","D3","High","Closure","May 12, 2025","May 16, 2025"
"Mandela Pkwy between 14th St and 15th St","D3","High","Closure","May 12, 2025","May 16, 2025"
"Mandela Pkwy between 15th St and 16th St","D3","High","Closure","May 12, 2025","May 16, 2025"
"International Blvd between 82nd ave and 83rd ave","D7","High","Closure","May 07, 2025","May 09, 2025"
"International Blvd between 83rd Ave and 84th Ave","D7","High","Closure","May 07, 2025","May 09, 2025"
"International Blvd between 84th Ave and 85th Ave","D7","High","Closure","May 07, 2025","May 09, 2025"
"International Blvd between 85th Ave and 86th Ave","D7","High","Closure","May 07, 2025","May 09, 2025"
"Broadway between 5th and 6th","D3","High","Closure","May 06, 2025","May 09, 2025"
"Wilma Chan Park (formerly ""Madison Park"")","D3","High","Closure","May 06, 2025","May 07, 2025"
"Mandela Pkwy between 20th St and W Grand Ave","D3","High","Closure","May 05, 2025","May 09, 2025"
"W Grand Ave between Mandela Pkwy & Kirkham St","D3","High","Closure","May 05, 2025","May 09, 2025"
"W Grand Ave between Kirkham St & Poplar St","D3","High","Closure","May 05, 2025","May 09, 2025"
"W Grand between Union St & Poplar St","D3","High","Closure","May 05, 2025","May 09, 2025"
"W Grand between Adeline St & Union St","D3","High","Closure","May 05, 2025","May 09, 2025"
"14th St between Center St and Mandela Pkwy","D3","High","Closure","May 05, 2025","May 09, 2025"
"14th St between Mandela Pkwy and Kirkham Ct","D3","High","Closure","May 05, 2025","May 09, 2025"
"14th St between Mandela Pkwy and Poplar St","D3","High","Closure","May 05, 2025","May 09, 2025"
"14th St between Poplar St and Union St","D3","High","Closure","May 05, 2025","May 09, 2025"
"14th St between Union St & Magnolia St","D3","High","Closure","May 05, 2025","May 09, 2025"
"14th St between Magnolia St & Adeline St","D3","High","Closure","May 05, 2025","May 09, 2025"
"Mandela Pkwy between 18th St and 20th St","D3","High","Closure","May 05, 2025","May 09, 2025"
"Mandela Pkwy between 13th and 14th","D3","High","Closure","May 05, 2025","May 09, 2025"
"Mandela Pkwy between 12th St and 13th St","D3","High","Closure","May 05, 2025","May 09, 2025"
"Mandela Pkwy between 17th St and 18th St","D3","High","Closure","May 05, 2025","May 09, 2025"
"Mandela Pkwy between 16th St and 17th St","D3","High","Closure","May 05, 2025","May 09, 2025"
"Mandela Pkwy between 15th St and 16th St","D3","High","Closure","May 05, 2025","May 09, 2025"
"Mandela Pkwy between 14th St and 15th St","D3","High","Closure","May 05, 2025","May 09, 2025"
"Lake Merritt -- All Parks, City Assets, and Walkways","D3","High","Closure","April 28, 2025","May 02, 2025"
"36th St between Telegraph St and Webster St","D3","High","Closure","April 21, 2025","April 25, 2025"
"Webster St between 36th St and 34th St","D3","High","Closure","April 21, 2025","April 25, 2025"
"Webster St between 36th St and 37th St","D3","High","Closure","April 21, 2025","April 25, 2025"
"Webster St between 37th St and W MacArthur Blvd","D3","High","Closure","April 21, 2025","April 25, 2025"
"Webster St between W MacArthur Blvd and 38th St","D3","High","Closure","April 21, 2025","April 25, 2025"
"W MacArthur Blvd between Telegraph Ave and Latimer Pl","D3","High","Closure","April 21, 2025","April 25, 2025"
"W MacArthur Blvd between Latimer Pl and Ruby St","D3","High","Closure","April 21, 2025","April 25, 2025"
"W MacArthur Blvd between Ruby St and Webster St","D3","High","Closure","April 21, 2025","April 25, 2025"
"W MacArthur Blvd between Webster St and Shafter St","D3","High","Closure","April 21, 2025","April 25, 2025"
"W MacArthur Blvd between Shafter St & Manila Ave","D3","High","Closure","April 21, 2025","April 25, 2025"
"W MacArthur Blvd between Manila Ave & Broadway","D3","High","Closure","April 21, 2025","April 25, 2025"
"Mosswood Park","D3","High","Closure","April 21, 2025","April 25, 2025"
"Lake Merritt -- All Parks, City Assets, and Walkways","D3","High","Closure","April 21, 2025","April 25, 2025"
"Mandela Pkwy between 12th St and 13th St","D3","High","Closure","April 21, 2025","April 25, 2025"
"Mandela Pkwy between 13th and 14th","D3","High","Closure","April 21, 2025","April 25, 2025"
"Mandela Pkwy between 14th St and 15th St","D3","High","Closure","April 21, 2025","April 25, 2025"
"Mandela Pkwy between 15th St and 16th St","D3","High","Closure","April 21, 2025","April 25, 2025"
"Mandela Pkwy between 16th St and 17th St","D3","High","Closure","April 21, 2025","April 25, 2025"
"Mandela Pkwy between 17th St and 18th St","D3","High","Closure","April 21, 2025","April 25, 2025"
"Mandela Pkwy between 18th St and 20th St","D3","High","Closure","April 21, 2025","April 25, 2025"
"Mandela Pkwy between 20th St and W Grand Ave","D3","High","Closure","April 21, 2025","April 25, 2025"
"W Grand Ave between Mandela Pkwy & Kirkham St","D3","High","Closure","April 21, 2025","April 25, 2025"
"W Grand Ave between Kirkham St & Poplar St","D3","High","Closure","April 21, 2025","April 25, 2025"
"W Grand between Union St & Poplar St","D3","High","Closure","April 21, 2025","April 25, 2025"
"W Grand between Adeline St & Union St","D3","High","Closure","April 21, 2025","April 25, 2025"
"14th St between Center St and Mandela Pkwy","D3","High","Closure","April 21, 2025","April 25, 2025"
"14th St between Mandela Pkwy and Kirkham Ct","D3","High","Closure","April 21, 2025","April 25, 2025"
"14th St between Mandela Pkwy and Poplar St","D3","High","Closure","April 21, 2025","April 25, 2025"
"14th St between Poplar St and Union St","D3","High","Closure","April 21, 2025","April 25, 2025"
"14th St between Union St & Magnolia St","D3","High","Closure","April 21, 2025","April 25, 2025"
"14th St between Magnolia St & Adeline St","D3","High","Closure","April 21, 2025","April 25, 2025"
"Bernhardt Dr between Foster Ave and Ghormley Ave","D6","High","Closure","April 16, 2025","April 18, 2025"
"Bernhardt Dr between Ghormley Ave and Hunter Ave","D6","High","Closure","April 16, 2025","April 18, 2025"
"Bernhardt Dr between Hunter Ave and Isleton Ave","D6","High","Closure","April 16, 2025","April 18, 2025"
"Bernhardt Dr between Islenton Ave and Kerwin Ave","D6","High","Closure","April 16, 2025","April 18, 2025"
"Bernhardt Dr between Saint Elmo Dr and Foster Ave","D6","High","Closure","April 16, 2025","April 18, 2025"
"San Leandro St between 54th Ave & Seminary Ave","D6","High","Closure","April 15, 2025","April 16, 2025"
"Wood St between 26th St and 32nd St","D3","High","Closure","April 14, 2025","April 18, 2025"
"Mandela Pkwy between 18th St and 20th St","D3","High","Closure","April 14, 2025","April 18, 2025"
"Mandela Pkwy between 12th St and 13th St","D3","High","Closure","April 14, 2025","April 18, 2025"
"Mandela Pkwy between 17th St and 18th St","D3","High","Closure","April 14, 2025","April 18, 2025"
"Mandela Pkwy between 16th St and 17th St","D3","High","Closure","April 14, 2025","April 18, 2025"
"Mandela Pkwy between 15th St and 16th St","D3","High","Closure","April 14, 2025","April 18, 2025"
"Mandela Pkwy between 14th St and 15th St","D3","High","Closure","April 14, 2025","April 18, 2025"
"Lake Merritt -- All Parks, City Assets, and Walkways","D3","High","Closure","April 14, 2025","April 18, 2025"
"Mandela Pkwy between 13th and 14th","D3","High","Closure","April 14, 2025","April 18, 2025"
"W Grand Ave between Kirkham St & Poplar St","D3","High","Closure","April 14, 2025","April 18, 2025"
"W Grand Ave between Mandela Pkwy & Kirkham St","D3","High","Closure","April 14, 2025","April 18, 2025"
"Mandela Pkwy between 20th St and W Grand Ave","D3","High","Closure","April 14, 2025","April 18, 2025"
"W Grand between Union St & Poplar St","D3","High","Closure","April 14, 2025","April 18, 2025"
"W Grand between Adeline St & Union St","D3","High","Closure","April 14, 2025","April 18, 2025"
"14th St between Center St and Mandela Pkwy","D3","High","Closure","April 14, 2025","April 18, 2025"
"14th St between Mandela Pkwy and Kirkham Ct","D3","High","Closure","April 14, 2025","April 18, 2025"
"14th St between Mandela Pkwy and Poplar St","D3","High","Closure","April 14, 2025","April 18, 2025"
"14th St between Poplar St and Union St","D3","High","Closure","April 14, 2025","April 18, 2025"
"14th St between Union St & Magnolia St","D3","High","Closure","April 14, 2025","April 18, 2025"
"14th St between Magnolia St & Adeline St","D3","High","Closure","April 14, 2025","April 18, 2025"
"Northgate Ave between W Grand Ave and 23rd St","D3","High","Closure","April 14, 2025","April 14, 2025"
"Northgate Ave between 23rd St and 24th St","D3","High","Closure","April 14, 2025","April 14, 2025"
"Northgate Ave between 24th St & 25th St","D3","High","Closure","April 14, 2025","April 14, 2025"
"Northgate between Sycamore St & 27th St","D3","High","Closure","April 14, 2025","April 14, 2025"
"Northgate Ave between 25th St & Sycamore St","D3","High","Closure","April 14, 2025","April 14, 2025"
"Washington St between 4th St and 5th St","D3","High","Closure","April 14, 2025","April 15, 2025"
"5th St between Clay St and Washingston St","D3","High","Closure","April 14, 2025","April 15, 2025"
"5th St between Washingston St & Broadway","D3","High","Closure","April 14, 2025","April 15, 2025"
"Wood St between W Grand Ave and 24th St","D3","High","Closure","April 14, 2025","April 18, 2025"
"Wood St between 24th St and 26th St","D3","High","Closure","April 14, 2025","April 18, 2025"
"Adeline St between 19th St & 21st St","D3","High","Closure","April 07, 2025","April 11, 2025"
"21st St between Chestnut St & Adeline St","D3","High","Closure","April 07, 2025","April 11, 2025"
"21st St between Adeline St & Union St","D3","High","Closure","April 07, 2025","April 11, 2025"
"21st St between Union St and Poplar St","D3","High","Closure","April 07, 2025","April 11, 2025"
"10th St between Fallon St & East Dr","D2","High","Closure","April 07, 2025","April 11, 2025"
"10th St and E 10th St between East Dr & 2nd Ave","D2","High","Closure","April 07, 2025","April 11, 2025"
"E 10th St between 2nd Ave & 4th Ave","D2","High","Closure","April 07, 2025","April 11, 2025"
"E 10th St between 4th Ave & 5th Ave","D2","High","Closure","April 07, 2025","April 11, 2025"
"E 10th St between 5th Ave & 6th Ave","D2","High","Closure","April 07, 2025","April 11, 2025"
"E 10th St Bridge underpass near Channel Park","D2","High","Closure","April 07, 2025","April 11, 2025"
"Lake Merritt Blvd Underpass Near Peralta Park","D2","High","Closure","April 07, 2025","April 11, 2025"
"Peralta Park","D2","High","Closure","April 07, 2025","April 11, 2025"
"7th St & E 8th St between Fallon St & 6th Ave","D2","High","Closure","April 07, 2025","April 11, 2025"
"21st St between Linden St and Chestnut St","D3","High","Closure","April 07, 2025","April 11, 2025"
"W Grand between Linden St & Adeline St","D3","High","Closure","April 07, 2025","April 11, 2025"
"W Grand between Adeline St & Union St","D3","High","Closure","April 07, 2025","April 11, 2025"
"W Grand between Union St & Poplar St","D3","High","Closure","April 07, 2025","April 11, 2025"
"Union St between 21st St & W Grand Ave","D3","High","Closure","April 07, 2025","April 11, 2025"
"Union St between 19th St & 21st St","D3","High","Closure","April 07, 2025","April 11, 2025"
"19th St between Union St and Adeline St","D3","High","Closure","April 07, 2025","April 11, 2025"
"Poplar St between 21st St and W Grand Ave","D3","High","Closure","April 07, 2025","April 11, 2025"
"Poplar St between 20th St and 21st St","D3","High","Closure","April 07, 2025","April 11, 2025"
"Poplar St between 18th St and 20th St","D3","High","Closure","April 07, 2025","April 11, 2025"
"Adeline St between 21st St & W Grand Ave","D3","High","Closure","April 07, 2025","April 11, 2025"
"Adeline St between 18th St & 19th St","D3","High","Closure","April 07, 2025","April 11, 2025"
"18th St between Mandela Pkwy & Poplar St","D3","High","Closure","April 07, 2025","April 11, 2025"
"18th St between Poplar St and Adeline St","D3","High","Closure","April 07, 2025","April 11, 2025"
"Linden St between 21St & W Grand Ave","D3","High","Closure","April 07, 2025","April 11, 2025"
"Lake Merritt -- All Parks, City Assets, and Walkways","D3","High","Closure","April 07, 2025","April 11, 2025"
"Railroad Ave between Louisiana St and 85th Ave","D7","High","Closure","April 03, 2025","April 04, 2025"
"105th Ave between Russet St & San Leandro St","D7","High","Closure","April 02, 2025","April 04, 2025"
"San Leandro St between 106th Ave and 107th Ave","D7","High","Closure","April 02, 2025","April 04, 2025"
"San Leandro St between 105th Ave and 106th Ave","D7","High","Closure","April 02, 2025","April 04, 2025"
"Lake Merritt -- All Parks, City Assets, and Walkways","D3","High","Closure","April 02, 2025","April 04, 2025"
"Bancroft between Hole St & Trask St","D6","High","Closure","April 01, 2025","April 03, 2025"
"55th Ave between Hilton St & Foothill Blvd","D6","High","Closure","April 01, 2025","April 03, 2025"
"55th Ave between Bancroft Ave & Hilton St","D6","High","Closure","April 01, 2025","April 03, 2025"
"Trask St between Foothill Blvd and Bancroft Ave","D6","High","Closure","April 01, 2025","April 03, 2025"
"Foothill blvd between Trask St and 57th Ave","D6","High","Closure","April 01, 2025","April 03, 2025"
"57th Ave between Foothill Blvd and Bancroft Ave","D6","High","Closure","April 01, 2025","April 03, 2025"
"Hilton St between 55th Ave and Bancroft Ave","D6","High","Closure","April 01, 2025","April 03, 2025"
"Bancroft between Cole St and 55th St","D6","High","Closure","April 01, 2025","April 03, 2025"
"Bancroft Ave between 55th Ave and Hilton St","D6","High","Closure","April 01, 2025","April 03, 2025"
"Bancroft between Cole St and Trask St","D6","High","Closure","April 01, 2025","April 03, 2025"
"Grove Shafter Park (s near park and encampment next to freeway)","D3","High","Closure","March 24, 2025","March 27, 2025"
"33rd St between 34th St and Telegraph Ave","D3","High","Closure","March 24, 2025","March 27, 2025"
"34th St between Andover St & Elm St","D3","High","Closure","March 24, 2025","March 27, 2025"
"34th St between Elm St & Telegraph Ave","D3","High","Closure","March 24, 2025","March 27, 2025"
"34th St between MLK & Telegraph Ave (Overpass)","D3","High","Closure","March 24, 2025","March 27, 2025"
"Castro St between 2nd St St and 3rd St","D3","High","Closure","March 24, 2025","March 27, 2025"
"Castro St between 3rd St and 4th St","D3","High","Closure","March 24, 2025","March 27, 2025"
"Castro St between 4th St and 5th St","D3","High","Closure","March 24, 2025","March 27, 2025"
"Castro St between 5th St and 6th St","D3","High","Closure","March 24, 2025","March 27, 2025"
"27th St between MLK Jr Way and Northgate Ave","D3","High","Closure","March 24, 2025","March 28, 2025"
"23rd St between Northgate Ave and Telegraph Ave","D3","High","Closure","March 24, 2025","March 28, 2025"
"23rd St between MLK to Northgate","D3","High","Closure","March 24, 2025","March 28, 2025"
"W Grand Ave between Northgate Ave and Telegraph Ave","D3","High","Closure","March 24, 2025","March 28, 2025"
"W Grand Ave between MLK to Northgate","D3","High","Closure","March 24, 2025","March 28, 2025"
"Jefferson St between 2nd St and Embarcadero West","D3","High","Closure","March 20, 2025","March 20, 2025"
"Lafayette Square Park","D3","High","Closure","March 18, 2025","March 21, 2025"
"Estuary Park/Jack London Aquatic Center","D3","High","Closure","March 17, 2025","March 21, 2025"
"Helen Mc Gregor Plaza","D1","High","Closure","March 17, 2025","March 19, 2025"
"Jefferson Square Park","D3","High","Closure","March 17, 2025","March 19, 2025"
"Foothill Blvd between 67th Avenue and 68th Avenue","D6","High","Closure","March 13, 2025","March 13, 2025"
"68th Ave between Foothill Blvd and Bancroft Ave","D6","High","Closure","March 13, 2025","March 13, 2025"
"67th Ave between Foothill Blvd and Bancroft Ave","D6","High","Closure","March 13, 2025","March 13, 2025"
"Bancroft Blvd between 67th Ave and 68th Ave","D6","High","Closure","March 13, 2025","March 13, 2025"
"73rd Ave between Internationaland Orral St","D6","High","Closure","March 11, 2025","March 13, 2025"
"Cul-de-sac at 73rd Ave and Herbert Guice Way","D6","High","Closure","March 11, 2025","March 13, 2025"
"Hamilton St between 69th Ave and 70th Ave","D6","High","Closure","March 11, 2025","March 13, 2025"
"Hamilton St between 70th Ave and 71st Ave","D6","High","Closure","March 11, 2025","March 13, 2025"
"Hamilton St between 71st Ave and 72nd Ave","D6","High","Closure","March 11, 2025","March 13, 2025"
"Hamilton St between 72nd Ave and 73rd Ave","D6","High","Closure","March 11, 2025","March 13, 2025"
"Hamilton St between 73rd Ave and Hegenberger Rd","D6","High","Closure","March 11, 2025","March 13, 2025"
"7014 Hamilton St","D6","High","Closure","March 11, 2025","March 13, 2025"
"Union Point Park","D5","High","Closure","March 10, 2025","March 11, 2025"
"Peralta St between 3rd St and 7th St","D5","High","Closure","March 05, 2025","March 07, 2025"
"Peralta St between 5th St and 7th St","D5","High","Closure","March 05, 2025","March 07, 2025"
"E 8th St between Fruitvale Ave and 34th Ave","D5","High","Closure","March 04, 2025","March 06, 2025"
"E 8th St between 34th Ave and 36th Ave","D5","High","Closure","March 04, 2025","March 06, 2025"
"E 8th St between 36th Ave and 37th Ave","D5","High","Closure","March 04, 2025","March 06, 2025"
"Alameda Avenue between E 8th St and Howard St","D5","High","Closure","March 04, 2025","March 06, 2025"
"Alameda Avenue between Oakport St and  E 8th St","D5","High","Closure","March 04, 2025","March 06, 2025"
"East 8th Cul De Sac","D5","High","Closure","March 04, 2025","March 06, 2025"
"City Lot at Alameda - 3801 E 8th St","D5","High","Closure","March 04, 2025","March 06, 2025"
"E 9th St between Fruitvale Ave and 33rd Ave","D5","High","Closure","March 04, 2025","March 06, 2025"
"E 9th St between 34th Ave and 35th Ave","D5","High","Closure","March 04, 2025","March 06, 2025"
"E 9th St between 33rd Ave and 34th Ave","D5","High","Closure","March 04, 2025","March 06, 2025"
"E 9th St between 35th Ave and 36th Ave","D5","High","Closure","March 04, 2025","March 06, 2025"
"E 9th St between 36th Ave and 37th Ave","D5","High","Closure","March 04, 2025","March 06, 2025"
"Mandela Pkwy between 11th St and 12th St","D3","High","Closure","March 03, 2025","March 06, 2025"
"16th St between Poplar St and Union St","D3","High","Closure","March 03, 2025","March 06, 2025"
"16th St between Union St and Magnolia St","D3","High","Closure","March 03, 2025","March 06, 2025"
"16th St between Magnolia St & Adeline St","D3","High","Closure","March 03, 2025","March 06, 2025"
"Adeline St between 16th St and 18th St","D3","High","Closure","March 03, 2025","March 06, 2025"
"Poplar St between 18th St and 20th St","D3","High","Closure","March 03, 2025","March 06, 2025"
"Poplar St between 20th St and 21st St","D3","High","Closure","March 03, 2025","March 06, 2025"
"Poplar St between 21st St and W Grand Ave","D3","High","Closure","March 03, 2025","March 06, 2025"
"Poplar St between W Grand Ave and 24th St","D3","High","Closure","March 03, 2025","March 06, 2025"
"Poplar St between 24th St and 26th St","D3","High","Closure","March 03, 2025","March 06, 2025"
"Poplar St between 26th St and 28th St","D3","High","Closure","March 03, 2025","March 06, 2025"
"Poplar St between 28th St and 30th St","D3","High","Closure","March 03, 2025","March 06, 2025"
"18th St between Poplar St and Adeline St","D3","High","Closure","March 03, 2025","March 06, 2025"
"Mandela Pkwy between 8th St and Dr Huey P. Newton Wy","D3","High","Closure","March 03, 2025","March 06, 2025"
"Mandela Pkwy between Dr Huey P. Newton Wy and 10th St","D3","High","Closure","March 03, 2025","March 06, 2025"
"Mandela Pkwy between 10th St and 11th St","D3","High","Closure","March 03, 2025","March 06, 2025"
"Mandela Pkwy between 12th St and 13th St","D3","High","Closure","March 03, 2025","March 06, 2025"
"Mandela Pkwy between 13th and 14th","D3","High","Closure","March 03, 2025","March 06, 2025"
"Mandela Pkwy between 14th St and 15th St","D3","High","Closure","March 03, 2025","March 06, 2025"
"Mandela Pkwy between 15th St and 16th St","D3","High","Closure","March 03, 2025","March 06, 2025"
"Mandela Pkwy between 16th St and 17th St","D3","High","Closure","March 03, 2025","March 06, 2025"
"Mandela Pkwy between 17th St and 18th St","D3","High","Closure","March 03, 2025","March 06, 2025"
"Mandela Pkwy between 18th St and 20th St","D3","High","Closure","March 03, 2025","March 06, 2025"
"Mandela Pkwy between 20th St and W Grand Ave","D3","High","Closure","March 03, 2025","March 06, 2025"
"Bellevue Ave between Grand Ave & Staten Ave","D3","High","Closure","February 27, 2025","February 28, 2025"
"Lake Merritt Zone 3: Bellevue Ave and Grand Ave","D3","High","Closure","February 27, 2025","February 28, 2025"
"Grand Ave between Bellevue Ave & Euclid Ave","D3","High","Closure","February 27, 2025","February 28, 2025"
"MLK Way between 4th St & 5th St","D3","High","Closure","February 25, 2025","February 28, 2025"
"MLK Way between 3rd St & 4th St","D3","High","Closure","February 25, 2025","February 28, 2025"
"MLK Way between 2nd St & 3rd St","D3","High","Closure","February 25, 2025","February 28, 2025"
"Castro St between 5th St and 6th St","D3","Low","Closure","February 24, 2025","February 25, 2025"
"Castro St between 4th St and 5th St","D3","High","Closure","February 24, 2025","February 25, 2025"
"Castro St between 3rd St and 4th St","D3","High","Closure","February 24, 2025","February 25, 2025"
"2nd & Brush","D3","High","Closure","February 24, 2025","February 25, 2025"
"4th St between Clay St & Washington st","D3","High","Closure","February 24, 2025","February 25, 2025"
"4th St between Jefferson St & Clay St","D3","High","Closure","February 24, 2025","February 25, 2025"
"4th St between MLK & Jefferson St","D3","High","Closure","February 24, 2025","February 25, 2025"
"Castro St between 2nd St St and 3rd St","D3","High","Closure","February 24, 2025","February 25, 2025"
"Thomas L Berkley Way between Castro St and MLK","D3","High","Closure","February 24, 2025","February 25, 2025"
"Castro St between 20th St & San Pablo Ave","D3","High","Closure","February 24, 2025","February 25, 2025"
"Castro St between 19th St & 20th St","D3","High","Closure","February 24, 2025","February 25, 2025"
"Castro St between 18th St & 19th St","D3","High","Closure","February 24, 2025","February 25, 2025"
"Castro St between 17th St & 18th St","D3","High","Closure","February 24, 2025","February 25, 2025"
"Castro St between 16th St & 17th St","D3","High","Closure","February 24, 2025","February 25, 2025"
"Castro St between 15th St & 16th St","D3","High","Closure","February 24, 2025","February 25, 2025"
"Castro St between 14th St & 15th St","D3","High","Closure","February 24, 2025","February 25, 2025"
"Castro St between 12th St & 14th St","D3","High","Closure","February 24, 2025","February 25, 2025"
"Castro St between 11th St & 12th St","D3","High","Closure","February 24, 2025","February 25, 2025"
"Castro St between 10th St & 11th St","D3","High","Closure","February 24, 2025","February 25, 2025"
"Castro St between 9th St & 10th St","D3","High","Closure","February 24, 2025","February 25, 2025"
"Castro St between 8th St & 9th St","D3","High","Closure","February 24, 2025","February 25, 2025"
"Castro St between 7th St & 8th St","D3","High","Closure","February 24, 2025","February 25, 2025"
"Castro St between 6th and 7th St","D3","High","Closure","February 24, 2025","February 25, 2025"
"Laverne Ave between 55th Ave and Foothill Blvd","D6","High","Closure","February 20, 2025","February 21, 2025"
"55th Ave between Foothill Blvd and Laverne Ave","D6","High","Closure","February 20, 2025","February 21, 2025"
"Trask St between Foothill Blvd and Bancroft Ave","D6","High","Closure","February 20, 2025","February 21, 2025"
"Foothill Blvd between 55th Ave and 57th Ave","D6","High","Closure","February 20, 2025","February 21, 2025"
"57th Ave between Bancroft and Laverne Ave","D6","High","Closure","February 20, 2025","February 21, 2025"
"Wilma Chan Park (formerly ""Madison Park"")","D2","High","Closure","February 20, 2025","February 21, 2025"
"San Pablo Ave between 23rd St and W Grand Ave","D3","High","Closure","February 18, 2025","February 20, 2025"
"W Grand Ave between MLK to Northgate","D3","High","Closure","February 18, 2025","February 20, 2025"
"W Grand Ave between Northgate Ave and Telegraph Ave","D3","High","Closure","February 18, 2025","February 20, 2025"
"Telegraph Ave between 23rd St and W Grand Ave","D3","High","Closure","February 18, 2025","February 20, 2025"
"MLk between W Grand Ave & 23rd","D3","High","Closure","February 18, 2025","February 20, 2025"
"Northgate Ave between W Grand Ave and 23rd St","D3","High","Closure","February 18, 2025","February 20, 2025"
"Northgate Ave between 23rd St and 24th St","D3","High","Closure","February 18, 2025","February 20, 2025"
"23rd St. between MLK and San Pablo","D3","High","Closure","February 18, 2025","February 20, 2025"
"23rd St between MLK to Northgate","D3","High","Closure","February 18, 2025","February 20, 2025"
"23rd St between Northgate Ave and Telegraph Ave","D3","High","Closure","February 18, 2025","February 20, 2025"
"W Grand Ave between San Pablo Ave & MLK","D3","High","Closure","February 18, 2025","February 20, 2025"
"71st Ave and San Leandro St: 700 71st St","D6","High","Closure","February 13, 2025","February 14, 2025"
"73rd Ave and Hawley St Access Road","D6","High","Closure","February 11, 2025","February 14, 2025"
"75th Ave between Snell St & Hawley St","D6","High","Closure","February 11, 2025","February 14, 2025"
"73rd and San Leandro St/Coliseum/Airport Amtrak","D6","High","Closure","February 11, 2025","February 14, 2025"
"San Leandro Street between Seminary & 66th Avenue","D6","High","Closure","February 10, 2025","February 13, 2025"
"34th St between MLK & Telegraph Ave (Overpass)","D3","High","Closure","February 05, 2025","February 07, 2025"
"Baldwin between Hegenberger and 85th Ave","D7","High","Closure","February 03, 2025","February 06, 2025"
"692 Baldwin","D7","High","Closure","February 03, 2025","February 06, 2025"
"Estuary Park/Jack London Aquatic Center","D3","High","Closure","February 03, 2025","February 07, 2025"
"42nd between MLK & Telegraph","D1","Low","Closure","February 03, 2025","February 07, 2025"
"Castro St between 11th St & 12th St","D3","High","Closure","February 03, 2025","February 04, 2025"
"Castro St between 10th St & 11th St","D3","High","Closure","February 03, 2025","February 04, 2025"
"Castro St between 9th St & 10th St","D3","High","Closure","February 03, 2025","February 04, 2025"
"Castro St between 8th St & 9th St","D3","High","Closure","February 03, 2025","February 04, 2025"
"Castro St between 7th St & 8th St","D3","High","Closure","February 03, 2025","February 04, 2025"
"Castro St between 5th St and 6th St","D3","Low","Closure","February 03, 2025","February 04, 2025"
"7th St between Castro St & Gerry Adams Way","D3","Low","Closure","February 03, 2025","February 04, 2025"
"Leet Drive","D7","High","Closure","January 28, 2025","January 30, 2025"
"Courtland Creek Park","D5","High","Closure","January 27, 2025","January 27, 2025"
"City Lot - Near 105th & Knight St","D7","High","Closure","January 27, 2025","January 31, 2025"
"42nd between MLK & Telegraph","D1","Low","Closure","January 27, 2025","January 31, 2025"
"42nd between MLK & Telegraph","D1","Low","Closure","January 24, 2025","January 24, 2025"
"Lakeshore Ave between Wayne Ave & Hanover","D2","High","Closure","January 22, 2025","January 24, 2025"
"62nd St between Herzog St & Baker St","D1","High","Closure","January 22, 2025","January 22, 2025"
"Hezrog St between 62nd St & 63rd St","D1","High","Closure","January 22, 2025","January 22, 2025"
"63rd St between Hezrog St & San Pablo Ave","D1","High","Closure","January 22, 2025","January 22, 2025"
"San Pablo Ave between 61st St & 63rd St","D1","High","Closure","January 22, 2025","January 22, 2025"
"61st St between San Pablo Ave & Baker St","D1","High","Closure","January 22, 2025","January 22, 2025"
"Lakeshore Ave between El Embarcardeo & Boden Ave","D2","High","Closure","January 22, 2025","January 24, 2025"
"Lakeshore Ave between Boden Ave & Brooklyn Ave","D2","High","Closure","January 22, 2025","January 24, 2025"
"Lakeshore Ave between Brooklyn Ave & Wayne Ave","D2","High","Closure","January 22, 2025","January 24, 2025"
"Baker St between 61st Pl & 62nd St","D1","High","Closure","January 22, 2025","January 22, 2025"
"Lakeshore Ave between Hanover and E18th St","D2","High","Closure","January 22, 2025","January 24, 2025"
"Lake Merritt: 563 Pergola","D2","High","Closure","January 22, 2025","January 24, 2025"
"Grand Ave between Bellevue Ave & Euclid Ave","D2","High","Closure","January 21, 2025","January 22, 2025"
"Bellevue Ave between Grand Ave & Staten Ave","D2","High","Closure","January 21, 2025","January 22, 2025"
"Lake Merritt: Zone 3","D2","High","Closure","January 21, 2025","January 22, 2025"
"Chinese Garden Park","D2","High","Closure","January 15, 2025","January 16, 2025"
"23rd St. between MLK and San Pablo","D3","High","Closure","January 15, 2025","January 16, 2025"
"San Pablo Ave between W Grand Ave & MLK","D3","High","Closure","January 15, 2025","January 16, 2025"
"Castro St between 20th St & San Pablo Ave","D3","High","Closure","January 15, 2025","January 16, 2025"
"MLK between San Pablo Ave & W Grand Ave","D3","High","Closure","January 15, 2025","January 16, 2025"
"W Grand Ave between San Pablo Ave & MLK","D3","High","Closure","January 15, 2025","January 16, 2025"
"7th St & E 8th St between Fallon St & 6th Ave","D2","High","Closure","January 13, 2025","January 15, 2025"
"5th Ave between E 8th St & E 10th St","D2","High","Closure","January 13, 2025","January 15, 2025"
"5th Ave between Embarcadero & E 8th St","D2","High","Closure","January 13, 2025","January 15, 2025"
"Estuary Park/Jack London Aquatic Center","D2","High","Closure","January 09, 2025","January 10, 2025"
"42nd between MLK & Telegraph","D1","Low","Closure","January 08, 2025","January 09, 2025"
"42nd & Dover","D1","Low","Closure","January 08, 2025","January 09, 2025"
"45th between Telegraph & MLK","D1","Low","Closure","January 06, 2025","January 07, 2025"
"Median at 73rd Ave & Hawley St","D6","High","Closure","December 18, 2024","December 18, 2024"
"Hawley St between 72nd Ave & 73rd Ave","D6","High","Closure","December 18, 2024","December 18, 2024"
"Bancroft Ave between 73rd Ave and 74th Ave","D6","High","Closure","December 18, 2024","December 18, 2024"
"Bancroft Ave between 74th Ave and 75th Ave","D6","High","Closure","December 18, 2024","December 18, 2024"
"Jefferson Square Park","D3","High","Closure","December 18, 2024","December 20, 2024"
"6th St between Alice St and Jackson St","D2","High","Closure","December 17, 2024","December 17, 2024"
"Chinese Garden Park","D2","High","Closure","December 17, 2024","December 17, 2024"
"5th Ave between E 8th St & E 10th St","D2","High","Closure","December 16, 2024","December 17, 2024"
"7th St & E 8th St between Fallon St & 6th Ave","D2","High","Closure","December 16, 2024","December 17, 2024"
"5th Ave between Embarcadero & E 8th St","D2","High","Closure","December 16, 2024","December 17, 2024"
"5th Ave between E 8th St & E 10th St","D2","High","Closure","December 13, 2024","December 13, 2024"
"5th Ave between Embarcadero & E 8th St","D2","High","Closure","December 13, 2024","December 13, 2024"
"7th St & E 8th St between Fallon St & 6th Ave","D2","High","Closure","December 13, 2024","December 13, 2024"
"Franklin St & 6th St","D3","High","Closure","December 12, 2024","December 13, 2024"
"Vantage Point Park","D2","High","Closure","December 12, 2024","December 12, 2024"
"6th St between Franklin and Broadway","D3","High","Closure","December 12, 2024","December 13, 2024"
"Harrison St between 4th St and 5th St","D2","High","Closure","December 11, 2024","December 11, 2024"
"5th St between Harrison St and Webster St","D2","High","Closure","December 11, 2024","December 11, 2024"
"Webster Place between 5th St and 6th St","D2","Low","Closure","December 11, 2024","December 11, 2024"
"San Leandro St between 92nd Ave & 98th Ave","D7","High","Closure","December 09, 2024","December 11, 2024"
"E 9th St between Fruitvale Ave and 33rd Ave","D5","High","Closure","December 09, 2024","December 10, 2024"
"E 9th St between 33rd Ave and 34th Ave","D5","High","Closure","December 09, 2024","December 10, 2024"
"E 9th St between 34th Ave and 35th Ave","D5","High","Closure","December 09, 2024","December 10, 2024"
"E 9th St between 35th Ave and 36th Ave","D5","High","Closure","December 09, 2024","December 10, 2024"
"E 9th St between 36th Ave and 37th Ave","D5","High","Closure","December 09, 2024","December 10, 2024"
"Cul de sac at 36th Ave and E. 9th St","D5","High","Closure","December 09, 2024","December 10, 2024"
"Cul de sac at 35th Ave and E. 9th St","D5","High","Closure","December 09, 2024","December 10, 2024"
"Cul de sac at 34th Ave and E. 9th St","D5","High","Closure","December 09, 2024","December 10, 2024"
"Cul de sac at 33rd Ave and E. 9th St","D5","High","Closure","December 09, 2024","December 10, 2024"
"Cul de sac at 33rd Ave and E. 9th St","D5","High","Closure","December 06, 2024","December 06, 2024"
"E 9th St between Fruitvale Ave and 33rd Ave","D5","High","Closure","December 06, 2024","December 06, 2024"
"E 9th St between 33rd Ave and 34th Ave","D5","High","Closure","December 06, 2024","December 06, 2024"
"E 9th St between 34th Ave and 35th Ave","D5","High","Closure","December 06, 2024","December 06, 2024"
"E 9th St between 35th Ave and 36th Ave","D5","High","Closure","December 06, 2024","December 06, 2024"
"E 9th St between 36th Ave and 37th Ave","D5","High","Closure","December 06, 2024","December 06, 2024"
"Cul de sac at 36th Ave and E. 9th St","D5","High","Closure","December 06, 2024","December 06, 2024"
"Cul de sac at 35th Ave and E. 9th St","D5","High","Closure","December 06, 2024","December 06, 2024"
"Cul de sac at 34th Ave and E. 9th St","D5","High","Closure","December 06, 2024","December 06, 2024"
"W MacArthur Blvd between Dover St & MLK","D1","Low","Closure","December 05, 2024","December 05, 2024"
"30th St. between MLK and Telegraph","D3","High","Closure","December 04, 2024","December 04, 2024"
"Castro St between 5th St and 6th St","D3","Low","Closure","December 04, 2024","December 06, 2024"
"Castro St between 6th and 7th St","D3","Low","Closure","December 04, 2024","December 06, 2024"
"29th St. between MLK and Telegraph","D3","High","Closure","December 04, 2024","December 04, 2024"
"Vallejo & Stanford","D1","High","Closure","December 04, 2024","December 04, 2024"
"Lowell St between Arlington Ave & Grace Ave","D1","High","Closure","December 02, 2024","December 03, 2024"
"San Leandro St between 92nd Ave & 98th Ave","D7","High","Closure","December 02, 2024","December 03, 2024"
"61st St between Bakers St & Lowell St","D1","High","Closure","December 02, 2024","December 03, 2024"
"61st Pl between Baker St & Lowell St","D1","High","Closure","December 02, 2024","December 03, 2024"
"Lowell St between Grace Ave & Stanford Ave","D1","High","Closure","December 02, 2024","December 03, 2024"
"Lowell St between 57th St & Arlinton Ave","D1","High","Closure","December 02, 2024","December 03, 2024"
"Lowell St between Aileen St & 57th St","D1","High","Closure","December 02, 2024","December 03, 2024"
"Stanford Ave between Los Angeles and Lowell St","D1","High","Closure","December 02, 2024","December 03, 2024"
"Stanford Ave between Lowell St and Market St","D1","High","Closure","December 02, 2024","December 03, 2024"
"Grace Ave between Lowell St and Los Angeles St","D1","High","Closure","December 02, 2024","December 03, 2024"
"Arlington Ave between Grace Lowell St and Los Angeles St","D1","High","Closure","December 02, 2024","December 03, 2024"
"2863 E. 9th Street","D5","High","Closure","November 27, 2024","November 27, 2024"
"36th & MLK","D3","High","Closure","November 25, 2024","November 26, 2024"
"Grove Shafter Park (s near park and encampment next to freeway)","D3","High","Closure","November 25, 2024","November 26, 2024"
"International Blvd between 85th Ave and 86th Ave","D7","High","Closure","November 22, 2024","November 22, 2024"
"Bancroft Ave between 73rd Ave and 74th Ave","D6","High","Closure","November 22, 2024","November 22, 2024"
"Cul-de-sac at 75th Ave & Bancroft Ave","D6","High","Closure","November 22, 2024","November 22, 2024"
"Bancroft Ave between 74th Ave and 75th Ave","D6","High","Closure","November 22, 2024","November 22, 2024"
"International Blvd between 84th Ave and 85th Ave","D7","High","Closure","November 22, 2024","November 22, 2024"
"International Blvd between 83rd Ave and 84th Ave","D7","High","Closure","November 22, 2024","November 22, 2024"
"89th Ave between International Blvd & Holly St","D7","High","Closure","November 19, 2024","November 21, 2024"
"86th Ave between International Blvd & A St","D7","High","Closure","November 19, 2024","November 21, 2024"
"85th Ave between International Blvd & A St","D7","High","Closure","November 19, 2024","November 21, 2024"
"International Blvd between 90th Ave and 91st Ave","D7","High","Closure","November 19, 2024","November 21, 2024"
"84th Ave between International Blvd & A St","D7","High","Closure","November 19, 2024","November 21, 2024"
"81st Ave between International Blvd & Holly St","D7","High","Closure","November 19, 2024","November 21, 2024"
"International Blvd between 89th Ave and 90th Ave","D7","High","Closure","November 19, 2024","November 21, 2024"
"International Blvd between 88th Ave and 89th Ave","D7","High","Closure","November 19, 2024","November 21, 2024"
"International Blvd between 87th Ave and 88th Ave","D7","High","Closure","November 19, 2024","November 21, 2024"
"International Blvd between 86th Ave and 87th Ave","D7","High","Closure","November 19, 2024","November 21, 2024"
"91st Ave between International Blvd & A St","D7","High","Closure","November 19, 2024","November 21, 2024"
"90th Ave between International Blvd & A St","D7","High","Closure","November 19, 2024","November 21, 2024"
"Auseon Ave between International Blvd & Holly St","D7","High","Closure","November 19, 2024","November 21, 2024"
"100 Oak St/Oak St & Fallon St","D2","High","Closure","November 18, 2024","November 18, 2024"
"23rd St. between MLK and San Pablo","D3","High","Closure","November 18, 2024","November 18, 2024"
"30th St. between MLK and Telegraph","D3","High","Closure","November 18, 2024","November 18, 2024"
"Cul-de-sac at 73rd Ave and Herbert Guice Way","D6","High","Closure","November 13, 2024","November 14, 2024"
"45th Ave between Foothill Blvd and Bond St","D5","High","Closure","November 12, 2024","November 12, 2024"
"International Blvd between 83rd Ave and 84th Ave","D7","High","Closure","November 12, 2024","November 15, 2024"
"International Blvd between 84th Ave and 85th Ave","D7","High","Closure","November 12, 2024","November 15, 2024"
"Bond St between 45th Ave and 46th Ave","D5","High","Closure","November 12, 2024","November 12, 2024"
"Bond St between High St and 45th Ave","D5","High","Closure","November 12, 2024","November 12, 2024"
"Bond St between High St and 42nd Avenue","D5","High","Closure","November 12, 2024","November 12, 2024"
"International Blvd between 85th Ave and 86th Ave","D7","High","Closure","November 12, 2024","November 15, 2024"
"High Street Between Bond Street and Foothill","D5","High","Closure","November 12, 2024","November 12, 2024"
"88th Ave between Holly St and International Blvd (Elmhurst Library)","D7","High","Closure","November 12, 2024","November 15, 2024"
"E St between 101st Ave and 102nd Ave","D7","High","Closure","November 01, 2024","November 01, 2024"
"E St between 104th Ave & 105th Ave","D7","High","Closure","November 01, 2024","November 01, 2024"
"E St between 103rd Ave and 104th Ave","D7","High","Closure","November 01, 2024","November 01, 2024"
"E St between 102nd and 103rd Ave","D7","High","Closure","November 01, 2024","November 01, 2024"
"E St between 100th Ave and 101st Ave","D7","High","Closure","November 01, 2024","November 01, 2024"
"E St between 98th Ave and 100th Ave","D7","High","Closure","November 01, 2024","November 01, 2024"
"Mandela Pkwy between 12th St and 13th St","D3","High","Closure","October 30, 2024","October 30, 2024"
"Median at Mandela Pkwy between 12th St and 14th St","D3","High","Closure","October 30, 2024","October 30, 2024"
"Mandela Pkwy between 13th St and 14th St","D3","High","Closure","October 30, 2024","October 30, 2024"
"West St between West Grand Ave and San Pablo Ave","D3","High","Closure","October 29, 2024","November 01, 2024"
"W. Grand Between West St and Isabella St","D3","High","Closure","October 29, 2024","November 01, 2024"
"W. Grand Between Brush St and West St","D3","High","Closure","October 29, 2024","November 01, 2024"
"Cypress Freeway Memorial Park (FS3), 1301 Mandela Parkway","D3","High","Closure","October 29, 2024","October 29, 2024"
"13th St between Center and Mandela Pkwy","D3","High","Closure","October 29, 2024","October 29, 2024"
"Mandela Pkwy between 13th and 14th","D3","High","Closure","October 29, 2024","October 29, 2024"
"14th St between Center St and Mandela Pkwy","D3","High","Closure","October 29, 2024","October 29, 2024"
"23rd St between West St and Brush St","D3","High","Closure","October 29, 2024","November 01, 2024"
"Clara St between Edes & Oscar Ave","D7","High","Closure","October 28, 2024","October 28, 2024"
"Lake Merritt: Fairyland (zone 1 and zone 2)","D3","High","Closure","October 24, 2024","October 25, 2024"
"Cypress Freeway Memorial Park (FS3), 1301 Mandela Parkway","D3","High","Closure","October 22, 2024","October 25, 2024"
"13th St between Center and Mandela Pkwy","D3","High","Closure","October 22, 2024","October 25, 2024"
"Mandela Pkwy between 13th and 14th","D3","High","Closure","October 22, 2024","October 25, 2024"
"14th St between Center St and Mandela Pkwy","D3","High","Closure","October 22, 2024","October 25, 2024"
"Union Point Park","D5","High","Closure","October 21, 2024","October 21, 2024"
"Median at 1008 E 23rd St and Calcot Pl","D5","High","Closure","October 17, 2024","October 17, 2024"
"1000 Calcot Place (Homeless camp is on 23rd Ave near on-ramp near large blue building)","D5","High","Closure","October 17, 2024","October 17, 2024"
"Cul de sac at 1091 Calcot Pl","D5","High","Closure","October 17, 2024","October 17, 2024"
"Coral Rd between Cairo Rd & Sextus Rd","D7","High","Closure","October 16, 2024","October 16, 2024"
"Coral Rd between Tunist Rd & Sextus Rd","D7","High","Closure","October 16, 2024","October 16, 2024"
"Cul-de-sac at 39th St. and MLK","D3","High","Closure","October 15, 2024","October 15, 2024"
"29th St. between MLK and Telegraph","D3","High","Closure","October 14, 2024","October 15, 2024"
"30th St. between MLK and Telegraph","D3","High","Closure","October 09, 2024","October 10, 2024"
"Bancroft Way between 46th Ave & 47th Ave","D5","High","Closure","October 07, 2024","October 08, 2024"
"Enterprise Way between Edes Ave and 85th Ave","D7","High","Closure","October 04, 2024","October 04, 2024"
"Independent Loop","D6","High","Closure","October 01, 2024","October 03, 2024"
"Clinton Park","D2","High","Closure","September 30, 2024","September 30, 2024"
"6th Ave between International Blvd and E 12th St","D2","High","Closure","September 30, 2024","September 30, 2024"
"10th St & East Dr","D2","High","Closure","September 24, 2024","September 26, 2024"
"Peralta Park","D2","High","Closure","September 24, 2024","September 26, 2024"
"67th Ave between Foothill Blvd and Bancroft Ave","D6","High","Closure","September 23, 2024","September 23, 2024"
"Bancroft Blvd between 67th Ave and 68th Ave","D6","High","Closure","September 23, 2024","September 23, 2024"
"68th Ave between Foothill Blvd and Bancroft Ave","D6","High","Closure","September 23, 2024","September 23, 2024"
"Foothill Blvd between 67th Avenue and 68th Avenue","D6","High","Closure","September 23, 2024","September 23, 2024"
"23rd St between MLK to Northgate","D3","High","Closure","September 23, 2024","September 27, 2024"
"MLK between 24th & 25th","D3","High","Closure","September 23, 2024","September 27, 2024"
"MLK between 23rd & 24th","D3","High","Closure","September 23, 2024","September 27, 2024"
"MLk between W Grand Ave & 23rd","D3","High","Closure","September 23, 2024","September 27, 2024"
"W Grand Ave between San Pablo Ave & MLK","D3","High","Closure","September 23, 2024","September 27, 2024"
"MLK between San Pablo Ave & W Grand Ave","D3","High","Closure","September 23, 2024","September 27, 2024"
"San Pablo Ave between W Grand Ave & MLK","D3","High","Closure","September 23, 2024","September 27, 2024"
"23rd St. between MLK and San Pablo","D3","High","Closure","September 23, 2024","September 27, 2024"
"MLk between W Grand Ave & 23rd","D3","High","Closure","September 16, 2024","September 20, 2024"
"23rd St. between MLK and San Pablo","D3","High","Closure","September 16, 2024","September 20, 2024"
"San Pablo Ave between W Grand Ave & MLK","D3","High","Closure","September 16, 2024","September 20, 2024"
"MLK between San Pablo Ave & W Grand Ave","D3","High","Closure","September 16, 2024","September 20, 2024"
"W Grand Ave between San Pablo Ave & MLK","D3","High","Closure","September 16, 2024","September 20, 2024"
"MLK between 23rd & 24th","D3","High","Closure","September 16, 2024","September 20, 2024"
"MLK between 24th & 25th","D3","High","Closure","September 16, 2024","September 20, 2024"
"23rd St between MLK to Northgate","D3","High","Closure","September 16, 2024","September 20, 2024"
"Peralta Park","D2","High","Deep Cleaning","September 12, 2024","September 12, 2024"
"Cul de sac at Collins Drive & Hegenberger Rd","D7","High","Closure","September 10, 2024","September 11, 2024"
"68th Ave between Foothill Blvd and Bancroft Ave","D6","High","Closure","September 03, 2024","September 04, 2024"
"Foothill Blvd between 67th Avenue and 68th Avenue","D6","High","Closure","September 03, 2024","September 04, 2024"
"Bancroft Blvd between 67th Ave and 68th Ave","D6","High","Closure","September 03, 2024","September 04, 2024"
"67th Ave between Foothill Blvd and Bancroft Ave","D6","High","Closure","September 03, 2024","September 04, 2024"
"Lake Merritt: Fairyland (zone 1 and zone 2)","D3","High","Closure","August 28, 2024","August 29, 2024"
"Lowell St between Stanford Ave and 61st Pl","D1","High","Closure","August 26, 2024","August 27, 2024"
"60th St between Idaho St & Lowell St","D1","High","Closure","August 26, 2024","August 27, 2024"
"61st Pl between Baker St & Lowell St","D1","High","Closure","August 26, 2024","August 27, 2024"
"42nd between MLK & Telegraph","D1","High","Closure (Northside) Deep Cleaning (Southside)","August 22, 2024","August 22, 2024"
"6th Ave between International Blvd and E 12th St","D2","High","Deep Cleaning","August 21, 2024","August 21, 2024"
"Clinton Park","D2","High","Deep Cleaning","August 21, 2024","August 21, 2024"
"San Leandro St between 37th Ave and 38th Ave","D5","High","Closure","August 19, 2024","August 20, 2024"
"San Leandro St between 38th Ave and 39th Ave","D5","High","Closure","August 19, 2024","August 20, 2024"
"38th ave Cul De Sac","D5","High","Closure","August 19, 2024","August 20, 2024"
"International Blvd between 105th Ave and 106th Ave","D7","High","Closure","August 12, 2024","August 16, 2024"
"International Blvd between 106th Ave and 107th Ave","D7","High","Closure","August 12, 2024","August 16, 2024"
"San Leandro St between 100th Ave and Stone St","D7","High","Closure","August 12, 2024","August 16, 2024"
"San Leandro St between Stone St and Apple St","D7","High","Closure","August 12, 2024","August 16, 2024"
"San Leandro St between Apple St and 105th Ave","D7","High","Closure","August 12, 2024","August 16, 2024"
"San Leandro St between Prune St and 100th Ave","D7","High","Closure","August 12, 2024","August 16, 2024"
"San Leandro St between 98th Ave and Prune St","D7","High","Closure","August 12, 2024","August 16, 2024"
"E St between 101st Ave and 102nd Ave","D7","High","Closure","August 08, 2024","August 08, 2024"
"E St between 100th Ave and 101st Ave","D7","High","Closure","August 08, 2024","August 08, 2024"
"International Blvd between 106th Ave and 107th Ave","D7","High","Closure","August 06, 2024","August 07, 2024"
"International Blvd between 105th Ave and 106th Ave","D7","High","Closure","August 06, 2024","August 07, 2024"
"42nd between MLK & Telegraph","D1","Low","Deep Cleaning","August 05, 2024","August 05, 2024"
"Beach St between 34th St and Shellmound St: 3400 Beach St/ 3502 Beach St (Fencing line)","D3","High","Closure","July 31, 2024","August 02, 2024"
"Mosswood Park","D3","High","Deep Cleaning","July 30, 2024","July 30, 2024"
"Union Point Park","D5","High","Closure","July 29, 2024","July 29, 2024"
"W Grand Ave between Mandela Pkwy & Kirkham St","D3","High","Closure","July 26, 2024","July 26, 2024"
"W Grand Ave between Kirkham St & Poplar St","D3","High","Closure","July 26, 2024","July 26, 2024"
"Mandela Parkway between Peralta St & W Grand Ave","D3","High","Closure","July 26, 2024","July 26, 2024"
"Lake Merritt: Amphitheater/ 12th St between Lake Merritt Blvd and 11th St","D3","High","Closure","July 26, 2024","July 26, 2024"
"Toll Plaza Beach","D3","High","Closure","July 23, 2024","July 25, 2024"
"15th Ave (Median) between Foothill Blvd and E. 19th Street  (1740 15th Ave)","D2","High","Closure","July 22, 2024","July 22, 2024"
"Wood St between 24th St and 26th St","D3","High","Closure","July 15, 2024","July 19, 2024"
"Wood St between W Grand Ave and 24th St","D3","High","Closure","July 15, 2024","July 19, 2024"
"26th St between Wood Stand Mandela Pkwy","D3","High","Closure","July 15, 2024","July 19, 2024"
"26th St between Willow St and Wood St","D3","High","Closure","July 15, 2024","July 19, 2024"
"Toll Plaza Beach","D3","High","Closure","July 09, 2024","July 11, 2024"
"15th Ave (Median) between Foothill Blvd and E. 19th Street  (1740 15th Ave)","D2","High","Closure","July 08, 2024","July 08, 2024"
"Solano Way between 17th Ave and 18th Ave","D2","High","Closure","July 08, 2024","July 08, 2024"
"18th Ave between E12th St & Solano Way","D2","High","Closure","July 08, 2024","July 08, 2024"
"30th St. between MLK and Telegraph","D3","High","Closure (North Side) Deep Clean (South Side)","July 03, 2024","July 03, 2024"
"West between 35th and 36th St","D3","High","Partial Closure (West Side - Structure Around the Street Light)","July 02, 2024","July 02, 2024"
"35th St between West St and Market St","D3","High","Closure","July 01, 2024","July 01, 2024"
"Market between 35th and 36th","D3","High","Closure","July 01, 2024","July 01, 2024"
"West St between 16th St & 18th St","D3","High","Closure","June 28, 2024","June 28, 2024"
"Marston Campbell Park (KIPP School)","D3","High","Closure","June 28, 2024","June 28, 2024"
"Wood St between 15th & 16th","D3","High","Closure","June 27, 2024","June 28, 2024"
"17th St between Willow St and Campbell St","D3","High","Closure","June 27, 2024","June 28, 2024"
"17th St between Wood St and Willow St","D3","High","Closure","June 27, 2024","June 28, 2024"
"Wood St between 18th & 20th","D3","High","Closure","June 27, 2024","June 27, 2024"
"Wood St between 17th & 18th","D3","High","Closure","June 27, 2024","June 27, 2024"
"Wood St between 16th & 17th","D3","High","Closure","June 27, 2024","June 27, 2024"
"Lake Merritt: Fairyland (zone 1)","D3","High","Closure","June 26, 2024","June 26, 2024"
"City Lot at E 12th St & 23rd Ave","D5","Low","Deep Cleaning","June 25, 2024","June 26, 2024"
"Miller Ave between E 15th St & E 16th St","D2","High","Closure","June 24, 2024","June 24, 2024"
"E 15th St between Miller Ave & 24th Ave","D2","High","Closure","June 24, 2024","June 24, 2024"
"Foothill between 106th Ave and 108th Ave","D7","High","Closure","June 21, 2024","June 21, 2024"
"International Blvd between 105th Ave and 106th Ave","D7","High","Closure","June 20, 2024","June 21, 2024"
"International Blvd between 106th Ave and 107th Ave","D7","High","Closure","June 20, 2024","June 21, 2024"
"Broadway between 5th and 6th","D3","Low","Closure (West Side) & Deep Clean (East Side)","June 18, 2024","June 18, 2024"
"W. MacArthur between MLK and Dover St","D1","Low","Closure (South Side)","June 17, 2024","June 17, 2024"
"Wood St between 24th St and 26th St","D3","High","Deep Cleaning","June 12, 2024","June 14, 2024"
"Wood St between W Grand Ave and 24th St","D3","High","Deep Cleaning","June 12, 2024","June 14, 2024"
"26th St between Willow St and Wood St","D3","High","Closure","June 10, 2024","June 14, 2024"
"Wood St between 17th & 18th","D3","High","Closure","June 07, 2024","June 07, 2024"
"Wood St between 16th & 17th","D3","High","Closure","June 07, 2024","June 07, 2024"
"Wood St between 18th & 20th","D3","High","Closure","June 07, 2024","June 07, 2024"
"Lake Merritt: Fairyland (zone 1 and zone 2)","D3","High","Closure","June 05, 2024","June 06, 2024"
"Mandela Parkway and West Grand Ave Median (Memorial Park)","D3","High","Closure","June 04, 2024","June 04, 2024"
"Union Point Park","D5","High","Closure","June 03, 2024","June 04, 2024"
"E 12th St between 47th Ave and 48th Ave","D5","High","Deep Cleaning","May 29, 2024","May 30, 2024"
"E 12th St between 46th Ave and 47th Ave","D5","High","Deep Cleaning","May 29, 2024","May 30, 2024"
"47th Avenue between East 12th & International Blvd","D5","High","Deep Cleaning","May 29, 2024","May 30, 2024"
"47th Ave between E.12th and San Leandro St","D5","High","Deep Cleaning","May 29, 2024","May 30, 2024"
"Clay St between 7th St and 8th St","D3","High","Closure","May 28, 2024","May 28, 2024"
"Bond St between High St and 42nd Avenue","D5","High","Closure","May 28, 2024","May 28, 2024"
"Clarke St between 40th and 38th","D1","High","Closure","May 21, 2024","May 21, 2024"
"Helen Mc Gregor Plaza","D1","High","Closure","May 21, 2024","May 21, 2024"
"29th St. between MLK and Telegraph","D3","Low","Deep Cleaning (North Side) 
Closure (South Side)","May 20, 2024","May 20, 2024"
"Bancroft Ave between 73rd Ave and 74th Ave","D6","High","Deep Cleaning","May 17, 2024","May 17, 2024"
"E. 12th Median : 14th Ave to 18th Ave","D2","High","Deep Cleaning","May 13, 2024","May 16, 2024"
"18th Ave between E12th St & Solano Way","D2","High","Closure","May 13, 2024","May 16, 2024"
"18th Ave between Solano Way & International Blvd","D2","High","Closure","May 13, 2024","May 16, 2024"
"17th Ave between E 12th St and Solano Way","D2","High","Deep Cleaning","May 13, 2024","May 16, 2024"
"Independent Loop","D6","High","Deep Cleaning","May 08, 2024","May 09, 2024"
"Union St between W. Grand and 24th St (2320 Union St)","D3","High","Closure","May 06, 2024","May 07, 2024"
"Mandela Parkway and West Grand Ave Median (Memorial Park)","D3","High","Closure","May 02, 2024","May 02, 2024"
"Leet Drive","D7","High","Deep Cleaning","April 30, 2024","May 01, 2024"
"Mosswood Park","D3","High","Closure","April 22, 2024","April 25, 2024"
"San Leandro St between 106th Ave and 107th Ave","D7","High","Deep Cleaning","April 17, 2024","April 19, 2024"
"San Leandro St between 105th Ave and 106th Ave","D7","High","Deep Cleaning","April 17, 2024","April 19, 2024"
"San Leandro St between Apple St and 105th Ave","D7","High","Closure","April 17, 2024","April 19, 2024"
"San Leandro St between Stone St and Apple St","D7","High","Closure","April 17, 2024","April 19, 2024"
"San Leandro St between 81st Ave and 85th Ave: 8451 San Leandro St (Pick-n-Pull)","D7","High","Deep Cleaning","April 15, 2024","April 16, 2024"
"71st Ave Between Oral St and International Blvd (1430 71st Ave)","D6","High","Closure","April 12, 2024","April 12, 2024"
"Mosswood Park","D3","High","Deep Cleaning","April 09, 2024","April 10, 2024"
"Wood St between 18th & 20th","D3","High","Closure","April 08, 2024","April 08, 2024"
"18th St between Campbell St and Wood St","D3","High","Closure","April 08, 2024","April 08, 2024"
"Wood St between 17th & 18th","D3","High","Closure","April 08, 2024","April 08, 2024"
"Alameda Avenue between E 8th St and Howard St","D5","High","Deep Cleaning","April 02, 2024","April 04, 2024"
"Alameda Avenue between Oakport St and  E 8th St","D5","High","Deep Cleaning","April 02, 2024","April 04, 2024"
"East 8th Cul De Sac","D5","High","Deep Cleaning","April 02, 2024","April 04, 2024"
"City Lot at Alameda - 3801 E 8th St","D5","High","Closure","April 02, 2024","April 04, 2024"
"615 High Street","D5","High","Closure","April 02, 2024","April 04, 2024"
"Wood St between 17th & 18th","D3","High","Closure","March 28, 2024","March 28, 2024"
"Wood St between 18th & 20th","D3","High","Closure","March 28, 2024","March 28, 2024"
"Median: East 8th Street and 11th Avenue/ 1125 E 11th St","D2","High","Closure","March 26, 2024","March 27, 2024"
"Union St between W. Grand and 24th St (2320 Union St)","D3","High","Closure","March 06, 2024","March 07, 2024"
"Median: East 8th Street and 11th Avenue/ 1125 E 11th St","D2","High","Closure","March 04, 2024","March 05, 2024"
"Leet Drive","D7","High","Deep Cleaning","February 27, 2024","March 01, 2024"
"B St between 97th Ave and 98th","D7","High","Deep Cleaning","February 26, 2024","February 26, 2024"
"Elmhurst Park (Basketball Court)","D7","High","Deep Cleaning","February 26, 2024","February 26, 2024"
"Elmhurst Park (Tennis Court)","D7","High","Closure","February 26, 2024","February 26, 2024"
"E 12th Median: 14th Ave - 18th Ave","D2","High","Deep Cleaning","February 20, 2024","February 22, 2024"
"17th Ave between Solano Way & E 12th St","D2","High","Deep Cleaning","February 20, 2024","February 22, 2024"
"Union St between W. Grand and 24th St (2320 Union St)","D3","High","Deep Cleaning","February 15, 2024","February 15, 2024"
"42nd between MLK & Telegraph","D1","Low","Closure (Northside) Deep Cleaning (Southside)","February 13, 2024","February 14, 2024"
"29th St. between MLK and Telegraph","D3","Low","Deep Cleaning","February 12, 2024","February 12, 2024"
"Peralta Park","D2","High","Deep Cleaning","February 08, 2024","February 09, 2024"
"Foothill Blvd between Crosby Ave & 36th Ave","D5","High","Closure","February 06, 2024","February 06, 2024"
"36th Ave & Foothill - Vacant Lot","D5","High","Closure","February 06, 2024","February 06, 2024"
"36th Ave between Foothill Blvd and Harper St","D5","High","Closure","February 06, 2024","February 06, 2024"
"18th St between Campbell St and Wood St","D3","High","Closure","December 19, 2023","December 20, 2023"
"Wood St between 18th & 20th","D3","High","Closure","December 19, 2023","December 20, 2023"
"Wood St between 17th & 18th","D3","High","Closure","December 19, 2023","December 20, 2023"
"45th between Telegraph & MLK","D1","Low","Deep Cleaning (Southside) and  Closure (Northside)","December 18, 2023","December 19, 2023"
"20th St between Wood St and Campbell St","D3","High","Closure","December 11, 2023","December 15, 2023"
"Wood St between 18th & 20th","D3","High","Closure","December 11, 2023","December 15, 2023"
"Raimondi Park","D3","High","Closure","December 11, 2023","December 15, 2023"
"18th St between Campbell St and Wood St","D3","High","Closure","December 11, 2023","December 15, 2023"
"Campbell St between 18th St and 20th St","D3","High","Closure","December 11, 2023","December 15, 2023"
"20th St between Wood St and Campbell St","D3","High","Closure","December 04, 2023","December 08, 2023"
"Campbell St between 18th St and 20th St","D3","High","Closure","December 04, 2023","December 08, 2023"
"18th St between Campbell St and Wood St","D3","High","Closure","December 04, 2023","December 08, 2023"
"Raimondi Park","D3","High","Closure","December 04, 2023","December 08, 2023"
"Wood St between 18th & 20th","D3","High","Closure","December 04, 2023","December 08, 2023"
"E 7th St between 23rd Ave and Kennedy St: 646 Kennedy St","D5","High","Closure","November 30, 2023","November 30, 2023"
"Kennedy St between E7th St and 23rd Ave: 401 Kennedy St","D5","High","Closure","November 30, 2023","November 30, 2023"
"Castro St between 5th St and 6th St","D3","Low","Deep Cleaning","November 28, 2023","November 28, 2023"
"6th St between Brush St and Castro St","D3","Low","Closure","November 28, 2023","November 28, 2023"
"San Pablo Ave between W Grand Ave & MLK","D3","High","Deep Cleaning","November 20, 2023","November 21, 2023"
"MLK between 24th & 25th","D3","High","Deep Cleaning","November 20, 2023","November 21, 2023"
"MLK between 23rd & 24th","D3","High","Deep Cleaning","November 20, 2023","November 21, 2023"
"MLk between W Grand Ave & 23rd","D3","High","Deep Cleaning","November 20, 2023","November 21, 2023"
"W Grand Ave between San Pablo Ave & MLK","D3","High","Deep Cleaning","November 20, 2023","November 21, 2023"
"MLK between San Pablo Ave & W Grand Ave","D3","High","Deep Cleaning","November 20, 2023","November 21, 2023"
"23rd St between MLK to Northgate","D3","High","Deep Cleaning","November 20, 2023","November 21, 2023"
"18th St between Campbell St and Wood St","D3","High","Deep Cleaning","November 14, 2023","November 16, 2023"
"20th St between Wood St and Campbell St","D3","High","Deep Cleaning","November 14, 2023","November 16, 2023"
"Campbell St between 18th St and 20th St","D3","High","Deep Cleaning","November 14, 2023","November 16, 2023"
"Raimondi Park","D3","High","Deep Cleaning","November 14, 2023","November 16, 2023"
"Wood St between 17th & 18th","D3","High","Closure","November 13, 2023","November 13, 2023"
"Wood St between 18th & 20th","D3","High","Closure","November 13, 2023","November 13, 2023"
"34th Ave and E. 9th St (cul-de-sac)","D5","High","Deep Cleaning","November 07, 2023","November 09, 2023"
"E 9th St between 34th Ave and 35th Ave","D5","High","Deep Cleaning","November 07, 2023","November 09, 2023"
"E 9th St between 33rd Ave and 34th Ave","D5","High","Deep Cleaning","November 07, 2023","November 09, 2023"
"E 9th St between Fruitvale Ave and 33rd Ave","D5","High","Deep Cleaning","November 07, 2023","November 09, 2023"
"E 9th St between 35th Ave and 36th Ave","D5","High","Deep Cleaning","November 07, 2023","November 09, 2023"
"E 9th St between 36th Ave and 37th Ave","D5","High","Deep Cleaning","November 07, 2023","November 09, 2023"
"33rd Ave and E. 9th St (cul-de-sac)","D5","High","Deep Cleaning","November 07, 2023","November 09, 2023"
"Jefferson St between 2nd St and Embarcadero West","D3","High","Closure (EMT canceled bc OFD executed emergency closure)","November 06, 2023","November 06, 2023"
"High Street and Jensen: 500 High St/4343 Jensen St","D5","High","Deep Cleaning","November 02, 2023","November 03, 2023"
"45th between Telegraph & MLK","D1","Low","Deep Cleaning (Northside) and  Closure (Southside)","November 01, 2023","November 01, 2023"
"Sycamore between Northgate and MLK","D3","Low","Deep Cleaning (South) & Closure (North)","October 31, 2023","October 31, 2023"
"42nd between MLK & Telegraph","D1","Low","Deep Cleaning (North) & Closure (South)","October 30, 2023","October 30, 2023"
"Market between 35th and 36th","D3","Low","Deep Cleaning","October 26, 2023","October 26, 2023"
"30th St. between MLK and Telegraph","D3","Low","Deep Cleaning","October 26, 2023","October 26, 2023"
"29th St. between MLK and Telegraph","D3","Low","Deep Cleaning","October 25, 2023","October 25, 2023"
"Alameda Avenue from Howard Street to Fruitvale Ave","D5","High","Closure","October 16, 2023","October 20, 2023"
"E. 8th St. and 37th Ave (behind home depot)","D5","High","Closure","October 16, 2023","October 20, 2023"
"East 8th Cul De Sac","D5","High","Closure","October 16, 2023","October 20, 2023"
"Alameda Avenue between Oakport St and  E 8th St","D5","High","Closure","October 16, 2023","October 20, 2023"
"City Lot at Alameda - 3801 E 8th St","D5","High","Closure","October 16, 2023","October 20, 2023"
"Alameda Avenue between Oakport St and  E 8th St","D5","High","Closure","October 09, 2023","October 13, 2023"
"E. 8th St. and 37th Ave (behind home depot)","D5","High","Closure","October 09, 2023","October 13, 2023"
"City Lot at Alameda - 3801 E 8th St","D5","High","Closure","October 09, 2023","October 13, 2023"
"East 8th Cul De Sac","D5","High","Closure","October 09, 2023","October 13, 2023"
"Alameda Avenue from Howard Street to Fruitvale Ave","D5","High","Closure","October 09, 2023","October 13, 2023"
"Telegraph Ave between 34th St and 36th St.","D3","Low","Deep Clean (West Side) &  Closure (East Side)","October 05, 2023","October 05, 2023"
"Wood St between 18th & 20th","D3","High","Closure","October 03, 2023","October 04, 2023"
"Wood St between 17th & 18th","D3","High","Closure","October 03, 2023","October 04, 2023"
"E. 8th St. and 37th Ave (behind home depot)","D5","High","Deep Clean","September 26, 2023","September 28, 2023"
"Alameda Avenue from Howard Street to Fruitvale Ave","D5","High","Deep Clean","September 26, 2023","September 28, 2023"
"Alameda Avenue between Oakport St and  E 8th St","D5","High","Deep Clean","September 26, 2023","September 28, 2023"
"East 8th Cul De Sac","D5","High","Deep Clean","September 26, 2023","September 28, 2023"
"City Lot at Alameda - 3801 E 8th St","D5","High","Deep Clean","September 26, 2023","September 28, 2023"
"Grand Ave between MacArthur and Lake Park Ave","D2","High","Closure","September 25, 2023","September 25, 2023"
"Kennedy St between E7th St and 23rd Ave: 401 Kennedy St","D5","High","Closure","September 21, 2023","September 21, 2023"
"9th St and Pine St (cul-de-sac)","D3","High","Closure","September 20, 2023","September 21, 2023"
"E. 12th Median : 14th Ave to 18th Ave","D2","High","Deep Cleaning","September 18, 2023","September 20, 2023"
"17th Ave between E 12th St and Solano Way","D2","High","Deep Cleaning","September 18, 2023","September 20, 2023"
"9th St and Pine St (cul-de-sac)","D3","High","Closure","September 12, 2023","September 14, 2023"
"Shorey St and Pine St","D3","High","Closure","August 30, 2023","August 31, 2023"
"9th & Pine St","D3","High","Closure","August 30, 2023","August 31, 2023"
"Kennedy St between E7th St and 23rd Ave: 401 Kennedy St","D5","High","Closure","August 29, 2023","August 29, 2023"
"E 7th St between 23rd Ave and Kennedy St: 646 Kennedy St","D5","High","Closure","August 29, 2023","August 29, 2023"
"Vallejo & Stanford","D1","High","Deep Cleaning","August 28, 2023","August 28, 2023"
"14th St between Center St and Mandela Pkwy","D3","High","Deep Cleaning","August 24, 2023","August 24, 2023"
"Cypress Freeway Memorial Park (FS3), 1301 Mandela Parkway","D3","High","Deep Cleaning","August 24, 2023","August 24, 2023"
"13th St between Center and Mandela Pkwy","D3","High","Deep Cleaning","August 24, 2023","August 24, 2023"
"Mandela Pkwy between 13th and 14th","D3","High","Deep Cleaning","August 24, 2023","August 24, 2023"
"Center St between 13th St and 14th St","D3","High","Deep Cleaning","August 24, 2023","August 24, 2023"
"International Blvd and 102nd Ave and 103rd Ave: 10221 International Blvd","D7","High","Closure","August 22, 2023","August 23, 2023"
"MLK between 35th St and 36th St","D3","Low","Partial Closure (East Side) & Closure","August 21, 2023","August 21, 2023"
"Market between 35th and 36th","D3","Low","Partial Closure (East Side) & Closure","August 21, 2023","August 21, 2023"
"Mosswood Park","D3","High","Closure (Entire Park)","August 17, 2023","August 18, 2023"
"High Street and Jensen: 500 High St/4343 Jensen St","D5","High","Deep Cleaning","August 16, 2023","August 16, 2023"
"San Leandro St between 81st Ave and 85th Ave: 8451 San Leandro St (Pick-n-Pull)","D7","High","Deep Cleaning","August 15, 2023","August 15, 2023"
"Union Point Park","D5","High","Closure","August 14, 2023","August 14, 2023"
"Kirkham St between 16th St and 18th St","D3","High","Partial Closure","August 11, 2023","August 11, 2023"
"Peralta Park","D2","High","Deep Cleaning","August 10, 2023","August 10, 2023"
"Mosswood Park","D3","High","Closure (Entire Park)","August 07, 2023","August 09, 2023"
"Jefferson St between 2nd St and Embarcadero West","D3","High","Closure","August 03, 2023","August 03, 2023"
"84th Ave between 83rd ave and Dowling St","D7","High","Deep Cleaning","August 01, 2023","August 02, 2023"
"83rd Ave between Dowling St and 83rd Ave","D7","High","Deep Cleaning","August 01, 2023","August 02, 2023"
"83rd Ave between 84th Ave & 83rd Ave","D7","High","Deep Cleaning","August 01, 2023","August 02, 2023"
"Dowling St between 83rd Ave and 84th Ave","D7","High","Deep Cleaning","August 01, 2023","August 02, 2023"
"30th St. between MLK and Telegraph","D3","Low","Deep Clean (South Side) Closure (North Side)","July 31, 2023","July 31, 2023"
"42nd between MLK & Telegraph","D1","Low","Deep Cleaning (North) & Closure (South)","July 31, 2023","July 31, 2023"
"29th St. between MLK and Telegraph","D3","Low","Deep Cleaning","July 27, 2023","July 27, 2023"
"MLK between 23rd & 24th","D3","High","Deep Cleaning","July 24, 2023","July 27, 2023"
"MLk between W Grand Ave & 23rd","D3","High","Deep Cleaning","July 24, 2023","July 27, 2023"
"W Grand Ave between San Pablo Ave & MLK","D3","High","Deep Cleaning","July 24, 2023","July 27, 2023"
"MLK between San Pablo Ave & W Grand Ave","D3","High","Deep Cleaning","July 24, 2023","July 27, 2023"
"San Pablo Ave between W Grand Ave & MLK","D3","High","Deep Cleaning","July 24, 2023","July 27, 2023"
"MLK between 24th & 25th","D3","High","Deep Cleaning","July 24, 2023","July 27, 2023"
"23rd St between MLK to Northgate","D3","High","Deep Cleaning","July 24, 2023","July 27, 2023"
"City Lot at Alameda - 3801 E 8th St","D5","High","Deep Cleaning","July 18, 2023","July 21, 2023"
"Alameda Avenue from Howard Street to Fruitvale Ave","D5","High","Deep Cleaning","July 18, 2023","July 21, 2023"
"Alameda Avenue between E 8th St and Howard St","D5","High","Deep Cleaning","July 18, 2023","July 21, 2023"
"Alameda Avenue between Oakport St and  E 8th St","D5","High","Deep Cleaning","July 18, 2023","July 21, 2023"
"E. 8th St. and 37th Ave (behind home depot)","D5","High","Deep Cleaning","July 18, 2023","July 21, 2023"
"East 8th Cul De Sac","D5","High","Deep Cleaning","July 18, 2023","July 21, 2023"
"Bancroft Ave between 55th Ave and Hilton St","D6","High","Closure","July 17, 2023","July 17, 2023"
"54th Ave between San Leandro St and E 8th St","D6","High","Deep Cleaning","July 13, 2023","July 13, 2023"
"53rd Ave between E 8th St and San Leandro St","D6","High","Deep Cleaning","July 13, 2023","July 13, 2023"
"San Leandro St between 53rd Ave and 54th Ave","D6","High","Deep Cleaning","July 13, 2023","July 13, 2023"
"Wood St between 18th & 20th","D3","High","Closure  (UNABLE TO BE EXECUTED)","July 12, 2023","July 12, 2023"
"Wood St between 17th & 18th","D3","High","Closure  (UNABLE TO BE EXECUTED)","July 12, 2023","July 12, 2023"
"Mosswood Park","D3","High","Closure","July 10, 2023","July 11, 2023"
"17th Ave between E 12th St and Solano Way","D2","High","Deep Cleaning","July 06, 2023","July 07, 2023"
"E 12th St between 14th Ave and 16th Ave (Behind Burger King)","D2","High","Deep Cleaning","July 06, 2023","July 07, 2023"
"E. 12th Median : 14th Ave to 18th Ave","D2","High","Deep Cleaning","July 06, 2023","July 07, 2023"
"Castro St between 5th St and 6th St","D3","Low","Deep Cleaning","July 05, 2023","July 05, 2023"
"23rd Ave between Foothill Blvd and E 17th St","D2","High","Closure both sides of the street","June 29, 2023","June 29, 2023"
"E 17th St between 22nd Ave and 23rd Ave","D2","High","Closure","June 29, 2023","June 29, 2023"
"Foothill Blvd between 22nd Ave and 23rd Ave","D2","High","Closure","June 29, 2023","June 29, 2023"
"Leet Drive","D7","High","Deep Cleaning","June 27, 2023","June 28, 2023"
"San Leandro St between 85th Ave and 92nd Ave","D7","High","Closure","June 26, 2023","June 26, 2023"
"7001 San Leandro St (71st Ave and San Leandro St (Safe RV Site ROW)","D6","High","Closure","June 26, 2023","June 26, 2023"
"City Lot at Alameda - 3801 E 8th St","D5","High","Closure","June 21, 2023","June 22, 2023"
"Alameda Avenue from Howard Street to Fruitvale Ave","D5","High","Deep Cleaning","June 21, 2023","June 22, 2023"
"Alameda Avenue between E 8th St and Howard St","D5","High","Deep Cleaning","June 21, 2023","June 22, 2023"
"Alameda Avenue between Oakport St and  E 8th St","D5","High","Deep Cleaning","June 21, 2023","June 22, 2023"
"E. 8th St. and 37th Ave (behind home depot)","D5","High","Deep Cleaning","June 21, 2023","June 22, 2023"
"East 8th Cul De Sac","D5","High","Closure","June 21, 2023","June 22, 2023"
"W Grand Ave between Isabella St and West St","D3","High","Closure","June 20, 2023","June 20, 2023"
"23rd St between West St and Brush St","D3","High","Closure","June 20, 2023","June 20, 2023"
"W Grand Ave between West St and Brush St","D3","High","Closure","June 20, 2023","June 20, 2023"
"West St between West Grand Ave and San Pablo Ave","D3","High","Closure","June 20, 2023","June 20, 2023"
"6th Ave between International Blvd and E 12th St","D2","High","Closure","June 16, 2023","June 16, 2023"
"18th St and Poplar St (DeFremery Pool - front of entrance)","D3","High","Closure","June 16, 2023","June 16, 2023"
"Clinton Park","D5","High","Closure","June 16, 2023","June 16, 2023"
"Independent Loop","D6","High","Closure","June 15, 2023","June 15, 2023"
"42nd Ave between San Leandro Blvd & Wattling St","D5","High","Closure","June 14, 2023","June 14, 2023"
"Wattling St between 42nd Ave and High St","D5","High","Closure","June 14, 2023","June 14, 2023"
"Edes Ave between 98th Ave and Douglas Ave: 9910 Edes","D7","High","Closure","June 13, 2023","June 13, 2023"
"Union Point Park","D2","High","Closure","June 12, 2023","June 12, 2023"
"Frog Park the pathway between Clifton and Cavour","D1","High","Closure","June 09, 2023","June 09, 2023"
"West between 35th and 36th St","D3","Low","Deep Clean (Westside) and Closure (Eastside)","June 08, 2023","June 08, 2023"
"West St between West Grand Ave and San Pablo Ave","D3","High","Closure","June 06, 2023","June 07, 2023"
"W Grand Ave between Isabella St and West St","D3","High","Closure","June 06, 2023","June 07, 2023"
"23rd St between West St and Brush St","D3","High","Closure","June 06, 2023","June 07, 2023"
"W Grand Ave between West St and Brush St","D3","High","Closure","June 06, 2023","June 07, 2023"
"400 Lancaster St","D5","High","Closure","June 05, 2023","June 05, 2023"
"2nd & Jefferson (cul de sac)","D3","High","Closure both sides of the street","June 01, 2023","June 01, 2023"
"Telegraph Ave between 34th St and 35th St.","D3","Low","Closure East Side & Deep Cleaning West Side","May 31, 2023","May 31, 2023"
"34th & Elm","D3","High","Closure","May 31, 2023","May 31, 2023"
"Athol Plaza Park","D2","High","Closure","May 30, 2023","May 30, 2023"
"42nd between MLK & Telegraph","D1","Low","Deep Cleaning (North) & Closure (South)","May 18, 2023","May 18, 2023"
"9th St and Pine St (cul-de-sac)","D3","High","Deep Cleaning","May 17, 2023","May 17, 2023"
"Mosswood Park","D3","High","Deep Cleaning","May 16, 2023","May 16, 2023"
"29th St. between MLK and Telegraph","D3","Low","Deep Cleaning","May 15, 2023","May 15, 2023"
"30th St. between MLK and Telegraph","D3","Low","Deep Cleaning","May 15, 2023","May 15, 2023"
"Campbell St between 18th St and 20th St","D3","High","Deep Cleaning","May 01, 2023","May 06, 2023"
"18th St between Campbell St and Wood St","D3","High","Deep Cleaning","May 01, 2023","May 03, 2023"
"Wood St between 18th & 20th","D3","High","Closure","May 01, 2023","May 03, 2023"
"Wood St between 17th & 18th","D3","High","Closure","May 01, 2023","May 06, 2023"
"Raimondi Park","D3","High","Closure","May 01, 2023","May 06, 2023"
"City Lot at 1707 Wood St","D3","High","Closure","May 01, 2023","May 03, 2023"
"20th St between Wood St and Campbell St","D3","High","Deep Cleaning","May 01, 2023","May 06, 2023"
"Campbell St between 18th St and 20th St","D3","High","Deep Cleaning","April 24, 2023","April 29, 2023"
"18th St between Campbell St and Wood St","D3","High","Deep Cleaning","April 24, 2023","April 29, 2023"
"Wood St between 18th & 20th","D3","High","Closure","April 24, 2023","April 29, 2023"
"Wood St between 17th & 18th","D3","High","Closure","April 24, 2023","April 29, 2023"
"Raimondi Park","D3","High","Closure","April 24, 2023","April 29, 2023"
"City Lot at 1707 Wood St","D3","High","Closure","April 24, 2023","April 29, 2023"
"20th St between Wood St and Campbell St","D3","High","Deep Cleaning","April 24, 2023","April 29, 2023"
"Campbell St between 18th St and 20th St","D3","High","Deep Cleaning","April 17, 2023","April 21, 2023"
"18th St between Campbell St and Wood St","D3","High","Deep Cleaning","April 17, 2023","April 21, 2023"
"Wood St between 18th & 20th","D3","High","Closure","April 17, 2023","April 21, 2023"
"Wood St between 17th & 18th","D3","High","Closure","April 17, 2023","April 21, 2023"
"Raimondi Park","D3","High","Closure","April 17, 2023","April 21, 2023"
"City Lot at 1707 Wood St","D3","High","Closure","April 17, 2023","April 21, 2023"
"20th St between Wood St and Campbell St","D3","High","Deep Cleaning","April 17, 2023","April 21, 2023"
"Campbell St between 18th St and 20th St","D3","High","Deep Cleaning","April 10, 2023","April 14, 2023"
"City Lot at 1707 Wood St","D3","High","Closure","April 10, 2023","April 14, 2023"
"Raimondi Park","D3","High","Closure","April 10, 2023","April 14, 2023"
"Wood St between 17th & 18th","D3","High","Closure","April 10, 2023","April 14, 2023"
"Wood St between 18th & 20th","D3","High","Closure","April 10, 2023","April 14, 2023"
"18th St between Campbell St and Wood St","D3","High","Deep Cleaning","April 10, 2023","April 14, 2023"
"20th St between Wood St and Campbell St","D3","High","Deep Cleaning","April 10, 2023","April 14, 2023"
"MLK between 24th & 25th","D3","High","Closure (West & East Side)","April 06, 2023","April 07, 2023"
"MLk between W Grand Ave & 23rd","D3","High","Closure (West Side) & Deep Cleaning (East Side)","April 06, 2023","April 07, 2023"
"MLK between 23rd & 24th","D3","High","Closure (West Side) & Deep Cleaning (East Side)","April 06, 2023","April 07, 2023"
"23rd St between MLK to Northgate","D3","High","Deep Cleaning (North & South Side)","April 06, 2023","April 07, 2023"
"W Grand Ave between San Pablo Ave & MLK","D3","High","Closure (Northside Only)","April 06, 2023","April 07, 2023"
"International Blvd and 102nd Ave and 103rd Ave: 10221 International Blvd","D7","High","Deep Cleaning","April 05, 2023","April 05, 2023"
"84th Avenue & International","D7","High","Deep Cleaning","April 05, 2023","April 05, 2023"
"13th St between Center and Mandela Pkwy","D3","High","Deep Cleaning","April 04, 2023","April 04, 2023"
"14th St between Center St & Mandela Parkway","D3","High","Deep Cleaning","April 04, 2023","April 04, 2023"
"Center St between 13th St and 14th St","D3","High","Deep Cleaning","April 04, 2023","April 04, 2023"
"Mandela Pkwy between 13th and 14th","D3","High","Deep Cleaning","April 04, 2023","April 04, 2023"
"Cypress Freeway Memorial Park (FS3), 1301 Mandela Pkwy","D3","High","Deep Cleaning","April 04, 2023","April 04, 2023"
"High St between Oakport St and Coliseum Way","D5","Low","Deep Cleaning","April 03, 2023","April 03, 2023"
"9th St and Pine St (cul-de-sac)","D3","High","Deep Cleaning","March 30, 2023","March 30, 2023"
"42nd & Dover","D1","High","Closure","March 28, 2023","March 29, 2023"
"42nd between MLK & Telegraph","D1","Low","Deep Cleaning (Northside) and Closure (Southside)","March 28, 2023","March 29, 2023"
"Lake Merritt Park: 1200 Lakeshore","D2","High","Partial Closure","March 27, 2023","March 28, 2023"
"West between 35th and 36th St","D3","Low","Deep Clean (Westside) and Closure (Eastside)","March 27, 2023","March 27, 2023"
"San Leandro St between 85th Ave and 92nd Ave","D7","High","Deep Cleaning","March 23, 2023","March 24, 2023"
"San Leandro St between 81st Ave and 85th Ave: 8451 San Leandro Street (Pick-n-Pull)","D7","High","Deep Cleaning","March 23, 2023","March 23, 2023"
"Edes Ave between 98th Ave and Douglas Ave: 9910 Edes","D7","High","Deep Cleaning","March 22, 2023","March 22, 2023"
"Cary Ave between Hale Ave and Edes Ave","D7","High","Deep Cleaning","March 22, 2023","March 22, 2023"
"42nd between MLK & Telegraph","D1","Low","Deep Cleaning (Southside) and Closure (Northside)","March 21, 2023","March 21, 2023"
"Kirkham St between 5th & 7th St.","D3","Low","Deep Cleaning","March 20, 2023","March 20, 2023"
"5th St between Kirkham St and Mandela Parkway","D3","Low","Deep Cleaning","March 20, 2023","March 20, 2023"
"Snow Park","D3","High","Closure","March 16, 2023","March 16, 2023"
"45th St between Telegraph Ave and Webster St","D1","High","Closure","March 15, 2023","March 15, 2023"
"30th St. between MLK and Telegraph","D3","Low","Deep Clean (South Side) Closure (North Side)","March 15, 2023","March 15, 2023"
"E 12th St between 46th Ave and 47th Ave","D5","High","Deep Cleaning","March 14, 2023","March 14, 2023"
"42nd Ave between San Leandro Blvd & Wattling St","D5","High","Deep Cleaning","March 14, 2023","March 14, 2023"
"Wattling St between 42nd Ave and High St","D5","High","Deep Cleaning","March 14, 2023","March 14, 2023"
"47th Ave between E.12th and San Leandro St","D5","High","Deep Cleaning","March 14, 2023","March 14, 2023"
"46th Ave and E. 12th (cul-de-sac)","D5","High","Deep Cleaning","March 14, 2023","March 14, 2023"
"Castro St between 6th and 7th St","D3","Low","Deep Cleaning","March 13, 2023","March 13, 2023"
"Castro St between 5th St and 6th St","D3","Low","Deep Cleaning","March 13, 2023","March 13, 2023"
"7th St between Castro St and Brush St","D3","Low","Closure","March 13, 2023","March 13, 2023"
"E St between 91st Ave and 92nd Ave","D7","High","Closure","March 09, 2023","March 09, 2023"
"2nd St between MLK and Jefferson St","D3","High","Closure","March 08, 2023","March 08, 2023"
"2nd & Brush","D3","Low","Deep Cleaning","March 08, 2023","March 08, 2023"
"Mosswood Park","D3","High","Closure entire park","March 07, 2023","March 07, 2023"
"Harrison St between 4th St and 5th St","D2","Low","Deep Cleaning","March 06, 2023","March 06, 2023"
"5th St between Harrison St and Webster St","D2","Low","Deep Cleaning","March 06, 2023","March 06, 2023"
"6th Ave between International Blvd and E 12th St","D2","High","Closure","March 03, 2023","March 03, 2023"
"Clinton Park","D2","High","Closure","March 03, 2023","March 03, 2023"
"W Grand Ave between Isabella St and West St","D3","High","Closure","March 01, 2023","March 02, 2023"
"23rd between West St and Brush St","D3","High","Closure","March 01, 2023","March 02, 2023"
"West St between West Grand Ave and San Pablo Ave","D3","High","Closure","March 01, 2023","March 02, 2023"
"W Grand Ave between West St and Brush St","D3","High","Closure","March 01, 2023","March 02, 2023"
"692 Baldwin","D7","High","Deep Cleaning","February 28, 2023","February 28, 2023"
"Athol Plaza Park","D2","High","Closure (UNABLE TO BE EXECUTED)","February 27, 2023","February 27, 2023"
"Frank Ogawa Plaza","D3","High","Closure","February 24, 2023","February 24, 2023"
"San Pablo Ave between W Grand Ave & MLK","D3","High","Closure (West Side) and Partial Closure (East Side)","February 22, 2023","February 23, 2023"
"W Grand Ave between San Pablo Ave & MLK","D3","High","Closure (UNABLE TO BE EXECUTED)","February 22, 2023","February 23, 2023"
"MLK between San Pablo Ave & W Grand Ave","D3","High","Closure","February 22, 2023","February 23, 2023"
"MLK between 24th & 25th","D3","High","Deep Cleaning (Eastside)","February 22, 2023","February 23, 2023"
"MLK between 23rd & 24th","D3","High","Deep Cleaning (East Side) and Closure (West Side)","February 22, 2023","February 23, 2023"
"MLk between W Grand Ave & 23rd","D3","High","Deep Cleaning (East Side) and Closure (West Side)","February 22, 2023","February 23, 2023"
"29th St. between MLK and Telegraph","D3","Low","Deep Cleaning (North) & Closure (South)","February 21, 2023","February 21, 2023"
"Frank Ogawa Plaza","D3","High","Closure","February 17, 2023","February 17, 2023"
"45th Ave between Foothill Blvd and Bond St","D5","High","Closure","February 16, 2023","February 16, 2023"
"Bond St between High St and 45th Ave","D5","High","Closure","February 16, 2023","February 16, 2023"
"34th St between Peralta St and Fitzgerald St","D3","High","Closure","February 13, 2023","February 15, 2023"
"Fitzgerald Park","D3","High","Closure","February 13, 2023","February 15, 2023"
"E 12th St between 45th Ave and 46th Ave","D5","High","Deep Cleaning","February 08, 2023","February 10, 2023"
"E 12th St between 46th Ave and 47th Ave","D5","High","Deep Cleaning","February 08, 2023","February 10, 2023"
"47th Avenue between East 12th & International Blvd","D5","High","Deep Cleaning","February 08, 2023","February 10, 2023"
"46th Ave between International and E12 Street","D5","High","Deep Cleaning","February 08, 2023","February 10, 2023"
"45th Ave between International and E12 Street","D5","High","Deep Cleaning","February 08, 2023","February 10, 2023"
"42nd between MLK & Telegraph","D1","Low","Deep Cleaning (Southside) and Closure (Northside)","February 07, 2023","February 07, 2023"
"42nd & Dover","D1","High","Closure","February 07, 2023","February 07, 2023"
"West between 35th and 36th St","D3","Low","Deep Cleaning (West Side) and Closure (East Side)","February 06, 2023","February 06, 2023"
"City Lot -796 66th Avenue Parking","D6","High","Closure (Self Abated)","February 03, 2023","February 03, 2023"
"E. 12th Median : 14th Ave to 18th Ave","D2","High","Deep Cleaning","February 01, 2023","February 02, 2023"
"17th Ave between E 12th St and Solano Way","D2","High","Deep Cleaning","February 01, 2023","February 02, 2023"
"Bigge Street between 98th Ave & Adams Ave","D7","High","Closure","January 31, 2023","January 31, 2023"
"Mandela Parkway between 14th & 16th","D3","High","Closure","January 30, 2023","January 30, 2023"
"16th St between Kirkham St and Mandela Pkwy","D3","High","Deep Cleaning","January 30, 2023","January 30, 2023"
"Frank Ogawa Plaza","D3","High","Closure","January 27, 2023","January 27, 2023"
"Leet Drive","D7","High","Deep Cleaning","January 25, 2023","January 26, 2023"
"City Lot -796 66th Avenue Parking","D6","High","Closure","January 24, 2023","January 24, 2023"
"54th Ave between San Leandro St and E 8th St","D7","High","Deep Cleaning","January 23, 2023","January 23, 2023"
"San Leandro St between 53rd Ave and 54th Ave","D7","High","Deep Cleaning","January 23, 2023","January 23, 2023"
"Bishop Floyd Plaza: 2070 San Pablo Ave","D3","High","Closure","January 19, 2023","January 19, 2023"
"San Pablo Ave between W Grand Ave & MLK","D3","High","Closure (West Side) Deep Clean (East Side)","January 19, 2023","January 19, 2023"
"Market between 35th and 36th","D3","Low","Deep Cleaning","January 18, 2023","January 18, 2023"
"Mandela Pkwy between 13th and 14th","D3","High","Deep Cleaning","January 17, 2023","January 17, 2023"
"13th St between Center and Mandela Pkwy","D3","High","Deep Cleaning","January 17, 2023","January 17, 2023"
"Cypress Freeway Memorial Park (FS3), 1301 Mandela Pkwy","D3","High","Deep Cleaning","January 17, 2023","January 17, 2023"
"Center St between 13th St and 14th St","D3","High","Deep Cleaning","January 17, 2023","January 17, 2023"
"14th St between Center St & Mandela Parkway","D3","High","Deep Cleaning","January 17, 2023","January 17, 2023"
"City Lot at 1707 Wood St","D3","High","Deep Cleaning","January 09, 2023","January 13, 2023"
"20th St between Wood St and Campbell St","D3","High","Deep Cleaning","January 09, 2023","January 13, 2023"
"Campbell St between 18th St and 20th St","D3","High","Deep Cleaning","January 09, 2023","January 13, 2023"
"18th St between Campbell St and Wood St","D3","High","Deep Cleaning","January 09, 2023","January 13, 2023"
"Wood St between 18th & 20th","D3","High","Deep Cleaning","January 09, 2023","January 13, 2023"
"Wood St between 17th & 18th","D3","High","Deep Cleaning","January 09, 2023","January 13, 2023"
"Bond St between High St and 45th Ave","D5","High","Closure","January 05, 2023","January 05, 2023"
"45th Ave between Foothill Blvd and Bond St","D5","High","Closure","January 05, 2023","January 05, 2023"
"29th St. between MLK and Telegraph","D3","Low","Deep Cleaning (North) & Closure (South)","January 04, 2023","January 04, 2023"
"23rd St between MLK to Northgate","D3","High","Deep Cleaning","January 03, 2023","January 04, 2023"
"30th St. between MLK and Telegraph","D3","Low","Deep Clean (South Side) Closure (North Side)","January 03, 2023","January 03, 2023"
"MLk between W Grand Ave & 23rd","D3","High","Deep Cleaning","January 03, 2023","January 04, 2023"
"38th Ave between Wattling St and San Leandro St","D5","Low","Closure","December 28, 2022","December 28, 2022"
"Castro St between 5th St and 6th St","D3","Low","Deep Cleaning","December 28, 2022","December 28, 2022"
"38th ave Cul De Sac","D5","Low","Closure","December 28, 2022","December 28, 2022"
"San Leandro St between 38th Ave and 39th Ave","D5","Low","Closure","December 28, 2022","December 28, 2022"
"San Leandro St between 37th Ave and 38th Ave","D5","Low","Closure","December 28, 2022","December 28, 2022"
"E. 8th between 12th Ave to E. 12th st","D2","High","Deep Cleaning","December 27, 2022","December 27, 2022"
"Laney College at 7th and Fallon","D2","High","Closure","December 22, 2022","December 22, 2022"
"E. 12th Median : 14th Ave to 18th Ave","D2","High","Closure","December 20, 2022","December 21, 2022"
"17th Ave between E 12th St and Solano Way","D2","High","Closure","December 20, 2022","December 21, 2022"
"San Leandro St between 105th Ave and 106th Ave","D7","High","Closure","December 19, 2022","December 19, 2022"
"Lakeside Recycling: 77th & Hawley","D7","Low","Deep Cleaning","December 15, 2022","December 15, 2022"
"692 Baldwin","D7","High","Closure & Deep Cleaning","December 14, 2022","December 15, 2022"
"Fitzgerald Park","D3","High","Closure","December 13, 2022","December 13, 2022"
"34th St between Peralta St and Fitzgerald St","D3","High","Closure","December 13, 2022","December 13, 2022"
"Railroad Ave between Nevada St and 98th Ave","D7","High","Closure","December 12, 2022","December 12, 2022"
"38th Ave between Wattling St and San Leandro St","D5","Low","Deep Cleaning","December 08, 2022","December 08, 2022"
"San Leandro St between 38th Ave and 39th Ave","D5","Low","Deep Cleaning","December 08, 2022","December 08, 2022"
"San Leandro St between 37th Ave and 38th Ave","D5","Low","Deep Cleaning","December 08, 2022","December 08, 2022"
"3616 San Leandro St/37th and San Leandro St","D5","High","Closure","December 08, 2022","December 08, 2022"
"18th St between Mandela Pkwy and Kirkham St","D3","Low","Deep Cleaning","December 07, 2022","December 07, 2022"
"Kirkham St between 16th St and 18th St","D3","Low","Deep Cleaning","December 07, 2022","December 07, 2022"
"Lake Merritt Blvd Underpass Near Peralta Park","D2","High","Closure","December 05, 2022","December 06, 2022"
"Peralta Park","D2","High","Closure","December 05, 2022","December 06, 2022"
"Mosswood Park","D3","High","Closure","December 01, 2022","December 02, 2022"
"73rd and San Leandro St/Coliseum/Airport Amtrak","D3","High","Closure","November 30, 2022","November 30, 2022"
"18th St between Campbell St and Wood St","D3","High","Deep Cleaning","November 29, 2022","November 29, 2022"
"Wood St between 17th & 18th","D3","High","Partial Closure","November 29, 2022","November 29, 2022"
"Wood St between 18th & 20th","D3","High","Deep Cleaning","November 29, 2022","November 29, 2022"
"20th St between Wood St and Campbell St","D3","High","Deep Cleaning","November 29, 2022","November 29, 2022"
"Campbell St between 18th St and 20th St","D3","High","Deep Cleaning","November 29, 2022","November 29, 2022"
"Raimondi Park","D3","High","Closure","November 29, 2022","November 29, 2022"
"42nd between MLK & Telegraph","D1","Low","Deep Cleaning (Southside) and Closure (Northside)","November 28, 2022","November 28, 2022"
"45th between Telegraph & MLK","D1","Low","Deep Cleaning (Northside) and  Closure (Southside)","November 28, 2022","November 28, 2022"
"E 12th St & 23rd Ave","D2","High","Deep Cleaning","November 23, 2022","November 23, 2022"
"E 12th St from 19th Ave to 20th Ave","D3","High","Deep Cleaning","November 23, 2022","November 23, 2022"
"City Lot at E 12th St & 23rd Ave","D2","High","Deep Cleaning","November 23, 2022","November 23, 2022"
"Bancroft Ave between 55th Ave and Hilton St","D6","High","Closure","November 22, 2022","November 22, 2022"
"2nd & Brush","D3","Low","Deep Cleaning","November 21, 2022","November 21, 2022"
"Leet Drive","D7","High","Deep Cleaning","November 16, 2022","November 17, 2022"
"Market between 35th and 36th","D3","Low","Closure","November 15, 2022","November 15, 2022"
"Pine St between 8th St and Chase St","D3","High","Closure","November 15, 2022","November 15, 2022"
"1000 Calcot Place (Homeless camp is on 23rd Ave near on-ramp near large blue building)","D5","High","Closure","November 14, 2022","November 14, 2022"
"45th Ave between International and E12 Street","D5","High","Deep Cleaning","November 10, 2022","November 10, 2022"
"46th Ave between International and E12 Street","D5","High","Deep Cleaning","November 10, 2022","November 10, 2022"
"E 12th St between 45th Ave and 46th Ave","D5","High","Deep Cleaning","November 10, 2022","November 10, 2022"
"E 12th St between 46th Ave and 47th Ave","D5","High","Deep Cleaning","November 10, 2022","November 10, 2022"
"E 12th St between 47th Ave and 48th Ave","D3","High","Closure","November 10, 2022","November 10, 2022"
"23rd between West St and Brush St","D3","High","Deep Cleaning","November 08, 2022","November 09, 2022"
"West St between West Grand Ave and San Pablo Ave","D3","High","Deep Cleaning (East Side) and Closure (West Side)","November 08, 2022","November 09, 2022"
"14th St between Center St and Mandela Pkwy","D3","High","Deep Cleaning","November 07, 2022","November 07, 2022"
"Mandela Pkwy between 13th and 14th","D3","High","Deep Cleaning","November 07, 2022","November 07, 2022"
"Center St between 13th St and 14th St","D3","High","Deep Cleaning","November 07, 2022","November 07, 2022"
"13th St between Center and Mandela Pkwy","D3","High","Deep Cleaning","November 07, 2022","November 07, 2022"
"Cypress Freeway Memorial Park (FS3), 1301 Mandela Pkwy","D3","High","Deep Cleaning","November 07, 2022","November 07, 2022"
"International Blvd and 102nd Ave and 103rd Ave: 10221 International Blvd","D3","High","Deep Cleaning","November 03, 2022","November 03, 2022"
"Embarcadero Bay Trail","D5","High","Closure","November 02, 2022","November 02, 2022"
"Union Point Park","D5","High","Closure","November 02, 2022","November 02, 2022"
"Mosswood Park","D3","High","Partial Closure & Deep Cleaning","November 01, 2022","November 01, 2022"
"Mosswood Park","D3","High","Closure","November 01, 2022","November 01, 2022"
"Wattling St between 42nd Ave and High St","D5","High","Closure & Deep Cleaning","October 31, 2022","October 31, 2022"
"42nd Ave between San Leandro Blvd & Wattling St","D5","High","Closure & Deep Cleaning","October 31, 2022","October 31, 2022"
"E. 12th Median : 14th Ave to 18th Ave","D2","High","Closure","October 27, 2022","October 27, 2022"
"17th Ave between E 12th St and Solano Way","D2","High","Closure","October 27, 2022","October 27, 2022"
"East 8th Cul De Sac","D5","High","Closure","October 25, 2022","October 26, 2022"
"City Lot at Alameda - 3801 E 8th St","D5","High","Closure","October 25, 2022","October 26, 2022"
"Alameda Avenue between E 8th St and Howard St","D5","High","Closure","October 25, 2022","October 26, 2022"
"E. 8th St. and 37th Ave (behind home depot)","D3","High","Deep Cleaning with AA","October 25, 2022","October 26, 2022"
"Alameda Avenue from Howard Street to Fruitvale Ave","D5","High","Deep Cleaning","October 25, 2022","October 26, 2022"
"International Blvd between 96th Ave and 97th Ave","D7","High","Closure","October 24, 2022","October 24, 2022"
"E 12th St between Derby Ave and 29th Ave","D5","High","Closure","October 24, 2022","October 24, 2022"
"Median at 96th & International","D7","High","Closure","October 24, 2022","October 24, 2022"
"89th and International","D7","High","Deep Cleaning","October 24, 2022","October 24, 2022"
"Douglas Ave cul de sac","D3","High","Closure","October 19, 2022","October 20, 2022"
"Fitzgerald Park","D3","High","Deep Cleaning","October 18, 2022","October 18, 2022"
"E 19th St and 29th Ave","D3","High","Partial Closure & Deep Cleaning","October 17, 2022","October 17, 2022"
"29th Ave between E 9th St and E 10th St","D3","High","Partial Closure & Deep Cleaning","October 17, 2022","October 17, 2022"
"Bancroft Ave between 55th Ave and Hilton St","D6","High","Deep Cleaning","October 13, 2022","October 13, 2022"
"Concordia Park","D6","High","Closure","October 13, 2022","October 13, 2022"
"2nd & Brush","D3","Low","Deep Cleaning","October 13, 2022","October 13, 2022"
"Pine St between Chase St and 9th St","D3","High","Closure (UNABLE TO BE EXECUTED)","October 13, 2022","October 13, 2022"
"Pine St between 8th St and Chase St","D3","High","Closure (UNABLE TO BE EXECUTED)","October 12, 2022","October 12, 2022"
"Game Changer Lot - 2599 Wood St","D3","High","Closure","October 11, 2022","October 12, 2022"
"MLK between 23rd & 24th","D3","High","Deep Cleaning","October 10, 2022","October 10, 2022"
"International Blvd between 96th Ave and 97th Ave","D7","High","Closure (UNABLE TO BE EXECUTED)","October 10, 2022","October 10, 2022"
"89th and International","D7","High","Deep Cleaning (UNABLE TO BE EXECUTED)","October 10, 2022","October 10, 2022"
"1000 Calcot Place (Homeless camp is on 23rd Ave near on-ramp near large blue building)","D5","High","Closure","October 10, 2022","October 10, 2022"
"W Grand Ave between San Pablo Ave & MLK","D3","High","Deep Cleaning","October 10, 2022","October 10, 2022"
"MLK between San Pablo Ave & W Grand Ave","D3","High","Deep Cleaning","October 10, 2022","October 10, 2022"
"San Pablo Ave between W Grand Ave & MLK","D3","High","Deep Cleaning","October 10, 2022","October 10, 2022"
"23rd St between MLK to Northgate","D3","High","Deep Cleaning","October 10, 2022","October 10, 2022"
"MLK between 24th & 25th","D3","High","Deep Cleaning","October 10, 2022","October 10, 2022"
"MLk between W Grand Ave & 23rd","D3","High","Deep Cleaning","October 10, 2022","October 10, 2022"
"Mosswood Park","D3","High","Deep Cleaning: Mosswood Park: Closure 3612 Webster St: Closure Mosswood Park Ampitheather","October 07, 2022","October 07, 2022"
"Kirkham St between 5th & 7th St.","D3","Low","Deep Cleaning","October 06, 2022","October 06, 2022"
"5th St between Kirkham St and Mandela Parkway","D3","Low","Deep Cleaning","October 06, 2022","October 06, 2022"
"17th Ave between E 12th St and Solano Way","D2","High","Closure","October 03, 2022","October 03, 2022"
"E. 12th Median : 14th Ave to 18th Ave","D2","High","Closure","October 03, 2022","October 05, 2022"
"Game Changer Lot - 2599 Wood St","D3","High","Closure (UNABLE TO BE EXECUTED)","September 30, 2022","September 30, 2022"
"Wood St between W Grand Ave and 24th St","D3","High","Closure (UNABLE TO BE EXECUTED)","September 30, 2022","September 30, 2022"
"Wood St between 24th St and 26th St","D3","High","Closure (UNABLE TO BE EXECUTED)","September 30, 2022","September 30, 2022"
"29th St. between MLK and Telegraph","D3","Low","Deep Cleaning (North) & Closure (South)","September 29, 2022","September 29, 2022"
"45th between Telegraph & MLK","D1","Low","Deep Cleaning (South) & Closure (North)","September 29, 2022","September 29, 2022"
"1000 Calcot Place (Homeless camp is on 23rd Ave near on-ramp near large blue building)","D5","High","Closure","September 28, 2022","September 28, 2022"
"Sycamore between Northgate and MLK","D3","Low","Deep Cleaning (South Side) & Closure (North Side)","September 27, 2022","September 27, 2022"
"Telegraph Ave between 34th St and 36th St.","D3","Low","Closure East Side & Deep Cleaning West Side","September 27, 2022","September 27, 2022"
"42nd between MLK & Telegraph","D1","Low","Closure (North Side) & Deep Cleaning (South Side)","September 26, 2022","September 26, 2022"
"E. 8th St. and 37th Ave (behind home depot)","D3","High","Closure (UNABLE TO BE EXECUTED)","September 21, 2022","September 21, 2022"
"Embarcadero Bay Trail","D5","High","Closure","September 21, 2022","September 22, 2022"
"Union Point Park","D5","High","Closure","September 21, 2022","September 22, 2022"
"1310 Oak St","D2","High","Closure","September 20, 2022","September 20, 2022"
"Elmhurst Library: 1427 88th Ave","D7","High","Closure","September 19, 2022","September 19, 2022"
"MLK between 23rd & 24th","D3","High","Deep Cleaning","September 14, 2022","September 15, 2022"
"West St between West Grand Ave and San Pablo Ave","D3","High","Deep Cleaning","September 14, 2022","September 15, 2022"
"23rd St between West St and Brush St","D3","High","Deep Cleaning","September 14, 2022","September 15, 2022"
"W Grand Ave between San Pablo Ave & MLK","D3","High","Deep Cleaning","September 14, 2022","September 15, 2022"
"MLK between San Pablo Ave & W Grand Ave","D3","High","Deep Cleaning","September 14, 2022","September 15, 2022"
"San Pablo Ave between W Grand Ave & MLK","D3","High","Deep Cleaning","September 14, 2022","September 15, 2022"
"MLK between 24th & 25th","D3","High","Deep Cleaning","September 14, 2022","September 15, 2022"
"MLk between W Grand Ave & 23rd","D3","High","Deep Cleaning","September 14, 2022","September 15, 2022"
"84th Avenue & International","D7","High","Deep Cleaning","September 13, 2022","September 13, 2022"
"89th and International","D7","High","Closure","September 13, 2022","September 13, 2022"
"MLK between 35th St and 36th St","D3","Low","Closure (East Side) & Deep Cleaning (West Side)","September 12, 2022","September 12, 2022"
"6th St between Alice St and Jackson St","D2","High","Closure","September 12, 2022","September 12, 2022"
"3616 San Leandro St/37th and San Leandro St","D5","High","Deep Cleaning & Closure","September 08, 2022","September 09, 2022"
"Ascend Charter/3709 E 12th St","D5","High","Deep Cleaning & Closure","September 08, 2022","September 08, 2022"
"Clinton Park","D2","High","Closure","September 08, 2022","September 09, 2022"
"E 12th St between Derby Ave and 29th Ave","D5","High","Deep Cleaning & Closure  (UNABLE TO BE EXECUTED)","September 07, 2022","September 07, 2022"
"Elmhurst Library: 1427 88th Ave","D7","High","Closure","September 06, 2022","September 06, 2022"
"Embarcadero Bay Trail","D5","High","Closure","August 31, 2022","September 01, 2022"
"Union Point Park","D5","High","Closure","August 31, 2022","September 01, 2022"
"29th St. between MLK and Telegraph","D3","Low","Deep Cleaning (North) & Closure (South)","August 29, 2022","August 30, 2022"
"E. 12th Median : 14th Ave to 18th Ave","D2","High","Closure & Deep Cleaning","August 22, 2022","August 25, 2022"
"Wood St between W Grand Ave and 24th St","D3","High","Closure","August 15, 2022","August 18, 2022"
"Wood St between 24th St and 26th St","D3","High","Closure","August 15, 2022","August 18, 2022"
"Game Changer Lot - 2599 Wood St","D3","High","Closure","August 15, 2022","August 18, 2022"
"Independent Loop","D6","High","Deep Cleaning","August 11, 2022","August 11, 2022"
"MLK between 35th St and 36th St","D3","Low","Deep Cleaning","August 10, 2022","August 10, 2022"
"MLK between 34th St and 35th St","D3","High","Deep Cleaning","August 10, 2022","August 10, 2022"
"West between 35th and 36th St","D3","Low","Deep Cleaning","August 10, 2022","August 10, 2022"
"6th St between Alice St and Jackson St","D2","High","Deep Cleaning","August 09, 2022","August 09, 2022"
"Castro St between 5th St and 6th St","D3","Low","Deep Cleaning","August 09, 2022","August 09, 2022"
"Telegraph Ave between 34th St and 36th St.","D3","Low","Deep Cleaning","August 08, 2022","August 08, 2022"
"Lakeside Recycling: 77th & Hawley","D7","Low","Deep Cleaning","August 04, 2022","August 04, 2022"
"Embarcadero Bay Trail","D5","High","Closure","August 02, 2022","August 03, 2022"
"Lake Merritt: Grand Avenue","D3","High","Closure at Lakeside Park/563 Grand Avenue","August 01, 2022","August 01, 2022"
"East 8th Cul De Sac","D5","High","Closure","July 26, 2022","July 28, 2022"
"City Lot at Alameda - 3801 E 8th St","D5","High","Closure","July 26, 2022","July 28, 2022"
"Alameda Avenue from Howard Street to Fruitvale Ave","D5","High","Deep Cleaning at Alameda Ave & Closure at the Garden on embankment","July 26, 2022","July 28, 2022"
"Alameda Avenue between E 8th St and Howard St","D5","High","Closure","July 26, 2022","July 28, 2022"
"Frog Park the pathway between Clifton and Cavour","D1","High","Closure at Frog Park - DMV","July 25, 2022","July 25, 2022"
"Clay St between 7th St and 8th St","D3","High","Closure","July 25, 2022","July 25, 2022"
"Clay St between 8th St and Ninth St","D3","High","Closure","July 25, 2022","July 25, 2022"
"Lake Merritt: Cameron Stanford House","D3","High","Closure","July 21, 2022","July 21, 2022"
"Vallejo & Stanford","D1","High","Deep Cleaning","July 20, 2022","July 20, 2022"
"Poplar St between 24th St and 26th St","D3","High","Deep Cleaning & Closure","July 19, 2022","July 19, 2022"
"Union St between W Grand Ave and 24th St","D3","High","Deep Cleaning & Closure","July 19, 2022","July 19, 2022"
"MLK & Thomas L Berkley Way","D3","High","Closure","July 18, 2022","July 18, 2022"
"San Pablo Ave between MLK & Thomas L Berkley Way","D3","High","Closure","July 18, 2022","July 18, 2022"
"Median at 660 Thomas L Berkley Way/20th and MLK","D3","High","Closure","July 18, 2022","July 18, 2022"
"Market St between 30th St and 31st St","D3","High","Closure","July 18, 2022","July 18, 2022"
"30th St between Market St and San Pablo St","D3","High","Closure","July 18, 2022","July 18, 2022"
"6th St between Alice St and Jackson St","D2","High","Closure","July 18, 2022","July 18, 2022"
"24th St between Willow St and Wood St","D3","High","Closure","July 11, 2022","July 14, 2022"
"Wood St between 26th St and 32nd St","D3","High","Closure","July 11, 2022","July 14, 2022"
"Wood St between 24th St and 26th St","D3","High","Closure","July 11, 2022","July 14, 2022"
"Wood St between W Grand Ave and 24th St","D3","High","Closure","July 11, 2022","July 14, 2022"
"Game Changer Lot - 2599 Wood St","D3","High","Closure","July 11, 2022","July 14, 2022"
"2nd & Brush","D3","Low","Deep Cleaning","July 07, 2022","July 07, 2022"
"E 12th St between High St and 44th Ave","D3","High","Closure","July 05, 2022","July 07, 2022"
"E 12th St between 46th Ave and 47th Ave","D5","High","Closure","July 05, 2022","July 07, 2022"
"E 12th St between 45th Ave and 46th Ave","D5","High","Closure","July 05, 2022","July 07, 2022"
"E 12th St between 44th Ave and 45th Ave","D5","High","Closure","July 05, 2022","July 07, 2022"
"E 12th St between High St and E 12th Place","D3","High","Closure","July 05, 2022","July 07, 2022"
"692 Baldwin","D7","High","Closure","June 29, 2022","June 30, 2022"
"Baldwin and Hegenberger (Triangle Lot)","D7","High","Closure","June 29, 2022","June 30, 2022"
"24th St between Willow St and Wood St","D3","High","Partial Closure & Deep Cleaning","June 28, 2022","June 30, 2022"
"Wood St between 26th St and 32nd St","D3","High","Partial Closure & Deep Cleaning","June 28, 2022","June 30, 2022"
"Wood St between 24th St and 26th St","D3","High","Partial Closure & Deep Cleaning","June 28, 2022","June 30, 2022"
"Game Changer Lot - 2599 Wood St","D3","High","Partial Closure & Deep Cleaning","June 28, 2022","June 30, 2022"
"Wood St between W Grand Ave and 24th St","D3","High","Partial Closure & Deep Cleaning","June 28, 2022","June 30, 2022"
"26th St between Willow St and Wood St","D3","High","Partial Closure & Deep Cleaning","June 28, 2022","June 30, 2022"
"Webster St between 36th St and 37th St","D3","High","Closure","June 27, 2022","June 27, 2022"
"Webster St between 37th St and W MacArthur Blvd","D3","High","Closure","June 27, 2022","June 27, 2022"
"12th Street Estuary/Rear of Dewey High School","D2","High","Closure","June 27, 2022","June 27, 2022"
"692 Baldwin","D7","High","Closure (UNABLE TO BE EXECUTED)","June 22, 2022","June 23, 2022"
"Baldwin and Hegenberger (Triangle Lot)","D7","High","Closure  (UNABLE TO BE EXECUTED)","June 22, 2022","June 23, 2022"
"E. 12th Median : 14th Ave to 18th Ave","D2","High","Closure","June 21, 2022","June 23, 2022"
"E 10th St Bridge underpass near Channel Park","D3","High","Closure","June 20, 2022","June 20, 2022"
"3902 Manila Ave/Manila between 38th & 40th St","D1","High","Closure","June 20, 2022","June 21, 2022"
"12th Street Estuary/Rear of Dewey High School","D2","High","Closure","June 20, 2022","June 20, 2022"
"Peralta Park","D2","High","Closure","June 20, 2022","June 20, 2022"
"Leet Drive","D7","High","Deep Cleaning","June 16, 2022","June 16, 2022"
"Webster St between 37th St and W MacArthur Blvd","D3","High","Closure","June 15, 2022","June 15, 2022"
"Webster St between 36th St and 37th St","D3","High","Closure","June 15, 2022","June 15, 2022"
"Baldwin and Hegenberger (Triangle Lot)","D7","High","Closure","June 14, 2022","June 14, 2022"
"3902 Manila Ave/Manila between 38th & 40th St","D1","High","Closure (UNABLE TO BE EXECUTED)","June 14, 2022","June 14, 2022"
"692 Baldwin","D7","High","Closure","June 14, 2022","June 14, 2022"
"E 12th St between 47th Ave and 48th Ave","D3","High","Closure","June 14, 2022","June 14, 2022"
"E 12th St between 46th Ave and 47th Ave","D5","High","Closure","June 14, 2022","June 14, 2022"
"Clinton Park","D2","High","Closure","June 13, 2022","June 13, 2022"
"Oak Glenn Park: 3339 Richmond Blvd","D3","High","Closure","June 13, 2022","June 13, 2022"
"692 Baldwin","D7","High","Closure at Cul de sac and  Deep Cleaning the rest of the site. At 692 Baldwin (cul-de-sac in baldwin)","June 08, 2022","June 09, 2022"
"3902 Manila Ave/Manila between 38th & 40th St","D1","High","Closure (UNABLE TO BE EXECUTED)","June 07, 2022","June 07, 2022"
"Webster St between 36th St and 37th St","D3","High","Closure","June 06, 2022","June 06, 2022"
"Webster St between 36th St and 34th St","D3","High","Closure","June 02, 2022","June 02, 2022"
"Webster St between 37th St and W MacArthur Blvd","D3","High","Closure","June 02, 2022","June 02, 2022"
"Mosswood Park","D3","High","Closure entire park","June 02, 2022","June 02, 2022"
"MLK between 23rd & 24th","D3","High","Deep Cleaning","May 31, 2022","June 01, 2022"
"MLk between W Grand Ave & 23rd","D3","High","Deep Cleaning","May 31, 2022","June 01, 2022"
"MLK between 24th & 25th","D3","High","Deep Cleaning","May 31, 2022","June 01, 2022"
"23rd St between MLK to Northgate","D3","High","Closure","May 31, 2022","June 01, 2022"
"San Pablo Ave between W Grand Ave & MLK","D3","High","Closure","May 31, 2022","June 01, 2022"
"MLK between San Pablo Ave & W Grand Ave","D3","High","Closure","May 31, 2022","June 01, 2022"
"W Grand Ave between San Pablo Ave & MLK","D3","High","Closure","May 31, 2022","June 01, 2022"
"Alameda Avenue from Howard Street to Fruitvale Ave","D5","High","Deep Cleaning","May 25, 2022","May 26, 2022"
"E 10th St Bridge underpass near Channel Park","D3","High","Closure","May 24, 2022","May 24, 2022"
"Peralta Park","D2","High","Closure","May 24, 2022","May 24, 2022"
"12th Street Estuary/Rear of Dewey High School","D2","High","Closure","May 24, 2022","May 24, 2022"
"Snow Park","D3","High","Closure","May 23, 2022","May 23, 2022"
"Lake Merritt: Cameron Stanford House","D3","High","Closure","May 23, 2022","May 23, 2022"
"2121 E. 12th /2199 E.12th/@23rd Bridge","D2","High","Closure (UNABLE TO BE EXECUTED)","May 23, 2022","May 23, 2022"
"3902 Manila Ave/Manila between 38th & 40th St","D1","High","Closure","May 19, 2022","May 19, 2022"
"2121 E. 12th /2199 E.12th/@23rd Bridge","D2","High","Closure","May 18, 2022","May 18, 2022"
"42nd between MLK & Telegraph","D1","Low","Closure (North Side) & Deep Cleaning (South Side)","May 17, 2022","May 17, 2022"
"29th St. between MLK and Telegraph","D3","Low","Deep Cleaning (South) & Closure (North)","May 17, 2022","May 17, 2022"
"Webster St between 37th St and W MacArthur Blvd","D3","High","Closure","May 16, 2022","May 16, 2022"
"Webster St between 36th St and 37th St","D3","High","Closure","May 16, 2022","May 16, 2022"
"Mosswood Park","D3","High","Closure","May 16, 2022","May 16, 2022"
"Wood St between W Grand Ave and 24th St","D3","High","Micro Closures at  2121 Wood Street (1 RV), 1700 24th Street (RV) and Game Changer Lot at 2599 Wood St, Oakland, CA 94607 (2 Tents), and Deep Cleaning at Wood St. Grand to 26th.","May 10, 2022","May 12, 2022"
"Wood St between 24th St and 26th St","D3","High","Micro Closures at  2121 Wood Street (1 RV), 1700 24th Street (RV) and Game Changer Lot at 2599 Wood St, Oakland, CA 94607 (2 Tents), and Deep Cleaning at Wood St. Grand to 26th.","May 10, 2022","May 12, 2022"
"24th St between Willow St and Wood St","D3","High","Micro Closures at  2121 Wood Street (1 RV), 1700 24th Street (RV) and Game Changer Lot at 2599 Wood St, Oakland, CA 94607 (2 Tents), and Deep Cleaning at Wood St. Grand to 26th.","May 10, 2022","May 12, 2022"
"Game Changer Lot - 2599 Wood St","D3","High","Micro Closures at  2121 Wood Street (1 RV), 1700 24th Street (RV) and Game Changer Lot at 2599 Wood St, Oakland, CA 94607 (2 Tents), and Deep Cleaning at Wood St. Grand to 26th.","May 10, 2022","May 12, 2022"
"Wood St between 20th St and W Grand Ave","D3","High","Micro Closures at  2121 Wood Street (1 RV),","May 10, 2022","May 12, 2022"
"Webster St between 37th St and W MacArthur Blvd","D3","High","Deep Cleaning","May 09, 2022","May 09, 2022"
"Webster St between 36th St and 37th St","D3","High","Deep Cleaning","May 09, 2022","May 09, 2022"
"MLK between 35th St and 36th St","D3","Low","Deep Cleaning (West Side), Closure (East Side)","May 09, 2022","May 09, 2022"
"Pearmain St between 100th Ave and Douglas Ave","D3","High","Deep Cleaning","May 05, 2022","May 05, 2022"
"Pearmain St between Douglas Ave and 100th Ave","D3","High","Deep Cleaning","May 05, 2022","May 05, 2022"
"Douglas Ave cul de sac","D3","High","Deep Cleaning","May 05, 2022","May 05, 2022"
"San Leandro St between 42nd Ave and High St","D3","High","Deep Cleaning","May 04, 2022","May 04, 2022"
"42nd Ave between San Leandro Blvd & Wattling St","D5","High","Deep Cleaning","May 04, 2022","May 04, 2022"
"Wattling St between 42nd Ave and High St","D5","High","Deep Cleaning","May 04, 2022","May 04, 2022"
"High St between Wattling St and San Leandro St","D3","High","Deep Cleaning","May 04, 2022","May 04, 2022"
"Walter Ave between Louisiana St and Clara St","D7","High","Closure","May 03, 2022","May 03, 2022"
"Walter Ave between Nevada St and 98th Ave","D7","High","Closure","May 03, 2022","May 03, 2022"
"Walter Ave between Tyler St and Nevada St","D7","High","Closure","May 03, 2022","May 03, 2022"
"Walter Ave between S Elmhurst Ave and Tyler St","D7","High","Closure","May 03, 2022","May 03, 2022"
"Walter Ave between Clara St and S Elmhurst Ave","D7","High","Closure","May 03, 2022","May 03, 2022"
"2nd & Brush","D3","Low","Deep Cleaning","May 02, 2022","May 02, 2022"
"Downtown Oakland Senior Center","D3","High","Closure Entire Encampment at Downtown Senior Center/ Memorial building at Harrison St and Grand St","April 29, 2022","April 29, 2022"
"E. 12th Median : 14th Ave to 18th Ave","D2","High","Deep Cleaning","April 26, 2022","April 28, 2022"
"Mosswood Park","D3","High","Deep Cleaning at Mosswood Dog Park","April 25, 2022","April 25, 2022"
"Mosswood Park","D3","High","Closure at Mosswood Park: Dog Park/3505 Broadway","April 25, 2022","April 25, 2022"
"14th St between Center St and Mandela Pkwy","D3","High","Closure","April 20, 2022","April 21, 2022"
"Center St between 13th St and 14th St","D3","High","Closure","April 20, 2022","April 21, 2022"
"13th St between Center and Mandela Pkwy","D3","High","Closure","April 20, 2022","April 21, 2022"
"Mandela Pkwy between 13th and 14th","D3","High","Closure","April 20, 2022","April 21, 2022"
"Cypress Freeway Memorial Park (FS3), 1301 Mandela Pkwy","D3","High","Closure","April 20, 2022","April 21, 2022"
"16th St between Kirkham St and Mandela Pkwy","D3","High","Closure","April 20, 2022","April 21, 2022"
"14th St between Mandela Pkwy and Kirkham Ct","D3","High","Closure","April 20, 2022","April 21, 2022"
"Mandela Parkway between 14th & 16th","D3","High","Closure","April 20, 2022","April 21, 2022"
"E 12th Remainder Parcel: Adjacent to LML","D2","High","Closure","April 19, 2022","April 19, 2022"
"Lake Merritt: Cameron Stanford House","D3","High","Closure  (UNABLE TO BE EXECUTED)","April 19, 2022","April 19, 2022"
"Downtown Oakland Senior Center","D3","High","Closure","April 19, 2022","April 19, 2022"
"Lake Merritt: Grand Avenue","D3","High","Closure  at Lakeside Park (large structure and additional 7 tents)","April 18, 2022","April 18, 2022"
"Lake Merritt: 563 Pergola","D3","High","Closure at The Pergola at Lake Merritt","April 18, 2022","April 18, 2022"
"Wood St between 24th St and 26th St","D3","High","Deep Cleaning","April 13, 2022","April 13, 2022"
"Wood St between W Grand Ave and 24th St","D3","High","Deep Cleaning","April 13, 2022","April 13, 2022"
"San Pablo Ave between W Grand Ave & MLK","D3","High","Closure","April 12, 2022","April 14, 2022"
"W Grand Ave between San Pablo Ave & MLK","D3","High","Closure","April 12, 2022","April 14, 2022"
"E 12th Remainder Parcel: Adjacent to LML","D2","High","Closure","April 12, 2022","April 12, 2022"
"12th Street Estuary/Rear of Dewey High School","D2","High","Closure","April 12, 2022","April 12, 2022"
"MLk between W Grand Ave & 23rd","D3","High","Deep Cleaning & Closure","April 12, 2022","April 14, 2022"
"MLK between 23rd & 24th","D3","High","Deep Cleaning & Closure","April 12, 2022","April 14, 2022"
"MLK between 24th & 25th","D3","High","Deep Cleaning & Closure","April 12, 2022","April 14, 2022"
"23rd St between MLK to Northgate","D3","High","Closure","April 12, 2022","April 14, 2022"
"MLK between San Pablo Ave & W Grand Ave","D3","High","Closure","April 12, 2022","April 14, 2022"
"64th Ave between Brann St and Camden St","D6","High","Closure","April 11, 2022","April 11, 2022"
"Concordia Park","D6","High","Closure","April 11, 2022","April 11, 2022"
"10451 MacArthur Blvd.","D7","High","Closure","April 11, 2022","April 11, 2022"
"96th Ave between A St and International Blvd","D7","High","Closure","April 11, 2022","April 11, 2022"
"International Blvd between 96th Ave and 97th Ave","D7","High","Closure","April 11, 2022","April 11, 2022"
"Median at 96th & International","D7","High","Closure","April 11, 2022","April 11, 2022"
"10451 MacArthur Blvd.","D7","High","Closure","April 07, 2022","April 07, 2022"
"14th St between Mandela Pkwy and Kirkham Ct","D3","High","Closure (Eastside Only)","April 05, 2022","April 06, 2022"
"16th St between Kirkham St and Mandela Pkwy","D3","High","Closure (Eastside Only)","April 05, 2022","April 06, 2022"
"Mandela Parkway between 14th & 16th","D3","High","Closure (Eastside Only)","April 05, 2022","April 06, 2022"
"330 Chestnut Street","D3","High","Closure","April 04, 2022","April 04, 2022"
"6th St between Brush St and Castro St","D3","Low","Deep Cleaning","April 04, 2022","April 04, 2022"
"E 12th Remainder Parcel: Adjacent to LML","D2","High","Closure","April 04, 2022","April 04, 2022"
"12th Street Estuary/Rear of Dewey High School","D2","High","Closure","April 04, 2022","April 04, 2022"
"E 10th St Bridge underpass near Channel Park","D3","High","Closure","March 30, 2022","March 31, 2022"
"12th Street Estuary/Rear of Dewey High School","D2","High","Closure","March 30, 2022","March 31, 2022"
"E 12th Remainder Parcel: Adjacent to LML","D2","High","Closure","March 30, 2022","March 31, 2022"
"Peralta Park","D2","High","Closure","March 30, 2022","March 31, 2022"
"Webster St between 37th St and W MacArthur Blvd","D3","High","Closure","March 29, 2022","March 29, 2022"
"Mosswood Park","D3","High","Deep Cleaning at Mosswood Dog Park","March 29, 2022","March 29, 2022"
"Webster St between 36th St and 37th St","D3","High","Closure","March 29, 2022","March 29, 2022"
"MLK between Ninth St and 10th St","D3","High","Closure (west side w/structure) and Deep Clean (east side w/Car)","March 28, 2022","March 28, 2022"
"Lake Merritt: Grand Avenue","D3","High","Closure  at Lakeside Park (large structure and additional 7 tents)","March 24, 2022","March 24, 2022"
"Lake Merritt: 563 Pergola","D3","High","Closure","March 24, 2022","March 24, 2022"
"Downtown Oakland Senior Center","D3","High","Deep Cleaning at Downtown Oakland Senior Center (Grand & Harrison St)","March 23, 2022","March 23, 2022"
"MLK between 35th St and 36th St","D3","Low","Deep Cleaning","March 23, 2022","March 23, 2022"
"East 8th Cul De Sac","D5","High","Closure","March 22, 2022","March 22, 2022"
"Alameda Avenue from Howard Street to Fruitvale Ave","D5","High","Deep Cleaning","March 21, 2022","March 21, 2022"
"City Lot at Alameda - 3801 E 8th St","D5","High","Closure","March 21, 2022","March 21, 2022"
"Alameda Avenue between High St and E 8th St","D5","High","Closure","March 21, 2022","March 21, 2022"
"29th St. between MLK and Telegraph","D3","Low","Deep Clean (South Side) Closure (North Side)","March 17, 2022","March 17, 2022"
"30th St. between MLK and Telegraph","D3","Low","Deep Clean (South Side) Closure (North Side)","March 17, 2022","March 17, 2022"
"Embarcadero Bay Trail","D5","High","Closure","March 15, 2022","March 16, 2022"
"Snow Park","D3","High","Closure","March 14, 2022","March 14, 2022"
"Independent Loop","D6","High","Deep Cleaning, Partial Closure 30ft of the gate at the backside parallel to freeway and Closure at Northside.","March 10, 2022","March 10, 2022"
"Ruby St between 38th St ad W MacArthur Blvd","D1","High","Closure","March 09, 2022","March 09, 2022"
"Dover street between 46th St. and 47th St.","D1","High","Closure","March 08, 2022","March 08, 2022"
"Lake Merritt: Grand Avenue","D3","High","Closure (UNABLE TO BE EXECUTED)","March 07, 2022","March 07, 2022"
"Vallejo & Stanford","D1","High","Deep Cleaning","March 03, 2022","March 03, 2022"
"330 Chestnut Street","D3","High","Deep Cleaning","March 03, 2022","March 03, 2022"
"33rd street between Market and West","D3","High","Closure (OPD/Abandon Auto Posting Only)","March 02, 2022","March 02, 2022"
"4761 Redding Street","D3","High","Closure (OPD/Abandon Auto Posting Only)","March 02, 2022","March 02, 2022"
"10451 MacArthur Blvd.","D7","High","Closure","March 01, 2022","March 01, 2022"
"International Blvd between 96th Ave and 97th Ave","D7","High","Closure","February 28, 2022","February 28, 2022"
"84th Avenue & International","D7","High","Deep Cleaning at 84th Avenue & International (half block)","February 14, 2022","February 14, 2022"
"Lakeside Recycling: 77th & Hawley","D7","Low","Deep Cleaning","February 10, 2022","February 10, 2022"
"47th Avenue between East 12th & International Blvd","D5","High","Deep Cleaning","February 09, 2022","February 09, 2022"
"Leet Drive","D7","High","Deep Cleaning","February 08, 2022","February 08, 2022"
"34th St between Peralta St and Fitzgerald St","D3","High","Deep Cleaning","February 07, 2022","February 07, 2022"
"Fitzgerald Park","D3","High","Deep Cleaning","February 07, 2022","February 07, 2022"
"3902 Manila Ave/Manila between 38th & 40th St","D1","High","Deep Cleaning","February 03, 2022","February 03, 2022"
"Webster St between 37th St and W MacArthur Blvd","D3","High","Deep Cleaning","February 03, 2022","February 03, 2022"
"Webster St between 36th St and 37th St","D3","High","Deep Cleaning","February 03, 2022","February 03, 2022"
"Mosswood Park","D3","High","Deep Cleaning at Mosswood","February 03, 2022","February 03, 2022"
"Mosswood Park","D3","High","Deep Cleaning at Dog Park","February 03, 2022","February 03, 2022"
"W Grand Ave between San Pablo Ave & MLK","D3","High","Deep Cleaning","February 02, 2022","February 02, 2022"
"MLk between W Grand Ave & 23rd","D3","High","Deep Cleaning","February 02, 2022","February 02, 2022"
"MLK between 23rd & 24th","D3","High","Deep Cleaning","February 02, 2022","February 02, 2022"
"Snow Park","D3","High","Deep Cleaning","February 01, 2022","February 01, 2022"
"2nd & Brush","D3","Low","Deep Cleaning","January 31, 2022","January 31, 2022"
"29th St. between MLK and Telegraph","D3","Low","Deep Cleaning","January 27, 2022","January 27, 2022"
"30th St. between MLK and Telegraph","D3","Low","Deep Cleaning","January 27, 2022","January 27, 2022"
"34th & Elm","D3","High","Deep Cleaning","January 26, 2022","January 26, 2022"
"East Dr between E 10th St and Lake Merritt Blvd","D3","High","Deep Cleaning","January 24, 2022","January 24, 2022"
"Peralta Park","D2","High","Deep Cleaning","January 24, 2022","January 24, 2022"
"Mandela Parkway between 14th & 16th","D3","High","Deep Cleaning","January 19, 2022","January 20, 2022"
"E 12th Remainder Parcel: Adjacent to LML","D2","High","Deep Cleaning","January 18, 2022","January 18, 2022"
"East 12th & 2nd Avenue","D2","High","Deep Cleaning","January 18, 2022","January 18, 2022"
"12th Street Estuary/Rear of Dewey High School","D2","High","Deep Cleaning","January 18, 2022","January 18, 2022"
"42nd Avenue between E. 12th Street & International Blvd","D5","High","Deep Cleaning","January 13, 2022","January 13, 2022"
"San Leandro St between 85th Ave and 92nd Ave","D3","High","Deep Cleaning","January 12, 2022","January 12, 2022"
"29th Avenue between E. 7th and Chapman","D5","High","Closure","January 11, 2022","January 11, 2022"
"Mosswood Park","D3","High","Partial Closure at Dog Park","January 10, 2022","January 10, 2022"
"Mosswood Park","D3","High","Partial Closure at 3505 Broadway","January 10, 2022","January 10, 2022"
"Mosswood Park","D3","High","Partial Closure at Mosswood Park","January 10, 2022","January 10, 2022"
"Webster St between 37th St and W MacArthur Blvd","D3","High","Closure","January 10, 2022","January 10, 2022"
"Webster St between 36th St and 37th St","D3","High","Closure","January 10, 2022","January 10, 2022"
"692 Baldwin","D7","High","Deep Cleaning","January 05, 2022","January 06, 2022"
"6th Street between Harrison St and Alice St","D2","High","Deep Cleaning, Enforcement of Fire lane at 6th Street between Harrison Street and Jackson Street","January 04, 2022","January 04, 2022"
"6th St between Alice St and Jackson St","D2","High","Deep Cleaning, Enforcement of Fire lane at 6th Street between Harrison Street and Jackson Street","January 04, 2022","January 04, 2022"
"MLK between 35th St and 36th St","D3","Low","Deep Cleaning (West Side) & Closure (East Side)","January 03, 2022","January 03, 2022"
"Median at Mandela Parkway and 28th Street","D3","High","Closure","December 29, 2021","December 29, 2021"
"Webster St between 36th St and 37th St","D3","High","Deep Cleaning","December 29, 2021","December 29, 2021"
"45th Ave between International and E12 Street","D5","High","Closure","December 28, 2021","December 28, 2021"
"Bond St between High St and 42nd Avenue","D5","High","Closure","December 28, 2021","December 28, 2021"
"Lake Merritt: Dock at 150 Lakeside Dr/ Lakeside/19th/Madison","D3","High","Closure","December 27, 2021","December 27, 2021"
"5920 San Pablo / 59th�Street & San Pablo Ave�","D1","High","Closure","December 27, 2021","December 27, 2021"
"Frog Park the pathway between Clifton and Cavour","D1","High","Closure","December 22, 2021","December 22, 2021"
"45th Ave between International and E12 Street","D5","High","Closure on Tents/ Structures","December 21, 2021","December 21, 2021"
"Bigge Street between 98th Ave & Adams Ave","D7","High","Deep Cleaning","December 20, 2021","December 20, 2021"
"E Street & 100th Avenue","D7","High","Closure","December 20, 2021","December 20, 2021"
"956 West Grand","D3","High","Closure (OPD/Abandon Auto Posting Only)","December 15, 2021","December 15, 2021"
"Lafayette Square Park","D3","High","Closure","December 15, 2021","December 16, 2021"
"International Blvd between 6th Ave and 7th Ave","D2","High","Closure with AA","December 13, 2021","December 14, 2021"
"E 12th St between 6th Ave and 7th Ave","D2","High","Closure with AA","December 13, 2021","December 14, 2021"
"6th Ave between International Blvd and E 12th St","D2","High","Closure with AA","December 13, 2021","December 14, 2021"
"7th Ave between E 12th St and International Blvd","D2","High","Closure with AA","December 13, 2021","December 14, 2021"
"Clinton Park","D2","High","Closure with AA","December 13, 2021","December 14, 2021"
"East Dr between E 10th St and Lake Merritt Blvd","D3","High","Deep Cleaning","December 08, 2021","December 09, 2021"
"Lake Merritt Blvd Underpass Near Peralta Park","D2","High","Deep Cleaning","December 08, 2021","December 09, 2021"
"Peralta Park","D2","High","Deep Cleaning","December 08, 2021","December 09, 2021"
"E 10th St Bridge underpass near Channel Park","D3","High","Deep Cleaning","December 08, 2021","December 09, 2021"
"45th Avenue between Bancroft Avenue and Bond Street","D5","High","Closure","December 07, 2021","December 07, 2021"
"Pine Knoll Park","D2","High","Closure","December 06, 2021","December 06, 2021"
"East 12th & 2nd Avenue","D2","High","Closure","December 01, 2021","December 02, 2021"
"E 12th Remainder Parcel: Adjacent to LML","D2","High","Closure","December 01, 2021","December 02, 2021"
"12th Street Estuary/Rear of Dewey High School","D2","High","Closure","December 01, 2021","December 02, 2021"
"2540 West Street","D3","High","Closure (OPD/Abandon Auto Posting Only)","December 01, 2021","December 01, 2021"
"West between 35th and 36th St","D3","Low","Closure (OPD/Abandon Auto Posting Only)","December 01, 2021","December 01, 2021"
"Mandela Pkwy between 13th and 14th","D3","High","Closure with AA","November 29, 2021","November 30, 2021"
"13th St between Center and Mandela Pkwy","D3","High","Closure with AA","November 29, 2021","November 30, 2021"
"Center St between 13th St and 14th St","D3","High","Closure with AA","November 29, 2021","November 30, 2021"
"Cypress Freeway Memorial Park (FS3), 1301 Mandela Pkwy","D3","High","Closure with AA","November 29, 2021","November 30, 2021"
"E 12th Remainder Parcel: Adjacent to LML","D2","High","Closure","November 22, 2021","November 23, 2021"
"12th Street Estuary/Rear of Dewey High School","D2","High","Closure","November 22, 2021","November 23, 2021"
"Bancroft Ave & Ritchie St: 2507 Ritchie Street","D6","High","Closure","November 18, 2021","November 18, 2021"
"Edes Ave between 98th Ave and Douglas Ave: 9910 Edes","D7","High","Partial Closure & Deep Cleaning","November 17, 2021","November 17, 2021"
"34th & Elm","D3","High","Deep Cleaning","November 16, 2021","November 16, 2021"
"Harrison St between Stanley Pl and Pearl St","D3","High","Closure","November 15, 2021","November 15, 2021"
"10th Street between Jefferson St and MLK","D3","High","Deep Cleaning","November 15, 2021","November 15, 2021"
"Lafayette Square Park","D3","High","Closure","November 15, 2021","November 15, 2021"
"Wood St between 24th St and 26th St","D3","High","Closure","November 08, 2021","November 10, 2021"
"Wood St between W Grand Ave and 24th St","D3","High","Closure","November 08, 2021","November 10, 2021"
"2121 E. 12th /2199 E.12th/@23rd Bridge","D2","High","Deep Cleaning","November 04, 2021","November 04, 2021"
"City Lot - Foothill Blvd between 67th Avenue and 68th Avenue","D5","High","Closure","November 04, 2021","November 04, 2021"
"Foothill Blvd between 67th Avenue and 68th Avenue","D6","High","Closure","November 03, 2021","November 03, 2021"
"29th Avenue between E. 7th and Chapman","D5","High","Closure (East Side) and Deep Clean (West Side)","November 02, 2021","November 02, 2021"
"27th St. between Northgate south/north on the Northside of the street","D3","Low","Closure both sides of the street","November 01, 2021","November 01, 2021"
"Dover street between 46th St. and 47th St.","D1","High","Deep Cleaning","November 01, 2021","November 01, 2021"
"35th St between Magnolia and Adeline St","D3","High","Closure","October 28, 2021","October 28, 2021"
"W Grand Ave between San Pablo Ave & MLK","D3","High","Closure","October 27, 2021","October 27, 2021"
"San Pablo Ave between W Grand Ave & MLK","D3","High","Closure","October 27, 2021","October 27, 2021"
"Webster St between 5th St and 6th St","D3","High","Closure","October 27, 2021","October 27, 2021"
"MLK between San Pablo Ave & W Grand Ave","D3","High","Closure","October 27, 2021","October 27, 2021"
"30th St. between MLK and Telegraph","D3","Low","Deep Clean (South Side) Closure (North Side)","October 26, 2021","October 26, 2021"
"Downtown Oakland Senior Center","D3","High","Deep Cleaning at the side of porta-potty and Closure at Bay Place","October 25, 2021","October 25, 2021"
"Independent Loop","D6","High","Deep Cleaning with AA at 500 Independent Road @ 66th Ave on-ramp to 880 / Independent Loop","October 21, 2021","October 21, 2021"
"MLK between 35th St and 36th St","D3","Low","Deep Clean (Westside) and Closure (Eastside)","October 20, 2021","October 20, 2021"
"West between 35th and 36th St","D3","Low","Deep Clean East side, Closure of West side.  AA lead","October 19, 2021","October 19, 2021"
"6th St between Brush St and Castro St","D3","Low","Closure. Lead AA: 6th Street & Brush Street","October 18, 2021","October 18, 2021"
"Santa Clara between Harrison St and Kepmton Way","D3","High","Closure","October 14, 2021","October 15, 2021"
"Walkway behind Piedmont Place Hotel","D1","High","Closure","October 14, 2021","October 15, 2021"
"E Street & 100th Avenue","D7","High","Closure","October 13, 2021","October 13, 2021"
"Knight Street between Douglas Avenue and Gramercy Place","D7","High","Closure with AA","October 12, 2021","October 12, 2021"
"Lake Merritt: Dock at 150 Lakeside Dr/ Lakeside/19th/Madison","D3","High","Closure","October 11, 2021","October 11, 2021"
"Frog Park the pathway between Clifton and Cavour","D1","High","Closure AT Frog Park - Pathway","October 07, 2021","October 07, 2021"
"668 27th St/ MLK and 27th","D3","Low","(Self Closure)","October 07, 2021","October 07, 2021"
"San Leandro Street between Seminary & 66th Avenue","D6","High","Deep Cleaning with AA","October 05, 2021","October 06, 2021"
"E. 12th Median : 14th Ave to 18th Ave","D2","High","Closure","October 04, 2021","October 04, 2021"
"5840 Harmon Avenue","D6","High","Closure","September 30, 2021","September 30, 2021"
"San Leandro Street between Seminary & 66th Avenue","D6","High","Deep Cleaning (UNABLE TO BE EXECUTED)","September 29, 2021","September 29, 2021"
"Bancroft Ave between 55th Ave and Hilton St","D6","High","Closure with AA","September 29, 2021","September 29, 2021"
"Bancroft Avenue between 42nd Avenue & High Street","D5","Low","Closure with AA","September 28, 2021","September 28, 2021"
"International Blvd between 96th Ave and 97th Ave","D7","High","Closure","September 27, 2021","September 27, 2021"
"Embarcadero between Dennison & Livingston","D5","High","Closure","September 23, 2021","September 24, 2021"
"Santa Clara between Harrison St and Kepmton Way","D3","High","Closure","September 21, 2021","September 22, 2021"
"56th & Telegraph","D1","Low","Deep Cleaning","September 20, 2021","September 20, 2021"
"16th Street between MLK and Castro","D3","High","Closure","September 16, 2021","September 16, 2021"
"Downtown Oakland Senior Center","D3","High","Partial Closure at for 200 Grand Ave./ Senior Center / Downtown Oakland Senior Bay Place Side","September 16, 2021","September 16, 2021"
"Franklin St & 6th St","D3","High","Deep Cleaning","September 15, 2021","September 15, 2021"
"Athol Plaza Park","D2","High","Closure","September 13, 2021","September 15, 2021"
"5920 San Pablo / 59th�Street & San Pablo Ave�","D1","High","Closure","September 08, 2021","September 08, 2021"
"Miles Ave between Presley Way and College Ave","D1","High","Closure","September 07, 2021","September 07, 2021"
"Frank Ogawa Plaza","D3","High","Closure","September 02, 2021","September 02, 2021"
"84th Avenue & International","D7","High","Deep Cleaning (half block)","September 01, 2021","September 01, 2021"
"23rd�St. between MLK and San Pablo","D3","High","Closure","August 31, 2021","August 31, 2021"
"Lafayette Square Park","D3","High","Partial Closure","August 31, 2021","August 31, 2021"
"10th Street between Jefferson St and MLK","D3","High","Partial Closure","August 31, 2021","August 31, 2021"
"Lakeside Recycling: 77th & Hawley","D7","Low","Deep Cleaning/ K-Rails Enforcement","August 30, 2021","August 30, 2021"
"High St  Safe Parking along Alameda Ave","D5","High","Closure","August 25, 2021","August 26, 2021"
"East 8th Cul De Sac","D5","High","Closure","August 25, 2021","August 26, 2021"
"Alameda Avenue between High St and E 8th St","D5","High","Deep Cleaning","August 24, 2021","August 24, 2021"
"Alameda Avenue from Howard Street to Fruitvale Ave","D5","High","Deep Cleaning","August 24, 2021","August 24, 2021"
"Alameda Avenue between E 8th St and Howard St","D5","High","Deep Cleaning","August 24, 2021","August 24, 2021"
"30th St. between MLK and Telegraph","D3","Low","Deep Clean (South Side) Closure (North Side)","August 23, 2021","August 23, 2021"
"5th St. between Mandela Pkwy & Union","D3","Low","Deep Cleaning","August 19, 2021","August 19, 2021"
"Kirkham St between 5th & 7th St.","D3","Low","Deep Cleaning","August 19, 2021","August 19, 2021"
"San Leandro St between 81st Ave and 85th Ave: 8451 San Leandro Street (Pick-n-Pull)","D7","High","Deep Cleaning","August 18, 2021","August 18, 2021"
"45th Ave between International and E12 Street","D5","High","Closure","August 17, 2021","August 17, 2021"
"City Lot - 11th St between Clay & Broadway","D3","High","Closure","August 16, 2021","August 16, 2021"
"Lakeside Park: Lakeside Park Garden Center, 666 Bellevue Ave","D3","High","Closure","August 16, 2021","August 16, 2021"
"Mosswood Park","D3","High","Closure entire park","August 10, 2021","August 12, 2021"
"Lakeside Park: Lakeside Park Garden Center, 666 Bellevue Ave","D3","High","Closure","August 09, 2021","August 09, 2021"
"Athol Plaza Park","D2","High","Closure (Unable to be executed)","August 09, 2021","August 09, 2021"
"MLK between San Pablo Ave & W Grand Ave","D3","High","Closure","August 05, 2021","August 05, 2021"
"San Pablo Ave between W Grand Ave & MLK","D3","High","Closure","August 05, 2021","August 05, 2021"
"W Grand Ave between San Pablo Ave & MLK","D3","High","Closure","August 05, 2021","August 05, 2021"
"MLK between 23rd & 24th","D3","High","Deep Cleaning","August 05, 2021","August 05, 2021"
"MLk between W Grand Ave & 23rd","D3","High","Deep Cleaning","August 05, 2021","August 05, 2021"
"692 Baldwin","D7","High","Deep Cleaning","August 04, 2021","August 04, 2021"
"E 12th Remainder Parcel: Adjacent to LML","D2","High","Partial Closure","August 02, 2021","August 03, 2021"
"Pine Knoll Park","D2","High","Deep Cleaning","July 29, 2021","July 29, 2021"
"Fitzgerald Park","D3","High","Deep Cleaning (UNABLE TO BE EXECUTED)","July 28, 2021","July 28, 2021"
"14th Avenue between East 33rd and MacArthur","D5","Low","Deep Cleaning","July 27, 2021","July 27, 2021"
"Snow Park","D3","High","Partial Closure at Play Structure","July 26, 2021","July 26, 2021"
"85th Avenue between Baldwin St and Enterprise Way","D7","High","Closure","July 22, 2021","July 22, 2021"
"Webster St between 36th St and 37th St","D3","High","Closure","July 21, 2021","July 21, 2021"
"Mosswood Park","D3","High","Closure at Mosswood House (Fencing)","July 21, 2021","July 21, 2021"
"3902 Manila Ave/Manila between 38th & 40th St","D1","High","Closure (West Side),  Deep Cleaning (East Side), Partial Closure (East Side directly in front of homes)","July 20, 2021","July 20, 2021"
"Lake Merritt: Walkway between Harrison St between 21st St &  Grand Ave","D3","High","Closure","July 19, 2021","July 19, 2021"
"Leet Drive","D7","High","Deep Cleaning (Southside) & Closure (Northside)","July 15, 2021","July 15, 2021"
"Walkway behind Piedmont Place Hotel","D1","High","Deep Cleaning","July 14, 2021","July 14, 2021"
"Santa Clara between Harrison St and Kepmton Way","D3","High","Deep Cleaning at Santa Clara & Harrison/ Macarthur","July 14, 2021","July 14, 2021"
"6th St between Alice St and Jackson St","D2","High","Deep Cleaning at 6th Street between Alice & Jackson  & Fire Lane Enforcement","July 13, 2021","July 13, 2021"
"Lake Merritt: 563 Pergola","D3","High","Closure","July 12, 2021","July 12, 2021"
"27th St. between Northgate south/north on the Northside of the street","D3","Low","Deep Cleaning both sides of the street","July 07, 2021","July 08, 2021"
"Sycamore between Northgate and MLK","D3","Low","Deep Cleaning both sides of the street","July 07, 2021","July 08, 2021"
"Vallejo & Stanford","D1","High","Deep Cleaning","July 06, 2021","July 06, 2021"
"Median at Mandela Parkway and 28th Street","D3","High","Closure","July 01, 2021","July 01, 2021"
"28th Street between Ettie and Mandela Parkway","D3","High","Deep Cleaning","July 01, 2021","July 01, 2021"
"City Lot - 73rd Ave. and San Leandro city property under the Bart tram to the airport","D7","High","Deep Cleaning","June 30, 2021","June 30, 2021"
"21st & Filbert","D3","High","Closure","June 29, 2021","June 29, 2021"
"Downtown Oakland Senior Center","D3","High","Closure (Building Only)","June 28, 2021","June 28, 2021"
"Rockridge Temescal/North Frog Park","D1","High","Closure","June 28, 2021","June 28, 2021"
"3326 Chestnut / Chestnut between 32nd - 34th","D3","High","Closure","June 24, 2021","June 24, 2021"
"Dover St between 44th and 45th","D1","High","Closure","June 23, 2021","June 23, 2021"
"Poplar between 18th St and 20th St","D3","High","Closure","June 22, 2021","June 22, 2021"
"Broadway between 5th and 6th","D2","High","Closure (West Side Only)","June 21, 2021","June 21, 2021"
"2nd & Brush","D3","Low","Deep Cleaning","June 21, 2021","June 21, 2021"
"Wood St between W Grand Ave and 24th St","D3","High","Partial Closure/Deep Cleaning","June 15, 2021","June 16, 2021"
"Wood Street between 24th St and Willow St","D3","High","Partial Closure","June 15, 2021","June 16, 2021"
"Median at 6th & Jackson","D2","High","Closure","June 14, 2021","June 14, 2021"
"Independent Loop","D6","High","Partial Closure","June 14, 2021","June 14, 2021"
"Kirkham St between 5th & 7th St.","D3","Low","Deep Cleaning","June 10, 2021","June 10, 2021"
"29th Avenue between E. 7th and Chapman","D5","High","Deep Cleaning","June 09, 2021","June 09, 2021"
"Embarcadero between Dennison & Livingston","D5","High","Deep Cleaning","June 08, 2021","June 08, 2021"
"Frank Ogawa Plaza","D3","High","Closure","June 07, 2021","June 07, 2021"
"9809 Kitty Lane","D7","High","Closure","June 03, 2021","June 03, 2021"
"International Blvd between 96th Ave and 97th Ave","D7","High","Closure","June 02, 2021","June 02, 2021"
"Median at 96th & International","D7","High","Closure","June 02, 2021","June 02, 2021"
"Helen Mc Gregor Plaza","D1","High","Closure","June 01, 2021","June 01, 2021"
"Santa Clara between Harrison St and Kepmton Way","D3","High","Deep Cleaning","May 27, 2021","May 27, 2021"
"4th & MLK","D3","High","(Encampment Fire, KOCB Clean Debris)","May 26, 2021","May 26, 2021"
"Mandela Parkway between 14th & 16th","D3","High","Deep Cleaning","May 26, 2021","May 26, 2021"
"7779 Pardee Lane","D7","High","Closure","May 25, 2021","May 25, 2021"
"5920 San Pablo / 59th�Street & San Pablo Ave�","D1","High","Closure","May 24, 2021","May 24, 2021"
"77th Ave between Rudsdale St and Hamilton St","D7","High","Closure","May 20, 2021","May 20, 2021"
"64th Ave between Brann St and Camden St","D6","High","Closure","May 19, 2021","May 19, 2021"
"Brann St between 62nd Ave and 64th Ave","D6","High","Closure","May 19, 2021","May 19, 2021"
"62nd Ave between Foothill Blvd and Brann St","D6","High","Closure","May 19, 2021","May 19, 2021"
"64th Ave between Foothill Blvd and Brann","D6","High","Closure","May 19, 2021","May 19, 2021"
"Foothill Blvd between 63rd Ave and 64th Ave","D6","High","Closure","May 19, 2021","May 19, 2021"
"Foothill Blvd between 62nd Ave and 63rd Ave","D6","High","Closure","May 19, 2021","May 19, 2021"
"Brann St between Camden St and 67th Ave","D6","High","Closure","May 19, 2021","May 19, 2021"
"Brann St between 64th Ave and Camden St","D6","High","Closure","May 19, 2021","May 19, 2021"
"Concordia Park","D6","High","Closure","May 19, 2021","May 19, 2021"
"MacArthur Blvd between 66th Ave and 68th Ave","D6","High","Closure","May 19, 2021","May 19, 2021"
"Camden St between 62nd St and 63rd St","D6","High","Closure","May 19, 2021","May 19, 2021"
"MacArthur Blvd between 64th Ave Pl and 65th Ave","D6","High","Closure","May 19, 2021","May 19, 2021"
"64th Ave between Camden St and MacArthur Blvd","D6","High","Closure","May 19, 2021","May 19, 2021"
"MacArthur Blvd between 64th Ave and 64th Ave Pl","D6","High","Closure","May 19, 2021","May 19, 2021"
"Camden St between 63rd St and 64th St","D6","High","Closure","May 19, 2021","May 19, 2021"
"62nd Ave between Brann St and Camden St","D6","High","Closure","May 19, 2021","May 19, 2021"
"Courtland Creek Park","D4","High","Closure","May 18, 2021","May 18, 2021"
"Little Frog Park","D1","High","Closure","May 17, 2021","May 17, 2021"
"Mosswood Park","D3","High","Closure at Mosswood House (Fencing)","May 13, 2021","May 13, 2021"
"City Lot at Alameda - 3801 E 8th St","D5","High","Closure","May 12, 2021","May 12, 2021"
"Webster St between 37th St and W MacArthur Blvd","D3","High","Closure","May 10, 2021","May 11, 2021"
"W Macarthur Blvd between Ruby and Webster St","D1","High","Closure","May 10, 2021","May 11, 2021"
"Moorpark St between Pippin St and Russet St","D7","High","Closure","May 06, 2021","May 07, 2021"
"Russet St and Moorpark St (Dead End)","D7","High","Closure","May 06, 2021","May 07, 2021"
"Russet St between 105th Ave and 107th Ave","D7","High","Closure","May 06, 2021","May 07, 2021"
"Russet St between 107th and Moorpark St","D7","High","Closure","May 06, 2021","May 07, 2021"
"Foothill Blvd between 15th Ave and 16th Ave","D2","High","Closure","May 05, 2021","May 05, 2021"
"16th Ave between Foothill Blvd and E 15th St","D2","High","Closure","May 05, 2021","May 05, 2021"
"15th Ave between Foothill Blvd and Gleason Way","D2","High","Closure","May 05, 2021","May 05, 2021"
"15th Ave between Gleason Way and E 15th St","D2","High","Closure","May 05, 2021","May 05, 2021"
"E 15th St between 15th Ave and 16th Ave","D2","High","Closure","May 05, 2021","May 05, 2021"
"22nd Ave between E 17th St and Foothill Blvd","D2","High","Closure","May 04, 2021","May 04, 2021"
"Foothill Blvd between 22nd Ave and 23rd Ave","D2","High","Closure","May 04, 2021","May 04, 2021"
"Foothill Blvd between E 15th St and 23rd Ave","D2","High","Closure","May 04, 2021","May 04, 2021"
"23rd Ave between Foothill Blvd and E 17th St","D2","High","Closure","May 04, 2021","May 04, 2021"
"83rd Ave between 84th Ave and 83rd Ave","D7","High","Closure","May 03, 2021","May 03, 2021"
"E 17th St between 22nd Ave and 23rd Ave","D2","High","Closure","May 03, 2021","May 03, 2021"
"83rd Ave between Dowling St and 83rd Ave","D7","High","Closure","May 03, 2021","May 03, 2021"
"Lighthouse Community Charter Public School at 444 Hegenberger Rd.","D7","High","Abandoned Auto Posting Only","May 03, 2021","May 03, 2021"
"Telegraph Ave between 34th St and 36th St.","D3","Low","Closure (Eastside Only)","April 29, 2021","April 29, 2021"
"Bancroft Avenue between 42nd Avenue & High Street","D5","Low","Deep Cleaning","April 29, 2021","April 29, 2021"
"Wood St between W Grand Ave and 24th St","D3","High","Partial Closure","April 27, 2021","April 28, 2021"
"Wood Street between 24th St and Willow St","D3","High","Partial Closure","April 27, 2021","April 28, 2021"
"10th & Pine Street / 1022 Pine Street","D3","High","Closure","April 22, 2021","April 22, 2021"
"34th Street & San Pablo","D3","High","Closure","April 21, 2021","April 21, 2021"
"San Antonio Park","D2","High","Closure","April 20, 2021","April 20, 2021"
"6th St between Broadway and Washington St","D3","High","Closure","April 19, 2021","April 19, 2021"
"29th St. between MLK and Telegraph","D3","Low","Deep Cleaning (South) & Closure (North)","April 15, 2021","April 15, 2021"
"30th St. between MLK and Telegraph","D3","Low","Deep Clean (South Side) Closure (North Side)","April 14, 2021","April 14, 2021"
"MLk between W Grand Ave & 23rd","D3","High","Deep Cleaning at MLK Westside Only (VA lot to 23rd St.)","April 07, 2021","April 08, 2021"
"W Grand Ave between San Pablo Ave & MLK","D3","High","Deep Cleaning & Partial Closure","April 07, 2021","April 08, 2021"
"MLK between 23rd & 24th","D3","High","Deep Cleaning (East Side Only)","March 31, 2021","April 01, 2021"
"MLk between W Grand Ave & 23rd","D3","High","Deep Cleaning (East Side Only)","March 31, 2021","April 01, 2021"
"MLK between 24th & 25th","D3","High","Deep Cleaning (East Side Only)","March 31, 2021","April 01, 2021"
"Union Point Park","D5","High","Closure","March 30, 2021","March 30, 2021"
"Joaquin Miller Park","D4","High","Closure (Self Closure)","March 30, 2021","March 30, 2021"
"Alameda Avenue from Howard Street to Fruitvale Ave","D5","High","Deep Cleaning","March 23, 2021","March 25, 2021"
"Alameda Avenue between E 8th St and Howard St","D5","High","Closure","March 23, 2021","March 23, 2021"
"East 8th Cul De Sac","D5","High","Closure","March 23, 2021","March 23, 2021"
"Union Point Park","D5","High","Closure","March 09, 2021","March 11, 2021"
"Union Point Park","D5","High","Closure","February 09, 2021","February 11, 2021"
"56th & Telegraph","D1","Low","Deep Cleaning","January 21, 2021","January 21, 2021"
