new_id,Response_ID,Recorded_Date,best_lat,best_lon,input_category,distance_m,sweep,gender,age,race_White,race_Hispanic,race_Black,last_30_noshelter,_3year_noshelter,sweeps_100m,closures_100m,sweeps_200m,closures_200m,shelter_aversion_score,top_shelter_attribute,Rank___Level_of_privacy,Rank___Length_allowed_to_stay,Rank___Security_Guards,Rank___Case_Management,Rank___Close_to_transit,Rank___Proximity_to_where_you_st,Rank___Substance_Use_Policy,Rank___Participation_in_rule_mak,Rank___Curfew_Policy,Rank___Pet_Policy,Rank___Partners_Policy,Rank___How_Clean_it_is,Preferred_B1Q1,Preferred_B1Q2,Preferred_B1Q3,Preferred_B1Q4,Preferred_B2Q1,Preferred_B2Q2,Preferred_B2Q3,Preferred_B2Q4,Preferred_B3Q1,Preferred_B3Q2,Preferred_B3Q3,Preferred_B3Q4,Outside_Option_B1Q1,Outside_Option_B1Q2,Outside_Option_B1Q3,Outside_Option_B1Q4,Outside_Option_B2Q1,Outside_Option_B2Q2,Outside_Option_B2Q3,Outside_Option_B2Q4,Outside_Option_B3Q1,Outside_Option_B3Q2,Outside_Option_B3Q3,Outside_Option_B3Q4,trigger___Selected_Choice_Family,trigger___Selected_Choice_Chose_,trigger___Selected_Choice_Divorc,trigger___Selected_Choice_Could_,trigger___Selected_Choice_Rent_i,trigger___Selected_Choice_Evicti,trigger___Selected_Choice_Releas,trigger___Selected_Choice_Other_,trigger___Other__Specify____Text
1,R_5bVuOjO1LkC92bP,2025-06-30 19:34:49,37.798748,-122.282278,coord_dms,187.2,0.0,Female,37.0,White,,,,,4,4,9,9,0.4166666666666667,Partners Policy,2.0,10.0,3.0,9.0,6.0,12.0,8.0,11.0,7.0,5.0,1.0,4.0,Housing Type 1,Housing Type 2,Housing Type 1,Housing Type 1,Housing Type 2,Housing Type 2,Housing Type 1,Housing Type 2,Housing Type 2,Housing Type 2,Housing Type 1,Housing Type 1,Yes,Yes,No,Yes,Yes,No,No,No,No,No,No,Yes,,,,,,,,Other (Specify),Left after leasewas up; me ntal health
2,R_biportek5nmwAIS,2025-06-30 19:34:50,37.798767,-122.282282,coord_decimal,188.3,1.0,Male,60.0,,,Black,,,4,4,9,9,0.8333333333333334,Length allowed to stay,2.0,1.0,3.0,7.0,12.0,8.0,9.0,4.0,5.0,10.0,11.0,6.0,Housing Type 2,Housing Type 1,Housing Type 1,Housing Type 1,Housing Type 1,Housing Type 2,Housing Type 1,Housing Type 1,Housing Type 1,Housing Type 2,Housing Type 1,Housing Type 1,Yes,Yes,Yes,Yes,Yes,Yes,Yes,Yes,Yes,Yes,No,No,,,,,,,,Other (Specify),Medical issue
3,R_brkQYvLApOLuQ18,2025-06-30 19:34:51,37.798697,-122.282288,coord_decimal,186.9,0.0,Male,34.0,White,,,,,4,4,9,9,0.4166666666666667,Length allowed to stay,7.0,1.0,3.0,2.0,9.0,4.0,5.0,10.0,8.0,12.0,11.0,6.0,Housing Type 1,Housing Type 1,Housing Type 1,Housing Type 2,Housing Type 2,Housing Type 2,Housing Type 1,Housing Type 1,Housing Type 2,Housing Type 2,Housing Type 2,Housing Type 2,Yes,Yes,Yes,Yes,No,No,No,Yes,No,No,No,No,,,,,,,,Other (Specify),Failec to check in with SRO/supported housing
4,R_8oDKAsd5wRFA6cB,2025-06-30 19:34:53,37.798678,-122.282153,coord_decimal,1526.1,1.0,Female,54.0,White,,,,,4,4,9,9,0.6666666666666666,Pet Policy,2.0,3.0,5.0,7.0,11.0,8.0,10.0,9.0,6.0,1.0,12.0,4.0,Housing Type 2,Housing Type 1,Housing Type 1,Housing Type 1,Housing Type 2,Housing Type 1,Housing Type 2,Housing Type 2,Housing Type 1,Housing Type 1,Housing Type 2,Housing Type 1,Yes,Yes,Yes,Yes,Yes,No,No,Yes,Yes,No,No,Yes,"Family/friend/roommate asked me to leave (dispute, needed room, etc.)",,,,,,,,
5,R_5PxwWVPfBA9kgrw,2025-06-30 19:34:54,37.801922,-122.286275,coord_decimal,77.8,1.0,Female,37.0,White,,,,,0,0,3,2,0.5,Security Guards,3.0,12.0,1.0,8.0,10.0,6.0,7.0,11.0,5.0,9.0,4.0,2.0,Housing Type 2,Housing Type 1,Housing Type 1,Housing Type 2,Housing Type 1,Housing Type 2,Housing Type 1,Housing Type 2,Housing Type 2,Housing Type 2,Housing Type 2,Housing Type 2,Yes,Yes,Yes,Yes,No,Yes,Yes,No,No,No,No,No,,,,,,,,Other (Specify),Relationship wasbeing pimped
6,R_jhA0Tueg0Ir7DVK,2025-06-30 19:34:55,37.801983,-122.28624,coord_decimal,78.4,1.0,Male,45.0,White,,,,,0,0,3,2,0.75,Participation in rule mak,2.0,3.0,12.0,6.0,8.0,4.0,5.0,1.0,11.0,9.0,10.0,7.0,Housing Type 1,Housing Type 2,Housing Type 1,Housing Type 2,Housing Type 2,Housing Type 2,Housing Type 2,Housing Type 1,Housing Type 2,Housing Type 1,Housing Type 2,Housing Type 1,Yes,Yes,Yes,No,Yes,Yes,Yes,Yes,No,No,Yes,Yes,,,,,,Eviction,,,
7,R_dd7soeLp3PVPO2f,2025-06-30 19:34:56,37.802013,-122.286198,coord_decimal,77.2,1.0,Male,46.0,,,Black,,No Shelter/Outside,0,0,3,2,0.9166666666666666,How Clean it is,2.0,7.0,3.0,5.0,10.0,9.0,4.0,8.0,6.0,12.0,11.0,1.0,Housing Type 1,Housing Type 1,Housing Type 2,Housing Type 2,Housing Type 2,Housing Type 1,Housing Type 1,Housing Type 2,Housing Type 2,Housing Type 1,Housing Type 1,Housing Type 1,No,Yes,Yes,Yes,Yes,Yes,Yes,Yes,Yes,Yes,Yes,Yes,,,,,,,Released from jail/prison,,
8,R_7NIRAvk4HyeO5yP,2025-06-30 19:34:56,37.801967,-122.286068,coord_decimal,64.9,1.0,Male,55.0,,,Black,,,0,0,3,2,1.0,Participation in rule mak,2.0,6.0,5.0,7.0,11.0,10.0,9.0,1.0,4.0,12.0,8.0,3.0,Housing Type 1,Housing Type 1,Housing Type 2,Housing Type 1,Housing Type 1,Housing Type 1,Housing Type 2,Housing Type 2,Housing Type 1,Housing Type 2,Housing Type 2,Housing Type 2,Yes,Yes,Yes,Yes,Yes,Yes,Yes,Yes,Yes,Yes,Yes,Yes,,,,,,,,Other (Specify),"Was in supported housing, didnt come check in enough which was part of rules"
9,R_g4mmEOLMFhUsrU8,2025-06-30 19:34:57,37.802012,-122.28598,coord_decimal,62.4,0.0,Male,45.0,White,,,,,0,0,3,2,0.5833333333333334,Partners Policy,3.0,6.0,4.0,8.0,11.0,9.0,5.0,10.0,12.0,7.0,1.0,2.0,Housing Type 2,Housing Type 2,Housing Type 2,Housing Type 1,Housing Type 1,Housing Type 1,Housing Type 1,Housing Type 1,Housing Type 1,Housing Type 2,Housing Type 1,Housing Type 2,Yes,Yes,Yes,No,Yes,Yes,Yes,Yes,No,No,No,No,"Family/friend/roommate asked me to leave (dispute, needed room, etc.)",,,,,,,,
10,R_7nwuhAgXHxUQTga,2025-07-01 17:05:09,37.819923,-122.290702,coord_decimal,701.4,1.0,Male,54.0,White,,,,No Shelter/Outside,3,3,49,41,0.5,Level of privacy,1.0,2.0,3.0,7.0,12.0,6.0,8.0,11.0,5.0,10.0,9.0,4.0,Housing Type 1,Housing Type 2,Housing Type 1,Housing Type 2,Housing Type 1,Housing Type 1,Housing Type 2,Housing Type 1,Housing Type 1,Housing Type 2,Housing Type 1,Housing Type 2,No,No,Yes,No,No,Yes,Yes,Yes,No,Yes,Yes,No,,,,,,,,Other (Specify),"Transitional housing program ended, no housing"
11,R_3ErP9cSALsXdNON,2025-07-01 17:05:10,37.819918,-122.290792,coord_decimal,700.8,0.0,Male,58.0,White,,,,,3,3,49,41,1.0,Case Management,2.0,5.0,6.0,1.0,9.0,11.0,4.0,7.0,3.0,12.0,10.0,8.0,Housing Type 2,Housing Type 1,Housing Type 2,Housing Type 2,Housing Type 1,Housing Type 1,Housing Type 2,Housing Type 1,Housing Type 1,Housing Type 2,Housing Type 2,Housing Type 1,Yes,Yes,Yes,Yes,Yes,Yes,Yes,Yes,Yes,Yes,Yes,Yes,,,,,,,,Other (Specify),Hotel SRO room door was broken
12,R_kYD7yvsXPRhkFY4,2025-07-01 17:05:11,37.819943,-122.290797,coord_decimal,698.0,1.0,Male,45.0,White,,,,,3,3,49,41,0.75,Level of privacy,1.0,8.0,12.0,9.0,11.0,10.0,3.0,7.0,2.0,6.0,5.0,4.0,Housing Type 1,Housing Type 1,Housing Type 1,Housing Type 1,Housing Type 2,Housing Type 2,Housing Type 2,Housing Type 1,Housing Type 1,Housing Type 2,Housing Type 2,Housing Type 1,No,Yes,No,No,Yes,Yes,Yes,Yes,Yes,Yes,Yes,Yes,,,,,,Eviction,,,
13,R_amvvx5MQuNwZCBk,2025-07-01 17:05:12,37.819895,-122.290742,coord_decimal,11008.7,0.0,Male,58.0,,Hispanic,Black,,,3,3,49,41,1.0,How Clean it is,9.0,8.0,2.0,5.0,10.0,3.0,12.0,11.0,7.0,6.0,4.0,1.0,Housing Type 1,Housing Type 2,Housing Type 1,Housing Type 2,Housing Type 2,Housing Type 2,Housing Type 2,Housing Type 2,Housing Type 1,Housing Type 2,Housing Type 2,Housing Type 1,Yes,Yes,Yes,Yes,Yes,Yes,Yes,Yes,Yes,Yes,Yes,Yes,,,Divorce/breakup,,,,,,
14,R_8ah5RuXt12iwYQA,2025-07-02 17:17:05,37.788647,-122.402667,coord_decimal,39.4,0.0,Male,69.0,,,,,,0,0,0,0,0.8333333333333334,Security Guards,3.0,5.0,1.0,4.0,10.0,11.0,2.0,7.0,12.0,9.0,8.0,6.0,Housing Type 1,Housing Type 2,Housing Type 1,Housing Type 1,Housing Type 1,Housing Type 2,Housing Type 1,Housing Type 2,Housing Type 2,Housing Type 1,Housing Type 1,Housing Type 1,No,Yes,No,Yes,Yes,Yes,Yes,Yes,Yes,Yes,Yes,Yes,,,,Could not pay rent,,,,,
15,R_eZfhfZUF7KGXmO8,2025-07-02 17:17:06,37.786835,-122.421003,coord_decimal,23.6,1.0,Female,52.0,White,,,,,0,0,0,0,0.5833333333333334,Security Guards,4.0,9.0,1.0,7.0,8.0,12.0,11.0,6.0,10.0,3.0,5.0,2.0,Housing Type 2,Housing Type 2,Housing Type 1,Housing Type 1,Housing Type 1,Housing Type 2,Housing Type 1,Housing Type 2,Housing Type 1,Housing Type 2,Housing Type 1,Housing Type 1,No,No,Yes,Yes,Yes,Yes,Yes,Yes,Yes,No,No,No,,,,,,,,Other (Specify),Support a friend withhealth issues
16,R_7sXqxiPWD77g8N1,2025-07-02 17:17:07,37.786768,-122.42104,coord_decimal,18.7,1.0,Male,43.0,White,,,,,0,0,0,0,0.8333333333333334,Partners Policy,3.0,9.0,8.0,5.0,10.0,6.0,12.0,11.0,7.0,2.0,1.0,4.0,Housing Type 1,Housing Type 2,Housing Type 2,Housing Type 1,Housing Type 1,Housing Type 1,Housing Type 1,Housing Type 1,Housing Type 1,Housing Type 1,Housing Type 1,Housing Type 1,Yes,Yes,Yes,Yes,Yes,No,Yes,Yes,Yes,Yes,No,Yes,,,,,,,,Other (Specify),Owners cameback and needed house
17,R_f6LsdHWR3vcjuNr,2025-07-02 17:17:08,37.786703,-122.421032,coord_decimal,13.2,0.0,Male,48.0,White,,,,,0,0,0,0,0.9166666666666666,Level of privacy,1.0,8.0,3.0,4.0,7.0,9.0,11.0,5.0,10.0,12.0,6.0,2.0,Housing Type 2,Housing Type 2,Housing Type 1,Housing Type 2,Housing Type 1,Housing Type 2,Housing Type 2,Housing Type 1,Housing Type 1,Housing Type 1,Housing Type 1,Housing Type 1,Yes,Yes,Yes,Yes,No,Yes,Yes,Yes,Yes,Yes,Yes,Yes,,,Divorce/breakup,,,Eviction,,Other (Specify),Got COVID
18,R_dPR45ceD7RHiKd7,2025-07-02 17:17:08,37.785223,-122.412945,coord_decimal,53.8,1.0,Female,61.0,,,,,,0,0,0,0,1.0,Security Guards,3.0,7.0,1.0,4.0,9.0,11.0,8.0,10.0,2.0,5.0,12.0,6.0,Housing Type 1,Housing Type 1,Housing Type 2,Housing Type 2,Housing Type 1,Housing Type 1,Housing Type 2,Housing Type 2,Housing Type 1,Housing Type 1,Housing Type 2,Housing Type 1,Yes,Yes,Yes,Yes,Yes,Yes,Yes,Yes,Yes,Yes,Yes,Yes,,,,,,,,Other (Specify),Mother passed away in hawaii
19,R_lr1YLB11aFkYvq3,2025-07-04 11:09:12,37.931937,-122.359732,coord_decimal,685.2,0.0,Male,41.0,,Hispanic,,,,0,0,0,0,1.0,How Clean it is,6.0,2.0,3.0,9.0,8.0,4.0,5.0,12.0,7.0,11.0,10.0,1.0,Housing Type 2,Housing Type 2,Housing Type 1,Housing Type 2,Housing Type 1,Housing Type 2,Housing Type 2,Housing Type 2,Housing Type 2,Housing Type 1,Housing Type 2,Housing Type 1,Yes,Yes,Yes,Yes,Yes,Yes,Yes,Yes,Yes,Yes,Yes,Yes,"Family/friend/roommate asked me to leave (dispute, needed room, etc.)",,,,,,,Other (Specify),Askedto leave drugs
20,R_3nwrljzwgRVeDl9,2025-07-04 12:06:54,37.9319,-122.359748,coord_decimal,586.7,0.0,Male,55.0,,,Black,No Shelter/Outside,,0,0,0,0,1.0,Length allowed to stay,6.0,1.0,2.0,5.0,9.0,7.0,3.0,11.0,8.0,12.0,10.0,4.0,Housing Type 2,Housing Type 1,Housing Type 1,Housing Type 1,Housing Type 2,Housing Type 1,Housing Type 1,Housing Type 2,Housing Type 2,Housing Type 2,Housing Type 1,Housing Type 1,Yes,Yes,Yes,Yes,Yes,Yes,Yes,Yes,Yes,Yes,Yes,Yes,,,Divorce/breakup,,,,,,
21,R_fbED9twNfeFb02D,2025-07-04 12:50:30,37.931912,-122.359728,coord_decimal,715.5,0.0,Male,35.0,,Hispanic,,,,0,0,0,0,1.0,Case Management,8.0,10.0,6.0,1.0,9.0,5.0,7.0,11.0,4.0,12.0,3.0,2.0,Housing Type 2,Housing Type 1,Housing Type 1,Housing Type 1,Housing Type 1,Housing Type 1,Housing Type 2,Housing Type 1,Housing Type 1,Housing Type 1,Housing Type 1,Housing Type 1,Yes,Yes,Yes,Yes,Yes,Yes,Yes,Yes,Yes,Yes,Yes,Yes,,,,,Rent increase,,,Other (Specify),Tried to save up living in car
22,R_1TXnNadH5OOgMYF,2025-07-04 13:18:09,37.93196,-122.35978,coord_decimal,14855.8,0.0,Male,39.0,White,,,,No Shelter/Outside,0,0,0,0,1.0,Proximity to where you st,6.0,2.0,4.0,10.0,5.0,1.0,11.0,12.0,3.0,9.0,8.0,7.0,Housing Type 1,Housing Type 2,Housing Type 2,Housing Type 1,Housing Type 2,Housing Type 2,Housing Type 2,Housing Type 1,Housing Type 1,Housing Type 1,Housing Type 2,Housing Type 1,Yes,Yes,Yes,Yes,Yes,Yes,Yes,Yes,Yes,Yes,Yes,Yes,,,,,,,,Other (Specify),edd ran out
23,R_bJju4zfMSOz3pTJ,2025-07-04 13:43:03,37.931895,-122.359757,coord_decimal,1184.6,0.0,Female,50.0,,Hispanic,,,,0,0,0,0,1.0,Level of privacy,1.0,8.0,2.0,3.0,5.0,7.0,6.0,9.0,10.0,11.0,12.0,4.0,Housing Type 1,Housing Type 2,Housing Type 2,Housing Type 2,Housing Type 2,Housing Type 2,Housing Type 2,Housing Type 1,Housing Type 1,Housing Type 1,Housing Type 2,Housing Type 1,Yes,Yes,Yes,Yes,Yes,Yes,Yes,Yes,Yes,Yes,Yes,Yes,,,,Could not pay rent,,,,Other (Specify),Health issues
24,R_bTUeP3NBCV9At06,2025-07-04 13:59:59,37.931855,-122.360123,coord_decimal,2703.8,0.0,Male,29.0,,Hispanic,,,,0,0,0,0,1.0,Level of privacy,1.0,4.0,3.0,2.0,7.0,6.0,9.0,10.0,5.0,12.0,11.0,8.0,Housing Type 1,Housing Type 2,Housing Type 1,Housing Type 1,Housing Type 2,Housing Type 2,Housing Type 1,Housing Type 1,Housing Type 2,Housing Type 1,Housing Type 2,Housing Type 2,Yes,Yes,Yes,Yes,Yes,Yes,Yes,Yes,Yes,Yes,Yes,Yes,,,,,,,,Other (Specify),Sister movedto another city
25,R_i3bQ6NXzDOnF6wD,2025-07-04 16:38:06,37.819898,-122.290757,coord_decimal,36.2,1.0,Male,52.0,White,,,,,3,3,49,41,0.6666666666666666,Substance Use Policy,4.0,6.0,11.0,12.0,7.0,10.0,1.0,9.0,3.0,2.0,5.0,8.0,Housing Type 1,Housing Type 2,Housing Type 2,Housing Type 2,Housing Type 2,Housing Type 1,Housing Type 1,Housing Type 2,Housing Type 2,Housing Type 2,Housing Type 1,Housing Type 2,Yes,Yes,Yes,No,Yes,No,Yes,Yes,Yes,Yes,No,No,,,,,,,,Other (Specify),Fire
26,R_8nBrEZQmRRHSxxQ,2025-07-04 16:38:07,37.819918,-122.290732,coord_decimal,39.3,0.0,Male,34.0,,,,,,3,3,49,41,1.0,Pet Policy,2.0,6.0,4.0,3.0,9.0,7.0,8.0,10.0,12.0,1.0,11.0,5.0,Housing Type 1,Housing Type 1,Housing Type 1,Housing Type 2,Housing Type 2,Housing Type 2,Housing Type 1,Housing Type 1,Housing Type 2,Housing Type 2,Housing Type 1,Housing Type 2,Yes,Yes,Yes,Yes,Yes,Yes,Yes,Yes,Yes,Yes,Yes,Yes,,,,,,Eviction,,Other (Specify),Girlfriend caused problems
27,R_66QmJqUsxcygU3j,2025-07-04 16:38:08,37.819918,-122.290763,coord_decimal,37.4,1.0,Female,53.0,White,,,No Shelter/Outside,,3,3,49,41,1.0,How Clean it is,6.0,8.0,11.0,9.0,7.0,2.0,12.0,10.0,5.0,3.0,4.0,1.0,Housing Type 2,Housing Type 1,Housing Type 2,Housing Type 2,Housing Type 1,Housing Type 1,Housing Type 2,Housing Type 1,Housing Type 2,Housing Type 1,Housing Type 1,Housing Type 1,Yes,Yes,Yes,Yes,Yes,Yes,Yes,Yes,Yes,Yes,Yes,Yes,,,Divorce/breakup,,,,,,
28,R_hGEb89lZZp2ExWv,2025-07-05 12:06:19,37.931917,-122.359828,coord_decimal,147.8,1.0,Male,66.0,,,Black,,,0,0,0,0,0.9166666666666666,Substance Use Policy,5.0,4.0,7.0,3.0,6.0,10.0,1.0,9.0,8.0,12.0,11.0,2.0,Housing Type 2,Housing Type 2,Housing Type 1,Housing Type 2,Housing Type 1,Housing Type 2,Housing Type 2,Housing Type 2,Housing Type 2,Housing Type 2,Housing Type 2,Housing Type 2,No,Yes,Yes,Yes,Yes,Yes,Yes,Yes,Yes,Yes,Yes,Yes,,,,,Rent increase,,,,
29,R_l4fLpMLaPlFcbHr,2025-07-05 12:24:35,37.931932,-122.359745,coord_decimal,149.1,0.0,Female,32.0,,Hispanic,,,,0,0,0,0,0.5833333333333334,Proximity to where you st,6.0,4.0,10.0,9.0,2.0,1.0,11.0,5.0,7.0,12.0,8.0,3.0,Housing Type 1,Housing Type 2,Housing Type 2,Housing Type 2,Housing Type 2,Housing Type 1,Housing Type 2,Housing Type 1,Housing Type 2,Housing Type 2,Housing Type 1,Housing Type 2,Yes,Yes,Yes,No,Yes,Yes,Yes,Yes,No,No,No,No,"Family/friend/roommate asked me to leave (dispute, needed room, etc.)",,,,,,,,
30,R_mgMEF3sfsRd3uco,2025-07-05 15:06:03,37.803337,-122.276473,coord_decimal,4429.0,0.0,Female,53.0,,,Black,,,2,1,3,2,0.75,Level of privacy,1.0,2.0,4.0,5.0,8.0,9.0,7.0,3.0,10.0,12.0,11.0,6.0,Housing Type 2,Housing Type 2,Housing Type 1,Housing Type 2,Housing Type 1,Housing Type 1,Housing Type 1,Housing Type 2,Housing Type 1,Housing Type 1,Housing Type 2,Housing Type 2,Yes,Yes,Yes,No,Yes,Yes,Yes,Yes,Yes,Yes,No,No,"Family/friend/roommate asked me to leave (dispute, needed room, etc.)",,,,,,,,
31,R_jRHMQOxWa3TR81b,2025-07-06 14:18:31,37.933548,-122.332775,missing,,0.0,Female,,White,,,No Shelter/Outside,,0,0,0,0,1.0,Level of privacy,1.0,8.0,4.0,12.0,2.0,5.0,7.0,6.0,10.0,9.0,11.0,3.0,Housing Type 2,Housing Type 1,Housing Type 1,Housing Type 2,Housing Type 1,Housing Type 1,Housing Type 2,Housing Type 1,Housing Type 2,Housing Type 1,Housing Type 2,Housing Type 1,Yes,Yes,Yes,Yes,Yes,Yes,Yes,Yes,Yes,Yes,Yes,Yes,,,,Could not pay rent,Rent increase,,,,
32,R_aRZWzAQBVoyWL2j,2025-07-06 14:18:32,37.933413,-122.332732,missing,,1.0,Male,39.0,White,,,No Shelter/Outside,No Shelter/Outside,0,0,0,0,0.5833333333333334,Security Guards,2.0,10.0,1.0,9.0,7.0,4.0,3.0,6.0,5.0,11.0,8.0,12.0,Housing Type 1,Housing Type 1,Housing Type 2,Housing Type 1,Housing Type 1,Housing Type 1,Housing Type 1,Housing Type 1,Housing Type 2,Housing Type 1,Housing Type 1,Housing Type 2,Yes,No,Yes,No,Yes,No,Yes,Yes,No,Yes,Yes,No,,,Divorce/breakup,,,,,,
33,R_mosJMr5y89KyXiR,2025-07-06 14:18:34,37.933502,-122.332643,missing,,1.0,Non-Binary/Other,44.0,,Hispanic,,,,0,0,0,0,1.0,Pet Policy,2.0,3.0,11.0,4.0,10.0,12.0,9.0,5.0,8.0,1.0,7.0,6.0,Housing Type 1,Housing Type 1,Housing Type 1,Housing Type 1,Housing Type 1,Housing Type 1,Housing Type 1,Housing Type 1,Housing Type 1,Housing Type 1,Housing Type 1,Housing Type 1,Yes,Yes,Yes,Yes,Yes,Yes,Yes,Yes,Yes,Yes,Yes,Yes,,,,,Rent increase,,,,
34,R_lZ6uQX8QuMurIT2,2025-07-06 14:18:35,37.933527,-122.332758,missing,,0.0,Female,42.0,,Hispanic,,,,0,0,0,0,0.5,Substance Use Policy,4.0,5.0,7.0,8.0,12.0,10.0,1.0,6.0,11.0,3.0,2.0,9.0,Housing Type 2,Housing Type 1,Housing Type 1,Housing Type 1,Housing Type 2,Housing Type 1,Housing Type 2,Housing Type 1,Housing Type 1,Housing Type 1,Housing Type 1,Housing Type 1,Yes,No,Yes,Yes,No,Yes,No,No,No,Yes,Yes,No,,,,,,Eviction,,,
35,R_1YMZoXshHHS8QfP,2025-07-06 14:18:36,37.933528,-122.332772,junk,,0.0,Female,43.0,White,,,,,0,0,0,0,0.8333333333333334,Level of privacy,1.0,8.0,4.0,9.0,12.0,3.0,10.0,5.0,11.0,7.0,6.0,2.0,Housing Type 2,Housing Type 1,Housing Type 2,Housing Type 1,Housing Type 2,Housing Type 2,Housing Type 1,Housing Type 2,Housing Type 1,Housing Type 2,Housing Type 1,Housing Type 1,Yes,Yes,Yes,No,Yes,No,Yes,Yes,Yes,Yes,Yes,Yes,"Family/friend/roommate asked me to leave (dispute, needed room, etc.)",,,Could not pay rent,Rent increase,,,,
36,R_j8p9XBtvhdfwzw9,2025-07-06 14:18:39,37.933547,-122.332742,area_vague,,0.0,Female,47.0,,,Black,,,0,0,0,0,0.8333333333333334,Participation in rule mak,2.0,12.0,3.0,9.0,7.0,8.0,11.0,1.0,5.0,6.0,4.0,10.0,Housing Type 1,Housing Type 1,Housing Type 2,Housing Type 2,Housing Type 1,Housing Type 1,Housing Type 2,Housing Type 1,Housing Type 1,Housing Type 2,Housing Type 2,Housing Type 1,Yes,Yes,Yes,No,Yes,No,Yes,Yes,Yes,Yes,Yes,Yes,,,,,,,,Other (Specify),Mo pastAWAY
37,R_dJL89RYnnLxULqF,2025-07-06 14:18:40,37.933548,-122.332737,missing,,0.0,Female,19.0,,Hispanic,,,,0,0,0,0,0.3333333333333333,Security Guards,3.0,8.0,1.0,9.0,11.0,10.0,2.0,4.0,5.0,7.0,12.0,6.0,Housing Type 1,Housing Type 2,Housing Type 1,Housing Type 1,Housing Type 2,Housing Type 1,Housing Type 1,Housing Type 2,Housing Type 1,Housing Type 1,Housing Type 1,Housing Type 1,No,No,No,Yes,No,No,Yes,No,Yes,No,No,Yes,,,,,,Eviction,,,
38,R_42208kGWKo5HjSJ,2025-07-06 14:18:41,37.933573,-122.332783,area_vague,,1.0,Female,39.0,White,,,,,0,0,0,0,0.16666666666666666,Pet Policy,6.0,5.0,7.0,8.0,3.0,4.0,9.0,11.0,10.0,1.0,12.0,2.0,Housing Type 1,Housing Type 2,Housing Type 1,Housing Type 2,Housing Type 1,Housing Type 1,Housing Type 2,Housing Type 1,Housing Type 1,Housing Type 1,Housing Type 1,Housing Type 1,Yes,Yes,No,No,No,No,No,No,No,No,No,No,,Chose to leave due to issues with family/friend/roommate,,Could not pay rent,,,,Other (Specify),Moved in with boyfriend
39,R_ck8CDNWSu7Ho34g,2025-07-06 14:18:43,37.933573,-122.332733,address,26175.7,0.0,Female,58.0,White,,,,,0,0,0,0,0.25,Proximity to where you st,7.0,3.0,10.0,8.0,5.0,1.0,11.0,6.0,9.0,12.0,2.0,4.0,Housing Type 1,Housing Type 2,Housing Type 2,Housing Type 2,Housing Type 2,Housing Type 1,Housing Type 2,Housing Type 1,Housing Type 2,Housing Type 2,Housing Type 2,Housing Type 1,No,No,No,No,Yes,Yes,Yes,No,No,No,No,No,,,,,Rent increase,,,,
40,R_juDa60ndBUuGN4i,2025-07-06 14:18:44,37.933482,-122.33277,missing,,0.0,Female,41.0,,Hispanic,,,,0,0,0,0,1.0,How Clean it is,5.0,4.0,9.0,2.0,10.0,11.0,7.0,3.0,12.0,8.0,6.0,1.0,Housing Type 1,Housing Type 2,Housing Type 1,Housing Type 1,Housing Type 2,Housing Type 2,Housing Type 2,Housing Type 2,Housing Type 1,Housing Type 2,Housing Type 1,Housing Type 1,Yes,Yes,Yes,Yes,Yes,Yes,Yes,Yes,Yes,Yes,Yes,Yes,,Chose to leave due to issues with family/friend/roommate,,,,,,,
41,R_bR27Es4uAMHEtTR,2025-07-06 18:02:21,37.822343,-122.291418,coord_decimal,371.0,1.0,Male,46.0,,,Black,,,11,11,29,27,0.75,Curfew Policy,3.0,8.0,9.0,2.0,10.0,12.0,6.0,7.0,1.0,5.0,11.0,4.0,Housing Type 1,Housing Type 2,Housing Type 1,Housing Type 1,Housing Type 1,Housing Type 2,Housing Type 1,Housing Type 2,Housing Type 1,Housing Type 1,Housing Type 2,Housing Type 2,No,Yes,Yes,Yes,No,No,Yes,Yes,Yes,Yes,Yes,Yes,,,Divorce/breakup,,,,,,
42,R_4lafzLlbYvBYIQb,2025-07-06 18:02:22,37.822207,-122.291287,coord_decimal,353.9,1.0,Female,43.0,,,Black,,,11,11,29,27,0.3333333333333333,Level of privacy,1.0,12.0,4.0,9.0,7.0,11.0,8.0,10.0,2.0,5.0,6.0,3.0,Housing Type 2,Housing Type 2,Housing Type 1,Housing Type 2,Housing Type 2,Housing Type 2,Housing Type 2,Housing Type 2,Housing Type 1,Housing Type 1,Housing Type 2,Housing Type 2,Yes,Yes,No,Yes,Yes,No,No,No,No,No,No,No,,,,,,,,Other (Specify), Na
43,R_9FpoBaz6f7vxV5r,2025-07-06 18:02:23,37.8190798,-122.2905353,coord_decimal,,0.0,Male,44.0,,,Black,,,0,0,13,9,0.5,Level of privacy,1.0,6.0,7.0,4.0,9.0,12.0,8.0,5.0,2.0,11.0,10.0,3.0,Housing Type 1,Housing Type 1,Housing Type 2,Housing Type 2,Housing Type 1,Housing Type 2,Housing Type 2,Housing Type 1,Housing Type 1,Housing Type 2,Housing Type 1,Housing Type 1,Yes,Yes,Yes,Yes,No,No,Yes,Yes,No,No,No,No,,,,,,Eviction,,,
44,R_gwjjwvyQCyuNs8M,2025-07-06 18:09:15,37.821732,-122.291232,missing,,1.0,Female,28.0,,,Black,,,27,25,31,29,0.75,How Clean it is,10.0,6.0,8.0,5.0,7.0,3.0,11.0,9.0,12.0,4.0,2.0,1.0,Housing Type 1,Housing Type 2,Housing Type 2,Housing Type 1,Housing Type 1,Housing Type 2,Housing Type 1,Housing Type 1,Housing Type 2,Housing Type 1,Housing Type 1,Housing Type 1,Yes,Yes,Yes,Yes,Yes,Yes,Yes,Yes,No,No,No,Yes,"Family/friend/roommate asked me to leave (dispute, needed room, etc.)",Chose to leave due to issues with family/friend/roommate,,,,,,,
45,R_ePSmoR2bnYGkpNo,2025-07-06 18:09:17,37.821218,-122.291777,coord_decimal,63.7,1.0,Male,67.0,White,Hispanic,,,,18,16,32,30,0.08333333333333333,How Clean it is,3.0,7.0,2.0,4.0,6.0,11.0,5.0,8.0,12.0,9.0,10.0,1.0,Housing Type 1,Housing Type 2,Housing Type 1,Housing Type 1,Housing Type 2,Housing Type 2,Housing Type 2,Housing Type 1,Housing Type 2,Housing Type 1,Housing Type 1,Housing Type 2,No,No,Yes,No,No,No,No,No,No,No,No,No,,,,,,,,Other (Specify),"He worked as a property maintenance guy in American Canyon. He was replaced by a bay alarm, acording to him."
46,R_6Dsj5mO9vyIUTxX,2025-07-06 18:09:53,37.822157,-122.291222,missing,,1.0,Female,54.0,White,,,,,11,11,31,29,0.75,Level of privacy,1.0,7.0,12.0,5.0,9.0,6.0,2.0,10.0,11.0,4.0,8.0,3.0,Housing Type 2,Housing Type 1,Housing Type 1,Housing Type 1,Housing Type 2,Housing Type 2,,Housing Type 2,Housing Type 1,Housing Type 2,Housing Type 2,,Yes,Yes,Yes,Yes,Yes,No,No,Yes,Yes,No,Yes,Yes,,,Divorce/breakup,Could not pay rent,Rent increase,Eviction,Released from jail/prison,,
47,R_ebyRWglgwlQt3iu,2025-07-06 18:09:54,37.821895,-122.291767,coord_decimal,69.6,1.0,Male,37.0,,,Black,,,6,6,29,27,0.4166666666666667,Level of privacy,1.0,5.0,4.0,12.0,2.0,10.0,7.0,9.0,11.0,8.0,6.0,3.0,Housing Type 2,Housing Type 1,Housing Type 1,Housing Type 1,Housing Type 2,Housing Type 1,Housing Type 1,Housing Type 2,Housing Type 1,Housing Type 2,Housing Type 1,Housing Type 1,Yes,Yes,Yes,Yes,No,No,No,No,No,Yes,No,No,,,,,,Eviction,,,
48,R_mTP758rQCL5uB9b,2025-07-06 18:09:55,37.821887,-122.291395,coord_decimal,111.1,0.0,Male,45.0,,,Black,No Shelter/Outside,,11,11,29,27,0.5833333333333334,How Clean it is,12.0,10.0,3.0,8.0,5.0,7.0,6.0,4.0,9.0,11.0,2.0,1.0,Housing Type 2,Housing Type 1,Housing Type 2,Housing Type 2,Housing Type 1,Housing Type 2,Housing Type 1,Housing Type 2,Housing Type 2,Housing Type 1,Housing Type 2,Housing Type 2,Yes,Yes,Yes,No,Yes,No,No,Yes,No,Yes,No,Yes,,,,Could not pay rent,,,,,
49,R_02RHSxEVJ1gglmP,2025-07-06 18:09:56,37.825945,-122.29121,coord_decimal,1045.9,0.0,Female,25.0,,Hispanic,,,,0,0,1,1,1.0,Substance Use Policy,10.0,6.0,7.0,3.0,12.0,11.0,1.0,5.0,2.0,4.0,9.0,8.0,Housing Type 2,Housing Type 1,Housing Type 1,Housing Type 1,Housing Type 1,Housing Type 2,Housing Type 1,Housing Type 2,Housing Type 2,Housing Type 2,Housing Type 1,Housing Type 1,Yes,Yes,Yes,Yes,Yes,Yes,Yes,Yes,Yes,Yes,Yes,Yes,"Family/friend/roommate asked me to leave (dispute, needed room, etc.)",,,,,,,,
50,R_oVQmNjADAVPVvGX,2025-07-06 18:09:57,37.821782,-122.291803,coord_decimal,609.4,1.0,Female,36.0,White,,,,,18,16,29,27,0.16666666666666666,Partners Policy,4.0,7.0,10.0,3.0,9.0,2.0,12.0,11.0,6.0,5.0,1.0,8.0,Housing Type 1,Housing Type 1,Housing Type 2,Housing Type 1,Housing Type 2,Housing Type 2,Housing Type 2,Housing Type 1,Housing Type 2,Housing Type 1,Housing Type 1,Housing Type 2,Yes,No,Yes,No,No,No,No,No,No,No,No,No,,,,Could not pay rent,,,,,
51,R_oxaN4Vgl267iUim,2025-07-06 18:15:19,37.821687,-122.291193,coord_decimal,200136.8,1.0,Non-Binary/Other,22.0,,,,,No Shelter/Outside,27,25,34,32,1.0,Length allowed to stay,8.0,1.0,10.0,2.0,12.0,11.0,5.0,4.0,6.0,9.0,7.0,3.0,Housing Type 2,Housing Type 1,Housing Type 1,Housing Type 2,Housing Type 1,Housing Type 1,Housing Type 2,Housing Type 2,Housing Type 2,Housing Type 2,Housing Type 2,Housing Type 2,Yes,Yes,Yes,Yes,Yes,Yes,Yes,Yes,Yes,Yes,Yes,Yes,,Chose to leave due to issues with family/friend/roommate,Divorce/breakup,,,,Released from jail/prison,,
52,R_fg6h5u2xE3MnfUY,2025-07-06 18:15:20,38.4247839,-120.1354571,coord_decimal,,1.0,Male,42.0,,,Black,,,0,0,0,0,0.9166666666666666,Case Management,11.0,9.0,5.0,1.0,2.0,8.0,4.0,7.0,12.0,6.0,3.0,10.0,Housing Type 1,Housing Type 2,Housing Type 1,Housing Type 2,Housing Type 2,Housing Type 2,Housing Type 1,Housing Type 2,Housing Type 2,Housing Type 2,Housing Type 1,Housing Type 2,Yes,No,Yes,Yes,Yes,Yes,Yes,Yes,Yes,Yes,Yes,Yes,"Family/friend/roommate asked me to leave (dispute, needed room, etc.)",,,,,,,,
53,R_cutmweI9Xmv6Ni9,2025-07-06 18:15:21,37.821733,-122.29178,coord_decimal,200183.4,0.0,Transgender Woman,30.0,White,,,,,18,16,29,27,0.08333333333333333,Participation in rule mak,6.0,8.0,5.0,7.0,9.0,4.0,10.0,1.0,11.0,3.0,12.0,2.0,Housing Type 2,Housing Type 1,Housing Type 1,Housing Type 1,Housing Type 1,Housing Type 1,Housing Type 1,Housing Type 1,Housing Type 1,Housing Type 1,Housing Type 1,Housing Type 1,No,No,No,No,No,No,No,Yes,No,No,No,No,,,,,,,,Other (Specify),Abuse
54,R_8VsCkuHQGfNfyAA,2025-07-06 18:15:22,,,missing,,1.0,Male,55.0,White,,,,,0,0,0,0,0.08333333333333333,Proximity to where you st,11.0,2.0,5.0,8.0,6.0,1.0,10.0,4.0,3.0,9.0,12.0,7.0,Housing Type 1,Housing Type 2,Housing Type 1,Housing Type 1,Housing Type 2,Housing Type 2,Housing Type 2,Housing Type 1,Housing Type 1,Housing Type 2,Housing Type 2,Housing Type 1,No,No,No,No,No,No,No,No,No,No,Yes,No,,,,Could not pay rent,,,,,
55,R_mzNvrZMLbpI6MqO,2025-07-06 18:15:23,37.821688,-122.291228,coord_decimal,117.6,0.0,Female,54.0,White,,,,No Shelter/Outside,27,25,34,32,0.3333333333333333,Level of privacy,1.0,6.0,5.0,4.0,11.0,12.0,8.0,7.0,10.0,2.0,9.0,3.0,Housing Type 2,Housing Type 2,Housing Type 2,Housing Type 1,Housing Type 2,Housing Type 2,Housing Type 2,Housing Type 2,Housing Type 1,Housing Type 2,Housing Type 1,Housing Type 1,No,No,No,Yes,Yes,No,No,No,No,No,Yes,Yes,,,,,,,,Other (Specify),Husband died
56,R_aXT29iPCNFa5PrC,2025-07-06 18:19:16,37.821688,-122.291178,area_vague,,0.0,Female,44.0,White,,,No Shelter/Outside,No Shelter/Outside,27,25,34,32,0.3333333333333333,Proximity to where you st,11.0,4.0,12.0,7.0,10.0,1.0,9.0,6.0,3.0,5.0,8.0,2.0,Housing Type 2,Housing Type 2,Housing Type 1,Housing Type 1,Housing Type 1,Housing Type 2,Housing Type 2,Housing Type 2,Housing Type 2,Housing Type 2,Housing Type 2,Housing Type 1,Yes,No,Yes,No,Yes,No,No,Yes,No,No,No,No,,,,,,,,Other (Specify),DEATH IN FAMILY
57,R_1nEs7GoPnSFvdDZ,2025-07-06 18:19:17,37.821705,-122.291777,missing,,1.0,Female,44.0,White,,,No Shelter/Outside,,18,16,32,30,1.0,How Clean it is,5.0,11.0,6.0,4.0,9.0,8.0,7.0,3.0,10.0,2.0,12.0,1.0,Housing Type 2,Housing Type 1,Housing Type 1,Housing Type 2,Housing Type 2,Housing Type 1,Housing Type 1,Housing Type 1,Housing Type 2,Housing Type 2,Housing Type 1,Housing Type 1,Yes,Yes,Yes,Yes,Yes,Yes,Yes,Yes,Yes,Yes,Yes,Yes,,,Divorce/breakup,Could not pay rent,,,,Other (Specify),Abuse
58,R_0OEch7DfuuOG3Lu,2025-07-07 11:45:12,37.931958,-122.359748,missing,,1.0,Male,39.0,,,Black,,,0,0,0,0,0.9166666666666666,Close to transit,7.0,8.0,6.0,2.0,1.0,10.0,12.0,5.0,4.0,11.0,9.0,3.0,Housing Type 1,Housing Type 1,Housing Type 2,Housing Type 1,Housing Type 1,Housing Type 1,Housing Type 1,Housing Type 1,Housing Type 1,Housing Type 1,Housing Type 1,Housing Type 1,Yes,Yes,No,Yes,Yes,Yes,Yes,Yes,Yes,Yes,Yes,Yes,"Family/friend/roommate asked me to leave (dispute, needed room, etc.)",,,,,,,,
59,R_ic7pc9aXJJHRxpP,2025-07-07 13:25:58,37.934668,-122.360645,address,20988.8,0.0,Male,62.0,,,Black,,,0,0,0,0,1.0,Close to transit,9.0,7.0,4.0,5.0,1.0,10.0,6.0,3.0,11.0,12.0,8.0,2.0,Housing Type 1,Housing Type 1,Housing Type 1,Housing Type 1,Housing Type 1,Housing Type 2,Housing Type 2,Housing Type 1,Housing Type 1,Housing Type 1,Housing Type 1,Housing Type 1,Yes,Yes,Yes,Yes,Yes,Yes,Yes,Yes,Yes,Yes,Yes,Yes,,,,,,,,Other (Specify),All
60,R_6I0wUHCuCXm2USs,2025-07-07 13:26:00,37.936367,-122.365363,address,25891.1,0.0,Female,60.0,,,Black,,,0,0,0,0,0.16666666666666666,,,,,,,,,,,,,,Housing Type 1,Housing Type 1,Housing Type 1,Housing Type 1,Housing Type 1,Housing Type 2,Housing Type 1,Housing Type 1,Housing Type 1,Housing Type 1,Housing Type 1,Housing Type 1,Yes,No,No,No,No,No,No,No,No,No,No,Yes,"Family/friend/roommate asked me to leave (dispute, needed room, etc.)",,,,,,,,
61,R_4dVb51SX1Z9AfSI,2025-07-07 13:40:54,37.931963,-122.359712,address,720.0,1.0,Male,26.0,,,Black,,,0,0,0,0,0.9166666666666666,Level of privacy,1.0,11.0,10.0,4.0,3.0,2.0,5.0,12.0,6.0,9.0,8.0,7.0,Housing Type 1,Housing Type 1,Housing Type 1,Housing Type 1,Housing Type 1,Housing Type 1,Housing Type 1,Housing Type 1,Housing Type 1,Housing Type 1,Housing Type 1,Housing Type 1,No,Yes,Yes,Yes,Yes,Yes,Yes,Yes,Yes,Yes,Yes,Yes,,,,,,,Released from jail/prison,,
62,R_5HdcZjVKARVRMDm,2025-07-07 13:59:10,37.931982,-122.359822,missing,,1.0,Female,,,Hispanic,,,,0,0,0,0,1.0,Participation in rule mak,11.0,12.0,9.0,4.0,2.0,7.0,6.0,1.0,8.0,10.0,3.0,5.0,Housing Type 1,Housing Type 1,Housing Type 1,Housing Type 1,Housing Type 1,Housing Type 1,Housing Type 1,Housing Type 1,Housing Type 1,Housing Type 1,Housing Type 1,Housing Type 1,Yes,Yes,Yes,Yes,Yes,Yes,Yes,Yes,Yes,Yes,Yes,Yes,,Chose to leave due to issues with family/friend/roommate,,,,,,,
63,R_mZ7lqrqTQapvPjg,2025-07-07 16:42:35,37.780928,-122.409002,coord_decimal,28.9,0.0,Female,68.0,,,Black,,No Shelter/Outside,0,0,0,0,0.75,Security Guards,4.0,5.0,1.0,3.0,10.0,8.0,6.0,9.0,11.0,7.0,12.0,2.0,Housing Type 1,Housing Type 2,Housing Type 1,Housing Type 1,Housing Type 2,Housing Type 2,Housing Type 1,Housing Type 2,Housing Type 1,Housing Type 1,Housing Type 2,Housing Type 1,Yes,No,Yes,Yes,Yes,Yes,No,No,Yes,Yes,Yes,Yes,"Family/friend/roommate asked me to leave (dispute, needed room, etc.)",,,,,,,Other (Specify),Peoplecoming in room
64,R_d1RqCrh8kbpdzyV,2025-07-07 16:42:36,37.780945,-122.408912,coord_decimal,21.3,0.0,Female,43.0,White,,,,,0,0,0,0,0.75,Partners Policy,2.0,8.0,11.0,10.0,12.0,5.0,6.0,3.0,7.0,9.0,1.0,4.0,Housing Type 1,Housing Type 1,Housing Type 2,Housing Type 1,Housing Type 2,Housing Type 2,Housing Type 2,Housing Type 2,Housing Type 1,Housing Type 2,Housing Type 2,Housing Type 2,Yes,Yes,Yes,Yes,Yes,Yes,Yes,No,Yes,Yes,No,No,,,,,,Eviction,,Other (Specify),Raided for sellingdrugs
65,R_4LFyn6E7n7rJnTr,2025-07-07 16:42:36,37.780948,-122.408957,coord_decimal,25.3,0.0,Male,73.0,,,Black,,,0,0,0,0,1.0,Security Guards,3.0,9.0,1.0,4.0,7.0,8.0,10.0,6.0,5.0,12.0,11.0,2.0,Housing Type 1,Housing Type 1,Housing Type 1,Housing Type 2,Housing Type 2,Housing Type 2,Housing Type 1,Housing Type 1,Housing Type 1,Housing Type 2,Housing Type 2,Housing Type 2,Yes,Yes,Yes,Yes,Yes,Yes,Yes,Yes,Yes,Yes,Yes,Yes,,,,,,Eviction,,,
66,R_dVp7CI0AU0zrKmB,2025-07-07 16:42:37,37.780968,-122.408858,coord_decimal,17.6,0.0,Male,28.0,White,,,,,0,0,0,0,0.4166666666666667,How Clean it is,2.0,3.0,11.0,4.0,7.0,9.0,12.0,6.0,5.0,8.0,10.0,1.0,Housing Type 1,Housing Type 1,Housing Type 1,Housing Type 1,Housing Type 2,Housing Type 1,Housing Type 1,Housing Type 2,Housing Type 1,Housing Type 1,Housing Type 1,Housing Type 2,No,Yes,Yes,No,Yes,Yes,No,Yes,No,No,No,No,,Chose to leave due to issues with family/friend/roommate,,,,,,,
67,R_gegokSTCe5KGFr8,2025-07-07 16:42:38,37.780972,-122.40888,coord_decimal,19.6,0.0,Male,76.0,,,Black,,,0,0,0,0,1.0,Security Guards,7.0,4.0,1.0,2.0,5.0,6.0,8.0,10.0,9.0,11.0,12.0,3.0,Housing Type 1,Housing Type 1,Housing Type 2,Housing Type 2,Housing Type 1,Housing Type 2,Housing Type 2,Housing Type 2,Housing Type 1,Housing Type 2,Housing Type 2,Housing Type 2,Yes,Yes,Yes,Yes,Yes,Yes,Yes,Yes,Yes,Yes,Yes,Yes,,,,,,Eviction,,,
68,R_8RQ0ZvzmkPJyOVy,2025-07-07 16:42:39,37.780947,-122.408902,coord_decimal,1046.1,1.0,Female,49.0,,,Black,No Shelter/Outside,,0,0,0,0,1.0,Level of privacy,1.0,7.0,5.0,2.0,9.0,6.0,12.0,3.0,8.0,11.0,10.0,4.0,Housing Type 2,Housing Type 2,Housing Type 2,Housing Type 2,Housing Type 1,Housing Type 1,Housing Type 1,Housing Type 2,Housing Type 2,Housing Type 2,Housing Type 1,Housing Type 2,Yes,Yes,Yes,Yes,Yes,Yes,Yes,Yes,Yes,Yes,Yes,Yes,,,,,,,,Other (Specify),Forced to leave by landlord illegally
69,R_5iLvYciosxppCnS,2025-07-07 16:42:41,37.780973,-122.409002,coord_decimal,44.2,1.0,Male,64.0,,Hispanic,,,,0,0,0,0,1.0,Security Guards,2.0,7.0,1.0,3.0,6.0,5.0,9.0,4.0,10.0,12.0,11.0,8.0,Housing Type 1,Housing Type 1,Housing Type 1,Housing Type 2,Housing Type 1,Housing Type 1,Housing Type 2,Housing Type 1,Housing Type 2,Housing Type 1,Housing Type 2,Housing Type 2,Yes,Yes,Yes,Yes,Yes,Yes,Yes,Yes,Yes,Yes,Yes,Yes,,,,,Rent increase,,,,
70,R_cPmdsIzcqMC2bPi,2025-07-07 16:42:41,37.781197,-122.40856,coord_decimal,27.5,1.0,Female,62.0,,,Black,,,0,0,0,0,0.5833333333333334,Level of privacy,1.0,6.0,3.0,4.0,9.0,12.0,5.0,11.0,10.0,7.0,8.0,2.0,Housing Type 1,Housing Type 1,Housing Type 2,Housing Type 2,Housing Type 2,Housing Type 1,Housing Type 2,Housing Type 2,Housing Type 1,Housing Type 2,Housing Type 1,Housing Type 1,Yes,Yes,Yes,Yes,Yes,Yes,No,Yes,No,No,No,No,,,,,,,,Other (Specify),Towed RV
71,R_9pYnENEaYDmEeuJ,2025-07-07 16:42:42,37.78081,-122.408737,coord_decimal,26.3,0.0,Male,35.0,,,Black,,,0,0,0,0,0.5,Case Management,5.0,3.0,10.0,1.0,8.0,7.0,2.0,6.0,9.0,12.0,11.0,4.0,Housing Type 1,Housing Type 1,Housing Type 1,Housing Type 1,Housing Type 2,Housing Type 2,Housing Type 2,Housing Type 2,Housing Type 2,Housing Type 2,Housing Type 1,Housing Type 2,Yes,Yes,Yes,Yes,Yes,Yes,No,No,No,No,No,No,"Family/friend/roommate asked me to leave (dispute, needed room, etc.)",,,,,,,,
72,R_azZKq4WRBoc2r6u,2025-07-07 16:42:43,37.780902,-122.408833,coord_decimal,29.8,1.0,Male,33.0,,,Black,,,0,0,0,0,0.5833333333333334,Level of privacy,1.0,4.0,3.0,9.0,6.0,11.0,10.0,8.0,5.0,12.0,7.0,2.0,Housing Type 1,Housing Type 1,Housing Type 1,Housing Type 2,Housing Type 1,Housing Type 1,Housing Type 2,Housing Type 1,Housing Type 2,Housing Type 1,Housing Type 2,Housing Type 2,Yes,No,Yes,Yes,Yes,Yes,Yes,Yes,No,No,No,No,,,Divorce/breakup,,,,,,
73,R_0zHX1HImaXRUizT,2025-07-07 16:42:44,37.7809,-122.408942,coord_decimal,39.3,1.0,Male,29.0,,,Black,No Shelter/Outside,,0,0,0,0,0.75,How Clean it is,8.0,10.0,3.0,2.0,5.0,11.0,9.0,6.0,4.0,12.0,7.0,1.0,Housing Type 2,Housing Type 1,Housing Type 2,Housing Type 1,Housing Type 2,Housing Type 1,Housing Type 2,Housing Type 2,Housing Type 2,Housing Type 1,Housing Type 2,Housing Type 1,Yes,No,No,No,Yes,Yes,Yes,Yes,Yes,Yes,Yes,Yes,,,,,,Eviction,,Other (Specify),Evicted for asking questions about broken elevatorand rodents
74,R_lN8dejr1EoyLIr1,2025-07-07 16:42:44,37.780882,-122.408927,coord_decimal,38.4,1.0,Male,38.0,,Hispanic,Black,,,0,0,0,0,1.0,Length allowed to stay,9.0,1.0,4.0,8.0,7.0,12.0,5.0,3.0,6.0,11.0,10.0,2.0,Housing Type 1,Housing Type 1,Housing Type 2,Housing Type 2,Housing Type 2,Housing Type 1,Housing Type 1,Housing Type 1,Housing Type 2,Housing Type 2,Housing Type 2,Housing Type 1,Yes,Yes,Yes,Yes,Yes,Yes,Yes,Yes,Yes,Yes,Yes,Yes,,,,,,,Released from jail/prison,,
75,R_a5USRj7YTTKskzc,2025-07-08 12:25:00,37.784708,-122.412003,coord_decimal,132.7,0.0,Male,54.0,,,Black,,No Shelter/Outside,0,0,0,0,1.0,How Clean it is,12.0,2.0,8.0,4.0,3.0,10.0,5.0,6.0,7.0,11.0,9.0,1.0,Housing Type 2,Housing Type 1,Housing Type 1,Housing Type 2,Housing Type 2,Housing Type 2,Housing Type 2,Housing Type 1,Housing Type 1,Housing Type 2,Housing Type 2,Housing Type 1,Yes,Yes,Yes,Yes,Yes,Yes,Yes,Yes,Yes,Yes,Yes,Yes,,,Divorce/breakup,,,,,,
76,R_bnF9pTXqyJbhcTB,2025-07-08 13:04:00,37.784553,-122.411963,coord_decimal,137.7,1.0,Male,54.0,,,Black,No Shelter/Outside,No Shelter/Outside,0,0,0,0,1.0,How Clean it is,6.0,8.0,7.0,2.0,9.0,12.0,4.0,10.0,5.0,11.0,3.0,1.0,Housing Type 1,Housing Type 1,Housing Type 2,Housing Type 1,Housing Type 2,Housing Type 2,Housing Type 1,Housing Type 1,Housing Type 2,Housing Type 1,Housing Type 2,Housing Type 1,Yes,Yes,Yes,Yes,Yes,Yes,Yes,Yes,Yes,Yes,Yes,Yes,,,,,Rent increase,,,,
77,R_oD0kuJc8bwTOcn3,2025-07-08 13:04:26,37.784703,-122.412005,coord_decimal,5001.6,0.0,Male,69.0,White,,,,,0,0,0,0,0.4166666666666667,Curfew Policy,3.0,7.0,9.0,8.0,6.0,5.0,4.0,12.0,1.0,11.0,10.0,2.0,Housing Type 2,Housing Type 2,Housing Type 2,Housing Type 1,Housing Type 2,Housing Type 2,Housing Type 2,Housing Type 1,Housing Type 1,Housing Type 2,Housing Type 2,Housing Type 2,Yes,Yes,Yes,No,Yes,No,No,Yes,No,No,No,No,,,,,,,,Other (Specify),Tragedy in family
78,R_aziFdcpbN4TlNFg,2025-07-08 13:04:27,37.784727,-122.412023,coord_decimal,332.0,1.0,Male,35.0,,,Black,,,0,0,0,0,1.0,Case Management,9.0,6.0,3.0,1.0,7.0,5.0,4.0,8.0,10.0,12.0,11.0,2.0,Housing Type 1,Housing Type 2,Housing Type 1,Housing Type 2,Housing Type 2,Housing Type 2,Housing Type 1,Housing Type 1,Housing Type 2,Housing Type 2,Housing Type 2,Housing Type 2,Yes,Yes,Yes,Yes,Yes,Yes,Yes,Yes,Yes,Yes,Yes,Yes,"Family/friend/roommate asked me to leave (dispute, needed room, etc.)",,,,,,,,
79,R_8gRbJRQhwPwFg2L,2025-07-08 13:04:28,37.784772,-122.412025,coord_decimal,78.5,1.0,Male,54.0,,Hispanic,,,,0,0,0,0,1.0,Case Management,2.0,4.0,9.0,1.0,6.0,7.0,10.0,5.0,8.0,12.0,11.0,3.0,Housing Type 2,Housing Type 1,Housing Type 1,Housing Type 1,Housing Type 2,Housing Type 1,Housing Type 2,Housing Type 2,Housing Type 1,Housing Type 1,Housing Type 2,Housing Type 1,Yes,Yes,Yes,Yes,Yes,Yes,Yes,Yes,Yes,Yes,Yes,Yes,,,,Could not pay rent,,,,,
80,R_ea8ihVqTNdeotNK,2025-07-08 13:04:29,37.784717,-122.412004,coord_decimal,78.9,1.0,Male,51.0,White,,,,No Shelter/Outside,0,0,0,0,1.0,Curfew Policy,5.0,6.0,10.0,4.0,8.0,7.0,2.0,9.0,1.0,12.0,11.0,3.0,Housing Type 2,Housing Type 2,Housing Type 1,Housing Type 1,Housing Type 1,Housing Type 1,Housing Type 2,Housing Type 1,Housing Type 1,Housing Type 2,Housing Type 2,Housing Type 1,Yes,Yes,Yes,Yes,Yes,Yes,Yes,Yes,Yes,Yes,Yes,Yes,,,,Could not pay rent,,,,,
81,R_7CBZe64kdN8Oyeq,2025-07-08 13:27:54,37.784732,-122.412016,coord_decimal,79.3,1.0,Male,68.0,White,,,,,0,0,0,0,1.0,Case Management,2.0,6.0,4.0,1.0,10.0,8.0,9.0,7.0,3.0,12.0,11.0,5.0,Housing Type 2,Housing Type 2,Housing Type 1,Housing Type 2,Housing Type 1,Housing Type 1,Housing Type 2,Housing Type 2,Housing Type 1,Housing Type 2,Housing Type 2,Housing Type 2,Yes,Yes,Yes,Yes,Yes,Yes,Yes,Yes,Yes,Yes,Yes,Yes,,,,,,Eviction,,Other (Specify),Closed down hotel
82,R_fvFGYjpCmsTYd9f,2025-07-08 13:36:01,37.784696,-122.412007,coord_decimal,133.6,1.0,Male,52.0,,,Black,No Shelter/Outside,No Shelter/Outside,0,0,0,0,1.0,Close to transit,9.0,4.0,11.0,2.0,1.0,8.0,7.0,12.0,5.0,6.0,10.0,3.0,Housing Type 1,Housing Type 2,Housing Type 1,Housing Type 2,Housing Type 1,Housing Type 2,Housing Type 2,Housing Type 2,Housing Type 1,Housing Type 2,Housing Type 1,Housing Type 2,Yes,Yes,Yes,Yes,Yes,Yes,Yes,Yes,Yes,Yes,Yes,Yes,,,,,,,,Other (Specify),Pet policy
83,R_lFq1VtsMN18slFJ,2025-07-08 13:46:25,37.784721,-122.412022,coord_decimal,15956.0,0.0,Male,44.0,,,Black,No Shelter/Outside,,0,0,0,0,1.0,Curfew Policy,2.0,3.0,8.0,10.0,7.0,9.0,11.0,6.0,1.0,12.0,5.0,4.0,Housing Type 1,Housing Type 2,Housing Type 2,Housing Type 1,Housing Type 1,Housing Type 1,Housing Type 1,Housing Type 2,Housing Type 2,Housing Type 2,Housing Type 2,Housing Type 2,Yes,Yes,Yes,Yes,Yes,Yes,Yes,Yes,Yes,Yes,Yes,Yes,"Family/friend/roommate asked me to leave (dispute, needed room, etc.)",,,,,,,Other (Specify),Needed room
84,R_dYBZMNKfPhy6jFT,2025-07-08 14:02:00,37.784719,-122.412025,coord_decimal,134.0,1.0,Male,54.0,White,,,No Shelter/Outside,No Shelter/Outside,0,0,0,0,0.6666666666666666,Partners Policy,6.0,7.0,10.0,9.0,11.0,5.0,8.0,12.0,4.0,2.0,1.0,3.0,Housing Type 2,Housing Type 1,Housing Type 2,Housing Type 1,Housing Type 1,Housing Type 1,Housing Type 1,Housing Type 2,Housing Type 2,Housing Type 1,Housing Type 1,Housing Type 1,No,Yes,Yes,Yes,Yes,Yes,No,No,Yes,No,Yes,Yes,,,Divorce/breakup,,,,,,
85,R_2x2ofjW7bfn6rNh,2025-07-08 14:08:00,37.784695,-122.411999,coord_decimal,319.4,1.0,Male,60.0,,,,No Shelter/Outside,,0,0,0,0,1.0,Case Management,10.0,4.0,3.0,1.0,5.0,6.0,12.0,7.0,9.0,8.0,11.0,2.0,Housing Type 2,Housing Type 2,Housing Type 2,Housing Type 2,Housing Type 2,Housing Type 2,Housing Type 1,Housing Type 1,Housing Type 2,Housing Type 1,Housing Type 1,Housing Type 2,Yes,Yes,Yes,Yes,Yes,Yes,Yes,Yes,Yes,Yes,Yes,Yes,,,,,,,,Other (Specify),Shelter and street for 30 years
86,R_dF5k89QvmnN0Ogd,2025-07-08 14:42:41,37.784772,-122.412021,coord_decimal,513.9,1.0,Female,54.0,White,,,,,0,0,0,0,1.0,Substance Use Policy,3.0,7.0,5.0,2.0,6.0,9.0,1.0,10.0,8.0,12.0,11.0,4.0,Housing Type 1,Housing Type 1,Housing Type 2,Housing Type 2,Housing Type 2,Housing Type 1,Housing Type 2,Housing Type 2,Housing Type 1,Housing Type 1,Housing Type 1,Housing Type 2,Yes,Yes,Yes,Yes,Yes,Yes,Yes,Yes,Yes,Yes,Yes,Yes,,,,,,,,Other (Specify),Moved to takecare of family
87,R_cCfQ50CnDcrsgiJ,2025-07-08 14:51:13,37.78473,-122.412024,address,1716.0,0.0,Male,39.0,,,,No Shelter/Outside,No Shelter/Outside,0,0,0,0,1.0,Level of privacy,1.0,4.0,10.0,9.0,7.0,5.0,6.0,2.0,3.0,12.0,11.0,8.0,Housing Type 1,Housing Type 1,Housing Type 1,Housing Type 1,Housing Type 1,Housing Type 1,Housing Type 2,Housing Type 2,Housing Type 2,Housing Type 2,Housing Type 2,Housing Type 1,Yes,Yes,Yes,Yes,Yes,Yes,Yes,Yes,Yes,Yes,Yes,Yes,,,,,,,,Other (Specify),Left for sf opportunities
88,R_eK15ebn9msK6lTV,2025-07-08 15:10:14,37.78473,-122.412013,coord_decimal,132.6,1.0,Male,33.0,,Hispanic,,No Shelter/Outside,No Shelter/Outside,0,0,0,0,1.0,Case Management,3.0,5.0,10.0,1.0,11.0,4.0,7.0,6.0,8.0,12.0,9.0,2.0,Housing Type 1,Housing Type 2,Housing Type 2,Housing Type 1,Housing Type 2,Housing Type 2,Housing Type 2,Housing Type 1,Housing Type 1,Housing Type 1,Housing Type 1,Housing Type 2,Yes,Yes,Yes,Yes,Yes,Yes,Yes,Yes,Yes,Yes,Yes,Yes,,,,,,,,Other (Specify),Lease endec
89,R_0G6CjPUpAIQEY6j,2025-07-08 15:43:10,37.784725,-122.412028,area_vague,,1.0,Male,45.0,White,,,No Shelter/Outside,No Shelter/Outside,0,0,0,0,1.0,Case Management,5.0,8.0,9.0,1.0,2.0,10.0,6.0,7.0,4.0,12.0,11.0,3.0,Housing Type 2,Housing Type 2,Housing Type 1,Housing Type 2,Housing Type 2,Housing Type 2,Housing Type 2,Housing Type 1,Housing Type 1,Housing Type 1,Housing Type 1,Housing Type 2,Yes,Yes,Yes,Yes,Yes,Yes,Yes,Yes,Yes,Yes,Yes,Yes,,,,,,Eviction,,,
90,R_d8gF6gCmNywdzaS,2025-07-08 16:12:10,37.784728,-122.412043,coord_decimal,135.1,1.0,Male,51.0,White,,,No Shelter/Outside,No Shelter/Outside,0,0,0,0,1.0,How Clean it is,6.0,5.0,10.0,2.0,4.0,3.0,9.0,12.0,7.0,11.0,8.0,1.0,Housing Type 2,Housing Type 2,Housing Type 1,Housing Type 1,Housing Type 2,Housing Type 2,Housing Type 2,Housing Type 2,Housing Type 2,Housing Type 2,Housing Type 2,Housing Type 1,Yes,Yes,Yes,Yes,Yes,Yes,Yes,Yes,Yes,Yes,Yes,Yes,,,,,,,,Other (Specify),Left military
91,R_ehGvvHN8YmcQm84,2025-07-08 16:35:01,37.784707,-122.412031,coord_decimal,135.0,1.0,Male,63.0,,Hispanic,,No Shelter/Outside,No Shelter/Outside,0,0,0,0,1.0,How Clean it is,4.0,2.0,5.0,3.0,9.0,6.0,12.0,10.0,7.0,8.0,11.0,1.0,Housing Type 1,Housing Type 2,Housing Type 2,Housing Type 2,Housing Type 2,Housing Type 2,Housing Type 2,Housing Type 1,Housing Type 1,Housing Type 1,Housing Type 1,Housing Type 2,Yes,Yes,Yes,Yes,Yes,Yes,Yes,Yes,Yes,Yes,Yes,Yes,,,,,,Eviction,,,
92,R_cXkuDZTDRnrJwRt,2025-07-08 17:03:01,37.784734,-122.41203,coord_decimal,133.8,1.0,Female,48.0,White,,,No Shelter/Outside,No Shelter/Outside,0,0,0,0,0.5833333333333334,Pet Policy,2.0,4.0,6.0,5.0,10.0,9.0,8.0,12.0,7.0,1.0,3.0,11.0,Housing Type 1,Housing Type 2,Housing Type 2,Housing Type 2,Housing Type 1,Housing Type 2,Housing Type 2,Housing Type 2,Housing Type 1,Housing Type 1,Housing Type 2,Housing Type 2,Yes,Yes,Yes,Yes,Yes,No,Yes,Yes,No,No,No,No,,,,Could not pay rent,,,,,
93,R_l3Bw4rTjb4XiAMy,2025-07-08 17:42:49,37.965647,-122.320873,address,1650.2,1.0,Male,54.0,White,,,,,0,0,0,0,0.6666666666666666,Curfew Policy,5.0,9.0,10.0,11.0,2.0,6.0,4.0,7.0,1.0,12.0,8.0,3.0,Housing Type 2,Housing Type 2,Housing Type 1,Housing Type 1,Housing Type 1,Housing Type 2,Housing Type 2,Housing Type 2,Housing Type 1,Housing Type 1,Housing Type 2,Housing Type 1,No,No,Yes,Yes,Yes,Yes,Yes,Yes,No,Yes,No,Yes,,,,,,,,Other (Specify),Divorced
94,R_b45ZXVZVxSSkwxm,2025-07-08 17:42:50,37.965673,-122.320857,area_vague,,1.0,Male,41.0,White,,,No Shelter/Outside,No Shelter/Outside,0,0,0,0,1.0,Level of privacy,1.0,6.0,3.0,12.0,8.0,2.0,5.0,10.0,11.0,9.0,7.0,4.0,Housing Type 2,Housing Type 2,Housing Type 1,Housing Type 1,Housing Type 1,Housing Type 1,Housing Type 1,Housing Type 2,Housing Type 1,Housing Type 2,Housing Type 1,Housing Type 1,Yes,Yes,Yes,Yes,Yes,Yes,Yes,Yes,Yes,Yes,Yes,Yes,,,Divorce/breakup,,,,,,
95,R_5NRq0Ya7FziLzT9,2025-07-08 17:42:51,37.965853,-122.320847,area_vague,,1.0,Female,55.0,White,,,,,0,0,0,0,0.9166666666666666,Pet Policy,3.0,12.0,8.0,11.0,5.0,7.0,6.0,4.0,10.0,1.0,9.0,2.0,Housing Type 1,Housing Type 1,Housing Type 1,Housing Type 1,Housing Type 1,Housing Type 1,Housing Type 1,Housing Type 1,Housing Type 1,Housing Type 1,Housing Type 1,Housing Type 1,No,Yes,Yes,Yes,Yes,Yes,Yes,Yes,Yes,Yes,Yes,Yes,,,Divorce/breakup,,,,,,
96,R_lR3VyEOxuPiIQOY,2025-07-08 17:42:52,37.965673,-122.320963,area_vague,,1.0,Male,65.0,White,,,,,0,0,0,0,0.5,Close to transit,4.0,8.0,7.0,3.0,1.0,10.0,9.0,11.0,2.0,6.0,12.0,5.0,Housing Type 1,Housing Type 1,Housing Type 1,Housing Type 2,Housing Type 1,Housing Type 1,Housing Type 1,Housing Type 1,Housing Type 2,Housing Type 1,Housing Type 1,Housing Type 1,Yes,No,No,Yes,No,No,No,Yes,Yes,Yes,Yes,No,"Family/friend/roommate asked me to leave (dispute, needed room, etc.)",,,,,,,,
97,R_9BTtHa8rDZFuJ8J,2025-07-08 17:42:53,37.96563,-122.32089,area_vague,,1.0,Female,50.0,White,,,,,0,0,0,0,1.0,,,,,,,,,,,,,,Housing Type 1,Housing Type 2,Housing Type 2,Housing Type 2,Housing Type 1,Housing Type 2,Housing Type 1,Housing Type 1,Housing Type 1,Housing Type 1,Housing Type 1,Housing Type 1,Yes,Yes,Yes,Yes,Yes,Yes,Yes,Yes,Yes,Yes,Yes,Yes,"Family/friend/roommate asked me to leave (dispute, needed room, etc.)",,,,,,,,
98,R_1UXzIa61EWs8xRp,2025-07-08 17:42:54,37.965665,-122.320882,area_vague,,1.0,Transgender Man,28.0,,Hispanic,,No Shelter/Outside,No Shelter/Outside,0,0,0,0,0.16666666666666666,Substance Use Policy,9.0,8.0,4.0,2.0,7.0,3.0,1.0,11.0,12.0,6.0,5.0,10.0,Housing Type 1,Housing Type 1,Housing Type 1,Housing Type 1,Housing Type 1,Housing Type 1,Housing Type 1,Housing Type 1,Housing Type 1,Housing Type 1,Housing Type 1,Housing Type 1,No,No,No,No,No,No,No,No,No,Yes,Yes,No,,,,,,,Released from jail/prison,,
99,R_9MEWuu9OgyICZcR,2025-07-08 17:42:55,37.965808,-122.320913,area_vague,,0.0,Female,44.0,,Hispanic,,No Shelter/Outside,No Shelter/Outside,0,0,0,0,0.5,Pet Policy,2.0,3.0,6.0,7.0,8.0,12.0,9.0,5.0,10.0,1.0,11.0,4.0,Housing Type 1,Housing Type 1,Housing Type 2,Housing Type 1,Housing Type 1,Housing Type 1,Housing Type 1,Housing Type 1,Housing Type 1,Housing Type 1,Housing Type 1,Housing Type 1,Yes,Yes,Yes,Yes,No,No,No,No,No,Yes,Yes,No,,,,Could not pay rent,,,,,
100,R_ndTmf1IOrFlWaTC,2025-07-08 17:42:56,37.948727,-122.369167,area_vague,,1.0,Male,35.0,,Hispanic,,No Shelter/Outside,No Shelter/Outside,0,0,0,0,1.0,Pet Policy,2.0,5.0,7.0,12.0,6.0,11.0,8.0,9.0,10.0,1.0,4.0,3.0,Housing Type 1,Housing Type 1,Housing Type 1,Housing Type 1,Housing Type 1,Housing Type 1,Housing Type 1,Housing Type 2,Housing Type 1,Housing Type 1,Housing Type 1,Housing Type 1,Yes,Yes,Yes,Yes,Yes,Yes,Yes,Yes,Yes,Yes,Yes,Yes,,,,Could not pay rent,,,,,
101,R_nUGykPwBWcRXui9,2025-07-08 17:42:58,37.948815,-122.36918,area_vague,,1.0,Male,32.0,,Hispanic,,,,0,0,0,0,0.16666666666666666,Pet Policy,2.0,9.0,8.0,11.0,6.0,12.0,10.0,7.0,4.0,1.0,5.0,3.0,Housing Type 2,Housing Type 2,Housing Type 2,Housing Type 2,Housing Type 2,Housing Type 2,Housing Type 1,Housing Type 2,Housing Type 2,Housing Type 2,Housing Type 2,Housing Type 2,Yes,No,No,No,No,No,Yes,No,No,No,No,No,"Family/friend/roommate asked me to leave (dispute, needed room, etc.)",,,,,,,,
102,R_kylgKmWUStcdqVq,2025-07-08 17:42:59,37.94877,-122.369243,area_vague,,1.0,Female,29.0,,,Black,,,0,0,0,0,1.0,Participation in rule mak,6.0,3.0,8.0,4.0,10.0,5.0,2.0,1.0,9.0,12.0,7.0,11.0,Housing Type 1,Housing Type 1,Housing Type 1,Housing Type 1,Housing Type 1,Housing Type 1,Housing Type 1,Housing Type 1,Housing Type 1,Housing Type 1,Housing Type 1,Housing Type 1,Yes,Yes,Yes,Yes,Yes,Yes,Yes,Yes,Yes,Yes,Yes,Yes,,,,Could not pay rent,,,,,
103,R_jVPKT7TGq9guQQd,2025-07-08 17:43:20,37.931892,-122.359778,missing,,1.0,Male,31.0,,Hispanic,,,,0,0,0,0,1.0,Close to transit,12.0,9.0,5.0,2.0,1.0,6.0,11.0,8.0,4.0,3.0,10.0,7.0,Housing Type 2,Housing Type 1,Housing Type 2,Housing Type 2,Housing Type 1,Housing Type 1,Housing Type 2,Housing Type 1,Housing Type 2,Housing Type 1,Housing Type 1,Housing Type 1,Yes,Yes,Yes,Yes,Yes,Yes,Yes,Yes,Yes,Yes,Yes,Yes,,,,,,Eviction,,,
104,R_6iA15ggAQxZjYIU,2025-07-08 17:43:22,,,missing,,0.0,Female,60.0,,Hispanic,,No Shelter/Outside,,0,0,0,0,1.0,Level of privacy,1.0,3.0,5.0,9.0,2.0,11.0,4.0,6.0,8.0,10.0,12.0,7.0,Housing Type 2,Housing Type 2,Housing Type 1,Housing Type 2,Housing Type 2,Housing Type 2,Housing Type 1,Housing Type 2,Housing Type 2,Housing Type 1,Housing Type 1,Housing Type 1,Yes,Yes,Yes,Yes,Yes,Yes,Yes,Yes,Yes,Yes,Yes,Yes,,,,,,Eviction,,,
105,R_963J7FnOHexZJsK,2025-07-08 17:43:26,,,missing,,1.0,Male,33.0,White,,,,,0,0,0,0,1.0,Case Management,8.0,7.0,10.0,1.0,4.0,9.0,12.0,2.0,6.0,5.0,3.0,11.0,Housing Type 2,Housing Type 1,Housing Type 1,Housing Type 1,Housing Type 2,Housing Type 2,Housing Type 2,Housing Type 2,Housing Type 1,Housing Type 2,Housing Type 1,Housing Type 2,Yes,Yes,Yes,Yes,Yes,Yes,Yes,Yes,Yes,Yes,Yes,Yes,"Family/friend/roommate asked me to leave (dispute, needed room, etc.)",,,,,,,,
106,R_7KDQSA8UoWA6w4q,2025-07-08 17:43:27,37.965673,-122.320787,address,62225.1,1.0,Female,55.0,,,,,,0,0,0,0,1.0,,,,,,,,,,,,,,Housing Type 1,Housing Type 1,Housing Type 1,Housing Type 1,Housing Type 1,Housing Type 1,Housing Type 2,Housing Type 1,Housing Type 1,Housing Type 2,Housing Type 1,Housing Type 2,Yes,Yes,Yes,Yes,Yes,Yes,Yes,Yes,Yes,Yes,Yes,Yes,,Chose to leave due to issues with family/friend/roommate,,,,,,,
107,R_onqZJww1IZ462lq,2025-07-08 17:43:33,37.965738,-122.320998,area_vague,,1.0,Female,44.0,White,,,No Shelter/Outside,No Shelter/Outside,0,0,0,0,1.0,Pet Policy,4.0,7.0,11.0,10.0,8.0,5.0,2.0,9.0,12.0,1.0,3.0,6.0,Housing Type 2,Housing Type 2,Housing Type 2,Housing Type 1,Housing Type 2,Housing Type 1,Housing Type 1,Housing Type 2,Housing Type 2,Housing Type 1,Housing Type 2,Housing Type 1,Yes,Yes,Yes,Yes,Yes,Yes,Yes,Yes,Yes,Yes,Yes,Yes,,Chose to leave due to issues with family/friend/roommate,,,,,,,
108,R_99iZ78aAMI8SXpg,2025-07-11 12:29:54,37.7847,-122.412022,coord_decimal,38.7,1.0,Male,30.0,,,Black,No Shelter/Outside,,0,0,0,0,1.0,How Clean it is,2.0,9.0,3.0,7.0,8.0,11.0,4.0,10.0,6.0,12.0,5.0,1.0,Housing Type 2,Housing Type 1,Housing Type 2,Housing Type 1,Housing Type 2,Housing Type 1,Housing Type 1,Housing Type 2,Housing Type 1,Housing Type 1,Housing Type 2,Housing Type 2,Yes,Yes,Yes,Yes,Yes,Yes,Yes,Yes,Yes,Yes,Yes,Yes,,,,,,,,Other (Specify),Lived with mom
109,R_dIV5PZxWhpRy2X8,2025-07-11 12:51:36,37.784703,-122.412012,coord_decimal,38.0,1.0,Male,56.0,,Hispanic,,,,0,0,0,0,0.8333333333333334,Case Management,6.0,2.0,7.0,1.0,11.0,3.0,4.0,10.0,5.0,12.0,9.0,8.0,Housing Type 1,Housing Type 2,Housing Type 1,Housing Type 1,Housing Type 2,Housing Type 1,Housing Type 1,Housing Type 2,Housing Type 1,Housing Type 2,Housing Type 1,Housing Type 2,Yes,Yes,No,No,Yes,Yes,Yes,Yes,Yes,Yes,Yes,Yes,,,Divorce/breakup,,,,,,
110,R_blEmELCp8HmMu7f,2025-07-11 13:11:06,37.784908,-122.412193,coord_decimal,37.6,1.0,Male,23.0,,,Black,,,0,0,0,0,1.0,How Clean it is,3.0,7.0,12.0,5.0,9.0,6.0,8.0,10.0,2.0,11.0,4.0,1.0,Housing Type 2,Housing Type 2,Housing Type 1,Housing Type 2,Housing Type 2,Housing Type 1,Housing Type 2,Housing Type 1,Housing Type 1,Housing Type 2,Housing Type 1,Housing Type 2,Yes,Yes,Yes,Yes,Yes,Yes,Yes,Yes,Yes,Yes,Yes,Yes,,,,,,,,Other (Specify),I wanted to leave
111,R_3MlIlAoNZHMGG8P,2025-07-11 13:34:24,37.784727,-122.412025,coord_decimal,3430.5,0.0,Male,38.0,,Hispanic,,No Shelter/Outside,,0,0,0,0,0.3333333333333333,Case Management,6.0,7.0,4.0,1.0,8.0,12.0,2.0,11.0,3.0,10.0,9.0,5.0,Housing Type 2,Housing Type 2,Housing Type 2,Housing Type 2,Housing Type 2,Housing Type 2,Housing Type 1,Housing Type 1,Housing Type 2,Housing Type 2,Housing Type 1,Housing Type 1,No,No,Yes,No,Yes,Yes,No,Yes,No,No,No,No,"Family/friend/roommate asked me to leave (dispute, needed room, etc.)",,,,,,,,
112,R_jYFuC16fHcQN4ZD,2025-07-11 13:54:10,37.784735,-122.412029,coord_decimal,104.4,1.0,Male,38.0,,,,No Shelter/Outside,,0,0,0,0,0.5,Curfew Policy,5.0,6.0,3.0,2.0,7.0,8.0,9.0,10.0,1.0,12.0,11.0,4.0,Housing Type 2,Housing Type 1,Housing Type 2,Housing Type 2,Housing Type 1,Housing Type 2,Housing Type 1,Housing Type 1,Housing Type 2,Housing Type 1,Housing Type 2,Housing Type 1,Yes,No,Yes,No,Yes,Yes,Yes,Yes,No,No,No,No,,,,,,,,Other (Specify),Housing tied to job and job ended
113,R_3a6jd4puOLaOl7V,2025-07-11 14:05:10,37.784704,-122.412034,coord_decimal,103.5,1.0,Male,51.0,,Hispanic,Black,,,0,0,0,0,1.0,Level of privacy,1.0,5.0,4.0,3.0,7.0,8.0,6.0,9.0,10.0,12.0,11.0,2.0,Housing Type 1,Housing Type 2,Housing Type 2,Housing Type 1,Housing Type 1,Housing Type 2,Housing Type 1,Housing Type 1,Housing Type 2,Housing Type 1,Housing Type 1,Housing Type 1,Yes,Yes,Yes,Yes,Yes,Yes,Yes,Yes,Yes,Yes,Yes,Yes,,,,,,Eviction,,,
114,R_lJVvVcPn5g80mCl,2025-07-11 14:33:55,37.784726,-122.412027,coord_decimal,449.0,1.0,Female,64.0,White,,,No Shelter/Outside,,0,0,0,0,0.5,Substance Use Policy,3.0,4.0,10.0,9.0,5.0,6.0,1.0,8.0,7.0,12.0,11.0,2.0,Housing Type 2,Housing Type 2,Housing Type 2,Housing Type 2,Housing Type 1,Housing Type 1,Housing Type 1,Housing Type 1,Housing Type 2,Housing Type 1,Housing Type 1,Housing Type 1,Yes,Yes,Yes,No,No,Yes,Yes,Yes,No,No,No,No,,,,,,,,Other (Specify),Movedto take care offamily
115,R_1RYeFEowHPpdSlQ,2025-07-11 14:33:56,37.784723,-122.412024,coord_decimal,449.2,0.0,Female,61.0,,Hispanic,,No Shelter/Outside,,0,0,0,0,1.0,How Clean it is,2.0,4.0,11.0,3.0,8.0,6.0,9.0,10.0,5.0,12.0,7.0,1.0,Housing Type 2,Housing Type 1,Housing Type 1,Housing Type 2,Housing Type 1,Housing Type 2,Housing Type 2,Housing Type 2,Housing Type 2,Housing Type 1,Housing Type 2,Housing Type 1,Yes,Yes,Yes,Yes,Yes,Yes,Yes,Yes,Yes,Yes,Yes,Yes,,,,,,,,Other (Specify),Mom passed away
116,R_5n8oMet9bntBFPD,2025-07-11 14:51:42,37.9494639,-122.3234666,address,,1.0,Female,44.0,,Hispanic,,No Shelter/Outside,No Shelter/Outside,0,0,0,0,0.9166666666666666,,,,,,,,,,,,,,Housing Type 1,Housing Type 1,Housing Type 2,Housing Type 2,Housing Type 1,Housing Type 1,Housing Type 2,Housing Type 2,Housing Type 1,Housing Type 1,Housing Type 2,,Yes,Yes,Yes,Yes,Yes,Yes,Yes,Yes,Yes,Yes,Yes,No,,Chose to leave due to issues with family/friend/roommate,Divorce/breakup,Could not pay rent,,Eviction,,,
117,R_fliWEylRJlCSq31,2025-07-11 14:51:44,37.9494639,-122.3234666,address,,1.0,Male,21.0,,Hispanic,,No Shelter/Outside,No Shelter/Outside,0,0,0,0,1.0,Security Guards,7.0,9.0,1.0,12.0,8.0,6.0,10.0,2.0,4.0,11.0,5.0,3.0,Housing Type 2,Housing Type 2,Housing Type 2,Housing Type 2,Housing Type 2,Housing Type 2,Housing Type 2,Housing Type 2,Housing Type 2,Housing Type 2,Housing Type 2,Housing Type 2,Yes,Yes,Yes,Yes,Yes,Yes,Yes,Yes,Yes,Yes,Yes,Yes,"Family/friend/roommate asked me to leave (dispute, needed room, etc.)",Chose to leave due to issues with family/friend/roommate,,,,,,,
118,R_2RVe00nZYRApKAm,2025-07-11 14:51:45,37.952935,-122.338073,area_vague,,0.0,Female,49.0,,Hispanic,,,,0,0,0,0,1.0,Pet Policy,3.0,11.0,5.0,8.0,9.0,4.0,10.0,6.0,12.0,1.0,2.0,7.0,Housing Type 1,Housing Type 2,Housing Type 1,Housing Type 2,Housing Type 2,Housing Type 1,Housing Type 2,Housing Type 2,Housing Type 1,Housing Type 1,Housing Type 1,Housing Type 2,Yes,Yes,Yes,Yes,Yes,Yes,Yes,Yes,Yes,Yes,Yes,Yes,"Family/friend/roommate asked me to leave (dispute, needed room, etc.)",Chose to leave due to issues with family/friend/roommate,Divorce/breakup,,,,,,
119,R_6C1tNaxBnX7cQm1,2025-07-11 14:51:46,37.952928,-122.33803,missing,,1.0,Female,38.0,White,,,No Shelter/Outside,No Shelter/Outside,0,0,0,0,0.9166666666666666,How Clean it is,2.0,8.0,6.0,3.0,12.0,11.0,10.0,9.0,4.0,5.0,7.0,1.0,Housing Type 2,Housing Type 2,Housing Type 2,Housing Type 1,Housing Type 2,Housing Type 1,Housing Type 2,Housing Type 1,Housing Type 1,Housing Type 1,Housing Type 1,Housing Type 1,No,Yes,Yes,Yes,Yes,Yes,Yes,Yes,Yes,Yes,Yes,Yes,"Family/friend/roommate asked me to leave (dispute, needed room, etc.)",,Divorce/breakup,,,,,,
120,R_ftRD2sWPH3oZLAp,2025-07-11 14:51:47,37.952952,-122.338018,area_vague,,0.0,Female,40.0,,,Black,No Shelter/Outside,,0,0,0,0,0.9166666666666666,Case Management,3.0,10.0,7.0,1.0,11.0,2.0,6.0,8.0,9.0,5.0,4.0,12.0,Housing Type 1,Housing Type 2,Housing Type 1,Housing Type 1,Housing Type 2,Housing Type 1,Housing Type 1,Housing Type 1,Housing Type 1,Housing Type 1,Housing Type 1,Housing Type 1,Yes,No,Yes,Yes,Yes,Yes,Yes,Yes,Yes,Yes,Yes,Yes,,,,,,Eviction,,,
121,R_azwzfYle7Bz2mXw,2025-07-11 14:51:49,37.952907,-122.33802,area_vague,,0.0,Male,43.0,,Hispanic,,,,0,0,0,0,0.8333333333333334,Close to transit,2.0,7.0,5.0,3.0,1.0,4.0,6.0,9.0,10.0,12.0,11.0,8.0,Housing Type 1,Housing Type 1,Housing Type 1,Housing Type 1,Housing Type 2,Housing Type 2,Housing Type 1,Housing Type 1,Housing Type 1,Housing Type 1,Housing Type 1,Housing Type 1,No,Yes,Yes,Yes,Yes,Yes,No,Yes,Yes,Yes,Yes,Yes,"Family/friend/roommate asked me to leave (dispute, needed room, etc.)",,,,,,,,
122,R_0neUP9198qp6kwR,2025-07-11 14:51:50,37.952912,-122.338022,missing,,1.0,Female,36.0,,,,,,0,0,0,0,0.5833333333333334,How Clean it is,3.0,10.0,2.0,11.0,6.0,8.0,12.0,9.0,4.0,5.0,7.0,1.0,Housing Type 2,Housing Type 1,Housing Type 1,Housing Type 2,Housing Type 2,Housing Type 2,Housing Type 2,Housing Type 1,Housing Type 1,Housing Type 2,Housing Type 2,Housing Type 2,Yes,Yes,No,Yes,Yes,No,No,No,No,Yes,Yes,Yes,,,,Could not pay rent,,,,,
123,R_7sBbXOribDYREtK,2025-07-11 15:23:28,37.931855,-122.359938,area_vague,,0.0,Female,42.0,,Hispanic,,,,0,0,0,0,1.0,Close to transit,4.0,5.0,11.0,8.0,1.0,2.0,9.0,3.0,12.0,6.0,10.0,7.0,Housing Type 2,Housing Type 2,Housing Type 2,Housing Type 2,Housing Type 1,Housing Type 2,Housing Type 1,Housing Type 1,Housing Type 1,Housing Type 2,Housing Type 2,Housing Type 1,Yes,Yes,Yes,Yes,Yes,Yes,Yes,Yes,Yes,Yes,Yes,Yes,,,,,,,,Other (Specify),"I became sick, lost my job"
124,R_fKrrCxgADfWX0Ik,2025-07-11 16:39:19,37.935582,-122.360427,area_vague,,1.0,Male,39.0,White,,,,,0,0,0,0,1.0,How Clean it is,2.0,8.0,6.0,9.0,11.0,7.0,12.0,3.0,5.0,4.0,10.0,1.0,Housing Type 1,Housing Type 1,Housing Type 2,Housing Type 2,Housing Type 1,Housing Type 1,Housing Type 1,Housing Type 2,Housing Type 2,Housing Type 1,Housing Type 2,Housing Type 1,Yes,Yes,Yes,Yes,Yes,Yes,Yes,Yes,Yes,Yes,Yes,Yes,,,,,,,Released from jail/prison,,
125,R_oE7ueJHP4s2gU4z,2025-07-11 16:39:21,37.935627,-122.360445,area_vague,,0.0,Male,30.0,,,,,,0,0,0,0,1.0,Level of privacy,1.0,7.0,2.0,4.0,5.0,9.0,10.0,8.0,3.0,11.0,6.0,12.0,Housing Type 1,Housing Type 1,Housing Type 1,Housing Type 1,Housing Type 1,Housing Type 1,Housing Type 1,Housing Type 1,Housing Type 1,Housing Type 1,Housing Type 1,Housing Type 1,Yes,Yes,Yes,Yes,Yes,Yes,Yes,Yes,Yes,Yes,Yes,Yes,,Chose to leave due to issues with family/friend/roommate,,,,,,,
126,R_kV3Jdlk6sywN2ga,2025-07-11 16:39:22,37.935563,-122.360453,area_vague,,1.0,Female,54.0,,Hispanic,,,,0,0,0,0,1.0,Level of privacy,1.0,8.0,5.0,7.0,4.0,9.0,6.0,10.0,2.0,11.0,12.0,3.0,Housing Type 1,Housing Type 1,Housing Type 1,Housing Type 1,Housing Type 1,Housing Type 1,Housing Type 1,Housing Type 1,Housing Type 1,Housing Type 1,Housing Type 1,Housing Type 1,Yes,Yes,Yes,Yes,Yes,Yes,Yes,Yes,Yes,Yes,Yes,Yes,"Family/friend/roommate asked me to leave (dispute, needed room, etc.)",,,,,,,,
127,R_6ifweBwDNSbYYAi,2025-07-11 16:46:17,37.931898,-122.359793,area_vague,,1.0,Female,18.0,,Hispanic,,,,0,0,0,0,0.9166666666666666,Level of privacy,1.0,5.0,6.0,10.0,12.0,8.0,3.0,7.0,9.0,2.0,11.0,4.0,Housing Type 1,Housing Type 1,Housing Type 1,Housing Type 1,Housing Type 1,Housing Type 1,Housing Type 1,Housing Type 1,Housing Type 1,Housing Type 1,Housing Type 1,Housing Type 1,No,Yes,Yes,Yes,Yes,Yes,Yes,Yes,Yes,Yes,Yes,Yes,,,,,,,Released from jail/prison,,
128,R_21bnfCotQMD5KTs,2025-07-11 16:52:17,37.931898,-122.359827,junk,,1.0,Female,43.0,White,,,,No Shelter/Outside,0,0,0,0,0.5833333333333334,Curfew Policy,12.0,2.0,11.0,8.0,7.0,9.0,5.0,6.0,1.0,3.0,10.0,4.0,Housing Type 1,Housing Type 2,Housing Type 1,Housing Type 2,Housing Type 2,Housing Type 2,Housing Type 1,Housing Type 2,Housing Type 1,Housing Type 2,Housing Type 1,Housing Type 2,No,Yes,Yes,Yes,Yes,Yes,Yes,No,Yes,No,No,No,,,Divorce/breakup,Could not pay rent,,Eviction,,,
129,R_2l81E3Wn4G0W2Ip,2025-07-11 17:07:49,37.931977,-122.359812,area_vague,,1.0,Female,38.0,,,,,,0,0,0,0,1.0,Case Management,11.0,5.0,12.0,1.0,9.0,6.0,10.0,4.0,3.0,8.0,2.0,7.0,Housing Type 1,Housing Type 1,Housing Type 1,Housing Type 1,Housing Type 1,Housing Type 1,Housing Type 1,Housing Type 1,Housing Type 1,Housing Type 1,Housing Type 1,Housing Type 1,Yes,Yes,Yes,Yes,Yes,Yes,Yes,Yes,Yes,Yes,Yes,Yes,,,Divorce/breakup,,,,,,
130,R_mFX4p7HeUzyUm8H,2025-07-12 16:21:13,37.784398,-122.410793,coord_decimal,43.4,1.0,Male,40.0,White,,,,,0,0,0,0,0.25,Substance Use Policy,4.0,7.0,10.0,12.0,6.0,9.0,1.0,11.0,5.0,2.0,3.0,8.0,Housing Type 2,Housing Type 2,Housing Type 1,Housing Type 1,Housing Type 1,Housing Type 2,Housing Type 2,Housing Type 1,Housing Type 1,Housing Type 2,Housing Type 2,Housing Type 1,No,Yes,No,No,No,Yes,Yes,No,No,No,No,No,,,,,,,,Other (Specify),House sold
131,R_9vd8WlLNQ0sIW4t,2025-07-12 16:21:14,37.784442,-122.41092,coord_decimal,34.5,1.0,Female,48.0,White,,,,,0,0,0,0,1.0,How Clean it is,10.0,8.0,2.0,4.0,5.0,7.0,3.0,9.0,6.0,12.0,11.0,1.0,Housing Type 2,Housing Type 1,Housing Type 1,Housing Type 2,Housing Type 2,Housing Type 1,Housing Type 1,Housing Type 1,Housing Type 2,Housing Type 1,Housing Type 2,Housing Type 2,Yes,Yes,Yes,Yes,Yes,Yes,Yes,Yes,Yes,Yes,Yes,Yes,,,,Could not pay rent,,,,,
132,R_gQOzNs1QgYltwG7,2025-07-12 16:46:14,37.785175,-122.412152,coord_decimal,40.0,0.0,Male,54.0,,,Black,,,0,0,0,0,1.0,Case Management,6.0,2.0,9.0,1.0,4.0,8.0,5.0,10.0,7.0,12.0,11.0,3.0,Housing Type 1,Housing Type 2,Housing Type 1,Housing Type 1,Housing Type 1,Housing Type 1,Housing Type 1,Housing Type 2,Housing Type 1,Housing Type 2,Housing Type 2,Housing Type 1,Yes,Yes,Yes,Yes,Yes,Yes,Yes,Yes,Yes,Yes,Yes,Yes,,,Divorce/breakup,,,,,,
133,R_8GZI36nUkgSZ6fR,2025-07-12 16:46:15,37.785175,-122.411962,coord_decimal,51.9,1.0,Male,43.0,,,Black,,,0,0,0,0,0.9166666666666666,Level of privacy,1.0,4.0,6.0,3.0,5.0,9.0,8.0,12.0,7.0,11.0,10.0,2.0,Housing Type 1,Housing Type 2,Housing Type 1,Housing Type 2,Housing Type 1,Housing Type 1,Housing Type 1,Housing Type 2,Housing Type 2,Housing Type 1,Housing Type 1,Housing Type 2,No,Yes,Yes,Yes,Yes,Yes,Yes,Yes,Yes,Yes,Yes,Yes,,,,,,,,Other (Specify),Never had housing
134,R_60teyQCtYjbWFjd,2025-07-12 16:57:23,37.785113,-122.41219,coord_decimal,32.5,1.0,Male,70.0,,,Black,,,0,0,0,0,0.5,Proximity to where you st,2.0,4.0,9.0,10.0,7.0,1.0,6.0,5.0,8.0,11.0,12.0,3.0,Housing Type 1,Housing Type 1,Housing Type 1,Housing Type 1,Housing Type 1,Housing Type 1,Housing Type 1,Housing Type 2,Housing Type 1,Housing Type 1,Housing Type 1,Housing Type 1,Yes,Yes,Yes,Yes,No,Yes,No,Yes,No,No,No,No,,,,Could not pay rent,,,,,
135,R_gUYDUmd1nxkjXGy,2025-07-12 17:07:33,37.785182,-122.41206,coord_decimal,45.9,1.0,Male,29.0,,,Black,,,0,0,0,0,1.0,Case Management,10.0,5.0,8.0,1.0,4.0,2.0,6.0,3.0,9.0,12.0,11.0,7.0,Housing Type 2,Housing Type 2,Housing Type 1,Housing Type 1,Housing Type 1,Housing Type 1,Housing Type 2,Housing Type 2,Housing Type 2,Housing Type 1,Housing Type 1,Housing Type 1,Yes,Yes,Yes,Yes,Yes,Yes,Yes,Yes,Yes,Yes,Yes,Yes,,,,Could not pay rent,,,,,
136,R_hNviP9fSZ2UjFV1,2025-07-12 17:19:57,37.785175,-122.412068,coord_decimal,44.9,1.0,Male,45.0,,Hispanic,,,,0,0,0,0,1.0,Case Management,7.0,4.0,2.0,1.0,8.0,9.0,5.0,12.0,6.0,11.0,10.0,3.0,Housing Type 2,Housing Type 2,Housing Type 2,Housing Type 1,Housing Type 2,Housing Type 2,Housing Type 2,Housing Type 2,Housing Type 2,Housing Type 1,Housing Type 2,Housing Type 2,Yes,Yes,Yes,Yes,Yes,Yes,Yes,Yes,Yes,Yes,Yes,Yes,"Family/friend/roommate asked me to leave (dispute, needed room, etc.)",,,,,,,,
137,R_06aOraO2pEm0TJI,2025-07-12 17:35:51,37.785202,-122.412065,coord_decimal,32.3,1.0,Female,39.0,,,Black,,,0,0,0,0,0.25,Pet Policy,4.0,7.0,12.0,11.0,9.0,8.0,3.0,10.0,5.0,1.0,2.0,6.0,Housing Type 1,Housing Type 1,Housing Type 2,Housing Type 2,Housing Type 1,Housing Type 2,Housing Type 2,Housing Type 2,Housing Type 1,Housing Type 1,Housing Type 2,Housing Type 2,Yes,No,No,No,No,Yes,Yes,No,No,No,No,No,,,,,,,,Other (Specify),"Never had housing personally, grew up in vallejo"
138,R_isXSuzhyonMOpVc,2025-07-12 17:50:03,37.784888,-122.412275,coord_decimal,12.1,1.0,Female,33.0,,,Black,,,0,0,0,0,0.5,Substance Use Policy,5.0,8.0,10.0,2.0,6.0,11.0,1.0,9.0,7.0,12.0,4.0,3.0,Housing Type 1,Housing Type 2,Housing Type 1,Housing Type 2,Housing Type 2,Housing Type 2,Housing Type 1,Housing Type 2,Housing Type 1,Housing Type 2,Housing Type 1,Housing Type 2,Yes,Yes,No,Yes,Yes,No,No,Yes,Yes,No,No,No,,,,,,Eviction,,,
139,R_ehISVqg16rZj2pJ,2025-07-12 18:00:07,37.784978,-122.412083,coord_decimal,20.7,0.0,Female,40.0,,,Black,,,0,0,0,0,0.4166666666666667,Partners Policy,5.0,6.0,11.0,7.0,10.0,9.0,8.0,12.0,3.0,2.0,1.0,4.0,Housing Type 2,Housing Type 2,Housing Type 2,Housing Type 2,Housing Type 1,Housing Type 1,Housing Type 1,Housing Type 1,Housing Type 2,Housing Type 2,Housing Type 2,Housing Type 1,Yes,Yes,Yes,No,Yes,Yes,No,No,No,No,No,No,,,Divorce/breakup,,,,,,
140,R_hfih2DxgddHgr1K,2025-07-12 18:13:22,37.78507,-122.412228,coord_decimal,11.8,1.0,Male,34.0,,,Black,,,0,0,0,0,0.5833333333333334,Case Management,4.0,7.0,3.0,1.0,9.0,8.0,5.0,12.0,6.0,11.0,10.0,2.0,Housing Type 2,Housing Type 2,Housing Type 2,Housing Type 2,Housing Type 2,Housing Type 2,Housing Type 1,Housing Type 1,Housing Type 1,Housing Type 2,Housing Type 2,Housing Type 2,Yes,Yes,Yes,Yes,No,Yes,Yes,Yes,No,No,No,No,,,,Could not pay rent,,,,Other (Specify),Not receiving mail and i missed apointments
141,R_5XPKXREdjUHb3hC,2025-07-13 18:59:32,37.821692,-122.291183,coord_decimal,17.0,1.0,Transgender Man,32.0,White,,,,No Shelter/Outside,27,25,34,32,0.16666666666666666,Length allowed to stay,2.0,1.0,8.0,12.0,10.0,4.0,5.0,11.0,3.0,7.0,6.0,9.0,Housing Type 2,Housing Type 2,Housing Type 2,Housing Type 2,Housing Type 1,Housing Type 1,Housing Type 2,Housing Type 1,Housing Type 2,Housing Type 2,Housing Type 1,Housing Type 1,Yes,No,No,No,No,No,No,No,Yes,No,No,No,,,Divorce/breakup,Could not pay rent,Rent increase,Eviction,,,
142,R_co5Z8MuWU0fpD5o,2025-07-13 18:59:34,37.822163,-122.291425,missing,,1.0,Female,46.0,White,,,,No Shelter/Outside,11,11,29,27,1.0,Pet Policy,4.0,6.0,8.0,12.0,5.0,3.0,10.0,7.0,11.0,1.0,9.0,2.0,Housing Type 2,Housing Type 1,Housing Type 1,Housing Type 2,Housing Type 1,Housing Type 2,Housing Type 2,Housing Type 2,Housing Type 2,Housing Type 1,Housing Type 2,Housing Type 2,Yes,Yes,Yes,Yes,Yes,Yes,Yes,Yes,Yes,Yes,Yes,Yes,,,,,,Eviction,,,
143,R_3nf8PbOh72cR24O,2025-07-13 18:59:35,37.821977,-122.291573,missing,,0.0,Male,60.0,,,Black,,,11,11,27,25,0.0,Proximity to where you st,3.0,5.0,10.0,8.0,7.0,1.0,9.0,12.0,6.0,11.0,4.0,2.0,Housing Type 2,Housing Type 2,Housing Type 1,Housing Type 2,Housing Type 1,Housing Type 1,Housing Type 2,Housing Type 2,Housing Type 1,Housing Type 1,Housing Type 2,Housing Type 2,No,No,No,No,No,No,No,No,No,No,No,No,,,,,,,,Other (Specify),Mother died
144,R_hcA2m5fDp1xmgnE,2025-07-13 18:59:36,37.821893,-122.291377,coord_decimal,430.8,1.0,Female,34.0,,,,,,14,14,29,27,1.0,How Clean it is,3.0,9.0,6.0,10.0,4.0,8.0,11.0,12.0,7.0,2.0,5.0,1.0,Housing Type 1,Housing Type 2,Housing Type 1,Housing Type 2,Housing Type 1,Housing Type 1,Housing Type 1,Housing Type 2,Housing Type 1,Housing Type 2,Housing Type 2,Housing Type 2,Yes,Yes,Yes,Yes,Yes,Yes,Yes,Yes,Yes,Yes,Yes,Yes,,Chose to leave due to issues with family/friend/roommate,Divorce/breakup,,,,,Other (Specify),Domestic violence
145,R_ivCa7GIBbRlVLaD,2025-07-13 18:59:40,37.821708,-122.29122,coord_decimal,47.7,1.0,Male,40.0,White,,,No Shelter/Outside,No Shelter/Outside,27,25,31,29,0.3333333333333333,Pet Policy,4.0,8.0,3.0,5.0,12.0,2.0,7.0,9.0,11.0,1.0,10.0,6.0,Housing Type 1,Housing Type 2,Housing Type 1,Housing Type 1,Housing Type 2,Housing Type 1,Housing Type 1,Housing Type 2,Housing Type 2,Housing Type 1,Housing Type 2,Housing Type 1,Yes,No,No,Yes,Yes,No,Yes,No,No,No,No,No,,,,,,Eviction,,,
146,R_ctA6s2f8NFLb2l7,2025-07-13 19:10:33,37.821705,-122.29122,area_vague,,,Female,33.0,White,,,,,27,25,31,29,0.3333333333333333,Level of privacy,1.0,8.0,10.0,5.0,4.0,11.0,6.0,9.0,12.0,2.0,3.0,7.0,Housing Type 2,Housing Type 1,Housing Type 2,Housing Type 1,Housing Type 1,Housing Type 2,,,,,,,Yes,No,No,Yes,Yes,Yes,,,,,,,,,,,,,,,
147,R_0NoZq7pd2xYOU1L,2025-07-13 19:10:35,37.821507,-122.29112,area_vague,,1.0,Female,40.0,,,Black,,,27,25,34,32,0.08333333333333333,How Clean it is,7.0,4.0,6.0,2.0,11.0,9.0,8.0,12.0,5.0,3.0,10.0,1.0,Housing Type 1,Housing Type 1,Housing Type 1,Housing Type 2,Housing Type 1,Housing Type 2,Housing Type 2,Housing Type 2,Housing Type 2,Housing Type 2,Housing Type 1,,No,No,No,No,Yes,No,No,No,No,No,,,,,,,,,,Other (Specify),Lived at BACS and was asked to leave due to false noixe complaints
148,R_fDcTkvCrOjV70W5,2025-07-13 19:10:37,37.821687,-122.291237,area_vague,,1.0,Male,61.0,,,Black,No Shelter/Outside,No Shelter/Outside,27,25,34,32,1.0,Pet Policy,5.0,2.0,7.0,4.0,6.0,8.0,9.0,11.0,10.0,1.0,12.0,3.0,Housing Type 2,Housing Type 1,Housing Type 2,Housing Type 1,Housing Type 1,Housing Type 1,Housing Type 1,Housing Type 2,Housing Type 2,Housing Type 1,Housing Type 2,Housing Type 2,Yes,Yes,Yes,Yes,Yes,Yes,Yes,Yes,Yes,Yes,Yes,Yes,,,,Could not pay rent,,,,,
149,R_f1hSYPnrXUfHXpe,2025-07-13 19:17:28,37.82167,-122.291207,coord_decimal,68.0,1.0,Female,31.0,,,Black,,,27,25,34,32,0.5,Security Guards,3.0,4.0,1.0,2.0,10.0,12.0,6.0,8.0,7.0,11.0,9.0,5.0,Housing Type 1,Housing Type 1,Housing Type 1,Housing Type 2,Housing Type 1,Housing Type 1,Housing Type 1,Housing Type 1,Housing Type 2,Housing Type 1,Housing Type 1,Housing Type 1,Yes,Yes,Yes,Yes,No,Yes,No,Yes,No,No,No,No,,,,,,Eviction,,,
150,R_iqgbM9gtqWGZMho,2025-07-13 19:17:29,37.8210963,-122.2914761,coord_decimal,,1.0,Male,48.0,,,Black,,,22,20,32,30,1.0,Security Guards,4.0,6.0,1.0,2.0,8.0,12.0,5.0,9.0,10.0,7.0,11.0,3.0,Housing Type 1,Housing Type 1,Housing Type 2,Housing Type 2,Housing Type 1,Housing Type 1,Housing Type 1,Housing Type 1,Housing Type 1,Housing Type 2,Housing Type 1,Housing Type 1,Yes,Yes,Yes,Yes,Yes,Yes,Yes,Yes,Yes,Yes,Yes,Yes,,Chose to leave due to issues with family/friend/roommate,,,,,,,
151,R_ddByHHAaAZmmABb,2025-07-13 19:17:30,37.821687,-122.291237,coord_decimal,69.0,1.0,Female,62.0,White,,,,,27,25,34,32,0.75,Level of privacy,1.0,7.0,3.0,4.0,6.0,10.0,11.0,12.0,5.0,2.0,9.0,8.0,Housing Type 1,Housing Type 1,Housing Type 2,Housing Type 1,Housing Type 1,Housing Type 2,Housing Type 2,Housing Type 1,Housing Type 1,Housing Type 1,Housing Type 2,Housing Type 2,Yes,Yes,Yes,Yes,Yes,No,Yes,No,Yes,No,Yes,Yes,,,Divorce/breakup,,,,,,
152,R_j28Jbip0THk2M6S,2025-07-13 19:17:31,37.8210963,-122.2914761,coord_decimal,,0.0,Male,67.0,,,Black,,,22,20,32,30,1.0,Case Management,4.0,2.0,5.0,1.0,12.0,7.0,8.0,6.0,9.0,11.0,10.0,3.0,Housing Type 2,Housing Type 1,Housing Type 1,Housing Type 2,Housing Type 2,Housing Type 2,Housing Type 2,Housing Type 2,Housing Type 2,Housing Type 1,Housing Type 2,Housing Type 2,Yes,Yes,Yes,Yes,Yes,Yes,Yes,Yes,Yes,Yes,Yes,Yes,,Chose to leave due to issues with family/friend/roommate,,,,,,,
153,R_2JNlbRRUDUmE54W,2025-07-14 11:22:03,,,junk,,0.0,Male,30.0,,Hispanic,,,,0,0,0,0,1.0,Proximity to where you st,12.0,2.0,8.0,11.0,7.0,1.0,9.0,3.0,10.0,6.0,4.0,5.0,Housing Type 1,Housing Type 1,Housing Type 2,Housing Type 2,Housing Type 2,Housing Type 1,Housing Type 2,Housing Type 2,Housing Type 2,Housing Type 1,Housing Type 2,Housing Type 2,Yes,Yes,Yes,Yes,Yes,Yes,Yes,Yes,Yes,Yes,Yes,Yes,"Family/friend/roommate asked me to leave (dispute, needed room, etc.)",,,,,,,,
154,R_4pNl2xbc3ywDgvP,2025-07-14 11:22:04,,,missing,,1.0,Male,44.0,,,Black,,,0,0,0,0,0.8333333333333334,How Clean it is,4.0,8.0,9.0,10.0,6.0,2.0,3.0,7.0,12.0,11.0,5.0,1.0,Housing Type 1,Housing Type 2,Housing Type 1,Housing Type 1,Housing Type 1,Housing Type 1,Housing Type 1,Housing Type 1,Housing Type 1,Housing Type 1,Housing Type 2,Housing Type 1,No,No,Yes,Yes,Yes,Yes,Yes,Yes,Yes,Yes,Yes,Yes,,,,Could not pay rent,,,,,
155,R_ep1sc4pWc65JHyK,2025-07-14 11:22:07,,,missing,,0.0,Female,60.0,,Hispanic,,,,0,0,0,0,1.0,Substance Use Policy,10.0,9.0,2.0,5.0,12.0,7.0,1.0,6.0,11.0,4.0,3.0,8.0,Housing Type 1,Housing Type 1,Housing Type 2,Housing Type 1,Housing Type 1,Housing Type 2,Housing Type 2,Housing Type 2,Housing Type 1,Housing Type 2,Housing Type 2,Housing Type 2,Yes,Yes,Yes,Yes,Yes,Yes,Yes,Yes,Yes,Yes,Yes,Yes,,,,,,Eviction,,,
156,R_4AM8w8XLxevFioH,2025-07-14 11:49:03,37.954728,-122.363028,missing,,1.0,Male,20.0,White,,,,No Shelter/Outside,0,0,0,0,0.16666666666666666,How Clean it is,3.0,2.0,11.0,8.0,6.0,4.0,9.0,10.0,12.0,5.0,7.0,1.0,Housing Type 1,Housing Type 1,Housing Type 2,Housing Type 2,Housing Type 1,Housing Type 1,Housing Type 2,Housing Type 1,Housing Type 1,Housing Type 2,Housing Type 1,Housing Type 2,No,No,No,No,Yes,No,No,Yes,No,No,No,No,,Chose to leave due to issues with family/friend/roommate,,,,,,,
157,R_0ljldY1N6JnaEHF,2025-07-14 11:49:04,37.926857,-122.367848,junk,,1.0,Female,21.0,,,,,No Shelter/Outside,0,0,0,0,0.0,How Clean it is,7.0,2.0,11.0,10.0,8.0,6.0,9.0,4.0,12.0,5.0,3.0,1.0,Housing Type 1,Housing Type 1,Housing Type 2,Housing Type 1,Housing Type 2,Housing Type 2,Housing Type 2,Housing Type 1,Housing Type 2,Housing Type 1,Housing Type 1,Housing Type 1,No,No,No,No,No,No,No,No,No,No,No,No,,,,,,,,Other (Specify),Kicked out by motherinlaw
158,R_8W997tFbt5SoI8B,2025-07-14 11:53:06,37.954677,-122.363182,missing,,1.0,Male,50.0,,Hispanic,,No Shelter/Outside,No Shelter/Outside,0,0,0,0,1.0,Proximity to where you st,3.0,5.0,8.0,4.0,2.0,1.0,12.0,11.0,10.0,9.0,6.0,7.0,Housing Type 1,Housing Type 1,Housing Type 1,Housing Type 1,Housing Type 1,Housing Type 1,Housing Type 1,Housing Type 1,Housing Type 1,Housing Type 1,Housing Type 1,Housing Type 1,Yes,Yes,Yes,Yes,Yes,Yes,Yes,Yes,Yes,Yes,Yes,Yes,,,,,,,,,
159,R_0mZx0ftomVfY5iU,2025-07-14 11:53:07,37.95482,-122.36417,area_vague,,1.0,Male,36.0,,Hispanic,,,,0,0,0,0,1.0,How Clean it is,5.0,12.0,2.0,6.0,7.0,3.0,9.0,11.0,4.0,8.0,10.0,1.0,Housing Type 2,Housing Type 2,Housing Type 1,Housing Type 1,Housing Type 1,Housing Type 1,Housing Type 1,Housing Type 1,Housing Type 1,Housing Type 1,Housing Type 1,Housing Type 1,Yes,Yes,Yes,Yes,Yes,Yes,Yes,Yes,Yes,Yes,Yes,Yes,,,Divorce/breakup,,,,,,
160,R_2h3gPjV5JXwcoyx,2025-07-14 11:53:08,37.972433,-122.342548,area_vague,,1.0,Male,,,Hispanic,,,,0,0,0,0,1.0,Participation in rule mak,5.0,11.0,6.0,7.0,3.0,9.0,2.0,1.0,4.0,8.0,12.0,10.0,Housing Type 1,Housing Type 2,Housing Type 1,Housing Type 1,Housing Type 1,Housing Type 1,Housing Type 1,Housing Type 1,Housing Type 1,Housing Type 1,Housing Type 1,Housing Type 1,Yes,Yes,Yes,Yes,Yes,Yes,Yes,Yes,Yes,Yes,Yes,Yes,,,,,,Eviction,,,
161,R_c2wp2wuVVmzrcP8,2025-07-14 11:53:10,37.972408,-122.342535,missing,,1.0,Male,43.0,,Hispanic,,,,0,0,0,0,0.4166666666666667,,,,,,,,,,,,,,,,,,,,Housing Type 1,Housing Type 1,Housing Type 1,Housing Type 1,Housing Type 1,Housing Type 1,,,,,,,Yes,Yes,Yes,Yes,Yes,,,,,,,,,,
162,R_ogJ1X5qsYQcERdy,2025-07-14 16:02:59,37.785757,-122.416252,coord_decimal,184.6,0.0,Male,31.0,White,,,No Shelter/Outside,,0,0,0,0,1.0,Partners Policy,4.0,5.0,9.0,2.0,8.0,11.0,6.0,10.0,3.0,12.0,1.0,7.0,Housing Type 2,Housing Type 1,Housing Type 2,Housing Type 1,Housing Type 2,Housing Type 1,Housing Type 2,Housing Type 2,Housing Type 2,Housing Type 2,Housing Type 2,Housing Type 1,Yes,Yes,Yes,Yes,Yes,Yes,Yes,Yes,Yes,Yes,Yes,Yes,"Family/friend/roommate asked me to leave (dispute, needed room, etc.)",,,,,,,,
163,R_fAwQDU9JDgz3dIT,2025-07-14 16:03:01,37.78547,-122.41648,coord_decimal,240.9,1.0,Male,43.0,,,Black,,,0,0,0,0,0.6666666666666666,Partners Policy,10.0,9.0,7.0,5.0,6.0,8.0,2.0,12.0,3.0,11.0,1.0,4.0,Housing Type 2,Housing Type 2,Housing Type 2,Housing Type 2,Housing Type 2,Housing Type 1,Housing Type 1,Housing Type 1,Housing Type 1,Housing Type 1,Housing Type 1,Housing Type 1,Yes,Yes,Yes,Yes,Yes,Yes,Yes,Yes,No,No,No,No,,,,Could not pay rent,,,,,
164,R_0UAGKPepytkLaKt,2025-07-14 16:03:02,37.785425,-122.416473,coord_decimal,236.4,1.0,Female,37.0,,Hispanic,,,,0,0,0,0,0.5833333333333334,Curfew Policy,2.0,5.0,10.0,4.0,9.0,7.0,11.0,8.0,1.0,12.0,3.0,6.0,Housing Type 1,Housing Type 2,Housing Type 2,Housing Type 1,Housing Type 2,Housing Type 1,Housing Type 2,Housing Type 1,Housing Type 1,Housing Type 1,Housing Type 1,Housing Type 1,Yes,Yes,No,Yes,Yes,Yes,Yes,Yes,No,No,No,No,"Family/friend/roommate asked me to leave (dispute, needed room, etc.)",,,,,,,,
165,R_a8KwEBFc7qTw0by,2025-07-14 16:03:03,37.785312,-122.416483,coord_decimal,224.3,1.0,Male,53.0,White,,,,,0,0,0,0,0.5833333333333334,Case Management,6.0,5.0,7.0,1.0,4.0,9.0,2.0,8.0,10.0,12.0,11.0,3.0,Housing Type 2,Housing Type 1,Housing Type 2,Housing Type 1,Housing Type 2,Housing Type 2,Housing Type 2,Housing Type 1,Housing Type 1,Housing Type 1,Housing Type 2,Housing Type 2,Yes,Yes,Yes,Yes,Yes,Yes,Yes,No,No,No,No,No,,,Divorce/breakup,,,,,,
166,R_mseciHswruWHsio,2025-07-14 16:03:04,37.785333,-122.416503,coord_decimal,225.9,1.0,Male,34.0,,,,,,0,0,0,0,0.6666666666666666,Partners Policy,3.0,5.0,6.0,4.0,2.0,8.0,9.0,12.0,10.0,11.0,1.0,7.0,Housing Type 2,Housing Type 1,Housing Type 1,Housing Type 2,Housing Type 2,Housing Type 1,Housing Type 1,Housing Type 1,Housing Type 1,Housing Type 2,Housing Type 2,Housing Type 2,Yes,Yes,Yes,Yes,Yes,Yes,Yes,Yes,No,No,No,No,,,,,,,,Other (Specify),Jail
167,R_jmFxrdZdCJjREbs,2025-07-14 16:03:05,37.784997,-122.416272,coord_decimal,283.7,1.0,Female,34.0,White,,,,,0,0,0,0,0.16666666666666666,Partners Policy,4.0,7.0,10.0,12.0,8.0,9.0,6.0,3.0,11.0,2.0,1.0,5.0,Housing Type 1,Housing Type 2,Housing Type 1,Housing Type 1,Housing Type 2,Housing Type 1,Housing Type 1,Housing Type 2,Housing Type 1,Housing Type 1,Housing Type 2,Housing Type 1,No,No,Yes,No,No,No,Yes,No,No,No,No,No,,,Divorce/breakup,,,,,,
168,R_jzzhkTLJO31ja45,2025-07-14 16:03:06,37.784998,-122.416017,coord_decimal,292.3,1.0,Female,38.0,White,,,,,0,0,0,0,0.5833333333333334,Substance Use Policy,5.0,2.0,3.0,4.0,9.0,8.0,1.0,10.0,6.0,12.0,11.0,7.0,Housing Type 1,Housing Type 2,Housing Type 1,Housing Type 1,Housing Type 1,Housing Type 2,Housing Type 2,Housing Type 1,Housing Type 1,Housing Type 1,Housing Type 1,Housing Type 1,Yes,Yes,Yes,Yes,Yes,Yes,Yes,No,No,No,No,No,,,,Could not pay rent,,,,,
169,R_bEYfqeHzpvEEhGS,2025-07-14 16:03:07,37.78438,-122.416352,coord_decimal,217.6,1.0,Male,61.0,,,Black,,,0,0,0,0,1.0,How Clean it is,8.0,3.0,2.0,4.0,5.0,12.0,9.0,6.0,7.0,11.0,10.0,1.0,Housing Type 1,Housing Type 1,Housing Type 2,Housing Type 1,Housing Type 1,Housing Type 1,Housing Type 2,Housing Type 1,Housing Type 1,Housing Type 1,Housing Type 1,Housing Type 1,Yes,Yes,Yes,Yes,Yes,Yes,Yes,Yes,Yes,Yes,Yes,Yes,,,,,,,,Other (Specify),Put in jail
170,R_kqcsclWsWinqwXr,2025-07-14 16:03:08,37.784058,-122.415942,coord_decimal,237.6,1.0,Male,60.0,,,Black,,,0,0,0,0,1.0,Case Management,7.0,2.0,5.0,1.0,6.0,3.0,10.0,4.0,9.0,12.0,11.0,8.0,Housing Type 1,Housing Type 2,Housing Type 1,Housing Type 2,Housing Type 2,Housing Type 1,Housing Type 1,Housing Type 2,Housing Type 1,Housing Type 2,Housing Type 1,Housing Type 1,Yes,Yes,Yes,Yes,Yes,Yes,Yes,Yes,Yes,Yes,Yes,Yes,,,,,,Eviction,,,
171,R_mkL6ICoEYjOpFrY,2025-07-14 16:03:09,37.78411,-122.41584,coord_decimal,247.0,1.0,Male,33.0,White,,,,,0,0,0,0,0.4166666666666667,Curfew Policy,3.0,5.0,9.0,8.0,7.0,12.0,2.0,6.0,1.0,11.0,10.0,4.0,Housing Type 2,Housing Type 1,Housing Type 1,Housing Type 2,Housing Type 2,Housing Type 1,Housing Type 1,Housing Type 2,Housing Type 2,Housing Type 1,Housing Type 1,Housing Type 1,No,No,No,Yes,Yes,No,No,Yes,Yes,Yes,No,No,,,,,,,,Other (Specify),Chose to leave
172,R_6vNC3yhCPGs6Vsp,2025-07-14 16:03:10,37.783992,-122.415853,coord_decimal,247.6,1.0,Female,21.0,White,Hispanic,,,,0,0,0,0,0.5,Substance Use Policy,4.0,2.0,10.0,9.0,6.0,12.0,1.0,8.0,11.0,5.0,3.0,7.0,Housing Type 1,Housing Type 1,Housing Type 1,Housing Type 1,Housing Type 2,Housing Type 2,Housing Type 2,Housing Type 1,Housing Type 1,Housing Type 2,Housing Type 1,Housing Type 1,Yes,Yes,No,Yes,Yes,No,Yes,Yes,No,No,No,No,"Family/friend/roommate asked me to leave (dispute, needed room, etc.)",,,,,,,,
173,R_mvCknk3lXj80RDL,2025-07-15 17:28:04,37.781487,-122.416998,coord_decimal,49.6,1.0,Male,40.0,White,,,,,0,0,0,0,0.75,Curfew Policy,6.0,4.0,10.0,3.0,8.0,9.0,2.0,7.0,1.0,12.0,11.0,5.0,Housing Type 1,Housing Type 1,Housing Type 2,Housing Type 1,Housing Type 2,Housing Type 1,Housing Type 2,Housing Type 1,Housing Type 2,Housing Type 2,Housing Type 1,Housing Type 1,Yes,Yes,Yes,Yes,Yes,No,Yes,Yes,No,Yes,Yes,No,,,,,,,,Other (Specify),Went to jail
174,R_oxLc1xu5xcWsVUk,2025-07-15 17:28:05,37.781933,-122.413892,coord_decimal,50.1,1.0,Female,47.0,White,,,,,0,0,0,0,1.0,Length allowed to stay,5.0,1.0,3.0,12.0,6.0,8.0,10.0,9.0,4.0,11.0,7.0,2.0,Housing Type 2,Housing Type 1,Housing Type 2,Housing Type 2,Housing Type 1,Housing Type 2,Housing Type 1,Housing Type 2,Housing Type 1,Housing Type 1,Housing Type 2,Housing Type 2,Yes,Yes,Yes,Yes,Yes,Yes,Yes,Yes,Yes,Yes,Yes,Yes,,,Divorce/breakup,,,,,,
175,R_no0PtUucHM51uTC,2025-07-15 17:28:07,37.781915,-122.414025,coord_decimal,38.7,1.0,Male,30.0,,,Black,,,0,0,0,0,0.75,Security Guards,4.0,3.0,1.0,5.0,9.0,10.0,2.0,11.0,7.0,12.0,8.0,6.0,Housing Type 2,Housing Type 2,Housing Type 1,Housing Type 2,Housing Type 1,Housing Type 2,Housing Type 2,Housing Type 2,Housing Type 1,Housing Type 2,Housing Type 2,Housing Type 1,Yes,Yes,Yes,No,No,No,Yes,Yes,Yes,Yes,Yes,Yes,"Family/friend/roommate asked me to leave (dispute, needed room, etc.)",,,,,,,,
176,R_mZI1pYPhnuIqbOr,2025-07-15 17:28:08,37.781998,-122.414098,coord_decimal,1233.8,1.0,Male,35.0,White,,,,,0,0,0,0,1.0,Case Management,6.0,5.0,9.0,1.0,3.0,12.0,11.0,4.0,10.0,7.0,8.0,2.0,Housing Type 2,Housing Type 2,Housing Type 1,Housing Type 1,Housing Type 2,Housing Type 1,Housing Type 2,Housing Type 2,Housing Type 2,Housing Type 2,Housing Type 2,Housing Type 1,Yes,Yes,Yes,Yes,Yes,Yes,Yes,Yes,Yes,Yes,Yes,Yes,,,Divorce/breakup,,,,,,
177,R_nUPqbqqwiX5i0eF,2025-07-15 17:28:09,37.78187,-122.41375,coord_decimal,139.3,1.0,Female,25.0,White,,,,,0,0,0,0,0.6666666666666666,Partners Policy,5.0,2.0,6.0,3.0,7.0,11.0,10.0,8.0,9.0,12.0,1.0,4.0,Housing Type 1,Housing Type 2,Housing Type 2,Housing Type 1,Housing Type 2,Housing Type 1,Housing Type 1,Housing Type 1,Housing Type 1,Housing Type 2,Housing Type 1,Housing Type 1,No,Yes,Yes,No,Yes,Yes,Yes,Yes,No,Yes,Yes,No,,,,,,Eviction,,,
178,R_lB7b0c25pxcKkM1,2025-07-15 17:28:10,37.781957,-122.413928,coord_decimal,128.5,1.0,Male,33.0,White,,,,,0,0,0,0,0.6666666666666666,Partners Policy,5.0,2.0,10.0,4.0,6.0,11.0,7.0,8.0,9.0,12.0,1.0,3.0,Housing Type 2,Housing Type 2,Housing Type 2,Housing Type 2,Housing Type 2,Housing Type 1,Housing Type 1,Housing Type 2,Housing Type 1,Housing Type 1,Housing Type 2,Housing Type 1,Yes,Yes,Yes,Yes,Yes,Yes,Yes,Yes,No,No,No,No,,,,,,Eviction,,,
179,R_hiNrCmNEDTMwB2T,2025-07-15 17:28:11,37.781933,-122.413805,coord_decimal,137.2,1.0,Male,47.0,White,,,,,0,0,0,0,1.0,Case Management,3.0,10.0,2.0,1.0,8.0,5.0,9.0,7.0,6.0,12.0,11.0,4.0,Housing Type 1,Housing Type 1,Housing Type 1,Housing Type 2,Housing Type 2,Housing Type 2,Housing Type 2,Housing Type 1,Housing Type 1,Housing Type 1,Housing Type 2,Housing Type 2,Yes,Yes,Yes,Yes,Yes,Yes,Yes,Yes,Yes,Yes,Yes,Yes,,,,,,Eviction,,,
180,R_8ETrjusbI92ktgW,2025-07-15 17:28:12,37.781933,-122.413928,coord_decimal,127.3,1.0,Male,52.0,White,,,,,0,0,0,0,0.8333333333333334,Proximity to where you st,9.0,7.0,5.0,4.0,3.0,1.0,2.0,8.0,12.0,10.0,11.0,6.0,Housing Type 1,Housing Type 2,Housing Type 2,Housing Type 2,Housing Type 2,Housing Type 2,Housing Type 1,Housing Type 2,Housing Type 2,Housing Type 1,Housing Type 2,Housing Type 1,Yes,Yes,Yes,Yes,No,Yes,No,Yes,Yes,Yes,Yes,Yes,,,,,,Eviction,,Other (Specify),Landlord sold property
181,R_5gsmnW6klfYR5WK,2025-07-15 17:28:13,37.781932,-122.413908,coord_decimal,283.7,1.0,Male,35.0,,,Black,,,0,0,0,0,0.9166666666666666,Substance Use Policy,9.0,7.0,5.0,3.0,8.0,4.0,1.0,12.0,2.0,11.0,10.0,6.0,Housing Type 1,Housing Type 2,Housing Type 2,Housing Type 2,Housing Type 1,Housing Type 1,Housing Type 1,Housing Type 1,Housing Type 1,Housing Type 2,Housing Type 2,Housing Type 2,Yes,Yes,Yes,Yes,No,Yes,Yes,Yes,Yes,Yes,Yes,Yes,,,,,,Eviction,,,
182,R_jRYwo3CqS0axoRo,2025-07-16 14:35:00,37.782002,-122.41264,coord_decimal,92.3,1.0,Male,53.0,White,,,,,0,0,0,0,0.08333333333333333,Curfew Policy,3.0,7.0,5.0,4.0,9.0,11.0,2.0,8.0,1.0,10.0,12.0,6.0,Housing Type 1,Housing Type 2,Housing Type 2,Housing Type 2,Housing Type 2,Housing Type 2,Housing Type 2,Housing Type 1,Housing Type 2,Housing Type 1,Housing Type 1,Housing Type 2,No,No,No,No,No,No,No,Yes,No,No,No,No,,,,,,Eviction,,,
183,R_hbE8cGkJFFsam5e,2025-07-16 14:35:01,37.782247,-122.414113,coord_decimal,51.4,1.0,Male,61.0,,,Black,,,0,0,0,0,0.9166666666666666,How Clean it is,5.0,2.0,3.0,4.0,8.0,7.0,6.0,12.0,9.0,11.0,10.0,1.0,Housing Type 2,Housing Type 2,Housing Type 1,Housing Type 1,Housing Type 2,Housing Type 2,Housing Type 2,Housing Type 1,Housing Type 2,Housing Type 2,Housing Type 2,Housing Type 2,Yes,No,Yes,Yes,Yes,Yes,Yes,Yes,Yes,Yes,Yes,Yes,,,,,,,,Other (Specify),Didnt wantto live there anymore
184,R_8IbgepgsZT3WDBd,2025-07-16 14:35:02,37.78169,-122.412128,coord_decimal,32.7,1.0,Female,28.0,White,,,,,0,0,0,0,0.8333333333333334,Pet Policy,5.0,4.0,6.0,3.0,7.0,11.0,10.0,12.0,8.0,1.0,9.0,2.0,Housing Type 2,Housing Type 2,Housing Type 2,Housing Type 1,Housing Type 2,Housing Type 1,Housing Type 2,Housing Type 2,Housing Type 1,Housing Type 2,Housing Type 1,Housing Type 1,Yes,Yes,Yes,Yes,Yes,No,Yes,Yes,No,Yes,Yes,Yes,"Family/friend/roommate asked me to leave (dispute, needed room, etc.)",,,,,,,,
185,R_fQb8kBWWA16msWP,2025-07-16 14:35:03,37.780345,-122.413787,coord_decimal,236.1,1.0,Female,37.0,White,,,,,0,0,0,0,0.4166666666666667,Pet Policy,5.0,4.0,8.0,2.0,11.0,12.0,10.0,9.0,7.0,1.0,6.0,3.0,Housing Type 1,Housing Type 2,Housing Type 2,Housing Type 2,Housing Type 1,Housing Type 1,Housing Type 1,Housing Type 2,Housing Type 1,Housing Type 2,Housing Type 2,Housing Type 2,Yes,No,Yes,Yes,Yes,Yes,No,No,No,No,No,No,,Chose to leave due to issues with family/friend/roommate,,,,,,,
186,R_kyaEmYpn8DwAi44,2025-07-16 17:31:28,37.782023,-122.413917,coord_decimal,61.1,0.0,Male,42.0,,,Black,,,0,0,0,0,1.0,How Clean it is,3.0,2.0,9.0,4.0,5.0,12.0,7.0,11.0,8.0,10.0,6.0,1.0,Housing Type 1,Housing Type 2,Housing Type 1,Housing Type 1,Housing Type 1,Housing Type 2,Housing Type 2,Housing Type 1,Housing Type 1,Housing Type 1,Housing Type 2,Housing Type 1,Yes,Yes,Yes,Yes,Yes,Yes,Yes,Yes,Yes,Yes,Yes,Yes,,,,,,,Released from jail/prison,,
187,R_0QQ8K4dyRwl5Mlr,2025-07-16 17:31:29,37.782047,-122.41384,coord_decimal,593.2,0.0,Female,37.0,,,Black,No Shelter/Outside,,0,0,0,0,0.9166666666666666,Case Management,6.0,4.0,2.0,1.0,7.0,8.0,10.0,5.0,9.0,12.0,11.0,3.0,Housing Type 1,Housing Type 2,Housing Type 1,Housing Type 1,Housing Type 1,Housing Type 1,Housing Type 2,Housing Type 2,Housing Type 2,Housing Type 1,Housing Type 2,Housing Type 2,Yes,Yes,Yes,No,Yes,Yes,Yes,Yes,Yes,Yes,Yes,Yes,,,,,,Eviction,,,
188,R_k1Ip8kXZxfva3Zl,2025-07-16 17:31:30,37.782023,-122.41386,coord_decimal,80.6,1.0,Male,52.0,,,Black,,,0,0,0,0,0.9166666666666666,How Clean it is,10.0,5.0,3.0,2.0,6.0,4.0,9.0,7.0,8.0,12.0,11.0,1.0,Housing Type 2,Housing Type 1,Housing Type 2,Housing Type 1,Housing Type 1,Housing Type 1,Housing Type 2,Housing Type 2,Housing Type 2,Housing Type 1,Housing Type 1,Housing Type 1,Yes,Yes,Yes,Yes,Yes,No,Yes,Yes,Yes,Yes,Yes,Yes,"Family/friend/roommate asked me to leave (dispute, needed room, etc.)",,,,,,,,
189,R_2rLkx938HnV7wq9,2025-07-16 17:31:31,37.781978,-122.413863,coord_decimal,662.6,0.0,Female,47.0,,,Black,No Shelter/Outside,,0,0,0,0,0.6666666666666666,Substance Use Policy,6.0,5.0,2.0,3.0,8.0,10.0,1.0,7.0,9.0,12.0,11.0,4.0,Housing Type 2,Housing Type 2,Housing Type 1,Housing Type 1,Housing Type 2,Housing Type 2,Housing Type 2,Housing Type 1,Housing Type 1,Housing Type 2,Housing Type 1,Housing Type 1,Yes,Yes,Yes,Yes,Yes,Yes,Yes,Yes,No,No,No,No,,,Divorce/breakup,,,,,,
190,R_7SfOholwrQmERtJ,2025-07-16 17:31:32,37.781998,-122.41386,coord_decimal,47.4,0.0,Male,46.0,,,Black,,,0,0,0,0,0.4166666666666667,Pet Policy,6.0,8.0,11.0,3.0,5.0,10.0,7.0,9.0,2.0,1.0,12.0,4.0,Housing Type 1,Housing Type 1,Housing Type 1,Housing Type 2,Housing Type 1,Housing Type 2,Housing Type 2,Housing Type 1,Housing Type 2,Housing Type 1,Housing Type 1,Housing Type 2,Yes,Yes,No,No,No,Yes,Yes,Yes,No,No,No,No,,,,,,Eviction,,,
191,R_4ZamD9URFNLtSwa,2025-07-16 17:31:33,37.782,-122.413822,coord_decimal,50.6,1.0,Male,42.0,,,Black,,,0,0,0,0,1.0,Security Guards,5.0,4.0,1.0,2.0,9.0,11.0,10.0,6.0,8.0,12.0,7.0,3.0,Housing Type 1,Housing Type 1,Housing Type 2,Housing Type 2,Housing Type 2,Housing Type 2,Housing Type 2,Housing Type 1,Housing Type 1,Housing Type 2,Housing Type 2,Housing Type 2,Yes,Yes,Yes,Yes,Yes,Yes,Yes,Yes,Yes,Yes,Yes,Yes,"Family/friend/roommate asked me to leave (dispute, needed room, etc.)",,,,,,,,
192,R_82hqfTngshsLJbs,2025-07-16 17:31:34,37.781842,-122.413963,coord_decimal,34.8,1.0,Female,40.0,White,,,No Shelter/Outside,,0,0,0,0,0.75,Length allowed to stay,8.0,1.0,3.0,5.0,4.0,9.0,12.0,7.0,10.0,11.0,6.0,2.0,Housing Type 2,Housing Type 1,Housing Type 2,Housing Type 2,Housing Type 2,Housing Type 1,Housing Type 1,Housing Type 1,Housing Type 1,Housing Type 1,Housing Type 1,Housing Type 2,Yes,Yes,No,No,Yes,Yes,Yes,Yes,Yes,No,Yes,Yes,,,,Could not pay rent,,,,,
193,R_kwLKkDxk1SiNezB,2025-07-17 11:42:51,37.923318,-122.362052,address,1191.7,1.0,Male,35.0,,Hispanic,,,No Shelter/Outside,0,0,0,0,1.0,Substance Use Policy,8.0,6.0,12.0,5.0,2.0,9.0,1.0,4.0,10.0,3.0,7.0,11.0,Housing Type 1,Housing Type 2,Housing Type 2,Housing Type 1,Housing Type 2,Housing Type 1,Housing Type 2,Housing Type 2,Housing Type 2,Housing Type 2,Housing Type 1,Housing Type 2,Yes,Yes,Yes,Yes,Yes,Yes,Yes,Yes,Yes,Yes,Yes,Yes,,,,Could not pay rent,,,,,
194,R_gWMN1szTunzJTZn,2025-07-17 11:42:52,37.924367,-122.362108,address,2451.0,1.0,Non-Binary/Other,26.0,,,,,,0,0,0,0,1.0,Level of privacy,1.0,4.0,8.0,9.0,5.0,6.0,11.0,7.0,12.0,3.0,10.0,2.0,Housing Type 2,Housing Type 2,Housing Type 2,Housing Type 2,Housing Type 2,Housing Type 1,Housing Type 2,Housing Type 2,Housing Type 2,Housing Type 2,Housing Type 1,Housing Type 2,Yes,Yes,Yes,Yes,Yes,Yes,Yes,Yes,Yes,Yes,Yes,Yes,,,,,,Eviction,,,
195,R_4LYMbMaAVd5G3o0,2025-07-17 11:42:55,37.92433,-122.362127,missing,,1.0,Female,26.0,,Hispanic,,No Shelter/Outside,No Shelter/Outside,0,0,0,0,0.08333333333333333,Level of privacy,1.0,4.0,11.0,9.0,6.0,2.0,7.0,5.0,10.0,8.0,12.0,3.0,Housing Type 2,Housing Type 2,Housing Type 2,Housing Type 2,Housing Type 2,Housing Type 2,Housing Type 2,Housing Type 2,Housing Type 2,Housing Type 2,Housing Type 2,Housing Type 2,Yes,No,No,No,No,No,No,No,No,No,No,No,,,,Could not pay rent,,,,,
196,R_hwD6fT6UMgnDByI,2025-07-17 11:42:56,37.931268,-122.364827,missing,,0.0,Male,42.0,,,,,,0,0,0,0,0.6666666666666666,How Clean it is,5.0,9.0,2.0,7.0,4.0,12.0,11.0,8.0,3.0,10.0,6.0,1.0,Housing Type 2,Housing Type 2,Housing Type 1,Housing Type 2,Housing Type 1,Housing Type 2,Housing Type 1,Housing Type 2,Housing Type 2,Housing Type 1,Housing Type 2,Housing Type 1,No,Yes,Yes,No,Yes,Yes,Yes,Yes,No,No,Yes,Yes,,,,,Rent increase,,,,
197,R_n8ggOri6tV6lzdF,2025-07-17 11:42:57,37.931333,-122.362537,area_vague,,1.0,Male,57.0,,,Black,,,0,0,0,0,1.0,Level of privacy,1.0,7.0,9.0,8.0,6.0,5.0,10.0,12.0,11.0,4.0,3.0,2.0,Housing Type 1,Housing Type 2,Housing Type 2,Housing Type 2,Housing Type 2,Housing Type 2,Housing Type 1,Housing Type 1,Housing Type 2,Housing Type 2,Housing Type 2,Housing Type 1,Yes,Yes,Yes,Yes,Yes,Yes,Yes,Yes,Yes,Yes,Yes,Yes,,,Divorce/breakup,,,,,,
198,R_mQwmP3bd6IrlMCr,2025-07-17 11:42:58,37.934915,-122.361677,missing,,0.0,Male,35.0,,Hispanic,,,,0,0,0,0,0.5833333333333334,Length allowed to stay,11.0,1.0,12.0,2.0,3.0,4.0,10.0,8.0,7.0,9.0,6.0,5.0,Housing Type 1,Housing Type 1,Housing Type 1,Housing Type 1,Housing Type 1,Housing Type 1,Housing Type 2,Housing Type 2,Housing Type 1,Housing Type 2,Housing Type 1,Housing Type 2,No,No,Yes,Yes,Yes,Yes,No,No,Yes,Yes,No,Yes,,,Divorce/breakup,,,,,,
199,R_0SwCRiwHePpz7Z8,2025-07-17 11:42:59,37.934918,-122.361713,missing,,1.0,Male,69.0,,Hispanic,,,,0,0,0,0,0.6666666666666666,How Clean it is,5.0,12.0,2.0,3.0,6.0,10.0,9.0,7.0,11.0,4.0,8.0,1.0,Housing Type 1,Housing Type 1,Housing Type 2,Housing Type 2,Housing Type 1,Housing Type 1,Housing Type 2,Housing Type 1,Housing Type 2,Housing Type 1,Housing Type 1,Housing Type 2,Yes,Yes,Yes,No,Yes,Yes,Yes,Yes,No,No,Yes,No,,,,,Rent increase,,,,
200,R_hE7UIG7Xj1fVaIY,2025-07-17 11:43:00,37.934958,-122.361693,missing,,1.0,Male,50.0,,,,,,0,0,0,0,0.75,How Clean it is,4.0,10.0,8.0,6.0,3.0,9.0,5.0,7.0,2.0,12.0,11.0,1.0,Housing Type 1,Housing Type 2,Housing Type 1,Housing Type 1,Housing Type 1,Housing Type 1,Housing Type 1,Housing Type 1,Housing Type 1,Housing Type 1,Housing Type 1,Housing Type 1,Yes,Yes,Yes,Yes,No,Yes,No,Yes,Yes,Yes,No,Yes,,Chose to leave due to issues with family/friend/roommate,,,,,,,
201,R_3PTbQ17i6mkS6fS,2025-07-17 11:43:01,37.934913,-122.361703,missing,,1.0,Female,34.0,,,,,No Shelter/Outside,0,0,0,0,0.75,Close to transit,4.0,12.0,10.0,5.0,1.0,6.0,11.0,7.0,8.0,3.0,2.0,9.0,Housing Type 1,Housing Type 1,Housing Type 2,Housing Type 1,Housing Type 1,Housing Type 2,Housing Type 2,Housing Type 2,Housing Type 1,Housing Type 2,Housing Type 2,Housing Type 1,No,Yes,No,Yes,Yes,Yes,Yes,Yes,Yes,Yes,No,Yes,,,,Could not pay rent,,,,,
202,R_fQ1H1XQVAsVmAHt,2025-07-17 11:43:02,37.93491,-122.361712,missing,,1.0,Male,36.0,,Hispanic,,,,0,0,0,0,0.5,Length allowed to stay,10.0,1.0,12.0,8.0,6.0,3.0,7.0,5.0,2.0,9.0,4.0,11.0,Housing Type 1,Housing Type 2,Housing Type 2,Housing Type 1,Housing Type 2,Housing Type 1,Housing Type 1,Housing Type 1,Housing Type 2,Housing Type 1,Housing Type 1,Housing Type 2,No,No,Yes,Yes,Yes,Yes,No,Yes,Yes,No,No,No,"Family/friend/roommate asked me to leave (dispute, needed room, etc.)",,,,,,,,
203,R_c3J3eCmpkU6dDs2,2025-07-17 11:43:03,37.944342,-122.349562,area_vague,,1.0,Non-Binary/Other,38.0,,Hispanic,,,No Shelter/Outside,0,0,0,0,1.0,Level of privacy,1.0,5.0,12.0,7.0,8.0,9.0,11.0,3.0,4.0,10.0,6.0,2.0,Housing Type 2,Housing Type 1,Housing Type 1,Housing Type 2,Housing Type 1,Housing Type 2,Housing Type 2,Housing Type 1,Housing Type 1,Housing Type 1,Housing Type 2,Housing Type 2,Yes,Yes,Yes,Yes,Yes,Yes,Yes,Yes,Yes,Yes,Yes,Yes,,,,,,,Released from jail/prison,,
204,R_gzYnHpW1D65eIIE,2025-07-17 11:43:04,37.94425,-122.349597,junk,,1.0,Female,38.0,,Hispanic,,,No Shelter/Outside,0,0,0,0,1.0,Participation in rule mak,6.0,4.0,8.0,2.0,5.0,3.0,12.0,1.0,7.0,9.0,10.0,11.0,Housing Type 2,Housing Type 1,Housing Type 1,Housing Type 2,Housing Type 2,Housing Type 1,Housing Type 1,Housing Type 1,Housing Type 1,Housing Type 2,Housing Type 2,Housing Type 1,Yes,Yes,Yes,Yes,Yes,Yes,Yes,Yes,Yes,Yes,Yes,Yes,,Chose to leave due to issues with family/friend/roommate,,,,,,,
205,R_lLPlroakFSCTzOu,2025-07-17 11:43:05,37.944235,-122.349667,junk,,0.0,Female,,,,Black,No Shelter/Outside,No Shelter/Outside,0,0,0,0,1.0,Security Guards,3.0,6.0,1.0,11.0,5.0,2.0,7.0,9.0,10.0,8.0,4.0,12.0,Housing Type 2,Housing Type 2,Housing Type 1,Housing Type 1,Housing Type 1,Housing Type 1,Housing Type 1,Housing Type 1,Housing Type 1,Housing Type 1,Housing Type 1,Housing Type 1,Yes,Yes,Yes,Yes,Yes,Yes,Yes,Yes,Yes,Yes,Yes,Yes,"Family/friend/roommate asked me to leave (dispute, needed room, etc.)",,,,,,,,
206,R_oOtvqxhkSA9EveX,2025-07-18 14:41:02,37.784702,-122.412014,area_vague,,1.0,Male,55.0,,Hispanic,,No Shelter/Outside,No Shelter/Outside,0,0,0,0,1.0,Substance Use Policy,12.0,3.0,5.0,2.0,10.0,6.0,1.0,8.0,7.0,9.0,4.0,11.0,Housing Type 2,Housing Type 1,Housing Type 1,Housing Type 1,Housing Type 1,Housing Type 1,Housing Type 2,Housing Type 2,Housing Type 1,Housing Type 1,Housing Type 1,Housing Type 2,Yes,Yes,Yes,Yes,Yes,Yes,Yes,Yes,Yes,Yes,Yes,Yes,,,,Could not pay rent,,,,,
207,R_d9FtIVDkyh7Md4y,2025-07-18 14:59:01,37.784709,-122.412014,area_vague,,1.0,Male,34.0,,,Black,No Shelter/Outside,No Shelter/Outside,0,0,0,0,1.0,Substance Use Policy,10.0,5.0,6.0,3.0,2.0,9.0,1.0,11.0,7.0,12.0,8.0,4.0,Housing Type 1,Housing Type 2,Housing Type 1,Housing Type 2,Housing Type 2,Housing Type 2,Housing Type 2,Housing Type 2,Housing Type 2,Housing Type 1,Housing Type 2,Housing Type 1,Yes,Yes,Yes,Yes,Yes,Yes,Yes,Yes,Yes,Yes,Yes,Yes,,,Divorce/breakup,,,Eviction,,,
208,R_2Hic4JGmtKUjsnv,2025-07-18 15:23:01,37.78456,-122.411772,address,2935.5,1.0,Male,33.0,,,Black,,No Shelter/Outside,0,0,0,0,1.0,Level of privacy,1.0,5.0,3.0,10.0,6.0,2.0,11.0,7.0,8.0,12.0,9.0,4.0,Housing Type 1,Housing Type 2,Housing Type 1,Housing Type 1,Housing Type 1,Housing Type 2,Housing Type 1,Housing Type 1,Housing Type 1,Housing Type 2,Housing Type 1,Housing Type 1,Yes,Yes,Yes,Yes,Yes,Yes,Yes,Yes,Yes,Yes,Yes,Yes,,,,Could not pay rent,,,,Other (Specify),Lost job
209,R_3qSQ16MzAYM96E6,2025-07-18 15:53:21,37.784702,-122.412018,address,13745.0,0.0,Male,31.0,,,Black,,,0,0,0,0,1.0,Level of privacy,1.0,6.0,9.0,2.0,10.0,5.0,7.0,3.0,4.0,11.0,8.0,12.0,Housing Type 2,Housing Type 2,Housing Type 1,Housing Type 2,Housing Type 1,Housing Type 2,Housing Type 2,Housing Type 2,Housing Type 2,Housing Type 1,Housing Type 2,Housing Type 1,Yes,Yes,Yes,Yes,Yes,Yes,Yes,Yes,Yes,Yes,Yes,Yes,,,,,,,,Other (Specify),Not on lease
210,R_dtCGW56At1fWWKh,2025-07-18 16:22:05,37.784745,-122.412051,address,6.9,0.0,Female,63.0,,,Black,,,0,0,0,0,0.8333333333333334,Level of privacy,1.0,3.0,2.0,12.0,5.0,10.0,8.0,7.0,6.0,11.0,9.0,4.0,Housing Type 2,Housing Type 1,Housing Type 1,Housing Type 2,Housing Type 1,Housing Type 1,Housing Type 1,Housing Type 2,Housing Type 2,Housing Type 2,Housing Type 1,Housing Type 2,No,Yes,Yes,Yes,No,Yes,Yes,Yes,Yes,Yes,Yes,Yes,,,,,,,,Other (Specify),Fired of theff and dirty living
211,R_oySrq63Fjk4kX70,2025-07-18 16:28:04,37.784708,-122.412018,address,1297.2,0.0,Male,57.0,,,,No Shelter/Outside,No Shelter/Outside,0,0,0,0,1.0,Pet Policy,3.0,4.0,7.0,8.0,6.0,9.0,2.0,11.0,5.0,1.0,12.0,10.0,Housing Type 2,Housing Type 1,Housing Type 1,Housing Type 1,Housing Type 2,Housing Type 2,Housing Type 2,Housing Type 2,Housing Type 2,Housing Type 1,Housing Type 1,Housing Type 2,Yes,Yes,Yes,Yes,Yes,Yes,Yes,Yes,Yes,Yes,Yes,Yes,,,,,,,,Other (Specify),Voluntary
212,R_iBdNRxi0nCSpX7S,2025-07-18 16:47:24,37.784717,-122.412029,address,324.3,0.0,Male,33.0,White,,,No Shelter/Outside,No Shelter/Outside,0,0,0,0,0.9166666666666666,Level of privacy,1.0,11.0,8.0,2.0,9.0,3.0,4.0,10.0,6.0,12.0,5.0,7.0,Housing Type 2,Housing Type 2,Housing Type 2,Housing Type 2,Housing Type 2,Housing Type 1,Housing Type 1,Housing Type 2,Housing Type 1,Housing Type 2,Housing Type 1,Housing Type 2,Yes,Yes,Yes,Yes,No,Yes,Yes,Yes,Yes,Yes,Yes,Yes,,Chose to leave due to issues with family/friend/roommate,,,,Eviction,,,
213,R_0VMwKZvjU1SQxqz,2025-07-18 16:50:04,37.784708,-122.412009,coord_decimal,133.2,1.0,Female,44.0,White,,,No Shelter/Outside,No Shelter/Outside,0,0,0,0,1.0,Case Management,3.0,5.0,10.0,1.0,8.0,11.0,12.0,4.0,7.0,9.0,6.0,2.0,Housing Type 1,Housing Type 2,Housing Type 2,Housing Type 2,Housing Type 1,Housing Type 1,Housing Type 2,Housing Type 1,Housing Type 1,Housing Type 2,Housing Type 2,Housing Type 1,Yes,Yes,Yes,Yes,Yes,Yes,Yes,Yes,Yes,Yes,Yes,Yes,,,,,,,,Other (Specify),Partner death
214,R_gFNDFj2o7WqXl8p,2025-07-18 17:10:25,37.784703,-122.412027,area_vague,,0.0,Female,59.0,,,Black,No Shelter/Outside,No Shelter/Outside,0,0,0,0,1.0,Security Guards,3.0,5.0,1.0,12.0,6.0,7.0,8.0,4.0,9.0,11.0,10.0,2.0,Housing Type 1,Housing Type 1,Housing Type 2,Housing Type 2,Housing Type 1,Housing Type 2,Housing Type 2,Housing Type 1,Housing Type 2,Housing Type 1,Housing Type 2,Housing Type 2,Yes,Yes,Yes,Yes,Yes,Yes,Yes,Yes,Yes,Yes,Yes,Yes,,,,Could not pay rent,,,,,
215,R_f6JZDj7SVd0M8ee,2025-07-18 17:16:04,37.78469,-122.412008,coord_decimal,134.0,1.0,Male,39.0,,,Black,No Shelter/Outside,No Shelter/Outside,0,0,0,0,1.0,Participation in rule mak,3.0,8.0,12.0,2.0,4.0,10.0,9.0,1.0,11.0,5.0,7.0,6.0,Housing Type 1,Housing Type 1,Housing Type 1,Housing Type 1,Housing Type 2,Housing Type 1,Housing Type 1,Housing Type 2,Housing Type 2,Housing Type 2,Housing Type 1,Housing Type 1,Yes,Yes,Yes,Yes,Yes,Yes,Yes,Yes,Yes,Yes,Yes,Yes,,,,,,Eviction,,,
216,R_nvAGzSgfg7aeE4J,2025-07-25 11:21:55,37.972407,-122.342767,address,3071.5,1.0,Female,34.0,,,,,,0,0,0,0,1.0,How Clean it is,10.0,5.0,7.0,4.0,3.0,2.0,12.0,8.0,6.0,11.0,9.0,1.0,Housing Type 1,Housing Type 1,Housing Type 1,Housing Type 1,Housing Type 1,Housing Type 1,Housing Type 2,Housing Type 2,Housing Type 1,Housing Type 1,Housing Type 1,Housing Type 1,Yes,Yes,Yes,Yes,Yes,Yes,Yes,Yes,Yes,Yes,Yes,Yes,"Family/friend/roommate asked me to leave (dispute, needed room, etc.)",,,Could not pay rent,,,Released from jail/prison,,
217,R_jB9fEXMelujcvLR,2025-07-25 11:21:56,37.972438,-122.342478,address,22188.7,1.0,Female,30.0,,Hispanic,,No Shelter/Outside,No Shelter/Outside,0,0,0,0,1.0,Case Management,5.0,8.0,3.0,1.0,2.0,6.0,10.0,4.0,9.0,7.0,12.0,11.0,Housing Type 1,Housing Type 1,Housing Type 1,Housing Type 1,Housing Type 1,Housing Type 2,Housing Type 1,Housing Type 2,Housing Type 2,Housing Type 1,Housing Type 1,Housing Type 2,Yes,Yes,Yes,Yes,Yes,Yes,Yes,Yes,Yes,Yes,Yes,Yes,"Family/friend/roommate asked me to leave (dispute, needed room, etc.)",Chose to leave due to issues with family/friend/roommate,,Could not pay rent,,,,,
218,R_fnkrEKseqscO3kg,2025-07-25 11:21:57,37.955482,-122.335647,missing,,1.0,Female,24.0,,Hispanic,,,,0,0,0,0,1.0,Curfew Policy,10.0,3.0,4.0,12.0,5.0,9.0,7.0,11.0,1.0,6.0,8.0,2.0,Housing Type 1,Housing Type 1,Housing Type 1,Housing Type 1,Housing Type 1,Housing Type 1,Housing Type 1,Housing Type 1,Housing Type 1,Housing Type 1,Housing Type 1,Housing Type 1,Yes,Yes,Yes,Yes,Yes,Yes,Yes,Yes,Yes,Yes,Yes,Yes,,,,,,,Released from jail/prison,,
219,R_7iuOiCWpOzm4y7k,2025-07-25 11:21:58,37.944495,-122.349843,address,585.8,0.0,Transgender Man,37.0,,,,No Shelter/Outside,No Shelter/Outside,0,0,0,0,0.5833333333333334,Security Guards,5.0,8.0,1.0,6.0,10.0,9.0,12.0,2.0,11.0,7.0,3.0,4.0,Housing Type 1,Housing Type 1,Housing Type 1,Housing Type 1,Housing Type 1,Housing Type 1,Housing Type 1,Housing Type 2,Housing Type 1,Housing Type 1,Housing Type 1,Housing Type 1,Yes,Yes,No,No,No,No,No,Yes,Yes,Yes,Yes,Yes,"Family/friend/roommate asked me to leave (dispute, needed room, etc.)",,,,,,,,
220,R_9lHUUHWupGGzwKI,2025-07-25 11:21:59,37.94425,-122.349627,missing,,0.0,Male,35.0,,Hispanic,,,No Shelter/Outside,0,0,0,0,0.9166666666666666,Partners Policy,8.0,9.0,7.0,5.0,4.0,11.0,12.0,10.0,3.0,6.0,1.0,2.0,Housing Type 1,Housing Type 2,Housing Type 1,Housing Type 1,Housing Type 2,Housing Type 1,Housing Type 2,Housing Type 1,Housing Type 1,Housing Type 1,Housing Type 1,Housing Type 1,Yes,Yes,No,Yes,Yes,Yes,Yes,Yes,Yes,Yes,Yes,Yes,,,Divorce/breakup,,,,,,
221,R_gvWJbJgioklUz1V,2025-07-25 11:22:00,37.94418,-122.349658,address,569.8,1.0,Male,25.0,,,Black,,,0,0,0,0,0.5833333333333334,Substance Use Policy,12.0,7.0,11.0,2.0,8.0,10.0,1.0,3.0,5.0,6.0,4.0,9.0,Housing Type 2,Housing Type 1,Housing Type 2,Housing Type 1,Housing Type 1,Housing Type 2,Housing Type 2,Housing Type 1,Housing Type 1,Housing Type 1,Housing Type 1,Housing Type 2,Yes,Yes,No,Yes,Yes,No,Yes,Yes,No,No,Yes,No,,Chose to leave due to issues with family/friend/roommate,,,,,,,
222,R_g9iQbdwhVILt7cV,2025-07-25 11:22:01,37.946885,-122.348273,address,21578.9,1.0,Male,55.0,,Hispanic,,,,0,0,0,0,0.75,How Clean it is,4.0,7.0,9.0,5.0,12.0,3.0,2.0,11.0,10.0,8.0,6.0,1.0,Housing Type 1,Housing Type 1,Housing Type 1,Housing Type 2,Housing Type 2,Housing Type 1,Housing Type 2,Housing Type 1,Housing Type 1,Housing Type 1,Housing Type 1,Housing Type 1,Yes,No,Yes,No,Yes,Yes,No,Yes,Yes,Yes,Yes,Yes,,,,Could not pay rent,,,,,
223,R_kAjLtyT0qQi53a0,2025-07-25 11:22:02,37.946578,-122.347577,address,92624.1,1.0,Female,33.0,White,,,,,0,0,0,0,1.0,Length allowed to stay,2.0,1.0,4.0,12.0,11.0,9.0,3.0,6.0,10.0,7.0,5.0,8.0,Housing Type 1,Housing Type 2,Housing Type 1,Housing Type 2,Housing Type 1,Housing Type 1,Housing Type 2,Housing Type 1,Housing Type 1,Housing Type 2,Housing Type 2,Housing Type 1,Yes,Yes,Yes,Yes,Yes,Yes,Yes,Yes,Yes,Yes,Yes,Yes,,,Divorce/breakup,,,,,,
224,R_fzALG57iIqHHsF7,2025-07-25 11:22:03,37.934918,-122.361827,address,18223.2,0.0,Transgender Woman,55.0,,,,,,0,0,0,0,1.0,Security Guards,11.0,3.0,1.0,8.0,12.0,5.0,9.0,10.0,7.0,6.0,4.0,2.0,Housing Type 2,Housing Type 1,Housing Type 1,Housing Type 1,Housing Type 1,Housing Type 1,Housing Type 1,Housing Type 1,Housing Type 1,Housing Type 1,Housing Type 1,Housing Type 1,Yes,Yes,Yes,Yes,Yes,Yes,Yes,Yes,Yes,Yes,Yes,Yes,,Chose to leave due to issues with family/friend/roommate,,,,,,,
225,R_7GayuJS43rMGwpm,2025-07-25 11:22:04,37.934913,-122.361718,missing,,0.0,Female,42.0,,Hispanic,,,,0,0,0,0,1.0,How Clean it is,9.0,12.0,4.0,10.0,7.0,11.0,6.0,2.0,5.0,8.0,3.0,1.0,Housing Type 2,Housing Type 2,Housing Type 1,Housing Type 1,Housing Type 1,Housing Type 1,Housing Type 1,Housing Type 2,Housing Type 1,Housing Type 1,Housing Type 1,Housing Type 1,Yes,Yes,Yes,Yes,Yes,Yes,Yes,Yes,Yes,Yes,Yes,Yes,,Chose to leave due to issues with family/friend/roommate,,,,,,,
226,R_0GXiPsp8tmuVepX,2025-07-25 14:46:09,37.785118,-122.411525,area_vague,,0.0,Male,53.0,,,Black,,No Shelter/Outside,0,0,0,0,0.8333333333333334,Level of privacy,1.0,4.0,5.0,12.0,8.0,9.0,6.0,10.0,3.0,11.0,7.0,2.0,Housing Type 2,Housing Type 1,Housing Type 1,Housing Type 1,Housing Type 1,Housing Type 1,Housing Type 1,Housing Type 2,Housing Type 2,Housing Type 1,Housing Type 2,Housing Type 1,Yes,Yes,Yes,Yes,Yes,Yes,Yes,Yes,Yes,No,Yes,No,,,,,,,,Other (Specify),Timed out of transitional housing znd no hekp to find other housing
227,R_8YS7HJEQFGsBJE0,2025-07-25 15:03:30,37.784917,-122.412075,address,25.9,1.0,Male,49.0,White,,,No Shelter/Outside,No Shelter/Outside,0,0,0,0,0.5,Case Management,2.0,4.0,6.0,1.0,7.0,11.0,3.0,9.0,10.0,8.0,12.0,5.0,Housing Type 2,Housing Type 2,Housing Type 2,Housing Type 1,Housing Type 1,Housing Type 1,Housing Type 2,Housing Type 1,Housing Type 1,Housing Type 1,Housing Type 1,Housing Type 2,Yes,Yes,Yes,Yes,No,No,No,No,Yes,No,No,Yes,,,,Could not pay rent,,,,,
228,R_lmKGb44rTZpmooT,2025-07-25 15:32:08,37.784712,-122.412019,area_vague,,0.0,Male,57.0,White,,,No Shelter/Outside,No Shelter/Outside,0,0,0,0,1.0,Curfew Policy,3.0,5.0,8.0,9.0,6.0,11.0,2.0,7.0,1.0,12.0,10.0,4.0,Housing Type 2,Housing Type 2,Housing Type 1,Housing Type 2,Housing Type 1,Housing Type 2,Housing Type 1,Housing Type 2,Housing Type 2,Housing Type 1,Housing Type 1,Housing Type 2,Yes,Yes,Yes,Yes,Yes,Yes,Yes,Yes,Yes,Yes,Yes,Yes,"Family/friend/roommate asked me to leave (dispute, needed room, etc.)",,,,,,,,
229,R_9SesYWHjq92k7ab,2025-07-25 15:34:31,37.784726,-122.412027,address,4.2,1.0,Male,33.0,White,,,No Shelter/Outside,No Shelter/Outside,0,0,0,0,1.0,Case Management,4.0,5.0,12.0,1.0,7.0,3.0,2.0,9.0,6.0,11.0,10.0,8.0,Housing Type 2,Housing Type 1,Housing Type 2,Housing Type 1,Housing Type 1,Housing Type 1,Housing Type 1,Housing Type 1,Housing Type 1,Housing Type 2,Housing Type 2,Housing Type 2,Yes,Yes,Yes,Yes,Yes,Yes,Yes,Yes,Yes,Yes,Yes,Yes,,,,,,,Released from jail/prison,,
230,R_169c7gYvsN93jEt,2025-07-25 15:50:30,37.784703,-122.412024,address,1.7,0.0,Male,30.0,,Hispanic,,No Shelter/Outside,No Shelter/Outside,0,0,0,0,1.0,Level of privacy,1.0,2.0,7.0,8.0,5.0,9.0,6.0,10.0,3.0,4.0,11.0,12.0,Housing Type 2,Housing Type 1,Housing Type 2,Housing Type 1,Housing Type 1,Housing Type 1,Housing Type 2,Housing Type 2,Housing Type 1,Housing Type 2,Housing Type 1,Housing Type 1,Yes,Yes,Yes,Yes,Yes,Yes,Yes,Yes,Yes,Yes,Yes,Yes,,,,,,,,Other (Specify),Substance abuse
231,R_lakucnlQfiESs51,2025-07-25 15:53:08,37.784722,-122.412032,area_vague,,0.0,Male,49.0,White,,,,No Shelter/Outside,0,0,0,0,1.0,Substance Use Policy,7.0,3.0,6.0,12.0,5.0,4.0,1.0,10.0,2.0,11.0,9.0,8.0,Housing Type 2,Housing Type 2,Housing Type 1,Housing Type 1,Housing Type 1,Housing Type 1,Housing Type 2,Housing Type 1,Housing Type 2,Housing Type 2,Housing Type 2,Housing Type 2,Yes,Yes,Yes,Yes,Yes,Yes,Yes,Yes,Yes,Yes,Yes,Yes,"Family/friend/roommate asked me to leave (dispute, needed room, etc.)",Chose to leave due to issues with family/friend/roommate,Divorce/breakup,Could not pay rent,,Eviction,Released from jail/prison,,
232,R_1FrOV4gRGrtWA4K,2025-07-25 16:09:58,37.784699,-122.412029,address,1825.2,0.0,Male,57.0,White,,,No Shelter/Outside,No Shelter/Outside,0,0,0,0,1.0,How Clean it is,7.0,8.0,6.0,3.0,2.0,12.0,4.0,9.0,5.0,11.0,10.0,1.0,Housing Type 2,Housing Type 2,Housing Type 2,Housing Type 1,Housing Type 1,Housing Type 1,Housing Type 1,Housing Type 2,Housing Type 1,Housing Type 2,Housing Type 1,Housing Type 2,Yes,Yes,Yes,Yes,Yes,Yes,Yes,Yes,Yes,Yes,Yes,Yes,,,,,,Eviction,,,
233,R_mWEJU6V9s7P6iFQ,2025-07-25 16:13:08,37.784732,-122.412026,address,4251.0,0.0,Male,44.0,,,Black,,No Shelter/Outside,0,0,0,0,1.0,Level of privacy,1.0,7.0,6.0,10.0,4.0,8.0,3.0,12.0,5.0,9.0,11.0,2.0,Housing Type 1,Housing Type 1,Housing Type 1,Housing Type 2,Housing Type 1,Housing Type 2,Housing Type 2,Housing Type 2,Housing Type 1,Housing Type 2,Housing Type 2,Housing Type 1,Yes,Yes,Yes,Yes,Yes,Yes,Yes,Yes,Yes,Yes,Yes,Yes,"Family/friend/roommate asked me to leave (dispute, needed room, etc.)",Chose to leave due to issues with family/friend/roommate,,,,,,,
234,R_af7goFiS725GwUm,2025-07-26 21:53:37,37.821417,-122.287117,coord_decimal,66.7,1.0,Male,70.0,,,Black,,,5,0,9,4,0.6666666666666666,Level of privacy,1.0,6.0,11.0,2.0,12.0,10.0,4.0,8.0,3.0,5.0,9.0,7.0,Housing Type 1,Housing Type 1,Housing Type 2,Housing Type 2,Housing Type 1,Housing Type 1,Housing Type 1,Housing Type 1,Housing Type 2,Housing Type 1,Housing Type 1,Housing Type 2,Yes,Yes,Yes,Yes,Yes,Yes,Yes,Yes,No,No,No,No,,,,,,,,Other (Specify),Mom passed away
235,R_b312V7qYApV8YrU,2025-07-26 21:53:38,37.822253,-122.287508,coord_decimal,61.2,1.0,Male,49.0,,,,,No Shelter/Outside,3,0,9,4,0.75,Proximity to where you st,3.0,4.0,12.0,5.0,10.0,1.0,8.0,2.0,6.0,9.0,11.0,7.0,Housing Type 2,Housing Type 1,Housing Type 1,Housing Type 1,Housing Type 2,Housing Type 1,Housing Type 1,Housing Type 2,Housing Type 1,Housing Type 1,Housing Type 2,Housing Type 1,Yes,Yes,Yes,Yes,Yes,Yes,Yes,Yes,No,Yes,No,No,,,,,,,Released from jail/prison,,
236,R_2MZvkfA1Jtkf6KH,2025-07-26 21:53:39,37.822253,-122.287558,coord_decimal,59.8,0.0,Female,37.0,,,,,,3,0,9,4,0.5,Pet Policy,10.0,3.0,6.0,4.0,12.0,11.0,5.0,8.0,9.0,1.0,7.0,2.0,Housing Type 1,Housing Type 2,Housing Type 1,Housing Type 1,Housing Type 2,Housing Type 1,Housing Type 2,Housing Type 2,Housing Type 2,Housing Type 1,Housing Type 2,Housing Type 2,Yes,No,Yes,Yes,No,Yes,Yes,Yes,No,No,No,No,,,,,,Eviction,,,
237,R_5U7vmIvkCxMoIj0,2025-07-26 21:53:40,37.822295,-122.287445,coord_decimal,67.7,1.0,Male,45.0,White,,,,,3,0,9,4,1.0,How Clean it is,3.0,7.0,11.0,4.0,5.0,2.0,9.0,6.0,8.0,12.0,10.0,1.0,Housing Type 2,Housing Type 1,Housing Type 1,Housing Type 1,Housing Type 1,Housing Type 2,Housing Type 2,Housing Type 2,Housing Type 1,Housing Type 2,Housing Type 2,Housing Type 1,Yes,Yes,Yes,Yes,Yes,Yes,Yes,Yes,Yes,Yes,Yes,Yes,,,,Could not pay rent,,,,Other (Specify),Medical issues stopped workimb
238,R_6ayCUlJ24u1ZdS5,2025-07-26 21:53:41,37.822627,-122.287628,coord_decimal,99.4,1.0,Male,41.0,,,Black,,,0,0,9,4,0.25,Length allowed to stay,4.0,1.0,10.0,6.0,11.0,8.0,3.0,7.0,5.0,12.0,2.0,9.0,Housing Type 2,Housing Type 1,Housing Type 1,Housing Type 1,Housing Type 1,Housing Type 1,Housing Type 1,Housing Type 2,Housing Type 1,Housing Type 1,Housing Type 1,Housing Type 1,Yes,No,No,No,No,Yes,No,Yes,No,No,No,No,,Chose to leave due to issues with family/friend/roommate,,,,,,,
239,R_aVRlNJzUFHcZJPf,2025-07-27 23:52:36,37.818963,-122.276567,coord_decimal,119.2,0.0,Male,41.0,,,Black,,,0,0,3,3,0.25,Partners Policy,2.0,9.0,10.0,5.0,12.0,7.0,3.0,6.0,8.0,11.0,1.0,4.0,Housing Type 2,Housing Type 2,Housing Type 2,Housing Type 2,Housing Type 2,Housing Type 1,Housing Type 2,Housing Type 1,Housing Type 1,Housing Type 2,Housing Type 1,Housing Type 2,No,No,Yes,No,No,Yes,No,Yes,No,No,No,No,,,,,,,,Other (Specify),Housed burned down
240,R_41mVysmU33icc9B,2025-07-27 23:52:37,37.823237,-122.266312,coord_decimal,983.0,1.0,Male,57.0,,,Black,,,7,6,15,12,0.8333333333333334,Pet Policy,7.0,5.0,6.0,2.0,4.0,12.0,9.0,8.0,11.0,1.0,10.0,3.0,Housing Type 2,Housing Type 2,Housing Type 2,Housing Type 2,Housing Type 1,Housing Type 2,Housing Type 2,Housing Type 1,Housing Type 2,Housing Type 2,Housing Type 1,Housing Type 1,Yes,Yes,Yes,Yes,Yes,Yes,No,Yes,No,Yes,Yes,Yes,,,,,,,,Other (Specify),Wife moved and was wupposed to come back
241,R_bRWVuJdkOudJbnv,2025-07-27 23:52:38,37.823438,-122.266142,coord_decimal,1007.1,1.0,Female,39.0,White,,,,,6,5,15,12,0.9166666666666666,Level of privacy,1.0,10.0,5.0,3.0,2.0,8.0,7.0,11.0,4.0,12.0,9.0,6.0,Housing Type 1,Housing Type 2,Housing Type 2,Housing Type 2,Housing Type 2,Housing Type 2,Housing Type 2,Housing Type 1,Housing Type 2,Housing Type 2,Housing Type 2,Housing Type 2,Yes,Yes,Yes,Yes,Yes,Yes,Yes,Yes,No,Yes,Yes,Yes,,,,,,,,Other (Specify),Significant other died
242,R_cUCfmzneYbK3DXr,2025-07-27 23:52:39,37.823975,-122.265943,coord_decimal,1053.0,0.0,Male,33.0,,Hispanic,,,,6,5,8,7,0.9166666666666666,Level of privacy,1.0,5.0,10.0,3.0,6.0,8.0,11.0,9.0,4.0,2.0,12.0,7.0,Housing Type 2,Housing Type 2,Housing Type 1,Housing Type 1,Housing Type 2,Housing Type 2,Housing Type 1,Housing Type 1,Housing Type 1,Housing Type 1,Housing Type 1,Housing Type 1,No,Yes,Yes,Yes,Yes,Yes,Yes,Yes,Yes,Yes,Yes,Yes,,,,,,,,Other (Specify),Relapsed
243,R_hBnRyW1yis03BdP,2025-07-27 23:52:40,37.8188962,-122.2760618,coord_decimal,,0.0,Male,45.0,,,Black,,,0,0,2,2,0.9166666666666666,Substance Use Policy,3.0,5.0,6.0,2.0,10.0,9.0,1.0,8.0,4.0,11.0,12.0,7.0,Housing Type 2,Housing Type 2,Housing Type 2,Housing Type 2,Housing Type 2,Housing Type 2,Housing Type 2,Housing Type 2,Housing Type 1,Housing Type 2,Housing Type 1,Housing Type 1,Yes,Yes,Yes,No,Yes,Yes,Yes,Yes,Yes,Yes,Yes,Yes,,,,,,,,Other (Specify),Roommate move
244,R_34amuICPKto8y1C,2025-07-27 23:52:41,37.8188962,-122.2760618,coord_decimal,,0.0,Male,43.0,White,,,,,0,0,2,2,0.75,How Clean it is,10.0,3.0,6.0,9.0,5.0,4.0,2.0,11.0,7.0,8.0,12.0,1.0,Housing Type 1,Housing Type 2,Housing Type 2,Housing Type 2,Housing Type 1,Housing Type 2,Housing Type 2,Housing Type 1,Housing Type 2,Housing Type 2,Housing Type 2,Housing Type 1,Yes,No,No,Yes,No,Yes,Yes,Yes,Yes,Yes,Yes,Yes,,,,,Rent increase,,,,
245,R_1TzA0NwCgcl3BnO,2025-07-27 23:52:42,37.817458,-122.271385,coord_decimal,440.8,0.0,Male,62.0,,,Black,,,13,13,44,38,0.75,Level of privacy,1.0,4.0,2.0,7.0,11.0,8.0,3.0,9.0,10.0,12.0,6.0,5.0,Housing Type 2,Housing Type 1,Housing Type 2,Housing Type 1,Housing Type 2,Housing Type 1,Housing Type 1,Housing Type 2,Housing Type 2,Housing Type 2,Housing Type 1,Housing Type 2,Yes,Yes,Yes,No,Yes,No,Yes,Yes,No,Yes,Yes,Yes,,,,,,Eviction,,,
246,R_0VzHOzGc8GPBEsY,2025-07-27 23:52:43,37.817393,-122.271467,coord_decimal,12.7,,Male,60.0,,,Black,,,13,13,44,38,0.75,Level of privacy,1.0,6.0,5.0,7.0,9.0,12.0,4.0,3.0,10.0,8.0,11.0,2.0,Housing Type 1,Housing Type 2,Housing Type 2,Housing Type 2,Housing Type 2,Housing Type 2,Housing Type 2,Housing Type 1,Housing Type 2,Housing Type 1,Housing Type 1,Housing Type 1,Yes,Yes,Yes,Yes,Yes,Yes,Yes,Yes,Yes,No,No,No,,,,Could not pay rent,,,,,
247,R_kDE8w0oGP0KiG2R,2025-07-27 23:52:44,37.817368,-122.271435,coord_decimal,13.0,0.0,Male,45.0,,,Black,,,13,13,44,38,0.75,Curfew Policy,7.0,9.0,3.0,4.0,5.0,11.0,2.0,8.0,1.0,12.0,10.0,6.0,Housing Type 1,Housing Type 2,Housing Type 1,Housing Type 1,Housing Type 2,Housing Type 1,Housing Type 1,Housing Type 1,Housing Type 1,Housing Type 1,Housing Type 1,Housing Type 2,Yes,Yes,Yes,Yes,Yes,No,Yes,No,Yes,Yes,Yes,No,"Family/friend/roommate asked me to leave (dispute, needed room, etc.)",,,,,,,,
248,R_4qmDrWYTVu8odoI,2025-07-27 23:52:45,37.817038,-122.27195,coord_decimal,45.4,0.0,Male,51.0,,,Black,,,13,13,43,41,1.0,Substance Use Policy,3.0,12.0,8.0,2.0,10.0,7.0,1.0,11.0,4.0,9.0,6.0,5.0,Housing Type 2,Housing Type 1,Housing Type 1,Housing Type 1,Housing Type 2,Housing Type 1,Housing Type 2,Housing Type 2,Housing Type 1,Housing Type 1,Housing Type 2,Housing Type 2,Yes,Yes,Yes,Yes,Yes,Yes,Yes,Yes,Yes,Yes,Yes,Yes,,,,,,,,Other (Specify),Timed out
249,R_nCsE42N9tDCSxBz,2025-07-27 23:52:46,37.816962,-122.271982,coord_decimal,53.2,0.0,Male,46.0,White,,,No Shelter/Outside,No Shelter/Outside,13,13,43,41,1.0,Level of privacy,1.0,6.0,10.0,5.0,4.0,2.0,8.0,9.0,7.0,12.0,11.0,3.0,Housing Type 1,Housing Type 1,Housing Type 2,Housing Type 1,Housing Type 1,Housing Type 2,Housing Type 2,Housing Type 2,Housing Type 1,Housing Type 1,Housing Type 2,Housing Type 1,Yes,Yes,Yes,Yes,Yes,Yes,Yes,Yes,Yes,Yes,Yes,Yes,,,,,,,,Other (Specify),Headbutted someone
250,R_gCoqh2TWUGM6nf1,2025-07-27 23:52:47,37.817003,-122.272257,coord_decimal,69.8,0.0,Male,52.0,,,Black,,No Shelter/Outside,7,7,44,42,0.9166666666666666,Level of privacy,1.0,3.0,10.0,4.0,8.0,7.0,5.0,9.0,2.0,12.0,11.0,6.0,Housing Type 2,Housing Type 1,Housing Type 2,Housing Type 2,Housing Type 1,Housing Type 1,Housing Type 1,Housing Type 1,Housing Type 1,Housing Type 1,Housing Type 2,Housing Type 2,Yes,Yes,Yes,Yes,Yes,Yes,Yes,Yes,Yes,No,Yes,Yes,,,,,,Eviction,,,
251,R_fA1KmLLAfjJteCa,2025-07-27 23:53:06,37.818918,-122.276558,junk,,0.0,Female,28.0,,,Black,,No Shelter/Outside,0,0,13,8,0.5,How Clean it is,6.0,5.0,8.0,10.0,3.0,4.0,2.0,11.0,7.0,9.0,12.0,1.0,Housing Type 2,Housing Type 1,Housing Type 1,Housing Type 1,Housing Type 2,Housing Type 1,Housing Type 1,Housing Type 1,Housing Type 1,Housing Type 1,Housing Type 1,Housing Type 1,Yes,No,Yes,No,No,Yes,No,No,Yes,Yes,No,Yes,"Family/friend/roommate asked me to leave (dispute, needed room, etc.)",Chose to leave due to issues with family/friend/roommate,Divorce/breakup,,,,Released from jail/prison,,
252,R_730pSbMB8vBUuHe,2025-07-27 23:53:11,37.8233181,-122.2649564,coord_decimal,,0.0,Female,45.0,,,Black,,No Shelter/Outside,6,5,12,9,1.0,Partners Policy,12.0,11.0,3.0,5.0,8.0,10.0,7.0,6.0,9.0,4.0,1.0,2.0,Housing Type 1,Housing Type 2,Housing Type 2,Housing Type 2,Housing Type 1,Housing Type 1,Housing Type 1,Housing Type 2,Housing Type 1,Housing Type 2,Housing Type 1,Housing Type 1,Yes,Yes,Yes,Yes,Yes,Yes,Yes,Yes,Yes,Yes,Yes,Yes,"Family/friend/roommate asked me to leave (dispute, needed room, etc.)",,,,,,,,
253,R_3bx3dvSPQTsCmRN,2025-07-27 23:53:12,37.8233181,-122.2649564,coord_decimal,,1.0,Female,43.0,White,,,,,6,5,12,9,1.0,How Clean it is,3.0,2.0,10.0,6.0,9.0,5.0,12.0,8.0,4.0,11.0,7.0,1.0,Housing Type 2,Housing Type 1,Housing Type 2,Housing Type 1,Housing Type 1,Housing Type 2,Housing Type 1,Housing Type 2,Housing Type 2,Housing Type 1,Housing Type 2,Housing Type 1,Yes,Yes,Yes,Yes,Yes,Yes,Yes,Yes,Yes,Yes,Yes,Yes,"Family/friend/roommate asked me to leave (dispute, needed room, etc.)",,,,,,,,
254,R_lCMP4FUbCY1AD05,2025-07-27 23:53:14,37.8233181,-122.2649564,coord_decimal,,1.0,Male,77.0,White,,,,,6,5,12,9,1.0,Case Management,4.0,3.0,12.0,1.0,6.0,9.0,8.0,11.0,10.0,5.0,7.0,2.0,Housing Type 1,Housing Type 1,Housing Type 2,Housing Type 1,Housing Type 1,Housing Type 2,Housing Type 2,Housing Type 1,Housing Type 1,Housing Type 1,Housing Type 1,Housing Type 1,Yes,Yes,Yes,Yes,Yes,Yes,Yes,Yes,Yes,Yes,Yes,Yes,,,,,,Eviction,,,
255,R_0TWInO6l9ZrlGFQ,2025-07-27 23:53:16,37.8233181,-122.2649564,coord_decimal,,0.0,Male,33.0,,Hispanic,,,,6,5,12,9,1.0,Level of privacy,1.0,12.0,10.0,2.0,9.0,6.0,7.0,4.0,5.0,3.0,11.0,8.0,Housing Type 2,Housing Type 2,Housing Type 2,Housing Type 1,Housing Type 1,Housing Type 1,Housing Type 2,Housing Type 1,Housing Type 2,Housing Type 1,Housing Type 1,Housing Type 1,Yes,Yes,Yes,Yes,Yes,Yes,Yes,Yes,Yes,Yes,Yes,Yes,,,,,,Eviction,,,
256,R_nT7Q1bpJr4IHOZ6,2025-07-27 23:53:17,37.8233181,-122.2649564,coord_decimal,,0.0,Male,54.0,,,Black,,,6,5,12,9,1.0,Substance Use Policy,10.0,2.0,4.0,5.0,8.0,3.0,1.0,7.0,11.0,12.0,9.0,6.0,Housing Type 1,Housing Type 1,Housing Type 2,Housing Type 2,Housing Type 1,Housing Type 1,Housing Type 2,Housing Type 1,Housing Type 1,Housing Type 1,Housing Type 1,Housing Type 1,Yes,Yes,Yes,Yes,Yes,Yes,Yes,Yes,Yes,Yes,Yes,Yes,,,,,,Eviction,Released from jail/prison,,
257,R_ibtqMUjfGRTHSy6,2025-07-27 23:53:18,37.8233181,-122.2649564,coord_decimal,,0.0,Female,35.0,,Hispanic,,,,6,5,12,9,1.0,Case Management,10.0,6.0,11.0,1.0,12.0,4.0,5.0,9.0,7.0,8.0,2.0,3.0,Housing Type 1,Housing Type 1,Housing Type 2,Housing Type 1,Housing Type 1,Housing Type 2,Housing Type 2,Housing Type 1,Housing Type 1,Housing Type 1,Housing Type 1,Housing Type 1,Yes,Yes,Yes,Yes,Yes,Yes,Yes,Yes,Yes,Yes,Yes,Yes,"Family/friend/roommate asked me to leave (dispute, needed room, etc.)",,,,,,,,
258,R_2VFeqPRblOefxNT,2025-07-27 23:53:18,37.8233181,-122.2649564,coord_decimal,,1.0,Male,61.0,,,Black,,,6,5,12,9,0.5,Case Management,8.0,3.0,12.0,1.0,2.0,4.0,9.0,6.0,11.0,10.0,7.0,5.0,Housing Type 2,Housing Type 2,Housing Type 1,Housing Type 1,Housing Type 1,Housing Type 1,Housing Type 2,Housing Type 2,Housing Type 2,Housing Type 1,Housing Type 2,Housing Type 1,No,No,Yes,Yes,No,No,Yes,Yes,No,No,Yes,Yes,,,,,,,Released from jail/prison,,
259,R_6b1HOSpn9mL7FkP,2025-07-27 23:53:19,37.8233181,-122.2649564,coord_decimal,,0.0,Male,27.0,,,Black,,,6,5,12,9,1.0,Curfew Policy,4.0,2.0,12.0,6.0,9.0,7.0,3.0,8.0,1.0,10.0,5.0,11.0,Housing Type 2,Housing Type 1,Housing Type 1,Housing Type 1,Housing Type 2,Housing Type 2,Housing Type 2,Housing Type 1,Housing Type 1,Housing Type 1,Housing Type 2,Housing Type 1,Yes,Yes,Yes,Yes,Yes,Yes,Yes,Yes,Yes,Yes,Yes,Yes,,,,,,,,Other (Specify),Never
260,R_9rTGmNh6AJiFRWJ,2025-07-27 23:53:20,37.8233181,-122.2649564,coord_decimal,,0.0,Male,54.0,,,Black,,,6,5,12,9,1.0,Close to transit,6.0,8.0,11.0,5.0,1.0,9.0,2.0,3.0,7.0,12.0,4.0,10.0,Housing Type 1,Housing Type 1,Housing Type 2,Housing Type 2,Housing Type 1,Housing Type 1,Housing Type 1,Housing Type 1,Housing Type 1,Housing Type 2,Housing Type 2,Housing Type 1,Yes,Yes,Yes,Yes,Yes,Yes,Yes,Yes,Yes,Yes,Yes,Yes,,,,,,,,Other (Specify),Never had housing
261,R_gT5CKFx2BVT7eR2,2025-07-27 23:53:22,37.8164932,-122.2719355,coord_decimal,,1.0,Female,67.0,,,Black,,,18,18,48,46,1.0,Case Management,4.0,7.0,2.0,1.0,6.0,9.0,5.0,11.0,12.0,10.0,8.0,3.0,Housing Type 1,Housing Type 2,Housing Type 1,Housing Type 1,Housing Type 1,Housing Type 2,Housing Type 2,Housing Type 1,Housing Type 1,Housing Type 1,Housing Type 1,Housing Type 1,Yes,Yes,Yes,Yes,Yes,Yes,Yes,Yes,Yes,Yes,Yes,Yes,"Family/friend/roommate asked me to leave (dispute, needed room, etc.)",,,,,,,,
262,R_hfSWjNWN5pVhoGX,2025-07-27 23:53:23,37.8164932,-122.2719355,coord_decimal,,1.0,Male,,,,Black,,,18,18,48,46,1.0,Length allowed to stay,7.0,1.0,8.0,10.0,11.0,3.0,2.0,6.0,5.0,12.0,9.0,4.0,Housing Type 2,Housing Type 1,Housing Type 2,Housing Type 2,Housing Type 1,Housing Type 1,Housing Type 1,Housing Type 2,Housing Type 1,Housing Type 1,Housing Type 1,Housing Type 1,Yes,Yes,Yes,Yes,Yes,Yes,Yes,Yes,Yes,Yes,Yes,Yes,"Family/friend/roommate asked me to leave (dispute, needed room, etc.)",,,,,,,,
263,R_bD5lbKzQ1t1mchB,2025-07-27 23:53:24,37.8164932,-122.2719355,coord_decimal,,0.0,Male,43.0,,,Black,,,18,18,48,46,1.0,Pet Policy,7.0,4.0,8.0,10.0,6.0,11.0,3.0,12.0,9.0,1.0,2.0,5.0,Housing Type 1,Housing Type 1,Housing Type 2,Housing Type 1,Housing Type 1,Housing Type 2,Housing Type 1,Housing Type 1,Housing Type 1,Housing Type 1,Housing Type 1,Housing Type 1,Yes,Yes,Yes,Yes,Yes,Yes,Yes,Yes,Yes,Yes,Yes,Yes,"Family/friend/roommate asked me to leave (dispute, needed room, etc.)",,,,,,,,
264,R_hXxF0NEa2VDahu2,2025-07-28 10:48:03,37.963367,-122.345927,junk,,1.0,Female,32.0,White,,,,,0,0,0,0,0.5833333333333334,Proximity to where you st,4.0,2.0,5.0,3.0,12.0,1.0,7.0,11.0,8.0,9.0,10.0,6.0,Housing Type 1,Housing Type 1,Housing Type 1,Housing Type 1,Housing Type 2,Housing Type 1,Housing Type 1,Housing Type 1,Housing Type 1,Housing Type 2,Housing Type 1,Housing Type 2,No,No,Yes,Yes,No,Yes,No,Yes,Yes,No,Yes,Yes,,Chose to leave due to issues with family/friend/roommate,Divorce/breakup,,,,,,
265,R_mFaXGMY9nuPPq3b,2025-07-28 10:48:05,37.934868,-122.361647,missing,,1.0,Male,37.0,,Hispanic,,,No Shelter/Outside,0,0,0,0,1.0,How Clean it is,8.0,2.0,5.0,10.0,6.0,9.0,11.0,4.0,7.0,12.0,3.0,1.0,Housing Type 1,Housing Type 2,Housing Type 1,Housing Type 2,Housing Type 2,Housing Type 2,Housing Type 2,Housing Type 1,Housing Type 1,Housing Type 1,Housing Type 1,Housing Type 1,Yes,Yes,Yes,Yes,Yes,Yes,Yes,Yes,Yes,Yes,Yes,Yes,,,,Could not pay rent,Rent increase,Eviction,,,
266,R_eCBy3Zq1B6vPdrZ,2025-07-28 10:48:06,37.934918,-122.361648,address,20098.1,0.0,Male,32.0,,Hispanic,,,,0,0,0,0,0.5,Level of privacy,1.0,3.0,9.0,8.0,10.0,12.0,11.0,4.0,5.0,7.0,6.0,2.0,Housing Type 1,Housing Type 1,Housing Type 1,Housing Type 1,Housing Type 2,Housing Type 2,Housing Type 1,Housing Type 2,Housing Type 1,Housing Type 1,Housing Type 1,Housing Type 1,No,No,No,Yes,Yes,Yes,No,Yes,Yes,No,No,Yes,"Family/friend/roommate asked me to leave (dispute, needed room, etc.)",,,,,,,,
267,R_nNEfPYyZRmWBFYt,2025-07-28 10:48:07,37.934893,-122.361667,missing,,1.0,Female,24.0,White,,,,,0,0,0,0,0.5833333333333334,Pet Policy,4.0,12.0,2.0,7.0,5.0,6.0,3.0,8.0,9.0,1.0,11.0,10.0,Housing Type 2,Housing Type 1,Housing Type 1,Housing Type 1,Housing Type 1,Housing Type 1,Housing Type 1,Housing Type 2,Housing Type 2,Housing Type 2,Housing Type 1,Housing Type 1,Yes,Yes,Yes,Yes,Yes,No,Yes,No,No,No,Yes,No,,,,Could not pay rent,,,,,
268,R_5UVPdERvFtoNZfQ,2025-07-28 10:48:08,37.934887,-122.361685,address,79492.9,1.0,Male,45.0,,Hispanic,,,,0,0,0,0,0.0,Substance Use Policy,5.0,3.0,7.0,9.0,2.0,6.0,1.0,8.0,11.0,12.0,4.0,10.0,Housing Type 2,Housing Type 2,Housing Type 2,Housing Type 1,Housing Type 2,Housing Type 1,Housing Type 1,Housing Type 1,Housing Type 2,Housing Type 1,Housing Type 2,Housing Type 1,No,No,No,No,No,No,No,No,No,No,No,No,"Family/friend/roommate asked me to leave (dispute, needed room, etc.)",,,,,,,,
269,R_h0NDE9GTHbQBoUI,2025-07-28 10:48:09,37.934937,-122.361778,missing,,0.0,Female,27.0,,,Black,,,0,0,0,0,0.9166666666666666,Close to transit,2.0,7.0,3.0,9.0,1.0,12.0,4.0,5.0,6.0,10.0,8.0,11.0,Housing Type 1,Housing Type 2,Housing Type 2,Housing Type 1,Housing Type 1,Housing Type 1,Housing Type 1,Housing Type 1,Housing Type 1,Housing Type 2,Housing Type 1,Housing Type 1,Yes,Yes,Yes,Yes,Yes,Yes,Yes,Yes,Yes,Yes,No,Yes,,,,Could not pay rent,,,,,
270,R_0A6OMyYfs8EGL15,2025-07-28 10:48:10,37.93492,-122.361703,address,304.0,0.0,Female,34.0,,Hispanic,,,,0,0,0,0,0.0,Close to transit,8.0,10.0,9.0,12.0,1.0,5.0,7.0,11.0,6.0,3.0,4.0,2.0,Housing Type 1,Housing Type 2,Housing Type 2,Housing Type 2,Housing Type 2,Housing Type 2,Housing Type 1,Housing Type 2,Housing Type 2,Housing Type 1,Housing Type 2,Housing Type 1,No,No,No,No,No,No,No,No,No,No,No,No,,,Divorce/breakup,,,,,,
271,R_2ENRB86R4GY678o,2025-07-28 10:48:11,37.934892,-122.361717,address,304.5,0.0,Male,44.0,,Hispanic,,No Shelter/Outside,,0,0,0,0,0.16666666666666666,Length allowed to stay,8.0,1.0,9.0,6.0,11.0,7.0,12.0,2.0,5.0,3.0,10.0,4.0,Housing Type 1,Housing Type 1,Housing Type 2,Housing Type 1,Housing Type 1,Housing Type 2,Housing Type 2,Housing Type 2,Housing Type 1,Housing Type 2,Housing Type 2,Housing Type 2,No,No,No,Yes,No,No,No,No,No,No,No,Yes,,,Divorce/breakup,,,,,,
272,R_b0pVLuwkd6dEMPq,2025-07-28 10:48:13,37.934875,-122.361678,area_vague,,0.0,Female,44.0,,Hispanic,,,,0,0,0,0,1.0,How Clean it is,8.0,11.0,7.0,10.0,6.0,2.0,12.0,3.0,5.0,4.0,9.0,1.0,Housing Type 2,Housing Type 2,Housing Type 1,Housing Type 1,Housing Type 2,Housing Type 2,Housing Type 1,Housing Type 2,Housing Type 2,Housing Type 2,Housing Type 2,Housing Type 2,Yes,Yes,Yes,Yes,Yes,Yes,Yes,Yes,Yes,Yes,Yes,Yes,,,,,,,Released from jail/prison,,
273,R_b1vmADFIa4Nm210,2025-07-28 10:48:14,37.8892036,-121.6757138,address,,1.0,Male,52.0,,,,,,0,0,0,0,0.8333333333333334,Case Management,3.0,5.0,7.0,1.0,9.0,2.0,6.0,11.0,4.0,10.0,8.0,12.0,Housing Type 1,Housing Type 1,Housing Type 1,Housing Type 2,Housing Type 1,Housing Type 1,Housing Type 1,Housing Type 1,Housing Type 1,Housing Type 1,Housing Type 1,Housing Type 1,Yes,Yes,Yes,No,No,Yes,Yes,Yes,Yes,Yes,Yes,Yes,,,,Could not pay rent,,,,,
274,R_hmj4HnRFjt5g6S9,2025-07-28 10:48:15,37.922093,-122.342147,address,58583.9,0.0,Female,47.0,,,Black,,,0,0,0,0,0.08333333333333333,Proximity to where you st,11.0,10.0,4.0,7.0,8.0,1.0,6.0,5.0,2.0,12.0,3.0,9.0,Housing Type 1,Housing Type 1,Housing Type 2,Housing Type 2,Housing Type 1,Housing Type 1,Housing Type 1,Housing Type 1,Housing Type 2,Housing Type 2,Housing Type 2,Housing Type 1,No,No,No,No,No,No,No,No,No,Yes,No,No,,,,,,,,Other (Specify),Mom pass
275,R_dV3OwZHi4g3Hrpy,2025-07-28 10:48:16,37.922022,-122.342198,address,58587.9,1.0,Female,58.0,White,,,No Shelter/Outside,,0,0,0,0,0.6666666666666666,Pet Policy,12.0,2.0,7.0,4.0,9.0,5.0,3.0,11.0,8.0,1.0,10.0,6.0,Housing Type 1,Housing Type 1,Housing Type 2,Housing Type 1,Housing Type 1,Housing Type 2,Housing Type 1,Housing Type 2,Housing Type 2,Housing Type 1,Housing Type 2,Housing Type 1,Yes,Yes,No,Yes,Yes,Yes,Yes,No,No,Yes,Yes,No,,,,,Rent increase,,,,
276,R_jjDZISPPB7Gau58,2025-07-28 10:48:17,37.921928,-122.341772,address,58550.0,1.0,Male,57.0,White,,,,,0,0,0,0,1.0,,,,,,,,,,,,,,Housing Type 1,Housing Type 2,Housing Type 1,Housing Type 1,Housing Type 2,Housing Type 1,Housing Type 2,Housing Type 1,Housing Type 2,Housing Type 1,Housing Type 1,Housing Type 1,Yes,Yes,Yes,Yes,Yes,Yes,Yes,Yes,Yes,Yes,Yes,Yes,,,,,Rent increase,,,,
277,R_e76Ar75WN0LPt0S,2025-07-28 10:48:18,37.927733,-122.369712,area_vague,,1.0,Male,44.0,,Hispanic,,,,0,0,0,0,0.08333333333333333,Level of privacy,1.0,5.0,11.0,6.0,8.0,10.0,7.0,9.0,2.0,4.0,12.0,3.0,Housing Type 2,Housing Type 2,Housing Type 2,Housing Type 1,Housing Type 2,Housing Type 1,Housing Type 2,Housing Type 2,,Housing Type 2,,,No,No,Yes,No,No,No,No,No,No,No,No,No,,,,,,,Released from jail/prison,,
278,R_kCQKnI06pK1MpCX,2025-07-28 10:48:19,37.944207,-122.349653,address,569.2,1.0,Non-Binary/Other,,,,,,,0,0,0,0,0.08333333333333333,Level of privacy,1.0,2.0,10.0,9.0,7.0,12.0,4.0,3.0,8.0,6.0,11.0,5.0,Housing Type 2,Housing Type 2,Housing Type 1,Housing Type 2,Housing Type 2,Housing Type 2,Housing Type 2,,Housing Type 1,Housing Type 2,,Housing Type 2,Yes,No,No,No,No,No,No,No,No,No,No,No,,,,Could not pay rent,,,,,
279,R_idiSJLKovUkvDlz,2025-07-28 10:48:20,37.94427,-122.349642,address,568.1,1.0,Female,,,,,,,0,0,0,0,0.0,Substance Use Policy,3.0,8.0,6.0,11.0,5.0,12.0,1.0,9.0,7.0,10.0,2.0,4.0,Housing Type 2,Housing Type 1,Housing Type 2,Housing Type 2,Housing Type 1,Housing Type 2,Housing Type 2,Housing Type 2,Housing Type 2,Housing Type 2,Housing Type 1,Housing Type 2,No,No,No,No,No,No,No,No,No,No,No,No,,Chose to leave due to issues with family/friend/roommate,,,,,,,
280,R_8bzAiMconwEMbLb,2025-07-28 10:48:22,37.944182,-122.349608,area_vague,,0.0,Male,44.0,,,,No Shelter/Outside,No Shelter/Outside,0,0,0,0,0.08333333333333333,Case Management,9.0,4.0,2.0,1.0,10.0,5.0,12.0,11.0,3.0,7.0,6.0,8.0,Housing Type 2,Housing Type 2,Housing Type 1,Housing Type 2,Housing Type 2,Housing Type 2,Housing Type 1,Housing Type 1,,,,,No,Yes,No,No,No,No,No,No,No,No,No,No,,,,,,Eviction,,,
281,R_l8BykfoXWiLz4QR,2025-07-28 10:48:23,37.944235,-122.349653,area_vague,,1.0,Non-Binary/Other,21.0,,,,,,0,0,0,0,0.0,Level of privacy,1.0,6.0,11.0,8.0,9.0,12.0,4.0,3.0,5.0,7.0,2.0,10.0,Housing Type 1,,Housing Type 1,Housing Type 2,,Housing Type 1,Housing Type 2,Housing Type 2,,Housing Type 1,Housing Type 2,Housing Type 2,No,No,No,No,No,No,No,No,No,No,No,No,,,,,,,Released from jail/prison,,
282,R_dz3ff18oOBjk12v,2025-07-28 11:09:44,37.93196,-122.359808,address,21236.5,1.0,Male,49.0,White,,,,No Shelter/Outside,0,0,0,0,0.5833333333333334,Close to transit,2.0,4.0,11.0,5.0,1.0,3.0,6.0,8.0,9.0,10.0,7.0,12.0,Housing Type 2,Housing Type 2,Housing Type 1,Housing Type 2,Housing Type 1,Housing Type 2,Housing Type 2,Housing Type 1,Housing Type 2,Housing Type 2,Housing Type 2,Housing Type 2,No,No,Yes,No,No,Yes,No,Yes,Yes,Yes,Yes,Yes,,,,,,Eviction,Released from jail/prison,,
283,R_29iSNEx9dkgwqOf,2025-07-28 11:28:01,37.93194,-122.359815,area_vague,,1.0,Male,58.0,,Hispanic,,,,0,0,0,0,0.0,Length allowed to stay,3.0,1.0,10.0,12.0,5.0,8.0,4.0,9.0,6.0,7.0,11.0,2.0,Housing Type 2,Housing Type 1,Housing Type 2,Housing Type 2,Housing Type 1,,Housing Type 1,Housing Type 1,,,Housing Type 2,Housing Type 2,No,No,No,No,No,,No,No,No,No,No,No,,,,,,,Released from jail/prison,,
284,R_1JnNvMk1jzryCRx,2025-07-29 22:52:12,37.8271605,-122.2792898,coord_decimal,,1.0,Male,44.0,,Hispanic,,,,2,2,6,6,0.9166666666666666,Security Guards,5.0,8.0,1.0,6.0,9.0,12.0,2.0,3.0,7.0,11.0,10.0,4.0,Housing Type 2,Housing Type 1,Housing Type 1,Housing Type 2,Housing Type 2,Housing Type 2,Housing Type 1,Housing Type 2,Housing Type 1,Housing Type 2,Housing Type 1,Housing Type 1,Yes,No,Yes,Yes,Yes,Yes,Yes,Yes,Yes,Yes,Yes,Yes,,,,,,,Released from jail/prison,,
285,R_dUkqzKMRLyw64R4,2025-07-29 22:52:13,37.827282,-122.279272,coord_decimal,13.6,0.0,Male,33.0,,,Black,,,1,1,6,6,0.9166666666666666,Level of privacy,1.0,6.0,3.0,7.0,12.0,8.0,9.0,5.0,2.0,11.0,10.0,4.0,Housing Type 1,Housing Type 1,Housing Type 1,Housing Type 2,Housing Type 2,Housing Type 2,Housing Type 2,Housing Type 1,Housing Type 1,Housing Type 2,Housing Type 1,Housing Type 1,Yes,Yes,Yes,No,Yes,Yes,Yes,Yes,Yes,Yes,Yes,Yes,"Family/friend/roommate asked me to leave (dispute, needed room, etc.)",,,,,,,,
286,R_cZF2HTigiKz2OP3,2025-08-03 21:05:42,37.792767,-122.263738,coord_decimal,48.2,0.0,Male,41.0,,Hispanic,,,,0,0,0,0,1.0,Substance Use Policy,4.0,7.0,5.0,8.0,9.0,3.0,1.0,10.0,6.0,12.0,11.0,2.0,Housing Type 1,Housing Type 2,Housing Type 2,Housing Type 2,Housing Type 2,Housing Type 2,Housing Type 2,Housing Type 2,Housing Type 1,Housing Type 1,Housing Type 2,Housing Type 2,Yes,Yes,Yes,Yes,Yes,Yes,Yes,Yes,Yes,Yes,Yes,Yes,,,Divorce/breakup,,,,,,
287,R_35duDZeadS6SPYU,2025-08-03 21:05:43,37.7931168,-122.2640616,coord_decimal,,1.0,Male,38.0,,Hispanic,,,,0,0,2,2,0.5833333333333334,How Clean it is,6.0,12.0,9.0,10.0,8.0,11.0,4.0,7.0,5.0,2.0,3.0,1.0,Housing Type 1,Housing Type 1,Housing Type 1,Housing Type 2,Housing Type 1,Housing Type 2,Housing Type 2,Housing Type 2,Housing Type 1,Housing Type 2,Housing Type 2,Housing Type 1,No,No,Yes,No,No,Yes,Yes,Yes,Yes,Yes,No,Yes,,,Divorce/breakup,,,,,,
288,R_7zMCSFHBJgHZvM8,2025-08-03 21:05:44,37.7931168,-122.2640616,coord_decimal,,1.0,Female,43.0,,Hispanic,,,,0,0,2,2,0.3333333333333333,Partners Policy,3.0,9.0,5.0,6.0,7.0,4.0,11.0,12.0,10.0,2.0,1.0,8.0,Housing Type 2,Housing Type 2,Housing Type 2,Housing Type 2,Housing Type 1,Housing Type 2,Housing Type 2,Housing Type 1,Housing Type 1,Housing Type 1,Housing Type 2,Housing Type 1,Yes,No,No,Yes,No,Yes,Yes,No,No,No,No,No,,,,Could not pay rent,,,,,
289,R_5wj3p8VrIHTPwvZ,2025-08-03 21:05:44,37.792722,-122.263742,coord_decimal,52.1,1.0,Male,63.0,,,,,,0,0,0,0,0.4166666666666667,Partners Policy,6.0,5.0,8.0,4.0,11.0,9.0,3.0,12.0,10.0,2.0,1.0,7.0,Housing Type 2,Housing Type 1,Housing Type 2,Housing Type 2,Housing Type 1,Housing Type 1,Housing Type 2,Housing Type 2,Housing Type 2,Housing Type 2,Housing Type 2,Housing Type 1,No,Yes,No,Yes,No,No,No,Yes,Yes,Yes,No,No,,,,,,,,Other (Specify),Got fired . Was workimg where he lived
290,R_erCsQMC0ifZ0fPI,2025-08-03 21:05:45,37.792767,-122.263737,coord_decimal,48.2,0.0,Female,41.0,White,,,,,0,0,0,0,0.3333333333333333,Partners Policy,3.0,8.0,10.0,4.0,7.0,5.0,12.0,9.0,11.0,2.0,1.0,6.0,Housing Type 2,Housing Type 2,Housing Type 1,Housing Type 1,Housing Type 2,Housing Type 2,Housing Type 2,Housing Type 1,Housing Type 1,Housing Type 2,Housing Type 1,Housing Type 2,Yes,Yes,No,No,No,No,Yes,No,No,Yes,No,No,,,,Could not pay rent,,,,,
291,R_4gzhMiq81wL7nTN,2025-08-03 21:05:46,37.792742,-122.263727,coord_decimal,51.0,1.0,Female,43.0,White,,,,No Shelter/Outside,0,0,0,0,0.6666666666666666,How Clean it is,2.0,7.0,9.0,3.0,4.0,6.0,8.0,10.0,5.0,12.0,11.0,1.0,Housing Type 1,Housing Type 2,Housing Type 1,Housing Type 2,Housing Type 1,Housing Type 1,Housing Type 2,Housing Type 1,Housing Type 2,Housing Type 2,Housing Type 2,Housing Type 2,Yes,Yes,Yes,Yes,No,Yes,No,Yes,Yes,No,No,Yes,,,Divorce/breakup,,,,,,
292,R_0zbVAocx34MRGTU,2025-08-03 21:05:47,37.7931168,-122.2640616,coord_decimal,,0.0,Male,38.0,,,Black,,No Shelter/Outside,0,0,2,2,0.5833333333333334,Partners Policy,4.0,5.0,8.0,3.0,7.0,11.0,9.0,12.0,10.0,2.0,1.0,6.0,Housing Type 2,Housing Type 1,Housing Type 2,Housing Type 2,Housing Type 2,Housing Type 1,Housing Type 1,Housing Type 1,Housing Type 2,Housing Type 2,Housing Type 2,Housing Type 2,Yes,Yes,No,No,No,Yes,Yes,No,Yes,Yes,No,Yes,,,,Could not pay rent,,,,,
293,R_9CukMTvuCOk1P0T,2025-08-03 21:05:48,37.7931168,-122.2640616,coord_decimal,,0.0,Female,31.0,,Hispanic,Black,,No Shelter/Outside,0,0,2,2,0.75,Partners Policy,3.0,9.0,5.0,4.0,7.0,11.0,12.0,8.0,10.0,2.0,1.0,6.0,Housing Type 2,Housing Type 2,Housing Type 2,Housing Type 2,Housing Type 1,Housing Type 2,Housing Type 2,Housing Type 1,Housing Type 2,Housing Type 1,Housing Type 2,Housing Type 1,Yes,Yes,Yes,Yes,Yes,Yes,Yes,Yes,Yes,No,No,No,,,Divorce/breakup,,,,,,
294,R_3X3BJf6e2nUtk6u,2025-08-03 21:05:49,37.7931168,-122.2640616,coord_decimal,,0.0,Female,55.0,,Hispanic,,,,0,0,2,2,0.5833333333333334,Case Management,3.0,9.0,6.0,1.0,8.0,5.0,7.0,11.0,10.0,4.0,12.0,2.0,Housing Type 2,Housing Type 2,Housing Type 2,Housing Type 2,Housing Type 1,Housing Type 1,Housing Type 1,Housing Type 2,Housing Type 2,Housing Type 2,Housing Type 2,Housing Type 2,Yes,No,No,No,Yes,Yes,No,Yes,Yes,No,Yes,Yes,,,,,,,,Other (Specify),Domestic violence
295,R_kVJ074vo1gPT7XS,2025-08-03 21:05:50,37.792635,-122.263382,coord_decimal,80.2,1.0,Female,58.0,,,,,,0,0,0,0,0.5833333333333334,Partners Policy,3.0,4.0,7.0,6.0,9.0,10.0,5.0,12.0,11.0,2.0,1.0,8.0,Housing Type 2,Housing Type 2,Housing Type 2,Housing Type 1,Housing Type 2,Housing Type 1,Housing Type 2,Housing Type 1,Housing Type 1,Housing Type 1,Housing Type 2,Housing Type 2,Yes,Yes,Yes,Yes,No,Yes,Yes,Yes,No,No,No,No,,,,,,,,Other (Specify),Got fired from the place where i live and work
296,R_fOvtLsr8owYaqfP,2025-08-03 21:05:51,37.792632,-122.263383,coord_decimal,80.4,1.0,Male,55.0,White,,,,,0,0,0,0,0.4166666666666667,Level of privacy,1.0,4.0,8.0,2.0,10.0,9.0,3.0,7.0,6.0,12.0,11.0,5.0,Housing Type 2,Housing Type 1,Housing Type 1,Housing Type 1,Housing Type 2,Housing Type 1,Housing Type 2,Housing Type 1,Housing Type 1,Housing Type 2,Housing Type 2,Housing Type 1,Yes,Yes,Yes,Yes,No,No,Yes,No,No,No,No,No,,,,Could not pay rent,,,,,
297,R_3T32ZuS3wadfNO2,2025-08-03 21:05:52,37.7931168,-122.2640616,coord_decimal,,0.0,Male,43.0,,,,,,0,0,2,2,0.3333333333333333,Partners Policy,3.0,8.0,7.0,5.0,10.0,12.0,6.0,11.0,4.0,2.0,1.0,9.0,Housing Type 1,Housing Type 2,Housing Type 2,Housing Type 1,Housing Type 1,Housing Type 2,Housing Type 1,Housing Type 1,Housing Type 1,Housing Type 1,Housing Type 2,Housing Type 1,Yes,Yes,No,No,No,Yes,No,Yes,No,No,No,No,,,,Could not pay rent,,,,,
298,R_7ZTvir0GEdBJs2T,2025-08-03 21:05:53,37.792633,-122.263393,coord_decimal,79.7,1.0,Male,31.0,,,Black,No Shelter/Outside,No Shelter/Outside,0,0,0,0,0.75,Participation in rule mak,2.0,3.0,11.0,6.0,10.0,9.0,8.0,1.0,7.0,12.0,5.0,4.0,Housing Type 2,Housing Type 2,Housing Type 1,Housing Type 2,Housing Type 1,Housing Type 1,Housing Type 1,Housing Type 2,Housing Type 1,Housing Type 1,Housing Type 2,Housing Type 1,Yes,Yes,Yes,Yes,Yes,Yes,Yes,Yes,No,No,Yes,No,,,,,,,,Other (Specify),Landlord discrimination
299,R_99LOkwArP9hbNJa,2025-08-03 21:05:54,37.7931168,-122.2640616,coord_decimal,,1.0,Male,41.0,,,Black,,,0,0,2,2,0.8333333333333334,Participation in rule mak,3.0,4.0,11.0,8.0,12.0,10.0,5.0,1.0,7.0,6.0,9.0,2.0,Housing Type 2,Housing Type 1,Housing Type 2,Housing Type 2,Housing Type 1,Housing Type 1,Housing Type 1,Housing Type 1,Housing Type 1,Housing Type 2,Housing Type 2,Housing Type 1,Yes,Yes,Yes,Yes,No,Yes,Yes,No,Yes,Yes,Yes,Yes,,,,,,,,Other (Specify),Faulty rental agreement
300,R_gLrugQDEWWtHDNP,2025-08-09 12:00:32,37.8478655,-122.2525184,address,,0.0,Female,42.0,,Hispanic,,,No Shelter/Outside,0,0,0,0,0.75,Level of privacy,1.0,3.0,4.0,9.0,5.0,11.0,6.0,10.0,7.0,12.0,8.0,2.0,Housing Type 1,Housing Type 1,Housing Type 1,Housing Type 2,Housing Type 2,Housing Type 1,Housing Type 1,Housing Type 2,Housing Type 1,Housing Type 1,Housing Type 2,Housing Type 1,Yes,Yes,Yes,Yes,Yes,No,Yes,Yes,No,No,Yes,Yes,,,,Could not pay rent,,,,,
301,R_7HyQ6u9eqhrtuOk,2025-08-09 12:00:33,37.84781,-122.252398,address,514.0,0.0,Male,40.0,White,,,No Shelter/Outside,No Shelter/Outside,0,0,0,0,0.8333333333333334,Level of privacy,1.0,4.0,12.0,9.0,7.0,6.0,10.0,11.0,3.0,5.0,8.0,2.0,Housing Type 1,Housing Type 1,Housing Type 1,Housing Type 1,Housing Type 2,Housing Type 2,Housing Type 2,Housing Type 2,Housing Type 2,Housing Type 1,Housing Type 2,Housing Type 1,Yes,Yes,Yes,No,Yes,Yes,Yes,Yes,Yes,Yes,Yes,No,,Chose to leave due to issues with family/friend/roommate,,,,,,,
302,R_eOts5BSkjw6NpUA,2025-08-09 12:00:34,37.847883,-122.252367,address,4752.3,1.0,Male,53.0,White,,,No Shelter/Outside,No Shelter/Outside,0,0,0,0,0.8333333333333334,Participation in rule mak,4.0,11.0,7.0,10.0,2.0,12.0,3.0,1.0,5.0,9.0,8.0,6.0,Housing Type 2,Housing Type 2,Housing Type 1,Housing Type 1,Housing Type 1,Housing Type 1,Housing Type 1,Housing Type 1,Housing Type 1,Housing Type 1,Housing Type 2,Housing Type 2,No,Yes,Yes,Yes,Yes,No,Yes,Yes,Yes,Yes,Yes,Yes,,,,Could not pay rent,,Eviction,,,
303,R_9S0zeFQKbcqHKAd,2025-08-09 12:00:35,37.847833,-122.252418,address,630.1,1.0,Male,72.0,White,,,,,0,0,0,0,0.8333333333333334,Level of privacy,1.0,8.0,11.0,7.0,4.0,5.0,3.0,10.0,2.0,12.0,9.0,6.0,Housing Type 2,Housing Type 2,Housing Type 2,Housing Type 1,Housing Type 2,Housing Type 1,Housing Type 2,Housing Type 2,Housing Type 2,Housing Type 1,Housing Type 1,Housing Type 2,Yes,Yes,Yes,Yes,No,Yes,No,Yes,Yes,Yes,Yes,Yes,,,,,,,,Other (Specify),Was in shelter and they moved me out ans fhrew out my stuff
304,R_5ykhZXpsBAQWLhd,2025-08-09 12:00:36,37.848683,-122.245603,area_vague,,0.0,Male,36.0,White,,,No Shelter/Outside,No Shelter/Outside,0,0,0,0,0.9166666666666666,How Clean it is,2.0,6.0,8.0,7.0,5.0,9.0,3.0,11.0,4.0,12.0,10.0,1.0,Housing Type 1,Housing Type 2,Housing Type 1,Housing Type 2,Housing Type 1,Housing Type 2,Housing Type 1,Housing Type 2,Housing Type 2,Housing Type 1,Housing Type 2,Housing Type 2,Yes,Yes,No,Yes,Yes,Yes,Yes,Yes,Yes,Yes,Yes,Yes,,,,Could not pay rent,,Eviction,,,
305,R_biyaxJNaqoRFS0o,2025-08-09 12:15:34,37.848777,-122.245037,area_vague,,1.0,Female,29.0,,Hispanic,,,,0,0,0,0,0.8333333333333334,Level of privacy,1.0,10.0,3.0,12.0,4.0,8.0,7.0,9.0,5.0,11.0,6.0,2.0,Housing Type 1,Housing Type 1,Housing Type 1,Housing Type 1,Housing Type 1,Housing Type 1,Housing Type 1,Housing Type 1,Housing Type 1,Housing Type 2,Housing Type 1,Housing Type 1,Yes,No,Yes,Yes,Yes,Yes,Yes,No,Yes,Yes,Yes,Yes,,,Divorce/breakup,Could not pay rent,,,,,
306,R_jdUp1tcZAkC1hA0,2025-08-09 19:58:53,37.792567,-122.263367,coord_decimal,71.7,1.0,Male,42.0,,,Black,,No Shelter/Outside,0,0,0,0,0.6666666666666666,Length allowed to stay,4.0,1.0,9.0,3.0,12.0,6.0,2.0,7.0,8.0,11.0,10.0,5.0,Housing Type 2,Housing Type 2,Housing Type 1,Housing Type 2,Housing Type 1,Housing Type 1,Housing Type 2,Housing Type 1,Housing Type 1,Housing Type 2,Housing Type 2,Housing Type 1,Yes,Yes,Yes,Yes,Yes,No,No,No,No,Yes,Yes,Yes,,,,Could not pay rent,,,,,
307,R_2VWgdQoDNw3RJLL,2025-08-09 19:58:55,37.792582,-122.26339,coord_decimal,69.2,1.0,Female,61.0,,Hispanic,,,,0,0,0,0,0.4166666666666667,Pet Policy,3.0,6.0,7.0,4.0,12.0,10.0,8.0,9.0,11.0,1.0,2.0,5.0,Housing Type 1,Housing Type 1,Housing Type 1,Housing Type 2,Housing Type 1,Housing Type 2,Housing Type 1,Housing Type 1,Housing Type 1,Housing Type 1,Housing Type 2,Housing Type 2,Yes,Yes,No,No,Yes,Yes,No,No,No,Yes,No,No,,,,,,,,Other (Specify),Landlord needed property back
308,R_lg8tVcko2Aqbrba,2025-08-09 19:58:56,37.792655,-122.263415,coord_decimal,61.5,1.0,Male,58.0,,Hispanic,,No Shelter/Outside,No Shelter/Outside,0,0,0,0,0.3333333333333333,Partners Policy,3.0,6.0,11.0,4.0,8.0,12.0,10.0,9.0,7.0,2.0,1.0,5.0,Housing Type 1,Housing Type 1,Housing Type 1,Housing Type 1,Housing Type 1,Housing Type 1,Housing Type 1,Housing Type 1,Housing Type 2,Housing Type 2,Housing Type 2,Housing Type 1,Yes,No,Yes,No,Yes,No,No,Yes,No,No,No,No,,,,,,,,Other (Specify),Property owner died. Nee owner wanted them out
309,R_0GRmTQdXPCX7CfQ,2025-08-09 19:58:58,37.792587,-122.263398,coord_decimal,68.3,1.0,Male,53.0,White,,,,,0,0,0,0,0.3333333333333333,Partners Policy,3.0,6.0,11.0,4.0,5.0,9.0,8.0,10.0,12.0,2.0,1.0,7.0,Housing Type 2,Housing Type 2,Housing Type 1,Housing Type 2,Housing Type 2,Housing Type 1,Housing Type 2,Housing Type 1,Housing Type 2,Housing Type 2,Housing Type 2,Housing Type 2,No,Yes,Yes,Yes,Yes,No,No,No,No,No,No,No,"Family/friend/roommate asked me to leave (dispute, needed room, etc.)",,,,,,,,
310,R_7nCwLDKUS9gsMHk,2025-08-09 19:58:59,37.792567,-122.263422,coord_decimal,68.9,1.0,Male,45.0,,,Black,,,0,0,0,0,0.4166666666666667,Partners Policy,3.0,7.0,12.0,10.0,9.0,11.0,4.0,6.0,5.0,2.0,1.0,8.0,Housing Type 2,Housing Type 1,Housing Type 2,Housing Type 1,Housing Type 1,Housing Type 2,Housing Type 1,Housing Type 1,Housing Type 2,Housing Type 1,Housing Type 1,Housing Type 1,Yes,Yes,Yes,Yes,No,Yes,No,No,No,No,No,No,,,,,,,,Other (Specify),Went to jail
311,R_4s7v5nRD7d0bxIY,2025-08-09 19:59:00,37.792548,-122.263432,coord_decimal,70.1,0.0,Male,56.0,White,,,,,0,0,0,0,0.3333333333333333,Pet Policy,4.0,9.0,11.0,10.0,12.0,7.0,5.0,8.0,3.0,1.0,2.0,6.0,Housing Type 2,Housing Type 2,Housing Type 2,Housing Type 2,Housing Type 1,Housing Type 1,Housing Type 1,Housing Type 1,Housing Type 2,Housing Type 2,Housing Type 2,Housing Type 2,No,Yes,Yes,No,No,Yes,No,Yes,No,No,No,No,,,,Could not pay rent,,,,,
312,R_7yydWgariObZaK6,2025-08-09 19:59:02,37.79259,-122.263428,coord_decimal,66.5,0.0,Female,46.0,White,,,,,0,0,0,0,0.08333333333333333,Pet Policy,3.0,7.0,11.0,6.0,12.0,9.0,8.0,10.0,5.0,1.0,2.0,4.0,Housing Type 2,Housing Type 1,Housing Type 1,Housing Type 1,Housing Type 2,Housing Type 1,Housing Type 2,Housing Type 1,Housing Type 2,Housing Type 1,Housing Type 2,Housing Type 2,Yes,No,No,No,No,No,No,No,No,No,No,No,,,,Could not pay rent,,,,,
313,R_mxru7TWtxzeczdn,2025-08-09 19:59:04,37.855287,-122.293178,coord_decimal,69.8,0.0,Female,49.0,White,,,,,0,0,0,0,0.4166666666666667,Partners Policy,3.0,4.0,11.0,8.0,7.0,12.0,6.0,9.0,5.0,2.0,1.0,10.0,Housing Type 1,Housing Type 2,Housing Type 2,Housing Type 2,Housing Type 1,Housing Type 1,Housing Type 2,Housing Type 1,Housing Type 1,Housing Type 1,Housing Type 2,Housing Type 1,Yes,Yes,No,Yes,Yes,No,Yes,No,No,No,No,No,"Family/friend/roommate asked me to leave (dispute, needed room, etc.)",,,,,,,,
314,R_nfVN1KkvLdz43o0,2025-08-09 19:59:05,37.85527,-122.292993,coord_decimal,54.6,0.0,Male,58.0,White,,,,,0,0,0,0,0.5,Pet Policy,3.0,7.0,11.0,4.0,9.0,12.0,5.0,10.0,6.0,1.0,2.0,8.0,Housing Type 1,Housing Type 1,Housing Type 1,Housing Type 1,Housing Type 1,Housing Type 2,Housing Type 1,Housing Type 2,Housing Type 1,Housing Type 1,Housing Type 1,Housing Type 1,Yes,Yes,Yes,Yes,No,Yes,Yes,No,No,No,No,No,"Family/friend/roommate asked me to leave (dispute, needed room, etc.)",,,,,,,,
315,R_ctpFDvyEn1UPXYb,2025-08-09 19:59:07,37.855247,-122.292977,coord_decimal,54.1,0.0,Male,65.0,,,Black,No Shelter/Outside,No Shelter/Outside,0,0,0,0,0.5,How Clean it is,7.0,3.0,8.0,2.0,10.0,6.0,4.0,9.0,5.0,12.0,11.0,1.0,Housing Type 1,Housing Type 2,Housing Type 2,Housing Type 1,Housing Type 1,Housing Type 1,Housing Type 1,Housing Type 1,Housing Type 2,Housing Type 2,Housing Type 2,Housing Type 1,No,Yes,Yes,Yes,Yes,Yes,No,Yes,No,No,No,No,,,,,Rent increase,,,,
316,R_aORCuvHWPjvZEFS,2025-08-09 19:59:08,37.855243,-122.293013,coord_decimal,57.2,0.0,Male,50.0,White,,,No Shelter/Outside,,0,0,0,0,0.16666666666666666,Level of privacy,1.0,3.0,7.0,9.0,10.0,6.0,4.0,11.0,5.0,12.0,2.0,8.0,Housing Type 1,Housing Type 1,Housing Type 1,Housing Type 2,Housing Type 1,Housing Type 1,Housing Type 2,Housing Type 2,Housing Type 1,Housing Type 2,Housing Type 1,Housing Type 2,No,Yes,No,No,Yes,No,No,No,No,No,No,No,,,,,,,,Other (Specify),Roommate died so he had to leave
317,R_o4ulUjJlBCNt1B3,2025-08-09 19:59:10,37.855228,-122.293038,coord_decimal,59.9,,Female,20.0,White,,,,,0,0,0,0,0.0,Substance Use Policy,4.0,10.0,3.0,5.0,2.0,7.0,1.0,9.0,8.0,6.0,12.0,11.0,,,,,,,,,,,,,,,,,,,,,,,,,,,,,,,,Other (Specify),Not sure
318,R_nLxb2R0VlpOPPln,2025-08-09 19:59:11,37.855132,-122.293588,coord_decimal,109.0,0.0,Male,60.0,White,,,,,0,0,0,0,0.6666666666666666,Curfew Policy,6.0,9.0,8.0,12.0,2.0,7.0,3.0,5.0,1.0,10.0,11.0,4.0,Housing Type 2,Housing Type 1,Housing Type 1,Housing Type 1,Housing Type 2,Housing Type 1,Housing Type 1,Housing Type 1,Housing Type 2,Housing Type 2,Housing Type 1,Housing Type 1,Yes,Yes,Yes,Yes,Yes,Yes,Yes,Yes,No,No,No,No,,,,,,,,Other (Specify),Left state for better opportunity
319,R_oRWiHCz0ydbI1Kn,2025-08-09 19:59:13,37.855183,-122.293413,coord_decimal,92.7,0.0,Male,73.0,,,,,,0,0,0,0,0.5833333333333334,Pet Policy,3.0,5.0,6.0,2.0,8.0,4.0,10.0,7.0,11.0,1.0,12.0,9.0,Housing Type 1,Housing Type 2,Housing Type 2,Housing Type 1,Housing Type 1,Housing Type 1,Housing Type 2,Housing Type 1,Housing Type 2,Housing Type 2,Housing Type 1,Housing Type 2,Yes,Yes,Yes,Yes,Yes,Yes,No,Yes,No,No,No,No,,,,,,,,Other (Specify),Wife died and he didnt see a point to paying bills
320,R_jitgCKxMAjuAyNG,2025-08-10 23:11:48,37.803687,-122.293742,coord_decimal,45.2,0.0,Male,34.0,White,,,,,2,0,5,2,0.5,Partners Policy,3.0,9.0,8.0,10.0,11.0,5.0,2.0,7.0,4.0,12.0,1.0,6.0,Housing Type 1,Housing Type 1,Housing Type 2,Housing Type 2,Housing Type 1,Housing Type 1,Housing Type 2,Housing Type 2,Housing Type 2,Housing Type 2,Housing Type 2,Housing Type 1,No,No,Yes,Yes,Yes,Yes,No,Yes,Yes,No,No,No,,,,,,,,Other (Specify),Never had a plac3
321,R_if1mLVTZauxocMi,2025-08-10 23:11:49,37.803847,-122.293832,coord_decimal,60.2,0.0,Female,57.0,White,,,,,2,0,5,2,0.4166666666666667,Pet Policy,2.0,4.0,11.0,6.0,9.0,10.0,3.0,7.0,5.0,1.0,12.0,8.0,Housing Type 2,Housing Type 1,Housing Type 2,Housing Type 1,Housing Type 1,Housing Type 2,Housing Type 1,Housing Type 2,Housing Type 1,Housing Type 1,Housing Type 1,Housing Type 1,Yes,No,No,Yes,Yes,No,Yes,Yes,No,No,No,No,,,,,,,,Other (Specify),Avoiding getting in trouble
322,R_9AQw2VEOc8LkAzN,2025-08-10 23:11:51,37.803825,-122.29386,coord_decimal,61.0,0.0,Male,48.0,,,Black,No Shelter/Outside,No Shelter/Outside,2,0,5,2,0.3333333333333333,Level of privacy,1.0,4.0,8.0,6.0,7.0,9.0,3.0,11.0,2.0,10.0,12.0,5.0,Housing Type 2,Housing Type 2,Housing Type 1,Housing Type 2,Housing Type 1,Housing Type 1,Housing Type 2,Housing Type 1,Housing Type 2,Housing Type 1,Housing Type 2,Housing Type 1,No,No,Yes,No,No,No,No,Yes,No,Yes,No,Yes,,,,,,,,Other (Specify),Landlord wanted him to move
323,R_gKo3RzA9fX86d5n,2025-08-10 23:11:52,37.80379,-122.293817,coord_decimal,55.8,0.0,Female,59.0,White,,,,,2,0,5,2,0.25,Partners Policy,3.0,6.0,11.0,5.0,12.0,9.0,4.0,8.0,10.0,2.0,1.0,7.0,Housing Type 1,Housing Type 2,Housing Type 2,Housing Type 2,Housing Type 1,Housing Type 2,Housing Type 2,Housing Type 1,Housing Type 1,Housing Type 1,Housing Type 2,Housing Type 1,Yes,No,No,No,No,Yes,No,Yes,No,No,No,No,,,,,,,,Other (Specify),Live/ work. Got fired
324,R_b2yWkfCcoztYrvd,2025-08-10 23:11:53,37.803803,-122.29383,coord_decimal,57.5,0.0,Male,55.0,White,,,,,2,0,5,2,0.16666666666666666,Partners Policy,3.0,7.0,10.0,5.0,12.0,8.0,4.0,11.0,6.0,2.0,1.0,9.0,Housing Type 1,Housing Type 1,Housing Type 2,Housing Type 1,Housing Type 1,Housing Type 2,Housing Type 2,Housing Type 1,Housing Type 2,Housing Type 2,Housing Type 2,Housing Type 2,No,No,Yes,Yes,No,No,No,No,No,No,No,No,,,,,,,,Other (Specify),Live / work  got fired
325,R_kHR41fag5qHaU9z,2025-08-10 23:11:55,37.803428,-122.292418,coord_decimal,75.0,0.0,Male,49.0,,,Black,,,5,2,7,4,0.9166666666666666,Level of privacy,1.0,4.0,7.0,2.0,9.0,8.0,5.0,6.0,10.0,11.0,12.0,3.0,Housing Type 2,Housing Type 1,Housing Type 1,Housing Type 2,Housing Type 1,Housing Type 2,Housing Type 1,Housing Type 2,Housing Type 2,Housing Type 1,Housing Type 2,Housing Type 1,No,Yes,Yes,Yes,Yes,Yes,Yes,Yes,Yes,Yes,Yes,Yes,,,,,,,,Other (Specify),Somebody trieed to kill me
326,R_1mZhZBV78PKEsCA,2025-08-10 23:11:56,37.803667,-122.291943,coord_decimal,116.0,0.0,Female,56.0,White,,,,,3,2,7,4,0.3333333333333333,Pet Policy,5.0,2.0,7.0,3.0,8.0,12.0,11.0,9.0,4.0,1.0,10.0,6.0,Housing Type 1,Housing Type 1,Housing Type 1,Housing Type 2,Housing Type 1,Housing Type 2,Housing Type 2,Housing Type 1,Housing Type 1,Housing Type 1,Housing Type 2,Housing Type 1,Yes,No,No,Yes,No,Yes,No,Yes,No,No,No,No,,,,,,,,Other (Specify),Conflicts with management
327,R_6bnWpi35sgyS9MJ,2025-08-10 23:11:57,37.8037,-122.29196,coord_decimal,115.0,1.0,Female,44.0,White,,,,,3,2,7,4,0.3333333333333333,Case Management,3.0,6.0,11.0,1.0,8.0,12.0,10.0,7.0,4.0,2.0,9.0,5.0,Housing Type 1,Housing Type 1,Housing Type 1,Housing Type 1,Housing Type 2,Housing Type 1,Housing Type 1,Housing Type 1,Housing Type 2,Housing Type 2,Housing Type 1,Housing Type 1,Yes,Yes,Yes,No,No,No,No,Yes,No,No,No,No,,,,,,,,Other (Specify),Moved to be with a boyfriend
328,R_eFCZVRXRjpoODed,2025-08-10 23:11:59,37.810405,-122.291382,coord_decimal,779.4,1.0,Male,59.0,White,,,,,37,29,72,54,0.4166666666666667,Pet Policy,3.0,8.0,12.0,6.0,11.0,9.0,4.0,10.0,5.0,1.0,2.0,7.0,Housing Type 2,Housing Type 1,Housing Type 2,Housing Type 1,Housing Type 1,Housing Type 1,Housing Type 1,Housing Type 2,Housing Type 1,Housing Type 2,Housing Type 2,Housing Type 1,Yes,Yes,Yes,No,No,No,Yes,Yes,No,No,No,No,"Family/friend/roommate asked me to leave (dispute, needed room, etc.)",,,,,,,,
329,R_4bMHLyt1lc6Cok9,2025-08-10 23:12:00,37.809757,-122.291568,coord_decimal,18.9,1.0,Female,57.0,,,,,,29,21,59,43,0.5,Partners Policy,3.0,9.0,4.0,6.0,5.0,11.0,8.0,10.0,7.0,2.0,1.0,12.0,Housing Type 1,Housing Type 1,Housing Type 1,Housing Type 1,Housing Type 2,Housing Type 2,Housing Type 1,Housing Type 1,Housing Type 1,Housing Type 1,Housing Type 1,Housing Type 1,No,Yes,Yes,Yes,Yes,Yes,Yes,No,No,No,No,No,,,Divorce/breakup,,,,,,
330,R_hzSygy0iKoEesGt,2025-08-10 23:12:01,37.820282,-122.288678,coord_decimal,18.4,1.0,Male,32.0,White,,,,,8,4,17,10,0.25,Length allowed to stay,2.0,1.0,12.0,10.0,8.0,6.0,5.0,11.0,4.0,9.0,3.0,7.0,Housing Type 2,Housing Type 1,Housing Type 2,Housing Type 1,Housing Type 2,Housing Type 1,Housing Type 2,Housing Type 2,Housing Type 2,Housing Type 2,Housing Type 1,Housing Type 2,Yes,Yes,Yes,No,No,No,No,No,No,No,No,No,,,Divorce/breakup,Could not pay rent,,Eviction,,,
331,R_jD3CUVrcIzm718R,2025-08-10 23:12:03,37.820567,-122.286712,coord_decimal,30.2,0.0,Male,58.0,White,,,,,3,1,6,1,0.3333333333333333,Pet Policy,3.0,5.0,11.0,7.0,10.0,8.0,12.0,6.0,9.0,1.0,2.0,4.0,Housing Type 1,Housing Type 2,Housing Type 2,Housing Type 2,Housing Type 2,Housing Type 2,Housing Type 1,Housing Type 2,Housing Type 1,Housing Type 2,Housing Type 2,Housing Type 2,No,Yes,No,No,Yes,Yes,Yes,No,No,No,No,No,,,,,,,,Other (Specify),Owner died
332,R_euAZlNYuuEN1eHx,2025-08-10 23:12:05,37.820973,-122.270942,coord_decimal,1414.4,0.0,Male,50.0,White,,,,,0,0,0,0,0.5,Level of privacy,1.0,10.0,6.0,3.0,8.0,9.0,4.0,11.0,7.0,5.0,12.0,2.0,Housing Type 1,Housing Type 2,Housing Type 2,Housing Type 2,Housing Type 2,Housing Type 1,Housing Type 1,Housing Type 2,Housing Type 2,Housing Type 1,Housing Type 1,Housing Type 2,Yes,No,Yes,Yes,Yes,No,No,No,No,Yes,No,Yes,,,,,,Eviction,,,
333,R_eDflZyZRbPmeQwG,2025-08-10 23:12:06,37.821175,-122.271037,coord_decimal,1407.3,0.0,Female,40.0,White,,,,,0,0,0,0,0.5833333333333334,Pet Policy,2.0,7.0,10.0,8.0,5.0,12.0,11.0,6.0,3.0,1.0,9.0,4.0,Housing Type 2,Housing Type 1,Housing Type 2,Housing Type 2,Housing Type 2,Housing Type 1,Housing Type 2,Housing Type 1,Housing Type 1,Housing Type 1,Housing Type 1,Housing Type 1,Yes,Yes,Yes,Yes,Yes,No,Yes,Yes,No,No,No,No,,,,,,,,Other (Specify),Had a stroke
334,R_5K8TchNyYJoMtoP,2025-08-14 12:22:29,37.96354,-122.359102,area_vague,,1.0,Male,40.0,,Hispanic,,,,0,0,0,0,1.0,Case Management,4.0,5.0,10.0,1.0,11.0,12.0,9.0,6.0,8.0,3.0,7.0,2.0,Housing Type 1,Housing Type 1,Housing Type 1,Housing Type 1,Housing Type 1,Housing Type 1,Housing Type 1,Housing Type 1,Housing Type 1,Housing Type 1,Housing Type 1,Housing Type 1,Yes,Yes,Yes,Yes,Yes,Yes,Yes,Yes,Yes,Yes,Yes,Yes,,,,,,Eviction,,,
335,R_mlqUkvUe5NHQWeC,2025-08-14 12:22:31,37.963408,-122.359002,area_vague,,0.0,Female,44.0,,Hispanic,,,,0,0,0,0,0.9166666666666666,Case Management,8.0,9.0,2.0,1.0,7.0,3.0,11.0,10.0,5.0,4.0,12.0,6.0,Housing Type 2,Housing Type 2,Housing Type 1,Housing Type 1,Housing Type 1,Housing Type 1,Housing Type 1,Housing Type 1,Housing Type 1,Housing Type 1,Housing Type 1,Housing Type 1,Yes,Yes,No,Yes,Yes,Yes,Yes,Yes,Yes,Yes,Yes,Yes,,,,Could not pay rent,,,,,
336,R_of3Ki4WhwcuNWoV,2025-08-14 12:22:32,37.96341,-122.359048,area_vague,,0.0,Male,55.0,,Hispanic,,,,0,0,0,0,1.0,Level of privacy,1.0,12.0,7.0,3.0,6.0,10.0,11.0,4.0,5.0,2.0,8.0,9.0,Housing Type 1,Housing Type 1,Housing Type 1,Housing Type 1,Housing Type 1,Housing Type 1,Housing Type 1,Housing Type 1,Housing Type 1,Housing Type 1,Housing Type 1,Housing Type 1,Yes,Yes,Yes,Yes,Yes,Yes,Yes,Yes,Yes,Yes,Yes,Yes,,,Divorce/breakup,,,,,,
337,R_7La87BunjmdD08B,2025-08-14 12:22:33,37.954972,-122.364167,area_vague,,1.0,Male,55.0,White,,,,,0,0,0,0,0.9166666666666666,Length allowed to stay,10.0,1.0,3.0,11.0,2.0,8.0,5.0,6.0,7.0,9.0,4.0,12.0,Housing Type 2,Housing Type 2,Housing Type 1,Housing Type 2,Housing Type 2,Housing Type 2,Housing Type 2,Housing Type 1,Housing Type 1,Housing Type 1,Housing Type 2,Housing Type 1,Yes,Yes,Yes,Yes,Yes,No,Yes,Yes,Yes,Yes,Yes,Yes,,,,,,,,Other (Specify),Shut down
338,R_adUTgBtf90YcxGG,2025-08-14 12:22:34,37.934893,-122.361733,address,303.3,0.0,Female,44.0,,Hispanic,,,,0,0,0,0,1.0,,,,,,,,,,,,,,,Housing Type 1,Housing Type 1,Housing Type 1,Housing Type 1,Housing Type 1,Housing Type 1,Housing Type 1,Housing Type 1,Housing Type 1,Housing Type 2,Housing Type 2,Yes,Yes,Yes,Yes,Yes,Yes,Yes,Yes,Yes,Yes,Yes,Yes,,,,,,,Released from jail/prison,,
339,R_kXhMMj5vm67s0ud,2025-08-14 12:22:35,37.934828,-122.361718,address,308.1,0.0,Female,26.0,,Hispanic,,,,0,0,0,0,1.0,Curfew Policy,7.0,10.0,9.0,6.0,4.0,11.0,5.0,2.0,1.0,3.0,8.0,12.0,Housing Type 1,Housing Type 1,Housing Type 1,Housing Type 1,Housing Type 1,Housing Type 1,Housing Type 1,Housing Type 1,Housing Type 1,Housing Type 1,Housing Type 1,Housing Type 1,Yes,Yes,Yes,Yes,Yes,Yes,Yes,Yes,Yes,Yes,Yes,Yes,,,,,,,,,
340,R_0wCOYQ5TU0WTuai,2025-08-15 23:29:00,37.847838,-122.252383,area_vague,,0.0,Male,65.0,,,Black,,,0,0,0,0,0.9166666666666666,Level of privacy,1.0,6.0,8.0,9.0,10.0,7.0,11.0,5.0,4.0,12.0,3.0,2.0,Housing Type 1,Housing Type 2,Housing Type 1,Housing Type 1,Housing Type 2,Housing Type 2,Housing Type 2,Housing Type 1,Housing Type 2,Housing Type 2,Housing Type 1,Housing Type 1,Yes,No,Yes,Yes,Yes,Yes,Yes,Yes,Yes,Yes,Yes,Yes,"Family/friend/roommate asked me to leave (dispute, needed room, etc.)",,Divorce/breakup,,,,,,
341,R_iX3txAyyQ3ysP3T,2025-08-15 23:29:01,37.8479,-122.252427,area_vague,,0.0,Male,34.0,White,,,,,0,0,0,0,1.0,Proximity to where you st,3.0,7.0,4.0,6.0,5.0,1.0,10.0,11.0,9.0,12.0,8.0,2.0,Housing Type 2,Housing Type 1,Housing Type 1,Housing Type 2,Housing Type 2,Housing Type 1,Housing Type 2,Housing Type 1,Housing Type 1,Housing Type 1,Housing Type 2,Housing Type 1,Yes,Yes,Yes,Yes,Yes,Yes,Yes,Yes,Yes,Yes,Yes,Yes,,,,Could not pay rent,,Eviction,,,
342,R_7SMEudbN6Zehta9,2025-08-15 23:29:02,37.847793,-122.252328,area_vague,,0.0,Female,57.0,,Hispanic,,,,0,0,0,0,1.0,How Clean it is,6.0,5.0,3.0,4.0,7.0,2.0,9.0,8.0,11.0,12.0,10.0,1.0,Housing Type 2,Housing Type 2,Housing Type 2,Housing Type 2,Housing Type 2,Housing Type 1,Housing Type 2,Housing Type 2,Housing Type 2,Housing Type 1,Housing Type 1,Housing Type 1,Yes,Yes,Yes,Yes,Yes,Yes,Yes,Yes,Yes,Yes,Yes,Yes,,,,,,,,Other (Specify),House raided and i went to hospital
343,R_bx9tz0Is7BYRjhI,2025-08-15 23:29:03,37.847878,-122.252332,area_vague,,0.0,Male,67.0,,,Black,No Shelter/Outside,No Shelter/Outside,0,0,0,0,0.9166666666666666,Level of privacy,1.0,6.0,4.0,8.0,11.0,5.0,7.0,9.0,2.0,12.0,10.0,3.0,Housing Type 2,Housing Type 2,Housing Type 2,Housing Type 2,Housing Type 2,Housing Type 1,Housing Type 1,Housing Type 2,Housing Type 2,Housing Type 2,Housing Type 2,Housing Type 2,Yes,Yes,Yes,Yes,Yes,Yes,Yes,No,Yes,Yes,Yes,Yes,,Chose to leave due to issues with family/friend/roommate,,,,,,,
344,R_1U9Io6FdPVlfYXA,2025-08-16 11:41:54,37.933033,-122.346587,area_vague,,0.0,Male,44.0,,Hispanic,,,,0,0,0,0,0.0,Participation in rule mak,8.0,3.0,7.0,5.0,11.0,12.0,10.0,1.0,9.0,2.0,6.0,4.0,Housing Type 1,Housing Type 2,Housing Type 1,Housing Type 2,Housing Type 2,Housing Type 2,Housing Type 1,Housing Type 1,Housing Type 2,Housing Type 1,Housing Type 2,Housing Type 2,No,No,No,No,No,,No,No,No,No,No,No,,,,,,,Released from jail/prison,,
345,R_eKmoIVYKRD3p2o8,2025-08-16 12:19:53,37.931898,-122.359797,address,21242.5,1.0,Female,44.0,,Hispanic,,,No Shelter/Outside,0,0,0,0,0.9166666666666666,Pet Policy,3.0,8.0,12.0,11.0,5.0,4.0,6.0,7.0,10.0,1.0,9.0,2.0,Housing Type 2,Housing Type 1,,Housing Type 1,Housing Type 2,Housing Type 1,,,Housing Type 1,Housing Type 2,Housing Type 2,Housing Type 2,Yes,Yes,Yes,Yes,Yes,Yes,Yes,No,Yes,Yes,Yes,Yes,,,,Could not pay rent,,Eviction,,,
346,R_nudOezjyogyXu2f,2025-08-16 23:45:01,37.820567,-122.290283,coord_decimal,45.7,1.0,Female,40.0,White,,,,,4,4,42,36,0.0,Pet Policy,2.0,6.0,11.0,8.0,9.0,3.0,5.0,7.0,4.0,1.0,12.0,10.0,Housing Type 1,Housing Type 1,Housing Type 2,Housing Type 1,Housing Type 2,Housing Type 2,Housing Type 2,Housing Type 1,Housing Type 1,Housing Type 1,Housing Type 2,Housing Type 1,No,No,No,No,No,No,No,No,No,No,No,No,,,,,,Eviction,,,
347,R_8ZkzRN9B7qskAej,2025-08-16 23:45:02,37.8203476,-122.2907231,coord_decimal,,1.0,Male,57.0,White,,,,,3,3,35,29,0.4166666666666667,Partners Policy,4.0,10.0,12.0,2.0,11.0,9.0,5.0,8.0,6.0,3.0,1.0,7.0,Housing Type 2,Housing Type 1,Housing Type 2,Housing Type 2,Housing Type 1,Housing Type 1,Housing Type 1,Housing Type 2,Housing Type 1,Housing Type 2,Housing Type 1,Housing Type 1,Yes,No,Yes,No,No,Yes,Yes,Yes,No,No,No,No,,,,,,Eviction,,,
348,R_aBt8k7UMdxC4jOa,2025-08-16 23:45:03,37.819942,-122.290718,coord_decimal,45.1,1.0,Female,53.0,White,,,No Shelter/Outside,No Shelter/Outside,3,3,49,41,0.5833333333333334,Case Management,2.0,8.0,12.0,1.0,7.0,10.0,4.0,9.0,3.0,5.0,11.0,6.0,Housing Type 1,Housing Type 1,Housing Type 2,Housing Type 1,Housing Type 2,Housing Type 2,Housing Type 2,Housing Type 2,Housing Type 2,Housing Type 1,Housing Type 1,Housing Type 2,No,Yes,Yes,Yes,Yes,Yes,Yes,Yes,No,No,No,No,,,,,,,,Other (Specify),Domestic violence
349,R_8HfaRbCjA5PgT4S,2025-08-16 23:45:05,37.8203476,-122.2907231,coord_decimal,,0.0,Male,70.0,,,Black,,,3,3,35,29,0.5833333333333334,Pet Policy,3.0,2.0,6.0,7.0,10.0,11.0,4.0,8.0,9.0,1.0,12.0,5.0,Housing Type 2,Housing Type 1,Housing Type 2,Housing Type 1,Housing Type 1,Housing Type 2,Housing Type 1,Housing Type 1,Housing Type 2,Housing Type 1,Housing Type 1,Housing Type 1,Yes,Yes,Yes,Yes,No,No,No,No,No,Yes,Yes,Yes,,,,Could not pay rent,,,,,
350,R_lX5lDjMWJ6O4BF1,2025-08-16 23:45:07,37.8203476,-122.2907231,coord_decimal,,1.0,Male,44.0,White,,,,,3,3,35,29,0.3333333333333333,Pet Policy,12.0,6.0,10.0,3.0,11.0,9.0,5.0,8.0,4.0,1.0,2.0,7.0,Housing Type 2,Housing Type 2,Housing Type 2,Housing Type 2,Housing Type 2,Housing Type 2,Housing Type 2,Housing Type 2,Housing Type 1,Housing Type 1,Housing Type 2,Housing Type 2,Yes,Yes,No,Yes,No,Yes,No,No,No,No,No,No,,,,,,,,Other (Specify),Moved to cali
351,R_bIBPS5qMPkUmLql,2025-08-16 23:45:08,37.8203476,-122.2907231,coord_decimal,,1.0,Female,46.0,,,,,,3,3,35,29,0.16666666666666666,Pet Policy,3.0,5.0,9.0,7.0,11.0,8.0,4.0,12.0,10.0,1.0,2.0,6.0,Housing Type 1,Housing Type 2,Housing Type 2,Housing Type 1,Housing Type 2,Housing Type 2,Housing Type 2,Housing Type 2,Housing Type 2,Housing Type 2,Housing Type 1,Housing Type 2,No,No,Yes,No,No,Yes,No,No,No,No,No,No,,,,,,Eviction,,,
352,R_ePWPnG7aB91ApTk,2025-08-16 23:45:09,37.8203476,-122.2907231,coord_decimal,,1.0,Female,46.0,White,,,,,3,3,35,29,0.3333333333333333,Pet Policy,2.0,4.0,11.0,5.0,8.0,12.0,3.0,10.0,9.0,1.0,6.0,7.0,Housing Type 1,Housing Type 1,Housing Type 1,Housing Type 2,Housing Type 2,Housing Type 2,Housing Type 1,Housing Type 1,Housing Type 2,Housing Type 2,Housing Type 1,Housing Type 2,Yes,Yes,No,Yes,Yes,No,No,No,No,No,No,No,,,,,,Eviction,,,
353,R_m2d4nsxx0Z835CC,2025-08-16 23:45:10,37.8203476,-122.2907231,coord_decimal,,1.0,Female,39.0,White,,,,No Shelter/Outside,3,3,35,29,0.4166666666666667,Pet Policy,3.0,9.0,12.0,6.0,4.0,11.0,5.0,10.0,7.0,1.0,2.0,8.0,Housing Type 2,Housing Type 1,Housing Type 2,Housing Type 2,Housing Type 1,Housing Type 2,Housing Type 2,Housing Type 2,Housing Type 2,Housing Type 1,Housing Type 2,Housing Type 2,Yes,Yes,Yes,No,No,No,Yes,Yes,No,No,No,No,,,,,,,,Other (Specify),Relative died
354,R_ed6caeFe2NL4bgU,2025-08-16 23:45:11,37.8203476,-122.2907231,coord_decimal,,1.0,Female,38.0,,,Black,,,3,3,35,29,0.75,Partners Policy,2.0,8.0,5.0,4.0,11.0,6.0,10.0,7.0,3.0,12.0,1.0,9.0,Housing Type 1,Housing Type 2,Housing Type 2,Housing Type 2,Housing Type 2,Housing Type 1,Housing Type 1,Housing Type 2,Housing Type 1,Housing Type 2,Housing Type 2,Housing Type 1,Yes,Yes,No,Yes,Yes,Yes,Yes,Yes,No,Yes,No,Yes,,,,,,,,Other (Specify),Foreclosure so evicted
355,R_m5V403v4JY72ll0,2025-08-16 23:45:11,37.820865,-122.289757,coord_decimal,102.5,1.0,Male,52.0,,,Black,,,4,4,43,34,0.5,Partners Policy,2.0,6.0,11.0,3.0,9.0,10.0,4.0,8.0,5.0,12.0,1.0,7.0,Housing Type 2,Housing Type 2,Housing Type 2,Housing Type 2,Housing Type 2,Housing Type 2,Housing Type 1,Housing Type 1,Housing Type 2,Housing Type 2,Housing Type 2,Housing Type 1,Yes,No,Yes,Yes,Yes,Yes,No,Yes,No,No,No,No,"Family/friend/roommate asked me to leave (dispute, needed room, etc.)",,,,,,,,
356,R_fUjxGLYfZ3tyYmk,2025-08-16 23:45:12,37.8203476,-122.2907231,coord_decimal,,1.0,Male,57.0,White,,,No Shelter/Outside,No Shelter/Outside,3,3,35,29,0.5,Level of privacy,1.0,6.0,7.0,9.0,8.0,12.0,3.0,5.0,2.0,10.0,11.0,4.0,Housing Type 2,Housing Type 2,Housing Type 1,Housing Type 1,Housing Type 1,Housing Type 1,Housing Type 1,Housing Type 1,Housing Type 2,Housing Type 1,Housing Type 1,Housing Type 1,Yes,Yes,No,Yes,No,Yes,Yes,Yes,No,No,No,No,,,,,,,,Other (Specify),Deposit and rent too high and chose to live in rv
357,R_daMror65zptvX1n,2025-08-16 23:45:13,37.820907,-122.28974,coord_decimal,106.4,1.0,Female,36.0,,,Black,No Shelter/Outside,No Shelter/Outside,4,4,43,34,0.6666666666666666,Partners Policy,3.0,7.0,8.0,6.0,9.0,10.0,4.0,11.0,2.0,12.0,1.0,5.0,Housing Type 1,Housing Type 2,Housing Type 1,Housing Type 2,Housing Type 2,Housing Type 1,Housing Type 1,Housing Type 2,Housing Type 1,Housing Type 1,Housing Type 2,Housing Type 2,Yes,Yes,Yes,No,Yes,Yes,Yes,Yes,No,No,No,Yes,,,,,Rent increase,,,,
358,R_mEhHgcRDIhNnD2C,2025-08-16 23:45:14,37.8203476,-122.2907231,coord_decimal,,1.0,Male,50.0,,,Black,No Shelter/Outside,No Shelter/Outside,3,3,35,29,0.4166666666666667,Partners Policy,2.0,12.0,8.0,3.0,11.0,7.0,4.0,6.0,9.0,10.0,1.0,5.0,Housing Type 2,Housing Type 2,Housing Type 1,Housing Type 1,Housing Type 1,Housing Type 1,Housing Type 2,Housing Type 2,Housing Type 2,Housing Type 2,Housing Type 2,Housing Type 1,Yes,Yes,Yes,Yes,No,No,Yes,No,No,No,No,No,,,,,Rent increase,,,,
359,R_7gDb0QmTDukP0Zg,2025-08-18 14:43:09,37.911415,-122.318537,missing,,1.0,Female,23.0,White,,,,,0,0,0,0,0.6666666666666666,Close to transit,4.0,3.0,9.0,8.0,1.0,7.0,5.0,10.0,11.0,12.0,2.0,6.0,Housing Type 2,Housing Type 1,Housing Type 2,Housing Type 1,Housing Type 1,Housing Type 1,Housing Type 1,Housing Type 2,Housing Type 1,Housing Type 1,Housing Type 1,Housing Type 1,Yes,Yes,No,No,Yes,No,Yes,Yes,Yes,Yes,No,Yes,,Chose to leave due to issues with family/friend/roommate,,,,,,,
360,R_hl2AoX9lkUkAxre,2025-08-18 14:43:10,37.933483,-122.332812,area_vague,,0.0,Female,42.0,,Hispanic,,,,0,0,0,0,0.0,Proximity to where you st,3.0,5.0,12.0,11.0,9.0,1.0,8.0,10.0,4.0,7.0,6.0,2.0,Housing Type 1,Housing Type 2,Housing Type 2,Housing Type 2,Housing Type 2,Housing Type 1,Housing Type 1,Housing Type 2,Housing Type 2,Housing Type 1,Housing Type 2,Housing Type 1,No,No,No,No,No,No,No,No,No,No,No,No,,,,,,,,Other (Specify),Failed fire/safety inspection
361,R_eIZjYBtpNPgkcjT,2025-08-18 14:43:11,37.933437,-122.332738,address,26161.0,0.0,Female,47.0,,,Black,,,0,0,0,0,0.16666666666666666,Participation in rule mak,12.0,9.0,6.0,2.0,8.0,7.0,4.0,1.0,5.0,11.0,10.0,3.0,Housing Type 1,Housing Type 1,Housing Type 1,Housing Type 1,Housing Type 1,Housing Type 1,Housing Type 1,Housing Type 1,Housing Type 1,Housing Type 1,Housing Type 1,Housing Type 1,No,Yes,Yes,No,No,No,No,No,No,No,No,No,,,,,,,,Other (Specify),Mom pass away
362,R_9pa49MDldpKVi65,2025-08-18 14:43:13,37.933457,-122.332743,missing,,0.0,Male,27.0,,,Black,,,0,0,0,0,0.0,Length allowed to stay,3.0,1.0,8.0,2.0,7.0,6.0,10.0,11.0,5.0,12.0,9.0,4.0,Housing Type 1,Housing Type 2,Housing Type 1,Housing Type 2,Housing Type 1,Housing Type 1,Housing Type 2,Housing Type 1,Housing Type 2,Housing Type 1,Housing Type 1,Housing Type 2,No,No,No,No,No,No,No,No,No,No,No,No,"Family/friend/roommate asked me to leave (dispute, needed room, etc.)",,,,,,,,
363,R_0Uc0jViGkObAQo1,2025-08-18 14:43:14,37.933482,-122.332752,junk,,1.0,Female,25.0,,,Black,,,0,0,0,0,0.8333333333333334,Length allowed to stay,4.0,1.0,5.0,2.0,9.0,11.0,12.0,3.0,7.0,10.0,8.0,6.0,Housing Type 1,Housing Type 2,Housing Type 1,Housing Type 1,Housing Type 1,Housing Type 2,Housing Type 1,Housing Type 2,Housing Type 1,Housing Type 1,Housing Type 2,Housing Type 1,No,Yes,Yes,Yes,Yes,Yes,No,Yes,Yes,Yes,Yes,Yes,"Family/friend/roommate asked me to leave (dispute, needed room, etc.)",,,,,,,,
364,R_iwxwI1GJpaqVaGa,2025-08-18 14:43:15,37.933568,-122.332823,address,26173.1,1.0,Female,58.0,White,,,,No Shelter/Outside,0,0,0,0,0.0,Curfew Policy,4.0,12.0,10.0,6.0,5.0,11.0,3.0,2.0,1.0,7.0,8.0,9.0,Housing Type 2,Housing Type 1,Housing Type 2,Housing Type 1,Housing Type 2,Housing Type 1,Housing Type 2,Housing Type 2,Housing Type 1,Housing Type 1,Housing Type 2,Housing Type 2,No,No,No,No,No,No,No,No,No,No,No,No,,,,,Rent increase,,,,
365,R_4Tt2Io0hJBegnAr,2025-08-18 14:43:16,37.933485,-122.332758,address,26165.7,1.0,Male,44.0,,,,No Shelter/Outside,No Shelter/Outside,0,0,0,0,1.0,Partners Policy,9.0,12.0,6.0,5.0,7.0,2.0,3.0,4.0,11.0,8.0,1.0,10.0,Housing Type 2,Housing Type 2,Housing Type 2,Housing Type 2,Housing Type 2,Housing Type 2,Housing Type 1,Housing Type 2,Housing Type 1,Housing Type 2,Housing Type 2,Housing Type 2,Yes,Yes,Yes,Yes,Yes,Yes,Yes,Yes,Yes,Yes,Yes,Yes,,,,,,,Released from jail/prison,,
366,R_2xiA3kW3nGVUw87,2025-08-21 14:51:28,37.972318,-122.342888,coord_decimal,54.4,1.0,Transgender Man,38.0,,,,,,0,0,0,0,0.0,Partners Policy,5.0,2.0,9.0,8.0,7.0,3.0,11.0,12.0,4.0,10.0,1.0,6.0,Housing Type 1,Housing Type 2,Housing Type 2,Housing Type 1,Housing Type 1,Housing Type 1,Housing Type 1,Housing Type 2,Housing Type 1,Housing Type 2,Housing Type 1,Housing Type 2,No,No,No,No,No,No,No,No,No,No,No,No,,,,Could not pay rent,,,,,
367,R_8wRAQBwlx2UNzrO,2025-08-21 14:51:29,37.972303,-122.342977,missing,,0.0,Female,45.0,,Hispanic,,,,0,0,0,0,0.3333333333333333,Pet Policy,4.0,9.0,2.0,6.0,7.0,11.0,12.0,10.0,3.0,1.0,8.0,5.0,Housing Type 1,Housing Type 2,Housing Type 2,Housing Type 1,Housing Type 1,Housing Type 2,Housing Type 2,Housing Type 1,Housing Type 2,Housing Type 1,Housing Type 2,Housing Type 2,Yes,Yes,No,Yes,Yes,No,No,No,No,No,No,No,,,,,,,,Other (Specify),Uun. Hibitutual cconditions
368,R_hKkqotqsgm525ji,2025-08-21 14:51:31,37.931917,-122.35971,missing,,0.0,Female,58.0,White,,,No Shelter/Outside,,0,0,0,0,1.0,Level of privacy,1.0,4.0,6.0,8.0,7.0,5.0,2.0,9.0,10.0,11.0,12.0,3.0,Housing Type 1,Housing Type 2,Housing Type 1,Housing Type 2,Housing Type 2,Housing Type 2,Housing Type 1,Housing Type 2,Housing Type 2,Housing Type 2,Housing Type 1,Housing Type 2,Yes,Yes,Yes,Yes,Yes,Yes,Yes,Yes,Yes,Yes,Yes,Yes,,,,Could not pay rent,,,,,
369,R_82bRrfjdNgyZiH4,2025-08-21 14:51:32,,,missing,,0.0,Female,,,,Black,,,0,0,0,0,1.0,Security Guards,3.0,7.0,1.0,5.0,4.0,2.0,12.0,6.0,10.0,11.0,9.0,8.0,Housing Type 2,Housing Type 1,Housing Type 1,Housing Type 2,Housing Type 2,Housing Type 1,Housing Type 2,Housing Type 1,Housing Type 1,Housing Type 1,Housing Type 2,Housing Type 1,Yes,Yes,Yes,Yes,Yes,Yes,Yes,Yes,Yes,Yes,Yes,Yes,,,,,,,,Other (Specify),Changed
370,R_6KmsvZgtSxttXWa,2025-08-21 14:51:33,,,area_vague,,0.0,Female,54.0,,,Black,,,0,0,0,0,0.5,Close to transit,11.0,7.0,2.0,3.0,1.0,9.0,5.0,4.0,12.0,8.0,10.0,6.0,Housing Type 1,Housing Type 2,Housing Type 1,Housing Type 2,Housing Type 1,Housing Type 1,Housing Type 2,Housing Type 2,Housing Type 1,Housing Type 2,Housing Type 2,Housing Type 1,Yes,Yes,No,No,Yes,Yes,Yes,Yes,No,No,No,No,,Chose to leave due to issues with family/friend/roommate,,,,,,,
371,R_n63umPN7FcvOvXN,2025-08-21 14:51:34,37.931935,-122.359728,missing,,1.0,Male,62.0,White,,,,,0,0,0,0,1.0,How Clean it is,7.0,4.0,6.0,12.0,11.0,2.0,9.0,3.0,8.0,10.0,5.0,1.0,Housing Type 1,Housing Type 1,Housing Type 2,Housing Type 1,Housing Type 1,Housing Type 1,Housing Type 1,Housing Type 1,Housing Type 2,Housing Type 1,Housing Type 2,Housing Type 1,Yes,Yes,Yes,Yes,Yes,Yes,Yes,Yes,Yes,Yes,Yes,Yes,,,,,,,,Other (Specify),My lady died
372,R_dcjAyBOVKDJUHEe,2025-08-21 14:51:36,,,missing,,0.0,Male,30.0,,,,,,0,0,0,0,1.0,Partners Policy,2.0,12.0,11.0,7.0,9.0,10.0,4.0,6.0,3.0,8.0,1.0,5.0,Housing Type 2,Housing Type 2,Housing Type 2,Housing Type 2,Housing Type 1,Housing Type 1,Housing Type 1,Housing Type 1,Housing Type 2,Housing Type 2,Housing Type 2,Housing Type 1,Yes,Yes,Yes,Yes,Yes,Yes,Yes,Yes,Yes,Yes,Yes,Yes,,,,,,,,Other (Specify),Work related
373,R_j7IUfJLvNVYcQME,2025-08-22 10:20:13,37.962288,-122.346225,address,23298.4,1.0,Female,35.0,,,,No Shelter/Outside,No Shelter/Outside,0,0,0,0,1.0,Length allowed to stay,2.0,1.0,9.0,7.0,5.0,8.0,12.0,10.0,4.0,6.0,11.0,3.0,Housing Type 1,Housing Type 2,Housing Type 2,Housing Type 2,Housing Type 2,Housing Type 1,Housing Type 2,Housing Type 1,Housing Type 2,Housing Type 2,Housing Type 2,Housing Type 1,Yes,Yes,Yes,Yes,Yes,Yes,Yes,Yes,Yes,Yes,Yes,Yes,,,,,,Eviction,Released from jail/prison,Other (Specify),Robbed
374,R_jMANIPCyYLpmptl,2025-08-22 10:20:14,37.962285,-122.346205,area_vague,,1.0,Male,31.0,,,Black,,No Shelter/Outside,0,0,0,0,0.5,Curfew Policy,3.0,12.0,11.0,2.0,10.0,6.0,8.0,7.0,1.0,9.0,4.0,5.0,,Housing Type 1,Housing Type 1,Housing Type 1,Housing Type 1,Housing Type 1,Housing Type 1,Housing Type 2,,Housing Type 2,Housing Type 1,Housing Type 1,No,Yes,Yes,Yes,No,No,No,No,No,Yes,Yes,Yes,"Family/friend/roommate asked me to leave (dispute, needed room, etc.)",,,,,,,,
375,R_1t5VwZ091nsPes7,2025-08-22 10:20:15,37.955557,-122.34376,area_vague,,1.0,Male,37.0,,Hispanic,,,,0,0,0,0,0.16666666666666666,Curfew Policy,12.0,10.0,11.0,3.0,4.0,2.0,9.0,7.0,1.0,6.0,8.0,5.0,Housing Type 2,Housing Type 2,Housing Type 2,Housing Type 2,Housing Type 1,Housing Type 1,,,Housing Type 2,,,Housing Type 2,Yes,Yes,No,No,No,No,No,No,No,No,No,No,"Family/friend/roommate asked me to leave (dispute, needed room, etc.)",,,,,,,,
376,R_kYPPMY7KrQ5ic1Z,2025-08-22 10:20:16,37.955598,-122.343763,area_vague,,1.0,Female,34.0,,Hispanic,,,,0,0,0,0,1.0,Case Management,10.0,7.0,9.0,1.0,6.0,8.0,11.0,12.0,4.0,3.0,5.0,2.0,Housing Type 1,Housing Type 1,Housing Type 1,Housing Type 2,Housing Type 2,Housing Type 1,Housing Type 1,Housing Type 1,Housing Type 1,Housing Type 1,Housing Type 1,Housing Type 1,Yes,Yes,Yes,Yes,Yes,Yes,Yes,Yes,Yes,Yes,Yes,Yes,"Family/friend/roommate asked me to leave (dispute, needed room, etc.)",Chose to leave due to issues with family/friend/roommate,Divorce/breakup,Could not pay rent,,Eviction,,,
377,R_mBxm3uLrCgl9Zz6,2025-08-22 10:20:17,37.955642,-122.343683,address,22283.8,1.0,Female,34.0,,Hispanic,,,,0,0,0,0,1.0,Proximity to where you st,7.0,4.0,12.0,10.0,8.0,1.0,9.0,11.0,2.0,5.0,6.0,3.0,Housing Type 2,Housing Type 2,Housing Type 1,Housing Type 2,Housing Type 2,Housing Type 2,Housing Type 1,Housing Type 2,Housing Type 2,Housing Type 2,Housing Type 2,Housing Type 2,Yes,Yes,Yes,Yes,Yes,Yes,Yes,Yes,Yes,Yes,Yes,Yes,,Chose to leave due to issues with family/friend/roommate,Divorce/breakup,Could not pay rent,Rent increase,,,,
378,R_oO4wEeSqrGK2PHI,2025-08-22 10:20:18,37.944295,-122.349627,area_vague,,1.0,Transgender Man,44.0,,Hispanic,,,,0,0,0,0,0.0,How Clean it is,11.0,12.0,6.0,4.0,8.0,10.0,3.0,7.0,5.0,2.0,9.0,1.0,Housing Type 1,Housing Type 2,Housing Type 2,Housing Type 1,Housing Type 1,Housing Type 1,Housing Type 2,Housing Type 1,,Housing Type 2,Housing Type 2,Housing Type 2,No,No,No,No,No,No,No,No,No,No,No,No,"Family/friend/roommate asked me to leave (dispute, needed room, etc.)",,,,,,,,
379,R_edUA2ZyTOqY6e2Q,2025-08-22 10:20:19,37.944292,-122.34962,area_vague,,0.0,Male,44.0,,Hispanic,,,,0,0,0,0,0.0,Length allowed to stay,3.0,1.0,10.0,8.0,2.0,6.0,5.0,4.0,7.0,12.0,9.0,11.0,Housing Type 1,Housing Type 2,Housing Type 2,Housing Type 2,Housing Type 2,Housing Type 1,Housing Type 2,Housing Type 2,Housing Type 1,Housing Type 2,Housing Type 2,Housing Type 1,No,No,No,No,No,No,No,No,No,No,No,No,"Family/friend/roommate asked me to leave (dispute, needed room, etc.)",,,,,,,,
380,R_0h9P8ZEu2zJ4W6X,2025-08-22 10:20:21,37.944252,-122.349652,area_vague,,0.0,Transgender Man,44.0,,,,,,0,0,0,0,0.0,Substance Use Policy,10.0,12.0,7.0,9.0,6.0,3.0,1.0,8.0,4.0,2.0,11.0,5.0,Housing Type 2,Housing Type 2,Housing Type 2,Housing Type 2,Housing Type 2,Housing Type 2,Housing Type 2,Housing Type 2,Housing Type 2,Housing Type 2,Housing Type 2,Housing Type 2,No,No,No,No,No,No,No,No,No,No,No,No,"Family/friend/roommate asked me to leave (dispute, needed room, etc.)",,,,,,,,
381,R_8oZ4JwhORJf6MwV,2025-08-22 10:20:22,37.944235,-122.349677,area_vague,,1.0,Male,44.0,,,,,,0,0,0,0,0.0,Curfew Policy,8.0,7.0,3.0,12.0,9.0,5.0,10.0,6.0,1.0,11.0,4.0,2.0,Housing Type 1,Housing Type 2,Housing Type 2,Housing Type 2,Housing Type 2,Housing Type 2,Housing Type 2,Housing Type 2,Housing Type 2,Housing Type 2,Housing Type 2,Housing Type 2,No,No,No,No,No,No,No,No,No,No,No,No,,,,,Rent increase,,,,
382,R_6CRaFVD9zJc12sK,2025-08-22 10:20:23,37.944253,-122.349642,area_vague,,1.0,Female,44.0,,,Black,,,0,0,0,0,0.0,Security Guards,9.0,4.0,1.0,10.0,3.0,12.0,7.0,11.0,2.0,6.0,5.0,8.0,Housing Type 2,Housing Type 2,Housing Type 2,Housing Type 2,Housing Type 2,Housing Type 2,Housing Type 2,Housing Type 2,Housing Type 2,Housing Type 2,Housing Type 2,Housing Type 1,No,No,No,No,No,No,No,No,No,No,No,No,,,,,,,Released from jail/prison,,
383,R_9oSShBQnYotfSqy,2025-08-22 20:45:28,37.792833,-122.263847,coord_decimal,104.9,0.0,Male,43.0,,Hispanic,,,,0,0,0,0,1.0,How Clean it is,5.0,11.0,8.0,2.0,4.0,9.0,7.0,6.0,10.0,12.0,3.0,1.0,Housing Type 2,Housing Type 1,Housing Type 1,Housing Type 2,Housing Type 2,Housing Type 2,Housing Type 1,Housing Type 2,Housing Type 1,Housing Type 1,Housing Type 2,Housing Type 2,Yes,Yes,Yes,Yes,Yes,Yes,Yes,Yes,Yes,Yes,Yes,Yes,,,,,,,,Other (Specify),Mom died.
384,R_kClPdjQNK16Evcn,2025-08-22 20:45:31,37.848035,-122.252233,coord_decimal,88.3,0.0,Male,67.0,,,,No Shelter/Outside,No Shelter/Outside,0,0,0,0,0.0,How Clean it is,8.0,4.0,5.0,3.0,2.0,10.0,9.0,7.0,6.0,11.0,12.0,1.0,Housing Type 1,,Housing Type 2,,,,,,,,,,No,No,No,No,No,No,No,No,No,No,No,No,,,,,,,,Other (Specify),Fire - whole mountain burned
385,R_8zjnlBCp5Eq0Cff,2025-08-22 20:45:35,37.847987,-122.252323,coord_decimal,81.9,0.0,Male,78.0,White,,,No Shelter/Outside,No Shelter/Outside,0,0,0,0,0.9166666666666666,Close to transit,6.0,2.0,5.0,3.0,1.0,8.0,7.0,10.0,9.0,11.0,12.0,4.0,Housing Type 1,Housing Type 1,Housing Type 1,Housing Type 1,Housing Type 2,Housing Type 1,Housing Type 2,Housing Type 2,Housing Type 1,Housing Type 1,Housing Type 2,Housing Type 2,Yes,Yes,Yes,No,Yes,Yes,Yes,Yes,Yes,Yes,Yes,Yes,,,,,,,,Other (Specify),Went to spain
386,R_nanOC0yrR66SsxT,2025-08-22 20:45:37,37.847972,-122.252302,coord_decimal,80.4,0.0,Male,54.0,,,Black,,,0,0,0,0,0.8333333333333334,Participation in rule mak,5.0,10.0,9.0,7.0,3.0,6.0,8.0,1.0,2.0,11.0,12.0,4.0,Housing Type 2,Housing Type 1,Housing Type 2,Housing Type 1,Housing Type 1,Housing Type 2,Housing Type 2,Housing Type 1,Housing Type 1,Housing Type 2,Housing Type 2,Housing Type 1,No,Yes,Yes,Yes,No,Yes,Yes,Yes,Yes,Yes,Yes,Yes,,,,,,,,Other (Specify),Too many people
387,R_fFWBBkVwa2qb3Wo,2025-08-22 20:45:39,37.847945,-122.252268,coord_decimal,77.9,0.0,Male,64.0,,,,No Shelter/Outside,No Shelter/Outside,0,0,0,0,0.9166666666666666,Case Management,6.0,2.0,5.0,1.0,4.0,3.0,10.0,9.0,8.0,12.0,11.0,7.0,Housing Type 1,Housing Type 1,Housing Type 1,Housing Type 1,Housing Type 1,Housing Type 1,,Housing Type 1,Housing Type 1,Housing Type 2,Housing Type 2,Housing Type 2,Yes,Yes,Yes,No,Yes,Yes,Yes,Yes,Yes,Yes,Yes,Yes,,,,,,Eviction,,,
388,R_jvpnwqf2RGVEP4z,2025-08-22 20:45:41,37.848015,-122.25226,coord_decimal,85.7,1.0,Male,42.0,White,,,,,0,0,0,0,0.5833333333333334,Case Management,2.0,5.0,9.0,1.0,3.0,7.0,4.0,6.0,10.0,11.0,12.0,8.0,Housing Type 2,Housing Type 2,Housing Type 2,Housing Type 1,Housing Type 1,Housing Type 1,Housing Type 1,Housing Type 2,Housing Type 1,Housing Type 2,Housing Type 2,Housing Type 1,Yes,Yes,Yes,Yes,No,Yes,Yes,Yes,No,No,No,No,,,,Could not pay rent,,,,,
389,R_hdKWzwI1YWaZkmV,2025-08-22 20:50:48,37.847945,-122.252248,address,18.2,0.0,Female,64.0,,,Black,No Shelter/Outside,No Shelter/Outside,0,0,0,0,1.0,How Clean it is,4.0,8.0,5.0,10.0,2.0,6.0,9.0,3.0,7.0,12.0,11.0,1.0,Housing Type 1,Housing Type 1,Housing Type 1,Housing Type 2,Housing Type 2,Housing Type 2,Housing Type 2,Housing Type 2,Housing Type 1,Housing Type 1,Housing Type 1,Housing Type 2,Yes,Yes,Yes,Yes,Yes,Yes,Yes,Yes,Yes,Yes,Yes,Yes,,,,,,Eviction,,,
390,R_iBopNPLaTWJFjVW,2025-08-22 20:50:48,37.848063,-122.252197,area_vague,,0.0,Male,56.0,,,Black,,No Shelter/Outside,0,0,0,0,0.8333333333333334,How Clean it is,2.0,3.0,7.0,8.0,9.0,6.0,12.0,4.0,5.0,10.0,11.0,1.0,Housing Type 1,Housing Type 2,Housing Type 1,Housing Type 2,Housing Type 1,Housing Type 2,Housing Type 2,Housing Type 2,Housing Type 2,Housing Type 1,Housing Type 1,Housing Type 2,Yes,Yes,Yes,No,Yes,Yes,Yes,Yes,Yes,Yes,Yes,No,,,,Could not pay rent,,,,Other (Specify),Was cab driver and couldnt keep up afted lyft and uber
391,R_bywVk6Nqd4RE1ok,2025-08-22 20:50:50,37.84814,-122.252317,area_vague,,0.0,Male,38.0,,,Black,,,0,0,0,0,1.0,Length allowed to stay,3.0,1.0,4.0,6.0,10.0,11.0,9.0,5.0,7.0,8.0,12.0,2.0,Housing Type 2,Housing Type 2,Housing Type 1,Housing Type 2,Housing Type 2,Housing Type 1,Housing Type 1,Housing Type 1,Housing Type 1,Housing Type 2,Housing Type 2,Housing Type 2,Yes,Yes,Yes,Yes,Yes,Yes,Yes,Yes,Yes,Yes,Yes,Yes,,Chose to leave due to issues with family/friend/roommate,,,,,,,
392,R_fjvpUMEfWO6NNFi,2025-08-22 20:50:50,37.848035,-122.252227,area_vague,,0.0,Male,64.0,,,,,,0,0,0,0,1.0,Proximity to where you st,2.0,6.0,4.0,8.0,5.0,1.0,12.0,7.0,9.0,10.0,11.0,3.0,Housing Type 2,Housing Type 2,Housing Type 2,Housing Type 2,Housing Type 1,Housing Type 1,Housing Type 1,Housing Type 1,Housing Type 2,Housing Type 2,Housing Type 2,Housing Type 1,Yes,Yes,Yes,Yes,Yes,Yes,Yes,Yes,Yes,Yes,Yes,Yes,,,,Could not pay rent,,,,,
393,R_8dozkfYYmxNNTmY,2025-08-22 20:50:51,37.848077,-122.252272,area_vague,,0.0,Male,74.0,White,,,,,0,0,0,0,1.0,Level of privacy,1.0,10.0,7.0,6.0,4.0,3.0,11.0,8.0,5.0,12.0,9.0,2.0,Housing Type 2,Housing Type 2,Housing Type 2,Housing Type 2,Housing Type 2,Housing Type 2,Housing Type 2,Housing Type 2,Housing Type 1,Housing Type 1,Housing Type 1,Housing Type 1,Yes,Yes,Yes,Yes,Yes,Yes,Yes,Yes,Yes,Yes,Yes,Yes,,Chose to leave due to issues with family/friend/roommate,,,,,,,
394,R_4ijMMOdSJohanxg,2025-08-22 21:15:47,37.848837,-122.245062,address,2539.8,0.0,Female,32.0,,Hispanic,,,,0,0,0,0,1.0,How Clean it is,2.0,7.0,4.0,11.0,10.0,6.0,9.0,5.0,3.0,12.0,8.0,1.0,Housing Type 2,Housing Type 2,Housing Type 2,Housing Type 1,Housing Type 2,Housing Type 1,Housing Type 2,Housing Type 2,Housing Type 1,Housing Type 1,Housing Type 1,Housing Type 1,Yes,Yes,Yes,Yes,Yes,Yes,Yes,Yes,Yes,Yes,Yes,Yes,,,,Could not pay rent,,,,,
395,R_iKQEh7o7HmzErT3,2025-08-23 21:57:02,37.881643,-122.299455,coord_decimal,52.2,1.0,Male,50.0,,,Black,,,0,0,0,0,0.3333333333333333,Case Management,2.0,6.0,10.0,1.0,9.0,7.0,4.0,8.0,5.0,12.0,11.0,3.0,Housing Type 1,Housing Type 1,Housing Type 2,,Housing Type 1,Housing Type 2,Housing Type 1,Housing Type 1,Housing Type 2,Housing Type 1,Housing Type 1,Housing Type 1,No,No,Yes,No,Yes,No,No,Yes,No,Yes,No,No,,,,,,,,Other (Specify),Friends backdoored him and he got kicked OIT
396,R_a4ZC1J85ieoO1za,2025-08-23 21:57:04,37.881632,-122.299447,coord_decimal,52.0,0.0,Male,56.0,,,Black,,,0,0,0,0,0.75,Case Management,7.0,8.0,4.0,1.0,6.0,10.0,9.0,5.0,2.0,11.0,12.0,3.0,Housing Type 1,Housing Type 1,Housing Type 2,Housing Type 1,Housing Type 2,Housing Type 1,Housing Type 2,Housing Type 1,Housing Type 1,Housing Type 1,Housing Type 1,Housing Type 1,No,No,No,Yes,Yes,Yes,Yes,Yes,Yes,Yes,Yes,Yes,,,,,,,,Other (Specify),Robbery
397,R_fwvsOoJzHcv22pi,2025-08-23 21:57:05,37.881618,-122.299548,coord_decimal,44.2,0.0,Male,30.0,,,Black,No Shelter/Outside,No Shelter/Outside,0,0,0,0,0.25,Case Management,2.0,6.0,7.0,1.0,10.0,8.0,3.0,9.0,5.0,12.0,11.0,4.0,Housing Type 2,Housing Type 2,Housing Type 1,Housing Type 2,Housing Type 1,Housing Type 1,Housing Type 2,Housing Type 1,Housing Type 2,Housing Type 2,Housing Type 1,Housing Type 2,Yes,No,No,Yes,No,Yes,No,No,No,No,No,No,,Chose to leave due to issues with family/friend/roommate,,,,,,,
398,R_4GK0inAPiEJKBBs,2025-08-23 21:57:07,37.881572,-122.300372,coord_decimal,47.3,1.0,Male,49.0,White,,,,,0,0,0,0,0.0,Pet Policy,6.0,9.0,11.0,3.0,7.0,4.0,5.0,10.0,2.0,1.0,12.0,8.0,Housing Type 2,Housing Type 1,Housing Type 1,Housing Type 1,Housing Type 1,Housing Type 1,Housing Type 2,Housing Type 2,Housing Type 1,Housing Type 2,Housing Type 2,Housing Type 1,No,No,No,No,No,No,No,No,No,No,No,No,,,,,,,,,
399,R_8qUPDSlk4S3qC7J,2025-08-23 21:57:08,37.881458,-122.300382,coord_decimal,42.8,1.0,Male,42.0,White,,,,No Shelter/Outside,0,0,0,0,0.8333333333333334,Substance Use Policy,3.0,2.0,12.0,5.0,7.0,4.0,1.0,10.0,9.0,6.0,11.0,8.0,Housing Type 2,Housing Type 2,Housing Type 1,Housing Type 2,Housing Type 2,Housing Type 2,Housing Type 1,Housing Type 2,Housing Type 2,Housing Type 1,Housing Type 1,Housing Type 2,Yes,No,Yes,Yes,Yes,No,Yes,Yes,Yes,Yes,Yes,Yes,,,,,Rent increase,,,,
400,R_cu5o1bbDZvgPszR,2025-08-23 21:57:10,37.881527,-122.300388,coord_decimal,46.1,0.0,Male,55.0,,,,,,0,0,0,0,0.16666666666666666,Level of privacy,1.0,8.0,12.0,3.0,4.0,6.0,5.0,10.0,7.0,2.0,11.0,9.0,Housing Type 2,Housing Type 1,Housing Type 2,Housing Type 1,Housing Type 2,Housing Type 1,Housing Type 1,,Housing Type 1,Housing Type 2,,Housing Type 1,No,No,No,No,Yes,No,No,No,No,Yes,No,No,,,,,,Eviction,,,
401,R_5PwfzdS9UAow7aI,2025-08-23 21:57:11,37.881433,-122.300482,coord_decimal,50.7,1.0,Male,45.0,White,,,,,0,0,0,0,0.08333333333333333,Pet Policy,2.0,5.0,11.0,12.0,8.0,6.0,4.0,7.0,3.0,1.0,10.0,9.0,Housing Type 1,Housing Type 1,Housing Type 2,Housing Type 2,Housing Type 1,Housing Type 1,Housing Type 2,Housing Type 2,Housing Type 2,Housing Type 1,Housing Type 2,Housing Type 1,No,No,No,No,Yes,No,No,No,No,No,No,No,,,,Could not pay rent,,,,,
402,R_m7C07boLVP3XUEI,2025-08-23 21:57:13,37.88142,-122.300507,coord_decimal,52.6,1.0,Female,37.0,White,,,,,0,0,0,0,0.8333333333333334,Level of privacy,1.0,7.0,6.0,4.0,8.0,9.0,3.0,10.0,2.0,11.0,12.0,5.0,Housing Type 1,Housing Type 1,Housing Type 1,Housing Type 2,Housing Type 2,Housing Type 1,Housing Type 2,Housing Type 1,Housing Type 2,Housing Type 1,Housing Type 2,Housing Type 1,Yes,Yes,Yes,No,No,Yes,Yes,Yes,Yes,Yes,Yes,Yes,,Chose to leave due to issues with family/friend/roommate,,,,,,,
403,R_51Xl9fA3XpJVERR,2025-08-23 21:57:14,37.881412,-122.300567,coord_decimal,57.7,1.0,Male,49.0,White,,,,,0,0,0,0,0.4166666666666667,Partners Policy,10.0,6.0,4.0,3.0,12.0,11.0,9.0,8.0,5.0,2.0,1.0,7.0,Housing Type 1,Housing Type 2,Housing Type 2,Housing Type 2,Housing Type 1,Housing Type 2,Housing Type 1,Housing Type 1,Housing Type 1,Housing Type 1,Housing Type 2,Housing Type 1,No,Yes,Yes,No,Yes,No,Yes,Yes,No,No,No,No,,,,Could not pay rent,,,,,
404,R_4XDcJgHLFxTmkph,2025-08-23 21:57:15,37.881365,-122.300443,coord_decimal,46.4,1.0,Male,39.0,White,,,,,0,0,0,0,0.4166666666666667,Pet Policy,6.0,7.0,11.0,3.0,8.0,2.0,4.0,10.0,5.0,1.0,12.0,9.0,Housing Type 2,Housing Type 1,Housing Type 2,Housing Type 1,Housing Type 1,,,Housing Type 2,Housing Type 1,Housing Type 2,Housing Type 2,Housing Type 2,No,Yes,No,No,Yes,No,No,Yes,Yes,No,No,Yes,,,,,,Eviction,,,
405,R_cZfkNJ4jD1ITmqu,2025-08-24 11:54:23,37.792773,-122.263805,coord_embedded,3.2,1.0,Female,35.0,White,,,,No Shelter/Outside,0,0,0,0,0.9166666666666666,How Clean it is,4.0,3.0,7.0,12.0,2.0,11.0,10.0,9.0,6.0,5.0,8.0,1.0,Housing Type 2,Housing Type 1,Housing Type 1,Housing Type 2,Housing Type 2,Housing Type 1,Housing Type 1,Housing Type 2,Housing Type 2,Housing Type 1,Housing Type 1,Housing Type 1,Yes,Yes,Yes,No,Yes,Yes,Yes,Yes,Yes,Yes,Yes,Yes,,,,,,,,Other (Specify),Moved to california
406,R_8hfIpU4kYXoDp03,2025-08-24 16:09:32,37.881735,-122.299812,coord_decimal,30.4,1.0,Male,30.0,White,,,,,0,0,0,0,0.25,Level of privacy,1.0,8.0,12.0,9.0,5.0,10.0,3.0,6.0,4.0,2.0,11.0,7.0,Housing Type 2,Housing Type 2,Housing Type 1,Housing Type 2,Housing Type 2,Housing Type 1,Housing Type 1,Housing Type 2,Housing Type 2,Housing Type 1,Housing Type 1,Housing Type 1,Yes,No,Yes,No,No,No,No,Yes,No,No,No,No,"Family/friend/roommate asked me to leave (dispute, needed room, etc.)",,,,,,,,
407,R_eAwW6tu6FJPWWo6,2025-08-24 16:10:34,37.881815,-122.299833,coord_decimal,22.0,1.0,Male,50.0,,,Black,No Shelter/Outside,No Shelter/Outside,0,0,0,0,0.4166666666666667,Level of privacy,1.0,4.0,9.0,6.0,10.0,5.0,2.0,7.0,3.0,12.0,11.0,8.0,Housing Type 1,Housing Type 1,Housing Type 2,Housing Type 1,Housing Type 2,Housing Type 2,Housing Type 1,Housing Type 2,Housing Type 2,Housing Type 2,Housing Type 1,Housing Type 2,Yes,No,Yes,Yes,No,Yes,No,Yes,No,No,No,No,"Family/friend/roommate asked me to leave (dispute, needed room, etc.)",,,,,,,,
408,R_isOIBRV9UU0z9NR,2025-08-24 16:10:36,37.881767,-122.299787,coord_decimal,17.6,1.0,Female,71.0,,,Black,,,0,0,0,0,0.16666666666666666,Level of privacy,1.0,6.0,5.0,8.0,4.0,7.0,9.0,11.0,3.0,12.0,10.0,2.0,Housing Type 1,Housing Type 2,Housing Type 1,Housing Type 1,Housing Type 1,Housing Type 1,,Housing Type 1,Housing Type 1,Housing Type 2,Housing Type 1,Housing Type 2,No,No,No,No,No,Yes,No,Yes,No,No,No,No,,,,,,,,Other (Specify),Flooded and landlord wouldnt fix it. Codemned
409,R_iIKn6c5V0tARwrE,2025-08-24 16:10:37,37.8816173,-122.2998523,coord_decimal,,1.0,Male,28.0,,Hispanic,,,,0,0,0,0,0.5,Level of privacy,1.0,7.0,10.0,6.0,9.0,12.0,4.0,8.0,5.0,2.0,3.0,11.0,Housing Type 1,Housing Type 2,Housing Type 2,Housing Type 2,Housing Type 2,Housing Type 1,Housing Type 1,Housing Type 1,Housing Type 1,Housing Type 1,Housing Type 2,Housing Type 2,Yes,Yes,Yes,Yes,No,Yes,Yes,No,No,No,No,No,,,,,,Eviction,,,
410,R_mFynljrstsC1xsq,2025-08-24 16:10:38,37.8816173,-122.2998523,coord_decimal,,0.0,Female,36.0,White,,,,,0,0,0,0,0.4166666666666667,Level of privacy,1.0,9.0,12.0,3.0,10.0,11.0,2.0,8.0,5.0,6.0,7.0,4.0,Housing Type 1,Housing Type 2,Housing Type 1,Housing Type 1,Housing Type 2,Housing Type 2,Housing Type 2,Housing Type 2,Housing Type 1,Housing Type 2,Housing Type 1,,Yes,Yes,Yes,Yes,Yes,No,No,No,No,No,No,No,,,,,,,,Other (Specify),Lease was up
411,R_e4HJUvX0HmtuUMd,2025-08-24 16:10:40,37.8816173,-122.2998523,coord_decimal,,1.0,Male,64.0,White,,,,,0,0,0,0,0.16666666666666666,Level of privacy,1.0,2.0,12.0,6.0,9.0,3.0,5.0,8.0,7.0,11.0,10.0,4.0,Housing Type 1,Housing Type 1,Housing Type 1,Housing Type 2,Housing Type 1,Housing Type 1,Housing Type 1,Housing Type 2,Housing Type 1,Housing Type 1,,,No,No,Yes,No,No,No,Yes,No,No,No,No,No,,,,,,Eviction,,,
412,R_9oktjpIDFoXv73l,2025-08-24 17:58:46,37.872347,-122.299603,coord_decimal,16.0,0.0,Male,37.0,White,,,,,0,0,0,0,0.3333333333333333,Level of privacy,1.0,8.0,11.0,4.0,12.0,9.0,6.0,10.0,5.0,2.0,3.0,7.0,Housing Type 2,Housing Type 1,Housing Type 1,Housing Type 2,Housing Type 2,Housing Type 2,Housing Type 2,Housing Type 1,Housing Type 1,Housing Type 1,Housing Type 1,Housing Type 1,No,No,No,No,Yes,Yes,No,No,No,Yes,No,Yes,"Family/friend/roommate asked me to leave (dispute, needed room, etc.)",,,,,,,,
413,R_aVtPI2BodmjxWOY,2025-08-24 17:58:48,37.87233,-122.299593,coord_decimal,14.5,1.0,Female,32.0,White,,,,,0,0,0,0,0.6666666666666666,Length allowed to stay,6.0,1.0,9.0,2.0,7.0,12.0,11.0,4.0,10.0,5.0,8.0,3.0,Housing Type 2,Housing Type 1,Housing Type 1,Housing Type 1,Housing Type 1,Housing Type 2,Housing Type 1,Housing Type 2,Housing Type 1,Housing Type 2,Housing Type 1,,Yes,No,Yes,Yes,No,Yes,Yes,No,Yes,Yes,No,Yes,,,,Could not pay rent,,,,,
414,R_5UFYZi9XdOnXpkU,2025-08-24 17:58:49,37.8722854,-122.2994382,coord_decimal,,0.0,Female,41.0,White,,,,,0,0,0,0,0.3333333333333333,Pet Policy,5.0,8.0,7.0,9.0,11.0,12.0,2.0,4.0,10.0,1.0,3.0,6.0,Housing Type 2,Housing Type 1,Housing Type 2,Housing Type 1,,,Housing Type 2,Housing Type 2,Housing Type 2,Housing Type 2,Housing Type 1,Housing Type 2,Yes,Yes,Yes,Yes,,,No,No,No,No,No,No,,,,,,Eviction,,,
415,R_kZxtwSnoZwNLl1v,2025-08-24 19:42:41,37.872283,-122.299817,coord_decimal,271.0,1.0,Female,37.0,White,,Black,,,0,0,0,0,0.4166666666666667,Pet Policy,3.0,6.0,11.0,9.0,7.0,8.0,5.0,10.0,4.0,1.0,12.0,2.0,Housing Type 1,Housing Type 1,Housing Type 1,Housing Type 1,Housing Type 1,Housing Type 2,Housing Type 1,Housing Type 1,Housing Type 1,,Housing Type 1,,No,No,Yes,Yes,Yes,Yes,No,Yes,No,No,No,No,,,,,,,,Other (Specify),Landlord dispute
416,R_7Re8G3xIkNh8f2x,2025-08-24 19:42:42,37.8715918,-122.3027772,coord_decimal,,1.0,Male,57.0,White,,,,No Shelter/Outside,0,0,0,0,0.5833333333333334,Partners Policy,8.0,3.0,6.0,2.0,4.0,11.0,9.0,10.0,5.0,12.0,1.0,7.0,Housing Type 2,Housing Type 2,Housing Type 1,Housing Type 2,Housing Type 2,Housing Type 1,Housing Type 2,Housing Type 2,Housing Type 2,Housing Type 2,Housing Type 2,Housing Type 1,Yes,Yes,Yes,Yes,Yes,No,Yes,Yes,No,No,No,No,,,Divorce/breakup,,,,,,
417,R_nF30jAQIg6STJVM,2025-08-24 19:42:43,37.8715918,-122.3027772,coord_decimal,,1.0,Female,43.0,White,,,,,0,0,0,0,0.25,Pet Policy,2.0,8.0,7.0,3.0,9.0,5.0,4.0,6.0,10.0,1.0,12.0,11.0,Housing Type 2,Housing Type 1,Housing Type 1,Housing Type 2,Housing Type 1,Housing Type 1,Housing Type 2,Housing Type 1,Housing Type 1,Housing Type 2,Housing Type 1,Housing Type 2,Yes,Yes,No,Yes,No,No,No,No,No,No,No,No,,,,Could not pay rent,,,,,
418,R_5dGgFTRvhHUjmfM,2025-08-24 19:42:44,37.871522,-122.302897,coord_decimal,13.1,0.0,Female,52.0,,,Black,,,0,0,0,0,0.25,Level of privacy,1.0,7.0,8.0,5.0,4.0,3.0,12.0,9.0,11.0,2.0,10.0,6.0,Housing Type 1,Housing Type 1,Housing Type 1,Housing Type 2,Housing Type 1,Housing Type 1,,,,,,,Yes,No,No,Yes,No,Yes,No,No,No,No,No,No,,,,,,,,Other (Specify),Landlord kicked them out. Wanted to turn the place into section 8
419,R_ct7V886vayaMXt6,2025-08-24 21:39:19,37.860012,-122.295395,coord_decimal,29.0,0.0,Male,51.0,White,,,,,0,0,0,0,0.08333333333333333,Level of privacy,1.0,4.0,8.0,9.0,11.0,6.0,2.0,5.0,3.0,12.0,10.0,7.0,Housing Type 2,Housing Type 2,Housing Type 1,Housing Type 1,Housing Type 2,Housing Type 1,Housing Type 1,Housing Type 2,Housing Type 1,Housing Type 2,Housing Type 2,Housing Type 2,No,No,No,No,No,Yes,No,No,No,No,No,No,,Chose to leave due to issues with family/friend/roommate,,Could not pay rent,,,,,
420,R_krjliwg3teBPxza,2025-08-24 21:39:20,37.859988,-122.295327,coord_decimal,22.7,0.0,Female,41.0,White,,,,No Shelter/Outside,0,0,0,0,0.08333333333333333,Level of privacy,1.0,8.0,5.0,3.0,2.0,9.0,10.0,7.0,4.0,12.0,11.0,6.0,Housing Type 1,Housing Type 2,Housing Type 2,Housing Type 2,Housing Type 2,Housing Type 1,,Housing Type 1,,Housing Type 2,Housing Type 1,Housing Type 2,Yes,No,No,No,No,No,No,No,No,No,No,No,,,,,,,,Other (Specify),Cant remember
421,R_7aazjGMnr0OSD6N,2025-08-24 21:39:22,37.859967,-122.295313,coord_decimal,21.4,0.0,Male,65.0,,,Black,,,0,0,0,0,0.5,Level of privacy,1.0,9.0,6.0,2.0,10.0,8.0,3.0,7.0,5.0,11.0,12.0,4.0,Housing Type 2,Housing Type 1,Housing Type 1,Housing Type 2,Housing Type 1,Housing Type 2,Housing Type 2,Housing Type 2,Housing Type 1,Housing Type 1,Housing Type 1,Housing Type 1,Yes,No,Yes,Yes,Yes,Yes,No,Yes,No,No,No,No,,,,Could not pay rent,,,,,
422,R_lTH29taI1YWnlE2,2025-08-24 21:39:24,37.859898,-122.295413,coord_decimal,31.2,0.0,Female,44.0,White,Hispanic,,,,0,0,0,0,0.08333333333333333,Pet Policy,3.0,6.0,9.0,11.0,12.0,10.0,7.0,2.0,5.0,1.0,4.0,8.0,Housing Type 1,Housing Type 1,Housing Type 2,Housing Type 1,,Housing Type 1,Housing Type 2,,,,Housing Type 1,Housing Type 2,No,No,Yes,No,No,No,No,No,No,No,No,No,,,Divorce/breakup,,,,,,
423,R_4rO6z24YEd7jKoR,2025-08-27 22:37:49,37.7964013,-122.2569319,coord_decimal,,0.0,Male,49.0,White,,,,,0,0,20,17,0.5833333333333334,Level of privacy,1.0,6.0,10.0,3.0,4.0,7.0,2.0,8.0,9.0,11.0,12.0,5.0,Housing Type 2,Housing Type 1,Housing Type 2,Housing Type 2,Housing Type 1,Housing Type 1,Housing Type 2,Housing Type 2,Housing Type 2,Housing Type 1,Housing Type 1,Housing Type 2,Yes,Yes,Yes,Yes,Yes,Yes,Yes,No,No,No,No,No,,,Divorce/breakup,,,,,,
424,R_8TnCPyulARIjes1,2025-08-27 22:37:50,37.78717,-122.254623,coord_decimal,4986.6,1.0,Male,65.0,,,Black,,,0,0,0,0,0.5833333333333334,Level of privacy,1.0,12.0,6.0,2.0,8.0,5.0,3.0,7.0,4.0,9.0,10.0,11.0,Housing Type 1,Housing Type 1,Housing Type 2,Housing Type 2,Housing Type 2,Housing Type 2,Housing Type 2,Housing Type 2,Housing Type 2,Housing Type 2,Housing Type 1,Housing Type 2,No,Yes,Yes,Yes,Yes,Yes,No,Yes,Yes,No,No,No,,,Divorce/breakup,,,,,,
425,R_0vcnn8GvDDbllg9,2025-08-27 22:37:51,37.787913,-122.254467,coord_decimal,988.2,1.0,Male,51.0,,,,,,0,0,5,5,0.08333333333333333,Level of privacy,1.0,9.0,12.0,4.0,7.0,5.0,3.0,8.0,2.0,11.0,10.0,6.0,Housing Type 1,Housing Type 2,Housing Type 1,Housing Type 1,Housing Type 1,Housing Type 2,Housing Type 2,Housing Type 1,Housing Type 1,Housing Type 2,Housing Type 1,Housing Type 1,Yes,No,No,No,No,No,No,No,No,No,No,No,"Family/friend/roommate asked me to leave (dispute, needed room, etc.)",,,,,,,,
426,R_gFbLHIS9a2HBnUX,2025-08-27 22:37:52,37.7805187,-122.2371355,coord_decimal,,1.0,Male,44.0,,,,No Shelter/Outside,No Shelter/Outside,6,6,6,6,0.6666666666666666,Level of privacy,1.0,10.0,7.0,4.0,5.0,6.0,3.0,9.0,2.0,12.0,11.0,8.0,Housing Type 1,Housing Type 2,Housing Type 2,Housing Type 1,Housing Type 2,Housing Type 2,Housing Type 2,Housing Type 2,Housing Type 2,Housing Type 1,Housing Type 1,Housing Type 2,Yes,Yes,Yes,Yes,No,Yes,No,Yes,Yes,Yes,No,No,,Chose to leave due to issues with family/friend/roommate,,,,,,,
427,R_ebFgWpLfcvGWkHd,2025-08-27 22:37:53,37.771668,-122.2159085,coord_decimal,,1.0,Female,61.0,,,,,,14,14,33,31,1.0,Proximity to where you st,7.0,4.0,9.0,3.0,5.0,1.0,6.0,12.0,2.0,10.0,11.0,8.0,Housing Type 1,Housing Type 2,Housing Type 2,Housing Type 2,Housing Type 2,Housing Type 2,Housing Type 2,Housing Type 2,Housing Type 1,Housing Type 1,Housing Type 2,Housing Type 2,Yes,Yes,Yes,Yes,Yes,Yes,Yes,Yes,Yes,Yes,Yes,Yes,,,,,,Eviction,,,
428,R_7QGo2urjqpmiqYR,2025-08-27 22:37:54,37.8236947,-122.2902996,coord_decimal,,1.0,Male,39.0,,,Black,,,2,2,10,10,0.5833333333333334,Level of privacy,1.0,7.0,10.0,3.0,5.0,8.0,2.0,9.0,4.0,12.0,11.0,6.0,Housing Type 2,Housing Type 1,Housing Type 1,Housing Type 2,Housing Type 2,Housing Type 1,Housing Type 1,Housing Type 1,Housing Type 2,Housing Type 1,Housing Type 2,Housing Type 1,Yes,Yes,No,Yes,Yes,No,No,Yes,No,Yes,No,Yes,,,,,,,,Other (Specify),Dispute with roommatea
429,R_9nvHA4wWoooA8u5,2025-08-29 16:02:07,37.788423,-122.254723,coord_decimal,3281.0,0.0,Male,61.0,,,,,No Shelter/Outside,0,0,5,5,0.4166666666666667,Level of privacy,1.0,6.0,4.0,2.0,7.0,8.0,5.0,9.0,3.0,12.0,11.0,10.0,Housing Type 1,Housing Type 1,Housing Type 1,Housing Type 2,Housing Type 2,Housing Type 2,Housing Type 1,Housing Type 1,Housing Type 1,Housing Type 2,Housing Type 1,Housing Type 2,Yes,No,Yes,Yes,Yes,No,No,Yes,No,No,No,No,,,,Could not pay rent,,Eviction,,,
430,R_3ULrrtNAxZ9G1Zl,2025-08-29 16:28:34,37.972363,-122.342692,area_vague,,0.0,Male,20.0,,,Black,,,0,0,0,0,0.0,Length allowed to stay,8.0,1.0,6.0,9.0,7.0,5.0,12.0,4.0,11.0,10.0,3.0,2.0,Housing Type 2,,,Housing Type 2,,Housing Type 2,Housing Type 2,,,Housing Type 2,Housing Type 2,Housing Type 2,No,No,No,No,No,No,No,No,No,No,No,No,,,,Could not pay rent,,,,,
431,R_8oE2Vh4j9h3yb1g,2025-08-29 16:28:36,37.925153,-122.360482,area_vague,,0.0,Male,26.0,White,,,,,0,0,0,0,0.0,Participation in rule mak,10.0,12.0,7.0,9.0,3.0,11.0,5.0,1.0,4.0,6.0,8.0,2.0,Housing Type 1,Housing Type 1,Housing Type 1,Housing Type 1,Housing Type 1,Housing Type 2,Housing Type 2,Housing Type 2,Housing Type 1,Housing Type 1,Housing Type 1,Housing Type 1,No,No,No,No,No,No,No,No,No,No,No,No,,,,,,,Released from jail/prison,,
432,R_bUpkOZCbYpLIeFA,2025-08-29 16:28:37,37.923065,-122.346202,area_vague,,0.0,Transgender Man,26.0,,,,,,0,0,0,0,0.0,Partners Policy,4.0,5.0,6.0,2.0,8.0,10.0,9.0,11.0,12.0,3.0,1.0,7.0,Housing Type 1,Housing Type 2,Housing Type 2,Housing Type 2,Housing Type 2,Housing Type 2,Housing Type 1,Housing Type 1,Housing Type 2,Housing Type 2,Housing Type 1,Housing Type 2,No,No,No,No,No,No,No,No,No,No,No,No,,,,,,,Released from jail/prison,,
433,R_dN0GjvecQC7D9iD,2025-08-29 16:28:38,37.97248,-122.342527,address,10103.7,0.0,Non-Binary/Other,44.0,,Hispanic,,,,0,0,0,0,0.25,Proximity to where you st,6.0,2.0,10.0,9.0,11.0,1.0,12.0,7.0,3.0,5.0,8.0,4.0,Housing Type 2,Housing Type 2,Housing Type 2,Housing Type 2,Housing Type 1,,Housing Type 1,Housing Type 1,,,,,No,Yes,No,No,Yes,No,Yes,No,No,No,No,No,,,,,,,Released from jail/prison,,
434,R_lBpWcLzhe3KcVC9,2025-08-29 18:20:32,37.784282,-122.296503,coord_decimal,45.9,0.0,Male,49.0,,Hispanic,,,,0,0,0,0,0.5833333333333334,Level of privacy,1.0,5.0,7.0,3.0,6.0,4.0,10.0,9.0,8.0,12.0,11.0,2.0,Housing Type 1,Housing Type 1,Housing Type 2,Housing Type 1,Housing Type 1,Housing Type 1,Housing Type 1,Housing Type 1,Housing Type 2,Housing Type 2,Housing Type 2,Housing Type 1,Yes,Yes,Yes,No,Yes,Yes,Yes,Yes,No,No,No,No,,,,Could not pay rent,,Eviction,,Other (Specify),Kidnapped
435,R_oAsfwDNROg1C6uN,2025-08-29 18:20:34,37.784277,-122.296402,coord_decimal,48.2,0.0,Male,55.0,White,,,No Shelter/Outside,,0,0,0,0,0.5,Level of privacy,1.0,8.0,7.0,4.0,2.0,3.0,9.0,12.0,5.0,11.0,10.0,6.0,Housing Type 1,Housing Type 1,Housing Type 2,Housing Type 1,Housing Type 2,Housing Type 1,Housing Type 2,Housing Type 2,Housing Type 1,Housing Type 1,Housing Type 2,Housing Type 1,No,Yes,Yes,No,Yes,Yes,Yes,Yes,No,No,No,No,,Chose to leave due to issues with family/friend/roommate,,,,,,,
436,R_83sSDQW5S9pSi51,2025-08-29 18:20:36,37.784065,-122.296343,coord_decimal,31.9,0.0,Female,63.0,,,Black,,,0,0,0,0,0.75,Pet Policy,2.0,3.0,8.0,5.0,7.0,9.0,6.0,11.0,10.0,1.0,12.0,4.0,Housing Type 2,Housing Type 2,Housing Type 2,Housing Type 1,Housing Type 2,Housing Type 2,Housing Type 1,,Housing Type 1,Housing Type 1,Housing Type 1,Housing Type 2,Yes,Yes,Yes,Yes,No,Yes,Yes,No,Yes,Yes,Yes,No,,,,,,,,Other (Specify),"Deed frauduant,y taken"
437,R_kgUzmbMhyDxZ5qJ,2025-08-29 20:45:26,37.791402,-122.259437,coord_decimal,22.5,0.0,Female,34.0,White,,,No Shelter/Outside,No Shelter/Outside,4,4,4,4,0.25,Level of privacy,1.0,8.0,11.0,6.0,7.0,10.0,3.0,9.0,4.0,12.0,2.0,5.0,Housing Type 1,Housing Type 2,Housing Type 2,Housing Type 2,Housing Type 2,Housing Type 2,Housing Type 2,Housing Type 2,Housing Type 1,Housing Type 2,Housing Type 1,Housing Type 1,Yes,No,No,No,No,Yes,Yes,No,No,No,No,No,,,,Could not pay rent,,,,,
438,R_ctVejMPnYxuuDIz,2025-08-29 20:45:28,37.7912039,-122.2593855,coord_decimal,,1.0,Male,36.0,White,,,No Shelter/Outside,No Shelter/Outside,4,4,4,4,0.3333333333333333,Partners Policy,2.0,11.0,9.0,4.0,5.0,10.0,3.0,7.0,6.0,12.0,1.0,8.0,Housing Type 1,Housing Type 1,Housing Type 1,Housing Type 1,Housing Type 1,Housing Type 1,Housing Type 1,Housing Type 1,Housing Type 1,Housing Type 2,Housing Type 2,Housing Type 1,Yes,No,No,No,Yes,No,Yes,Yes,No,No,No,No,,,,,Rent increase,,,,
439,R_47fzGfE5L2RDWph,2025-08-29 20:45:31,37.7912039,-122.2593855,coord_decimal,,1.0,Female,46.0,,Hispanic,,,No Shelter/Outside,4,4,4,4,0.4166666666666667,Level of privacy,1.0,7.0,11.0,3.0,6.0,9.0,4.0,12.0,5.0,10.0,2.0,8.0,Housing Type 1,Housing Type 2,Housing Type 2,Housing Type 1,Housing Type 1,Housing Type 2,Housing Type 2,Housing Type 1,Housing Type 1,Housing Type 1,Housing Type 1,Housing Type 2,No,Yes,No,Yes,No,Yes,Yes,Yes,No,No,No,No,,,Divorce/breakup,,,,,,
440,R_cVkfPSDtZjwuXoj,2025-08-29 20:45:34,37.7912039,-122.2593855,coord_decimal,,1.0,Male,61.0,,Hispanic,,No Shelter/Outside,No Shelter/Outside,4,4,4,4,0.25,Partners Policy,2.0,8.0,7.0,10.0,6.0,5.0,4.0,11.0,3.0,12.0,1.0,9.0,Housing Type 1,Housing Type 1,Housing Type 1,Housing Type 1,Housing Type 1,Housing Type 2,Housing Type 1,Housing Type 2,Housing Type 1,Housing Type 1,Housing Type 2,Housing Type 2,Yes,Yes,No,Yes,No,No,No,No,No,No,No,No,,,Divorce/breakup,,,,,,
441,R_5BIx0tOeeebTmMH,2025-08-29 20:45:36,37.791335,-122.259407,coord_decimal,3774.0,0.0,Male,31.0,,,Black,No Shelter/Outside,No Shelter/Outside,4,4,4,4,0.4166666666666667,Substance Use Policy,7.0,5.0,6.0,2.0,9.0,8.0,1.0,4.0,3.0,12.0,11.0,10.0,Housing Type 1,Housing Type 1,Housing Type 1,Housing Type 1,Housing Type 1,Housing Type 1,Housing Type 1,Housing Type 2,Housing Type 1,Housing Type 2,Housing Type 1,Housing Type 1,Yes,Yes,Yes,Yes,No,No,Yes,No,No,No,No,No,,,,Could not pay rent,,Eviction,,,
442,R_i2t7pX7iSp2pHZY,2025-08-29 20:45:38,37.791312,-122.259445,coord_decimal,3775.4,1.0,Male,47.0,,,Black,No Shelter/Outside,No Shelter/Outside,4,4,4,4,0.75,Close to transit,7.0,9.0,5.0,3.0,1.0,8.0,4.0,6.0,10.0,12.0,11.0,2.0,Housing Type 1,Housing Type 1,Housing Type 2,Housing Type 1,Housing Type 1,Housing Type 1,Housing Type 1,Housing Type 1,Housing Type 2,Housing Type 2,Housing Type 1,Housing Type 2,Yes,No,Yes,Yes,No,No,Yes,Yes,Yes,Yes,Yes,Yes,,,Divorce/breakup,,,,,,
443,R_eDVTGhxVIpmYuvv,2025-08-29 20:45:40,37.79131,-122.259438,coord_decimal,3775.8,1.0,Male,58.0,,,,,,4,4,4,4,0.5833333333333334,Pet Policy,7.0,9.0,5.0,6.0,2.0,4.0,3.0,11.0,8.0,1.0,12.0,10.0,Housing Type 1,Housing Type 1,Housing Type 1,Housing Type 1,Housing Type 2,Housing Type 1,Housing Type 2,Housing Type 2,Housing Type 1,Housing Type 2,Housing Type 1,Housing Type 1,Yes,Yes,Yes,Yes,No,Yes,No,No,Yes,Yes,No,No,,,,,,,,Other (Specify),Rats
444,R_8MKun9H0MHaYMC8,2025-08-29 20:45:42,37.8236467,-122.2725544,coord_decimal,,0.0,Male,56.0,,,Black,,No Shelter/Outside,0,0,10,9,0.6666666666666666,Level of privacy,1.0,8.0,7.0,6.0,2.0,9.0,4.0,12.0,3.0,11.0,10.0,5.0,Housing Type 1,Housing Type 2,Housing Type 1,Housing Type 2,Housing Type 2,Housing Type 2,Housing Type 1,Housing Type 1,Housing Type 1,Housing Type 2,Housing Type 2,Housing Type 1,Yes,Yes,Yes,Yes,No,Yes,No,Yes,Yes,No,Yes,No,,,Divorce/breakup,,,,,,
445,R_kc5CeSHZrCSuruU,2025-08-30 11:12:27,37.847903,-122.252287,area_vague,,0.0,Male,57.0,,,,,No Shelter/Outside,0,0,0,0,0.8333333333333334,Proximity to where you st,2.0,3.0,12.0,8.0,4.0,1.0,7.0,9.0,5.0,10.0,11.0,6.0,Housing Type 2,Housing Type 1,Housing Type 2,Housing Type 1,Housing Type 1,Housing Type 1,Housing Type 2,Housing Type 2,Housing Type 2,Housing Type 1,Housing Type 2,Housing Type 2,Yes,Yes,No,Yes,No,Yes,Yes,Yes,Yes,Yes,Yes,Yes,,,,Could not pay rent,Rent increase,,,,
446,R_oQ1EID04C5TydVl,2025-08-30 11:12:28,,,area_vague,,0.0,Male,38.0,,,Black,,,0,0,0,0,1.0,How Clean it is,10.0,5.0,2.0,3.0,7.0,11.0,9.0,6.0,12.0,4.0,8.0,1.0,Housing Type 1,Housing Type 1,Housing Type 2,Housing Type 1,Housing Type 2,Housing Type 1,Housing Type 2,Housing Type 1,Housing Type 1,Housing Type 1,Housing Type 1,Housing Type 2,Yes,Yes,Yes,Yes,Yes,Yes,Yes,Yes,Yes,Yes,Yes,Yes,,,,,,,,Other (Specify),Sister moved
447,R_68j6v9oI5aU2MzX,2025-08-30 17:29:41,37.859923,-122.295505,coord_decimal,55.9,0.0,Male,48.0,White,,,,,0,0,0,0,0.4166666666666667,Level of privacy,1.0,8.0,11.0,3.0,5.0,4.0,2.0,7.0,12.0,9.0,10.0,6.0,Housing Type 1,Housing Type 1,Housing Type 1,Housing Type 2,Housing Type 1,Housing Type 2,Housing Type 1,Housing Type 2,Housing Type 2,Housing Type 1,Housing Type 2,Housing Type 1,Yes,Yes,Yes,Yes,No,Yes,No,No,No,No,No,No,,,,,,,Released from jail/prison,,
448,R_b8jDo3ih4tCgMoi,2025-08-30 19:17:40,37.86255,-122.298203,coord_decimal,377.2,1.0,Male,67.0,,Hispanic,,,,0,0,0,0,0.75,Level of privacy,1.0,10.0,7.0,5.0,4.0,12.0,9.0,3.0,8.0,11.0,2.0,6.0,Housing Type 2,Housing Type 2,Housing Type 2,Housing Type 1,Housing Type 1,Housing Type 1,Housing Type 1,Housing Type 2,Housing Type 2,Housing Type 1,Housing Type 2,Housing Type 2,No,Yes,No,Yes,Yes,Yes,Yes,Yes,Yes,No,Yes,Yes,,,,Could not pay rent,,,,,
449,R_6nCNEjZWhBRfVxa,2025-08-30 19:17:41,37.8596277,-122.2960208,coord_decimal,,1.0,Male,70.0,White,,,,,0,0,0,0,0.6666666666666666,Curfew Policy,8.0,6.0,12.0,9.0,5.0,7.0,4.0,3.0,1.0,11.0,2.0,10.0,Housing Type 2,Housing Type 1,Housing Type 1,Housing Type 2,Housing Type 1,Housing Type 2,Housing Type 2,Housing Type 1,Housing Type 2,Housing Type 2,Housing Type 1,Housing Type 1,Yes,Yes,Yes,Yes,Yes,Yes,Yes,Yes,No,No,,No,,,Divorce/breakup,,,,,,
450,R_6EYfG2gMeowA8Yr,2025-08-30 20:46:11,37.859815,-122.295517,coord_decimal,62.7,1.0,Male,50.0,White,,,,,0,0,0,0,0.3333333333333333,Pet Policy,2.0,5.0,8.0,9.0,6.0,7.0,3.0,11.0,4.0,1.0,10.0,12.0,Housing Type 1,Housing Type 2,Housing Type 2,Housing Type 2,Housing Type 2,Housing Type 1,Housing Type 1,,Housing Type 1,Housing Type 1,Housing Type 2,Housing Type 1,Yes,Yes,No,No,No,Yes,Yes,No,No,No,No,No,,,Divorce/breakup,,,,,,
451,R_7Iidl3rjPoglqMl,2025-08-30 20:46:12,37.86299,-122.298568,coord_decimal,470.9,1.0,Male,57.0,,,Black,No Shelter/Outside,,0,0,0,0,0.5833333333333334,Pet Policy,11.0,7.0,10.0,6.0,12.0,9.0,4.0,8.0,3.0,1.0,2.0,5.0,Housing Type 2,Housing Type 1,Housing Type 2,Housing Type 2,Housing Type 1,Housing Type 1,Housing Type 2,Housing Type 1,Housing Type 2,Housing Type 1,Housing Type 2,Housing Type 1,Yes,Yes,Yes,Yes,No,No,Yes,Yes,Yes,No,No,No,,,Divorce/breakup,,,,,,
452,R_oSP74DQW97V4gzZ,2025-08-30 20:46:13,37.86237,-122.298175,coord_decimal,1280.6,0.0,Male,38.0,White,,,,,0,0,0,0,0.4166666666666667,Participation in rule mak,2.0,5.0,9.0,4.0,6.0,3.0,12.0,1.0,11.0,8.0,7.0,10.0,Housing Type 2,Housing Type 2,Housing Type 1,Housing Type 1,Housing Type 2,Housing Type 2,Housing Type 1,Housing Type 1,Housing Type 2,Housing Type 1,Housing Type 1,Housing Type 1,No,No,Yes,Yes,No,Yes,Yes,No,Yes,No,No,No,,,,,,,,Other (Specify),"To live in solidarity with unhoused in protest to private property, also necessity of not being able to afford rent and vehicle maintenance while still having enought time for unpaid workwith the community."
453,R_96l6F0CnfxRaicQ,2025-09-01 14:42:33,37.97241,-122.342493,missing,,1.0,Male,37.0,,Hispanic,,,,0,0,0,0,1.0,Participation in rule mak,6.0,9.0,12.0,2.0,4.0,11.0,5.0,1.0,8.0,7.0,10.0,3.0,Housing Type 2,Housing Type 1,Housing Type 1,Housing Type 1,Housing Type 1,Housing Type 1,Housing Type 1,Housing Type 2,Housing Type 1,Housing Type 1,Housing Type 1,Housing Type 2,Yes,Yes,Yes,Yes,Yes,Yes,Yes,Yes,Yes,Yes,Yes,Yes,,,,,,,Released from jail/prison,,
454,R_gM03WEmMFCvlKFI,2025-09-01 14:42:35,37.972458,-122.342517,area_vague,,1.0,Female,4.0,,Hispanic,Black,,,0,0,0,0,0.16666666666666666,Length allowed to stay,12.0,1.0,9.0,11.0,3.0,7.0,8.0,10.0,5.0,4.0,6.0,2.0,Housing Type 1,Housing Type 1,Housing Type 2,Housing Type 2,Housing Type 1,Housing Type 1,Housing Type 1,Housing Type 1,Housing Type 1,Housing Type 1,Housing Type 2,Housing Type 1,Yes,Yes,No,No,No,No,No,No,No,No,No,No,,,,Could not pay rent,,,,,
455,R_583ZVRFiox2pR6G,2025-09-01 14:42:36,37.972477,-122.3425,area_vague,,0.0,Male,44.0,,,,,,0,0,0,0,0.16666666666666666,Curfew Policy,3.0,2.0,11.0,10.0,5.0,6.0,12.0,4.0,1.0,8.0,9.0,7.0,Housing Type 2,Housing Type 2,Housing Type 1,Housing Type 2,Housing Type 1,Housing Type 1,Housing Type 2,Housing Type 1,Housing Type 2,Housing Type 2,Housing Type 2,Housing Type 1,No,No,Yes,No,No,No,No,Yes,No,No,No,No,,,,,,,Released from jail/prison,,
456,R_3fNYU6MhFm4AHXp,2025-09-01 14:42:37,37.972433,-122.342578,area_vague,,0.0,Transgender Man,26.0,,Hispanic,,,,0,0,0,0,0.08333333333333333,Level of privacy,1.0,10.0,12.0,6.0,4.0,2.0,9.0,7.0,3.0,8.0,5.0,11.0,Housing Type 2,Housing Type 2,Housing Type 2,Housing Type 2,Housing Type 2,Housing Type 2,Housing Type 2,Housing Type 2,Housing Type 2,Housing Type 2,Housing Type 2,Housing Type 2,No,No,No,No,No,No,No,Yes,No,No,No,No,,Chose to leave due to issues with family/friend/roommate,,,,,,,
457,R_cScuiw6BNgW5P9D,2025-09-01 14:42:39,37.97241,-122.342567,area_vague,,1.0,Female,20.0,White,,,No Shelter/Outside,No Shelter/Outside,0,0,0,0,0.0,Proximity to where you st,6.0,8.0,10.0,4.0,7.0,1.0,11.0,12.0,9.0,5.0,2.0,3.0,Housing Type 1,Housing Type 2,Housing Type 1,Housing Type 1,Housing Type 1,Housing Type 1,Housing Type 2,Housing Type 1,Housing Type 1,Housing Type 1,Housing Type 2,Housing Type 2,No,No,No,No,No,No,No,No,No,No,No,No,"Family/friend/roommate asked me to leave (dispute, needed room, etc.)",,,,,,,,
458,R_jPeyhnpldMwQB0j,2025-09-01 14:42:41,37.947585,-122.355968,area_vague,,1.0,Non-Binary/Other,45.0,,,Black,,,0,0,0,0,1.0,Partners Policy,2.0,4.0,10.0,5.0,7.0,11.0,8.0,3.0,12.0,6.0,1.0,9.0,Housing Type 1,Housing Type 1,Housing Type 1,Housing Type 1,Housing Type 1,Housing Type 1,Housing Type 1,Housing Type 1,Housing Type 1,Housing Type 1,Housing Type 1,Housing Type 1,Yes,Yes,Yes,Yes,Yes,Yes,Yes,Yes,Yes,Yes,Yes,Yes,,,,,Rent increase,,,,
459,R_ahBSjMKMgVfYKUj,2025-09-01 14:42:42,37.947537,-122.355967,area_vague,,0.0,Female,44.0,,,Black,,,0,0,0,0,0.9166666666666666,Length allowed to stay,5.0,1.0,3.0,4.0,11.0,7.0,2.0,10.0,6.0,12.0,9.0,8.0,Housing Type 1,Housing Type 2,Housing Type 1,Housing Type 1,Housing Type 1,Housing Type 1,Housing Type 1,Housing Type 1,Housing Type 1,Housing Type 1,Housing Type 2,Housing Type 1,No,Yes,Yes,Yes,Yes,Yes,Yes,Yes,Yes,Yes,Yes,Yes,,,Divorce/breakup,,,,,,
460,R_eE6ABDKnTkkrsAQ,2025-09-01 14:42:44,37.947557,-122.355987,area_vague,,0.0,Non-Binary/Other,,,,Black,,,0,0,0,0,0.5,Security Guards,3.0,4.0,1.0,11.0,2.0,8.0,12.0,7.0,9.0,5.0,10.0,6.0,Housing Type 2,Housing Type 2,Housing Type 2,Housing Type 2,Housing Type 2,Housing Type 1,Housing Type 2,Housing Type 2,Housing Type 1,Housing Type 1,Housing Type 2,Housing Type 1,No,No,No,No,No,Yes,Yes,Yes,Yes,Yes,No,Yes,,,Divorce/breakup,,,,,,
461,R_jpPtJCWO8SMWGc2,2025-09-01 14:42:47,37.947562,-122.355965,area_vague,,0.0,Male,55.0,White,,,,,0,0,0,0,0.0,Curfew Policy,2.0,3.0,8.0,6.0,11.0,12.0,7.0,9.0,1.0,4.0,10.0,5.0,Housing Type 2,Housing Type 2,Housing Type 2,Housing Type 2,Housing Type 2,Housing Type 2,Housing Type 2,Housing Type 1,Housing Type 1,Housing Type 2,Housing Type 2,Housing Type 2,No,No,No,No,No,No,No,No,No,No,No,No,,,,,,Eviction,,,
462,R_3qupkn695y8f97G,2025-09-01 18:18:11,37.881502,-122.298618,coord_decimal,49.2,1.0,Male,74.0,White,,,,,0,0,0,0,0.5833333333333334,Level of privacy,1.0,3.0,7.0,9.0,5.0,8.0,4.0,10.0,2.0,11.0,12.0,6.0,Housing Type 2,Housing Type 1,Housing Type 1,Housing Type 2,Housing Type 1,Housing Type 2,Housing Type 2,Housing Type 1,Housing Type 2,Housing Type 2,Housing Type 2,Housing Type 2,Yes,Yes,No,Yes,Yes,Yes,Yes,Yes,No,No,No,No,,,,,,,,Other (Specify),Hasnt been indoors for 50 years
463,R_lmEDwNP4WUdJ4ou,2025-09-02 17:56:01,37.8204708,-122.2911811,coord_decimal,,0.0,Male,53.0,,,Black,,,17,15,49,41,0.5,Pet Policy,6.0,3.0,9.0,2.0,4.0,7.0,5.0,10.0,8.0,1.0,12.0,11.0,Housing Type 1,Housing Type 2,Housing Type 1,Housing Type 1,Housing Type 2,Housing Type 2,Housing Type 1,Housing Type 1,Housing Type 1,Housing Type 2,Housing Type 1,Housing Type 2,Yes,Yes,No,Yes,No,Yes,Yes,Yes,No,No,No,No,,,,Could not pay rent,,,,Other (Specify),Fired from job
464,R_2TJFI6Z7GedgxX8,2025-09-03 17:29:00,37.94425,-122.349637,area_vague,,1.0,Male,44.0,,Hispanic,,,No Shelter/Outside,0,0,0,0,0.0,Curfew Policy,6.0,11.0,7.0,12.0,5.0,8.0,3.0,2.0,1.0,9.0,4.0,10.0,Housing Type 1,Housing Type 1,Housing Type 1,Housing Type 2,Housing Type 2,Housing Type 2,Housing Type 1,Housing Type 1,Housing Type 2,Housing Type 2,Housing Type 2,Housing Type 2,No,No,No,No,No,No,No,No,No,No,No,No,,,,,,,Released from jail/prison,,
465,R_cz6TLo5Ggk9Hf4A,2025-09-03 17:29:02,37.944235,-122.34969,missing,,0.0,Female,26.0,,,Black,,,0,0,0,0,0.0,Substance Use Policy,11.0,8.0,7.0,4.0,10.0,2.0,1.0,5.0,12.0,6.0,3.0,9.0,Housing Type 2,Housing Type 2,Housing Type 1,Housing Type 2,Housing Type 1,Housing Type 1,Housing Type 2,Housing Type 2,Housing Type 2,Housing Type 2,Housing Type 2,Housing Type 1,No,No,No,No,No,No,No,No,No,No,No,No,"Family/friend/roommate asked me to leave (dispute, needed room, etc.)",Chose to leave due to issues with family/friend/roommate,,,Rent increase,,,,
466,R_bCWgHHaNXazRvuc,2025-09-03 17:29:03,37.972383,-122.342505,area_vague,,0.0,Male,44.0,,Hispanic,,,,0,0,0,0,0.0,Close to transit,10.0,5.0,3.0,9.0,1.0,7.0,11.0,2.0,8.0,4.0,12.0,6.0,Housing Type 2,Housing Type 2,Housing Type 1,Housing Type 2,Housing Type 1,Housing Type 1,Housing Type 2,Housing Type 2,Housing Type 2,Housing Type 1,Housing Type 1,Housing Type 2,No,No,No,No,No,No,No,No,No,No,No,No,"Family/friend/roommate asked me to leave (dispute, needed room, etc.)",,,,,,,,
467,R_1rhWJfaKf3YWxVG,2025-09-03 17:29:04,37.97239,-122.342467,missing,,0.0,Male,,,,Black,,,0,0,0,0,0.0,Proximity to where you st,10.0,4.0,2.0,12.0,5.0,1.0,7.0,6.0,3.0,11.0,8.0,9.0,Housing Type 2,Housing Type 2,Housing Type 2,Housing Type 1,Housing Type 2,Housing Type 1,Housing Type 1,Housing Type 2,Housing Type 2,Housing Type 2,Housing Type 2,Housing Type 2,No,No,No,No,No,No,No,No,No,No,No,No,,,,Could not pay rent,,,,,
468,R_k2ZrAWamfXOhFRy,2025-09-03 17:29:06,37.972408,-122.342527,area_vague,,0.0,Male,21.0,,Hispanic,,No Shelter/Outside,No Shelter/Outside,0,0,0,0,1.0,How Clean it is,9.0,4.0,2.0,8.0,12.0,3.0,7.0,5.0,6.0,11.0,10.0,1.0,Housing Type 1,Housing Type 1,Housing Type 1,Housing Type 1,Housing Type 1,Housing Type 1,Housing Type 1,Housing Type 1,Housing Type 1,Housing Type 1,Housing Type 1,Housing Type 1,Yes,Yes,Yes,Yes,Yes,Yes,Yes,Yes,Yes,Yes,Yes,Yes,,,Divorce/breakup,,,,,,
469,R_dxcaUctzHZTc3ZZ,2025-09-03 17:29:07,37.972478,-122.342523,area_vague,,,Female,20.0,,,,No Shelter/Outside,,0,0,0,0,0.25,Proximity to where you st,2.0,5.0,7.0,6.0,11.0,1.0,12.0,8.0,3.0,10.0,4.0,9.0,Housing Type 1,Housing Type 2,Housing Type 2,Housing Type 2,Housing Type 1,Housing Type 2,Housing Type 2,Housing Type 2,Housing Type 1,Housing Type 1,Housing Type 1,Housing Type 1,No,No,No,No,Yes,No,No,Yes,Yes,No,No,No,,,,,,,Released from jail/prison,,
470,R_o6vp23k6EleMjYd,2025-09-03 17:29:09,37.94428,-122.349733,area_vague,,1.0,Female,44.0,,Hispanic,,,,0,0,0,0,0.16666666666666666,Security Guards,8.0,6.0,1.0,9.0,5.0,7.0,12.0,3.0,2.0,11.0,10.0,4.0,Housing Type 2,Housing Type 2,Housing Type 2,Housing Type 2,Housing Type 2,Housing Type 2,Housing Type 2,Housing Type 1,Housing Type 2,Housing Type 2,Housing Type 2,Housing Type 2,No,No,No,No,No,No,No,Yes,Yes,No,No,No,"Family/friend/roommate asked me to leave (dispute, needed room, etc.)",,,,,,,,
471,R_dmVgkXbvwrxlfBP,2025-09-03 17:29:10,37.944297,-122.349602,area_vague,,1.0,Male,20.0,,Hispanic,,No Shelter/Outside,,0,0,0,0,0.0,Substance Use Policy,6.0,2.0,4.0,10.0,5.0,8.0,1.0,11.0,7.0,3.0,12.0,9.0,Housing Type 2,Housing Type 2,Housing Type 2,Housing Type 2,Housing Type 2,Housing Type 2,Housing Type 2,Housing Type 2,Housing Type 2,Housing Type 2,Housing Type 2,Housing Type 2,No,No,No,No,No,No,No,No,No,No,No,No,"Family/friend/roommate asked me to leave (dispute, needed room, etc.)",Chose to leave due to issues with family/friend/roommate,,,,,,,
472,R_0uaMmR9UWHz6GP2,2025-09-03 17:29:11,37.93491,-122.361867,area_vague,,1.0,Male,44.0,,,,,No Shelter/Outside,0,0,0,0,0.0,Level of privacy,1.0,3.0,9.0,10.0,8.0,11.0,12.0,6.0,5.0,2.0,7.0,4.0,Housing Type 2,Housing Type 2,Housing Type 2,Housing Type 2,Housing Type 2,Housing Type 2,Housing Type 2,Housing Type 1,Housing Type 1,Housing Type 2,Housing Type 2,Housing Type 2,No,No,No,No,No,No,No,No,No,No,No,No,,,,Could not pay rent,,,,,
473,R_ezspPn3cj9RZj9w,2025-09-03 17:29:12,37.934865,-122.361717,missing,,1.0,Male,36.0,White,,,,,0,0,0,0,0.6666666666666666,Proximity to where you st,3.0,5.0,7.0,4.0,10.0,1.0,12.0,9.0,6.0,11.0,8.0,2.0,Housing Type 1,Housing Type 1,Housing Type 1,Housing Type 1,Housing Type 2,Housing Type 1,Housing Type 2,Housing Type 2,Housing Type 1,Housing Type 1,Housing Type 2,Housing Type 2,No,No,Yes,Yes,Yes,No,Yes,Yes,Yes,Yes,No,Yes,,,,Could not pay rent,Rent increase,Eviction,,,
474,R_lzSfBWwHrfLTZOH,2025-09-03 17:29:13,37.934893,-122.361722,area_vague,,1.0,Transgender Man,,,,Black,,,0,0,0,0,1.0,Security Guards,8.0,5.0,1.0,11.0,7.0,10.0,3.0,4.0,9.0,2.0,6.0,12.0,Housing Type 1,Housing Type 2,Housing Type 2,Housing Type 1,Housing Type 1,Housing Type 1,Housing Type 1,Housing Type 1,Housing Type 1,Housing Type 2,Housing Type 2,Housing Type 1,Yes,Yes,Yes,Yes,Yes,Yes,Yes,Yes,Yes,Yes,Yes,Yes,,,,,,,Released from jail/prison,,
475,R_d6OsfnWvdDxpfBl,2025-09-05 20:07:49,37.881052,-122.298457,coord_decimal,39.3,0.0,Male,53.0,,,,,,0,0,0,0,0.6666666666666666,Pet Policy,6.0,9.0,11.0,2.0,4.0,3.0,8.0,10.0,5.0,1.0,12.0,7.0,Housing Type 2,Housing Type 1,Housing Type 2,Housing Type 1,Housing Type 1,Housing Type 1,Housing Type 1,Housing Type 1,Housing Type 2,Housing Type 2,Housing Type 2,Housing Type 1,Yes,Yes,No,Yes,No,Yes,No,No,Yes,Yes,Yes,Yes,,,,,,,,Other (Specify),Moved out because 3 kids moved home in a 2 bedroom
476,R_n6ZjMRrIzlUNBuw,2025-09-05 20:07:51,37.813722,-122.273587,coord_decimal,49.0,0.0,Male,71.0,,,Black,,,27,25,176,135,0.3333333333333333,Level of privacy,1.0,8.0,10.0,3.0,6.0,9.0,4.0,5.0,2.0,11.0,12.0,7.0,Housing Type 2,Housing Type 1,Housing Type 2,Housing Type 2,Housing Type 1,Housing Type 1,Housing Type 2,Housing Type 2,Housing Type 2,Housing Type 2,Housing Type 1,Housing Type 1,Yes,No,No,Yes,No,Yes,Yes,No,No,No,No,No,,,Divorce/breakup,,,,,,
477,R_aDHswMe6lmOrtOa,2025-09-05 20:07:52,37.813645,-122.273425,coord_decimal,33.5,0.0,Male,62.0,,,Black,,,81,62,176,135,1.0,Proximity to where you st,6.0,3.0,2.0,4.0,7.0,1.0,10.0,5.0,8.0,12.0,11.0,9.0,Housing Type 2,Housing Type 2,Housing Type 2,Housing Type 1,Housing Type 2,Housing Type 2,Housing Type 1,Housing Type 1,Housing Type 1,Housing Type 1,Housing Type 2,Housing Type 2,Yes,Yes,Yes,Yes,Yes,Yes,Yes,Yes,Yes,Yes,Yes,Yes,,,,Could not pay rent,,,,,
478,R_aFZIkpY1fEw6e8w,2025-09-05 20:07:54,37.813672,-122.273488,coord_decimal,39.3,0.0,Male,50.0,,,,No Shelter/Outside,No Shelter/Outside,51,41,176,135,1.0,Case Management,5.0,4.0,2.0,1.0,8.0,9.0,7.0,10.0,6.0,12.0,11.0,3.0,Housing Type 1,Housing Type 1,Housing Type 1,Housing Type 1,Housing Type 1,Housing Type 1,Housing Type 2,Housing Type 1,Housing Type 2,Housing Type 2,Housing Type 2,Housing Type 1,Yes,Yes,Yes,Yes,Yes,Yes,Yes,Yes,Yes,Yes,Yes,Yes,,,,Could not pay rent,,,,Other (Specify),Mom died
479,R_02Rm3azOB1Qtgak,2025-09-05 20:07:55,37.813748,-122.273782,coord_decimal,66.3,0.0,Male,50.0,,Hispanic,,No Shelter/Outside,No Shelter/Outside,27,25,169,128,0.5,Level of privacy,1.0,7.0,6.0,3.0,4.0,5.0,9.0,8.0,10.0,12.0,11.0,2.0,Housing Type 2,Housing Type 1,Housing Type 1,Housing Type 2,Housing Type 2,Housing Type 1,Housing Type 1,Housing Type 2,Housing Type 1,Housing Type 2,Housing Type 1,Housing Type 2,No,No,Yes,Yes,Yes,Yes,Yes,Yes,No,No,No,No,,,,,,,,Other (Specify),Parents passed away
480,R_fyn6kWd15N6lmR5,2025-09-05 20:07:56,37.813733,-122.273762,coord_decimal,64.2,1.0,Female,38.0,,,Black,No Shelter/Outside,No Shelter/Outside,27,25,169,128,0.5833333333333334,Curfew Policy,10.0,5.0,7.0,2.0,6.0,8.0,3.0,9.0,1.0,12.0,11.0,4.0,Housing Type 1,Housing Type 1,Housing Type 1,Housing Type 1,Housing Type 2,Housing Type 2,Housing Type 1,Housing Type 1,Housing Type 2,Housing Type 1,Housing Type 1,Housing Type 1,Yes,Yes,Yes,No,Yes,Yes,Yes,Yes,No,No,No,No,,,,,,,Released from jail/prison,,
481,R_8qJQMc05EkL0KaG,2025-09-05 20:55:09,37.847923,-122.252058,area_vague,,0.0,Female,55.0,,,Black,No Shelter/Outside,No Shelter/Outside,0,0,0,0,1.0,How Clean it is,2.0,9.0,6.0,7.0,4.0,10.0,5.0,8.0,3.0,12.0,11.0,1.0,Housing Type 1,Housing Type 1,Housing Type 1,Housing Type 1,Housing Type 1,Housing Type 2,Housing Type 2,Housing Type 2,Housing Type 2,Housing Type 2,Housing Type 2,Housing Type 1,Yes,Yes,Yes,Yes,Yes,Yes,Yes,Yes,Yes,Yes,Yes,Yes,,Chose to leave due to issues with family/friend/roommate,,,,,,,
482,R_aurLwqMx6isIOHX,2025-09-05 20:55:10,37.847857,-122.252423,area_vague,,0.0,Male,44.0,White,,,,,0,0,0,0,1.0,Level of privacy,1.0,5.0,9.0,3.0,4.0,8.0,10.0,6.0,11.0,12.0,7.0,2.0,Housing Type 1,Housing Type 1,Housing Type 1,Housing Type 2,Housing Type 2,Housing Type 1,Housing Type 1,Housing Type 1,Housing Type 1,Housing Type 2,Housing Type 1,Housing Type 2,Yes,Yes,Yes,Yes,Yes,Yes,Yes,Yes,Yes,Yes,Yes,Yes,,,,Could not pay rent,,,,Other (Specify),Lost job
483,R_gvxobCpA3ENEbLE,2025-09-05 20:55:11,37.847948,-122.252383,area_vague,,0.0,Male,32.0,White,,,,No Shelter/Outside,0,0,0,0,1.0,Level of privacy,1.0,6.0,8.0,10.0,7.0,2.0,5.0,4.0,9.0,12.0,11.0,3.0,Housing Type 1,Housing Type 1,Housing Type 1,Housing Type 1,Housing Type 2,Housing Type 2,Housing Type 2,Housing Type 1,Housing Type 1,Housing Type 2,Housing Type 2,Housing Type 1,Yes,Yes,Yes,Yes,Yes,Yes,Yes,Yes,Yes,Yes,Yes,Yes,,Chose to leave due to issues with family/friend/roommate,,,,,,,
484,R_0sz9zhAhUrKlx1k,2025-09-05 20:55:12,37.847897,-122.25244,area_vague,,0.0,Male,48.0,White,,,No Shelter/Outside,No Shelter/Outside,0,0,0,0,1.0,Level of privacy,1.0,9.0,7.0,8.0,3.0,5.0,11.0,6.0,4.0,12.0,10.0,2.0,Housing Type 2,Housing Type 2,Housing Type 1,Housing Type 2,Housing Type 2,Housing Type 2,Housing Type 2,Housing Type 2,Housing Type 2,Housing Type 1,Housing Type 2,Housing Type 2,Yes,Yes,Yes,Yes,Yes,Yes,Yes,Yes,Yes,Yes,Yes,Yes,,,Divorce/breakup,,,,,,
485,R_h6UnzDjfsZP9LtW,2025-09-05 20:55:13,37.847858,-122.25222,area_vague,,0.0,Male,55.0,,,Black,,,0,0,0,0,1.0,How Clean it is,2.0,6.0,8.0,5.0,3.0,9.0,10.0,4.0,11.0,12.0,7.0,1.0,Housing Type 1,Housing Type 2,Housing Type 2,Housing Type 1,Housing Type 1,Housing Type 1,Housing Type 2,Housing Type 2,Housing Type 2,Housing Type 1,Housing Type 2,Housing Type 1,Yes,Yes,Yes,Yes,Yes,Yes,Yes,Yes,Yes,Yes,Yes,Yes,,Chose to leave due to issues with family/friend/roommate,,,,,,,
486,R_8Q4BlDminIK8SP0,2025-09-05 20:55:14,37.847478,-122.252233,area_vague,,1.0,Male,62.0,White,,,,,0,0,0,0,1.0,Level of privacy,1.0,6.0,3.0,7.0,8.0,9.0,11.0,5.0,4.0,12.0,10.0,2.0,Housing Type 2,Housing Type 2,Housing Type 1,Housing Type 2,Housing Type 2,Housing Type 1,Housing Type 1,Housing Type 2,Housing Type 2,Housing Type 2,Housing Type 2,Housing Type 1,Yes,Yes,Yes,Yes,Yes,Yes,Yes,Yes,Yes,Yes,Yes,Yes,,Chose to leave due to issues with family/friend/roommate,,Could not pay rent,,,,,
487,R_71XPwHns7vQsbLV,2025-09-05 21:31:28,37.788121,-122.254544,coord_decimal,5679.9,0.0,Female,43.0,White,,,,,0,0,5,5,0.8333333333333334,Length allowed to stay,6.0,1.0,12.0,7.0,5.0,11.0,4.0,9.0,10.0,8.0,2.0,3.0,Housing Type 1,Housing Type 2,Housing Type 2,Housing Type 2,Housing Type 2,Housing Type 1,Housing Type 2,Housing Type 2,Housing Type 2,Housing Type 1,Housing Type 1,Housing Type 2,Yes,No,Yes,Yes,Yes,Yes,Yes,Yes,Yes,Yes,Yes,No,,,,,,,,Other (Specify),Sold proprrty
488,R_6gkFQf6qTJKps8Y,2025-09-05 21:31:30,37.788139,-122.254564,coord_decimal,5677.2,1.0,Male,40.0,,,Black,,,0,0,5,5,0.5833333333333334,Curfew Policy,4.0,2.0,8.0,9.0,5.0,10.0,3.0,7.0,1.0,12.0,11.0,6.0,Housing Type 1,Housing Type 2,Housing Type 1,Housing Type 2,Housing Type 1,Housing Type 1,Housing Type 1,Housing Type 2,Housing Type 2,Housing Type 2,Housing Type 1,Housing Type 2,Yes,Yes,Yes,Yes,No,Yes,Yes,Yes,No,No,No,No,,,Divorce/breakup,,,,,,
489,R_mvyiRxykJzQnzDX,2025-09-06 10:38:28,37.813808,-122.273755,coord_decimal,52.9,1.0,Male,50.0,,,Black,,,27,25,169,128,0.75,Level of privacy,1.0,7.0,8.0,4.0,6.0,12.0,3.0,10.0,2.0,11.0,9.0,5.0,Housing Type 1,Housing Type 2,Housing Type 2,Housing Type 1,Housing Type 1,Housing Type 2,Housing Type 2,Housing Type 2,Housing Type 2,Housing Type 1,Housing Type 1,Housing Type 1,No,Yes,Yes,Yes,Yes,Yes,Yes,No,Yes,Yes,Yes,No,,,Divorce/breakup,,,,,,
490,R_e041CSt8CbiV54r,2025-09-06 10:38:29,37.813853,-122.273775,coord_decimal,49.4,1.0,Male,59.0,,,Black,,,27,25,169,128,0.5833333333333334,Level of privacy,1.0,5.0,3.0,4.0,7.0,10.0,2.0,8.0,9.0,12.0,11.0,6.0,Housing Type 1,Housing Type 1,Housing Type 2,Housing Type 1,Housing Type 1,Housing Type 2,Housing Type 2,Housing Type 2,Housing Type 2,Housing Type 2,Housing Type 2,Housing Type 2,Yes,Yes,Yes,Yes,Yes,Yes,No,Yes,No,No,No,No,,,Divorce/breakup,,,,,,
491,R_bWo6tsDinzQSUaq,2025-09-06 10:38:31,37.81388,-122.273807,coord_decimal,45.7,1.0,Male,43.0,,,Black,No Shelter/Outside,No Shelter/Outside,27,25,169,128,0.25,Level of privacy,1.0,7.0,9.0,2.0,6.0,5.0,3.0,10.0,4.0,12.0,11.0,8.0,Housing Type 1,Housing Type 2,Housing Type 2,Housing Type 2,Housing Type 1,Housing Type 2,Housing Type 2,Housing Type 1,Housing Type 2,Housing Type 1,Housing Type 2,Housing Type 1,No,No,Yes,Yes,No,No,No,Yes,No,No,No,No,,,,,,Eviction,,,
492,R_7M5pRvmBEdk30JU,2025-09-06 10:38:32,37.813897,-122.273762,coord_decimal,49.0,1.0,Male,51.0,,,Black,No Shelter/Outside,No Shelter/Outside,27,25,169,128,0.5833333333333334,Level of privacy,1.0,3.0,9.0,2.0,6.0,7.0,4.0,11.0,8.0,12.0,10.0,5.0,Housing Type 1,Housing Type 2,Housing Type 1,Housing Type 2,Housing Type 1,Housing Type 1,Housing Type 1,Housing Type 1,Housing Type 2,Housing Type 1,Housing Type 2,Housing Type 1,Yes,Yes,Yes,Yes,Yes,No,Yes,Yes,No,No,No,No,,,Divorce/breakup,,,,,,
493,R_0FdmhIco7ut6hpt,2025-09-06 10:38:33,37.813857,-122.273773,coord_decimal,49.4,0.0,Male,42.0,,,Black,No Shelter/Outside,No Shelter/Outside,27,25,169,128,0.8333333333333334,Substance Use Policy,6.0,3.0,2.0,4.0,7.0,9.0,1.0,11.0,5.0,12.0,10.0,8.0,Housing Type 2,Housing Type 1,Housing Type 1,Housing Type 2,Housing Type 1,Housing Type 1,Housing Type 2,Housing Type 1,Housing Type 2,Housing Type 1,Housing Type 1,Housing Type 1,Yes,No,Yes,Yes,Yes,Yes,Yes,No,Yes,Yes,Yes,Yes,,Chose to leave due to issues with family/friend/roommate,,,,,,,
494,R_eEb534SQXcPKcxm,2025-09-06 10:38:35,37.813828,-122.273833,coord_decimal,45.7,1.0,Male,59.0,,,Black,No Shelter/Outside,No Shelter/Outside,27,25,169,128,0.8333333333333334,How Clean it is,9.0,8.0,6.0,4.0,2.0,5.0,3.0,11.0,7.0,12.0,10.0,1.0,Housing Type 1,Housing Type 1,Housing Type 2,Housing Type 2,Housing Type 1,Housing Type 2,Housing Type 2,Housing Type 1,Housing Type 2,Housing Type 2,Housing Type 1,Housing Type 1,Yes,Yes,Yes,Yes,No,Yes,No,Yes,Yes,Yes,Yes,Yes,,,,,,Eviction,,,
495,R_oi6nc3UYEVMabB4,2025-09-06 10:38:36,37.81388,-122.273845,coord_decimal,42.6,0.0,Male,54.0,,,Black,No Shelter/Outside,No Shelter/Outside,27,25,169,128,0.4166666666666667,Level of privacy,1.0,7.0,8.0,9.0,2.0,6.0,3.0,10.0,4.0,11.0,12.0,5.0,Housing Type 1,Housing Type 2,Housing Type 1,Housing Type 1,Housing Type 1,Housing Type 2,Housing Type 1,Housing Type 1,Housing Type 2,Housing Type 1,Housing Type 1,Housing Type 1,Yes,No,Yes,Yes,No,Yes,No,Yes,No,No,No,No,,,,,,,,Other (Specify),Didnt like it
496,R_ckhQHQlWHMQxxU1,2025-09-06 19:14:13,37.753372,-122.177322,coord_decimal,31.0,0.0,Male,40.0,,,Black,No Shelter/Outside,No Shelter/Outside,20,16,33,29,0.8333333333333334,Level of privacy,1.0,9.0,7.0,4.0,8.0,5.0,3.0,10.0,2.0,12.0,11.0,6.0,Housing Type 2,Housing Type 1,Housing Type 2,Housing Type 1,Housing Type 2,Housing Type 2,Housing Type 2,Housing Type 2,Housing Type 2,Housing Type 2,Housing Type 1,Housing Type 2,Yes,Yes,Yes,Yes,Yes,Yes,No,No,Yes,Yes,Yes,Yes,"Family/friend/roommate asked me to leave (dispute, needed room, etc.)",,,,,,,,
497,R_gD83mvja7ZV5YFg,2025-09-06 19:14:15,37.753458,-122.177407,coord_decimal,18.9,0.0,Female,61.0,,,Black,,,20,16,33,29,0.6666666666666666,Proximity to where you st,9.0,8.0,10.0,5.0,7.0,1.0,4.0,11.0,12.0,2.0,3.0,6.0,Housing Type 1,Housing Type 2,Housing Type 2,Housing Type 1,Housing Type 1,Housing Type 2,Housing Type 2,Housing Type 1,Housing Type 1,Housing Type 2,Housing Type 1,Housing Type 2,No,Yes,Yes,Yes,Yes,No,Yes,Yes,No,Yes,Yes,No,,,,,,,,Other (Specify),Sold house
498,R_92tkAcLXJiiq3S8,2025-09-06 19:14:18,37.753345,-122.177403,coord_decimal,30.6,1.0,Female,55.0,,,Black,No Shelter/Outside,No Shelter/Outside,19,15,33,29,0.6666666666666666,Level of privacy,1.0,7.0,9.0,2.0,6.0,10.0,3.0,8.0,4.0,11.0,12.0,5.0,Housing Type 2,Housing Type 1,Housing Type 1,Housing Type 2,Housing Type 1,Housing Type 2,Housing Type 1,Housing Type 1,Housing Type 1,Housing Type 2,Housing Type 2,Housing Type 1,Yes,No,No,Yes,No,Yes,Yes,No,Yes,Yes,Yes,Yes,,,,Could not pay rent,,,,,
499,R_2NLgoCvZefcHXcs,2025-09-06 19:14:19,37.753432,-122.177492,coord_decimal,66.6,1.0,Female,43.0,,,Black,No Shelter/Outside,No Shelter/Outside,19,15,33,29,0.5833333333333334,Level of privacy,1.0,9.0,10.0,4.0,5.0,7.0,12.0,11.0,3.0,6.0,8.0,2.0,Housing Type 2,Housing Type 2,Housing Type 2,Housing Type 2,Housing Type 2,Housing Type 1,Housing Type 1,Housing Type 1,Housing Type 1,Housing Type 1,Housing Type 1,Housing Type 2,Yes,Yes,Yes,Yes,Yes,Yes,Yes,No,No,No,No,No,,Chose to leave due to issues with family/friend/roommate,,Could not pay rent,Rent increase,Eviction,,,
500,R_d5MMt85ZSdBOnAz,2025-09-06 19:14:20,37.753392,-122.177355,coord_decimal,27.5,1.0,Female,65.0,,,Black,No Shelter/Outside,No Shelter/Outside,20,16,33,29,0.6666666666666666,Case Management,6.0,8.0,3.0,1.0,4.0,9.0,2.0,7.0,10.0,11.0,12.0,5.0,Housing Type 2,Housing Type 2,Housing Type 2,Housing Type 2,Housing Type 2,Housing Type 2,Housing Type 1,Housing Type 1,Housing Type 1,Housing Type 1,Housing Type 2,Housing Type 2,Yes,No,Yes,No,Yes,Yes,Yes,No,Yes,No,Yes,Yes,,,,Could not pay rent,,Eviction,,Other (Specify), Mom passed
501,R_5MUvDrYERgEbjo5,2025-09-06 19:14:20,37.7536682,-122.1767956,coord_decimal,,1.0,Female,58.0,,Hispanic,Black,No Shelter/Outside,No Shelter/Outside,16,12,33,29,0.5833333333333334,Level of privacy,1.0,7.0,9.0,5.0,2.0,6.0,8.0,10.0,3.0,12.0,11.0,4.0,Housing Type 2,Housing Type 2,Housing Type 2,Housing Type 2,Housing Type 2,Housing Type 2,Housing Type 2,Housing Type 1,Housing Type 2,Housing Type 2,Housing Type 1,Housing Type 2,Yes,Yes,No,Yes,Yes,Yes,Yes,Yes,No,No,No,No,,Chose to leave due to issues with family/friend/roommate,,,,,,,
502,R_1Rue0RfMFyIkDRi,2025-09-06 19:14:22,37.7536682,-122.1767956,coord_decimal,,0.0,Male,55.0,,,Black,,,16,12,33,29,0.9166666666666666,Level of privacy,1.0,8.0,2.0,12.0,3.0,5.0,6.0,9.0,4.0,11.0,7.0,10.0,Housing Type 2,Housing Type 2,Housing Type 1,Housing Type 1,Housing Type 2,Housing Type 2,Housing Type 1,Housing Type 2,Housing Type 1,Housing Type 1,Housing Type 2,Housing Type 2,Yes,Yes,Yes,Yes,Yes,Yes,No,Yes,Yes,Yes,Yes,Yes,,,,,,,,Other (Specify),"N/a, lives in home right now"
503,R_6mzEXN4u2Z2faZ4,2025-09-06 19:14:22,37.7534,-122.177433,coord_decimal,24.0,0.0,Male,64.0,,,Black,No Shelter/Outside,No Shelter/Outside,19,15,33,29,1.0,Case Management,7.0,2.0,8.0,1.0,4.0,5.0,9.0,12.0,6.0,11.0,10.0,3.0,Housing Type 1,Housing Type 2,Housing Type 2,Housing Type 2,Housing Type 2,Housing Type 2,Housing Type 2,Housing Type 2,Housing Type 1,Housing Type 1,Housing Type 1,Housing Type 2,Yes,Yes,Yes,Yes,Yes,Yes,Yes,Yes,Yes,Yes,Yes,Yes,,,,Could not pay rent,,,,,
504,R_iv8lXs9VUIqaYfo,2025-09-06 19:14:24,37.753412,-122.177472,coord_decimal,65.9,1.0,Male,54.0,,,Black,No Shelter/Outside,No Shelter/Outside,19,15,33,29,0.9166666666666666,Proximity to where you st,7.0,10.0,6.0,3.0,2.0,1.0,9.0,8.0,5.0,11.0,12.0,4.0,Housing Type 2,Housing Type 1,Housing Type 2,Housing Type 1,Housing Type 2,Housing Type 2,Housing Type 1,Housing Type 2,Housing Type 1,Housing Type 1,Housing Type 1,Housing Type 2,Yes,Yes,Yes,Yes,Yes,Yes,Yes,Yes,Yes,Yes,Yes,No,,,,,,,,Other (Specify),Parents died
505,R_isL8Xw0NyI8yTu2,2025-09-06 19:14:24,37.753415,-122.177388,coord_decimal,23.9,1.0,Female,60.0,,,Black,,No Shelter/Outside,20,16,33,29,0.25,Pet Policy,2.0,8.0,12.0,4.0,9.0,7.0,5.0,11.0,10.0,1.0,3.0,6.0,Housing Type 1,Housing Type 2,Housing Type 2,Housing Type 1,Housing Type 2,Housing Type 2,Housing Type 2,Housing Type 2,Housing Type 1,Housing Type 2,Housing Type 1,Housing Type 1,Yes,Yes,No,No,No,No,No,Yes,No,No,No,No,,,,,,,,Other (Specify),Things werent right there
506,R_aVx8ttMva5iC7fR,2025-09-06 19:14:28,37.7536682,-122.1767956,coord_decimal,,1.0,Male,54.0,,,Black,,,16,12,33,29,0.4166666666666667,Partners Policy,2.0,9.0,6.0,4.0,7.0,8.0,11.0,5.0,10.0,12.0,1.0,3.0,Housing Type 2,Housing Type 2,Housing Type 2,Housing Type 2,Housing Type 1,Housing Type 2,Housing Type 2,Housing Type 2,Housing Type 1,Housing Type 1,Housing Type 1,Housing Type 1,No,No,Yes,Yes,No,Yes,Yes,Yes,No,No,No,No,"Family/friend/roommate asked me to leave (dispute, needed room, etc.)",,,,,,,,
507,R_k8ROsiU4ZPLqXtP,2025-09-06 19:14:29,37.753458,-122.17746,coord_decimal,17.1,1.0,Female,41.0,,,Black,No Shelter/Outside,No Shelter/Outside,19,15,33,29,0.5833333333333334,Pet Policy,3.0,6.0,7.0,11.0,5.0,10.0,4.0,9.0,12.0,1.0,2.0,8.0,Housing Type 2,Housing Type 1,Housing Type 2,Housing Type 2,Housing Type 2,Housing Type 1,Housing Type 1,Housing Type 1,Housing Type 1,Housing Type 1,Housing Type 1,Housing Type 1,Yes,Yes,Yes,Yes,Yes,No,Yes,Yes,No,No,No,No,,,,,,,,Other (Specify),Foreclosure
508,R_nKw2KxM9z0ssPQx,2025-09-06 19:14:32,37.7536682,-122.1767956,coord_decimal,,1.0,Male,66.0,,,Black,,,16,12,33,29,1.0,Level of privacy,1.0,3.0,6.0,4.0,7.0,11.0,5.0,12.0,10.0,8.0,9.0,2.0,Housing Type 2,Housing Type 2,Housing Type 2,Housing Type 2,Housing Type 1,Housing Type 2,Housing Type 1,Housing Type 1,Housing Type 1,Housing Type 1,Housing Type 1,Housing Type 1,Yes,Yes,Yes,Yes,Yes,Yes,Yes,Yes,Yes,Yes,Yes,Yes,,Chose to leave due to issues with family/friend/roommate,,,,,,,
509,R_9LYWYDZjnCOnEWq,2025-09-06 19:14:32,37.753415,-122.177447,coord_decimal,22.0,0.0,Male,60.0,,,Black,No Shelter/Outside,No Shelter/Outside,19,15,33,29,0.5833333333333334,Level of privacy,1.0,3.0,10.0,4.0,9.0,8.0,2.0,7.0,6.0,12.0,11.0,5.0,Housing Type 1,Housing Type 2,Housing Type 2,Housing Type 1,Housing Type 2,Housing Type 2,Housing Type 1,Housing Type 2,Housing Type 1,Housing Type 1,Housing Type 2,Housing Type 2,Yes,Yes,No,Yes,No,No,Yes,Yes,No,No,Yes,Yes,,,,,,,,Other (Specify),"Grandma died, his cousin sold it"
510,R_nfxbp5KpUu9fo9D,2025-09-06 19:14:36,37.7536682,-122.1767956,coord_decimal,,1.0,Male,48.0,,,Black,No Shelter/Outside,No Shelter/Outside,16,12,33,29,0.8333333333333334,How Clean it is,2.0,11.0,12.0,3.0,6.0,4.0,10.0,8.0,5.0,7.0,9.0,1.0,Housing Type 1,Housing Type 2,Housing Type 2,Housing Type 1,Housing Type 2,Housing Type 2,Housing Type 2,Housing Type 2,Housing Type 2,Housing Type 2,Housing Type 1,Housing Type 1,Yes,Yes,Yes,No,Yes,Yes,Yes,Yes,Yes,Yes,No,Yes,,,,,,Eviction,,,
511,R_bvcTUidcSaV2dcb,2025-09-06 19:14:38,37.753368,-122.177482,coord_decimal,26.6,0.0,Female,54.0,,,Black,,,19,15,37,33,0.8333333333333334,Proximity to where you st,4.0,6.0,7.0,3.0,2.0,1.0,8.0,10.0,9.0,11.0,12.0,5.0,Housing Type 2,Housing Type 1,Housing Type 1,Housing Type 1,Housing Type 1,Housing Type 1,Housing Type 2,Housing Type 2,Housing Type 1,Housing Type 2,Housing Type 1,Housing Type 1,No,Yes,Yes,Yes,Yes,Yes,Yes,Yes,Yes,No,Yes,Yes,,,,,,,,Other (Specify),Roommate too controlling
512,R_b4Qz3Zbq0mMCWFw,2025-09-06 19:14:42,37.75348,-122.177463,coord_decimal,14.7,1.0,Female,51.0,,,Black,,,20,16,33,29,0.75,Case Management,6.0,3.0,5.0,1.0,7.0,10.0,4.0,12.0,11.0,9.0,8.0,2.0,Housing Type 2,Housing Type 1,Housing Type 2,Housing Type 1,Housing Type 2,Housing Type 2,Housing Type 1,Housing Type 2,Housing Type 1,Housing Type 1,Housing Type 1,Housing Type 1,Yes,Yes,Yes,No,No,Yes,Yes,Yes,Yes,Yes,No,Yes,,Chose to leave due to issues with family/friend/roommate,,,,,,,
513,R_0xOopSW5mWrucAj,2025-09-06 19:14:47,37.753445,-122.177402,coord_decimal,20.4,1.0,Male,65.0,,,Black,No Shelter/Outside,No Shelter/Outside,20,16,33,29,0.5833333333333334,Level of privacy,1.0,4.0,9.0,3.0,6.0,5.0,2.0,12.0,8.0,10.0,11.0,7.0,Housing Type 1,Housing Type 1,Housing Type 1,Housing Type 2,Housing Type 2,Housing Type 1,Housing Type 2,Housing Type 2,Housing Type 2,Housing Type 1,Housing Type 2,Housing Type 2,Yes,Yes,Yes,Yes,Yes,Yes,No,Yes,No,No,No,No,,,,,,Eviction,,,
514,R_5MFkM2x06XUCR4T,2025-09-06 19:14:53,37.753457,-122.177425,coord_decimal,18.3,1.0,Male,52.0,,,Black,No Shelter/Outside,No Shelter/Outside,20,16,33,29,0.6666666666666666,Substance Use Policy,6.0,2.0,7.0,5.0,4.0,3.0,1.0,12.0,9.0,8.0,11.0,10.0,Housing Type 2,Housing Type 2,Housing Type 2,Housing Type 1,Housing Type 2,Housing Type 1,Housing Type 1,Housing Type 1,Housing Type 2,Housing Type 2,Housing Type 2,Housing Type 2,Yes,Yes,Yes,Yes,Yes,Yes,Yes,Yes,No,No,No,No,,,,,,,,Other (Specify),Drugs
515,R_niSzKv6YYh6XTh1,2025-09-07 18:34:37,37.813853,-122.274535,coord_decimal,100.4,1.0,Male,40.0,,,Black,No Shelter/Outside,No Shelter/Outside,43,38,128,99,0.5833333333333334,Curfew Policy,5.0,4.0,2.0,11.0,3.0,7.0,8.0,12.0,1.0,10.0,9.0,6.0,Housing Type 2,Housing Type 2,Housing Type 2,Housing Type 2,Housing Type 2,Housing Type 1,Housing Type 1,Housing Type 1,Housing Type 2,Housing Type 1,Housing Type 1,Housing Type 2,Yes,Yes,Yes,Yes,No,Yes,Yes,Yes,No,No,No,No,,,,,,,Released from jail/prison,,
516,R_1ebk6Dw1NBUbq6V,2025-09-07 18:34:39,37.813632,-122.274417,coord_decimal,126.0,1.0,Female,41.0,,,Black,,,38,33,130,101,0.6666666666666666,Partners Policy,2.0,4.0,10.0,6.0,7.0,9.0,5.0,12.0,8.0,11.0,1.0,3.0,Housing Type 1,Housing Type 2,Housing Type 1,Housing Type 1,Housing Type 1,Housing Type 1,Housing Type 1,Housing Type 1,Housing Type 1,Housing Type 1,Housing Type 2,Housing Type 2,Yes,Yes,Yes,Yes,No,No,Yes,Yes,Yes,No,No,Yes,,,,,,,,Other (Specify),Slumlord
517,R_6LaLH90b528hGzJ,2025-09-07 18:34:40,37.813633,-122.274447,coord_decimal,125.6,1.0,Male,60.0,,,Black,,,38,33,130,101,0.3333333333333333,Partners Policy,2.0,7.0,9.0,4.0,8.0,10.0,3.0,11.0,6.0,12.0,1.0,5.0,Housing Type 2,Housing Type 1,Housing Type 2,Housing Type 2,Housing Type 2,Housing Type 1,Housing Type 2,Housing Type 2,Housing Type 2,Housing Type 2,Housing Type 1,Housing Type 2,Yes,No,No,Yes,No,No,Yes,Yes,No,No,No,No,,,,,,,,Other (Specify),Slumlord
518,R_3oBj09KV5anPHQt,2025-09-07 18:34:42,37.813273,-122.274392,coord_decimal,165.9,1.0,Female,48.0,,,Black,No Shelter/Outside,No Shelter/Outside,40,35,152,119,1.0,Level of privacy,1.0,7.0,2.0,4.0,6.0,3.0,9.0,10.0,5.0,11.0,12.0,8.0,Housing Type 2,Housing Type 1,Housing Type 2,Housing Type 2,Housing Type 2,Housing Type 2,Housing Type 1,Housing Type 2,Housing Type 1,Housing Type 2,Housing Type 2,Housing Type 2,Yes,Yes,Yes,Yes,Yes,Yes,Yes,Yes,Yes,Yes,Yes,Yes,,,,,,,,Other (Specify),Was supposed to move in and it wasnt available
519,R_5s27m5ou4iCDsh0,2025-09-07 18:34:44,37.812978,-122.274247,coord_decimal,200.2,0.0,Male,36.0,,,Black,,,45,35,176,139,0.5,Level of privacy,1.0,5.0,7.0,4.0,9.0,8.0,3.0,11.0,6.0,12.0,10.0,2.0,Housing Type 2,Housing Type 1,Housing Type 2,Housing Type 1,Housing Type 1,Housing Type 1,Housing Type 1,Housing Type 2,Housing Type 1,Housing Type 1,Housing Type 1,Housing Type 2,Yes,Yes,Yes,No,Yes,Yes,Yes,No,No,No,No,No,,,,,,,,Other (Specify),Went to jail
520,R_1AWIGZN84aB54QV,2025-09-07 18:34:45,37.813075,-122.274278,coord_decimal,189.1,1.0,Male,57.0,,,Black,,,65,55,152,119,1.0,Partners Policy,2.0,8.0,5.0,4.0,6.0,10.0,3.0,12.0,9.0,11.0,1.0,7.0,Housing Type 1,Housing Type 2,Housing Type 1,Housing Type 1,Housing Type 1,Housing Type 1,Housing Type 2,Housing Type 1,Housing Type 1,Housing Type 1,Housing Type 2,Housing Type 2,Yes,Yes,Yes,Yes,Yes,Yes,Yes,Yes,Yes,Yes,Yes,Yes,,,,,,,,Other (Specify),Turned 18
521,R_gzpTnK9dg6CySR0,2025-09-07 18:34:46,37.812983,-122.274212,coord_decimal,200.2,0.0,Male,45.0,,,Black,No Shelter/Outside,No Shelter/Outside,65,55,175,138,0.4166666666666667,Level of privacy,1.0,4.0,10.0,3.0,6.0,5.0,2.0,8.0,11.0,9.0,12.0,7.0,Housing Type 1,Housing Type 1,Housing Type 2,Housing Type 1,Housing Type 1,Housing Type 1,Housing Type 2,Housing Type 2,Housing Type 2,Housing Type 1,Housing Type 1,Housing Type 1,Yes,Yes,Yes,Yes,Yes,No,No,No,No,No,No,No,"Family/friend/roommate asked me to leave (dispute, needed room, etc.)",,,,,,,,
522,R_cziqpOpbj7hzIap,2025-09-07 19:09:06,37.813358,-122.274562,coord_decimal,48.4,0.0,Male,55.0,White,,,,,20,15,130,101,0.9166666666666666,Substance Use Policy,8.0,9.0,6.0,2.0,11.0,10.0,1.0,12.0,7.0,4.0,3.0,5.0,Housing Type 2,Housing Type 1,Housing Type 1,Housing Type 1,Housing Type 2,Housing Type 1,Housing Type 2,Housing Type 1,Housing Type 1,Housing Type 1,Housing Type 1,Housing Type 1,No,Yes,Yes,Yes,Yes,Yes,Yes,Yes,Yes,Yes,Yes,Yes,,,,,,,,Other (Specify),Drugs
523,R_l9dGEtvquwy7LxO,2025-09-08 16:59:18,37.850412,-122.252433,area_vague,,0.0,Female,26.0,,,,,,0,0,0,0,1.0,Level of privacy,1.0,4.0,5.0,8.0,3.0,11.0,10.0,6.0,9.0,12.0,7.0,2.0,Housing Type 1,Housing Type 2,Housing Type 2,Housing Type 2,Housing Type 1,Housing Type 1,Housing Type 1,Housing Type 1,Housing Type 2,Housing Type 2,Housing Type 2,Housing Type 2,Yes,Yes,Yes,Yes,Yes,Yes,Yes,Yes,Yes,Yes,Yes,Yes,,,,Could not pay rent,,Eviction,,,
524,R_5lj34CXCD0ex7LC,2025-09-11 12:15:37,37.817703,-122.26288,area_vague,,1.0,Female,43.0,,,,No Shelter/Outside,No Shelter/Outside,0,0,0,0,1.0,Level of privacy,1.0,8.0,5.0,7.0,4.0,11.0,2.0,6.0,10.0,12.0,9.0,3.0,Housing Type 1,Housing Type 1,Housing Type 2,Housing Type 2,Housing Type 2,Housing Type 1,Housing Type 2,Housing Type 2,Housing Type 1,Housing Type 1,Housing Type 1,Housing Type 1,Yes,Yes,Yes,Yes,Yes,Yes,Yes,Yes,Yes,Yes,Yes,Yes,,Chose to leave due to issues with family/friend/roommate,,,,,,,
525,R_b9OWKZLWK5uboub,2025-09-11 12:15:39,37.85079,-122.25248,area_vague,,0.0,Male,65.0,,,Black,,No Shelter/Outside,0,0,0,0,1.0,Level of privacy,1.0,6.0,5.0,8.0,4.0,7.0,10.0,11.0,9.0,3.0,12.0,2.0,Housing Type 2,Housing Type 2,Housing Type 1,Housing Type 1,Housing Type 1,Housing Type 1,Housing Type 2,Housing Type 2,Housing Type 2,Housing Type 2,Housing Type 1,Housing Type 1,Yes,Yes,Yes,Yes,Yes,Yes,Yes,Yes,Yes,Yes,Yes,Yes,,,Divorce/breakup,,,,,,
526,R_4AEt1qWpbn2xEka,2025-09-12 19:55:50,37.810583,-122.274538,coord_decimal,18.4,1.0,Female,52.0,,,Black,,,4,4,60,45,0.75,Pet Policy,3.0,4.0,5.0,2.0,7.0,8.0,12.0,10.0,9.0,1.0,11.0,6.0,Housing Type 2,Housing Type 2,Housing Type 2,Housing Type 2,Housing Type 1,Housing Type 1,Housing Type 2,Housing Type 2,Housing Type 2,Housing Type 2,Housing Type 2,Housing Type 2,Yes,Yes,Yes,Yes,Yes,No,Yes,Yes,Yes,No,No,Yes,,,,,,,,Other (Specify),Bug imfestation. Landlord wouldnt do anything about it
527,R_fbIKZN1co6gV8xN,2025-09-12 19:55:52,37.810697,-122.274532,coord_decimal,29.8,1.0,Male,48.0,,,Black,,,4,4,61,46,0.5,Partners Policy,6.0,8.0,11.0,3.0,9.0,10.0,5.0,12.0,4.0,2.0,1.0,7.0,Housing Type 1,Housing Type 2,Housing Type 1,Housing Type 1,Housing Type 1,Housing Type 1,Housing Type 1,Housing Type 1,Housing Type 1,Housing Type 1,Housing Type 2,Housing Type 2,No,Yes,Yes,Yes,No,Yes,Yes,Yes,No,No,No,No,,Chose to leave due to issues with family/friend/roommate,,,,,,,
528,R_lVakvb17tpkz7sY,2025-09-12 19:55:53,37.824823,-122.272102,coord_decimal,23.5,1.0,Female,40.0,White,,,,,9,8,10,9,0.08333333333333333,Pet Policy,4.0,8.0,9.0,7.0,10.0,6.0,3.0,12.0,5.0,1.0,2.0,11.0,Housing Type 1,Housing Type 1,Housing Type 2,Housing Type 1,Housing Type 2,Housing Type 1,Housing Type 2,Housing Type 2,Housing Type 2,Housing Type 2,Housing Type 1,Housing Type 1,No,No,Yes,No,No,No,No,No,No,No,No,No,,,,,,,,Other (Specify),Arrested
529,R_e6QPR9MtY8LwF7T,2025-09-12 19:55:55,37.825433,-122.272001,missing,,1.0,Male,32.0,White,,,,,9,8,10,9,0.16666666666666666,Pet Policy,3.0,9.0,10.0,6.0,11.0,7.0,4.0,12.0,5.0,1.0,2.0,8.0,Housing Type 2,Housing Type 1,Housing Type 2,Housing Type 2,Housing Type 2,Housing Type 2,Housing Type 2,Housing Type 2,Housing Type 1,Housing Type 1,Housing Type 1,Housing Type 1,No,Yes,No,No,No,Yes,No,No,No,No,No,No,,,,,,,,Other (Specify),Arrested
530,R_ezRA5RbO760XjQ8,2025-09-12 19:55:56,37.825769,-122.272135,coord_decimal,102.5,1.0,Male,47.0,,,Black,No Shelter/Outside,No Shelter/Outside,9,8,10,9,0.5,Level of privacy,1.0,3.0,7.0,9.0,10.0,2.0,4.0,12.0,5.0,11.0,8.0,6.0,Housing Type 2,Housing Type 2,Housing Type 2,Housing Type 1,Housing Type 1,Housing Type 1,Housing Type 2,Housing Type 2,Housing Type 2,Housing Type 2,Housing Type 1,Housing Type 1,Yes,No,Yes,Yes,No,Yes,Yes,Yes,No,No,No,No,,,,,,,,Other (Specify),Lease was up
531,R_j98OZSY48nwI8Jn,2025-09-12 19:55:58,37.825185,-122.272283,coord_decimal,36.3,1.0,Male,40.0,White,,,No Shelter/Outside,No Shelter/Outside,9,8,10,9,0.8333333333333334,Level of privacy,1.0,4.0,7.0,5.0,6.0,9.0,3.0,12.0,8.0,11.0,10.0,2.0,Housing Type 2,Housing Type 2,Housing Type 2,Housing Type 2,Housing Type 1,Housing Type 1,Housing Type 2,Housing Type 2,Housing Type 1,Housing Type 1,Housing Type 1,Housing Type 2,Yes,Yes,Yes,Yes,No,No,Yes,Yes,Yes,Yes,Yes,Yes,,,,Could not pay rent,,,,Other (Specify),Lost job
532,R_o8C9lQFtH3kOwk5,2025-09-12 20:31:32,37.810253,-122.246125,area_vague,,0.0,Male,45.0,,,Black,No Shelter/Outside,No Shelter/Outside,1,1,2,2,1.0,Length allowed to stay,2.0,1.0,9.0,5.0,11.0,3.0,6.0,10.0,7.0,12.0,8.0,4.0,Housing Type 2,Housing Type 2,Housing Type 2,Housing Type 2,Housing Type 2,Housing Type 2,Housing Type 1,Housing Type 1,Housing Type 1,Housing Type 1,Housing Type 2,Housing Type 2,Yes,Yes,Yes,Yes,Yes,Yes,Yes,Yes,Yes,Yes,Yes,Yes,,Chose to leave due to issues with family/friend/roommate,,,,,,,
533,R_nVWLUBXuNrTQaji,2025-09-12 20:31:33,37.81094,-122.247677,area_vague,,1.0,Female,44.0,White,,,No Shelter/Outside,,2,2,3,3,1.0,How Clean it is,2.0,10.0,7.0,6.0,5.0,11.0,8.0,9.0,4.0,12.0,3.0,1.0,Housing Type 1,Housing Type 2,Housing Type 2,Housing Type 2,Housing Type 1,Housing Type 1,Housing Type 2,Housing Type 2,Housing Type 1,Housing Type 2,Housing Type 1,Housing Type 1,Yes,Yes,Yes,Yes,Yes,Yes,Yes,Yes,Yes,Yes,Yes,Yes,,,,,,Eviction,,,
534,R_2kCbxGYnkDMtBRJ,2025-09-12 20:31:33,37.810858,-122.247617,area_vague,,0.0,Female,60.0,White,,,No Shelter/Outside,No Shelter/Outside,2,2,3,3,1.0,Close to transit,2.0,3.0,6.0,9.0,1.0,5.0,8.0,10.0,4.0,12.0,11.0,7.0,Housing Type 2,Housing Type 1,Housing Type 1,Housing Type 2,Housing Type 2,Housing Type 1,Housing Type 1,Housing Type 2,Housing Type 2,Housing Type 2,Housing Type 1,Housing Type 1,Yes,Yes,Yes,Yes,Yes,Yes,Yes,Yes,Yes,Yes,Yes,Yes,,,Divorce/breakup,Could not pay rent,,,,,
535,R_ggGHgWvdCj4tj7p,2025-09-12 20:31:34,37.810363,-122.247182,area_vague,,1.0,Male,36.0,,,Black,No Shelter/Outside,No Shelter/Outside,1,1,3,3,1.0,Level of privacy,1.0,8.0,5.0,12.0,6.0,9.0,10.0,2.0,4.0,7.0,11.0,3.0,Housing Type 1,Housing Type 2,Housing Type 2,Housing Type 2,Housing Type 1,Housing Type 1,Housing Type 1,Housing Type 1,Housing Type 1,Housing Type 2,Housing Type 2,Housing Type 2,Yes,Yes,Yes,Yes,Yes,Yes,Yes,Yes,Yes,Yes,Yes,Yes,,,,,,Eviction,,,
536,R_nhXFtSm5lkXObLR,2025-09-12 20:31:35,37.847903,-122.252273,area_vague,,0.0,Male,57.0,,,Black,,,0,0,0,0,1.0,Close to transit,2.0,9.0,8.0,7.0,1.0,6.0,11.0,5.0,4.0,12.0,10.0,3.0,Housing Type 1,Housing Type 1,Housing Type 2,Housing Type 2,Housing Type 1,Housing Type 1,Housing Type 2,Housing Type 2,Housing Type 1,Housing Type 1,Housing Type 2,Housing Type 2,Yes,Yes,Yes,Yes,Yes,Yes,Yes,Yes,Yes,Yes,Yes,Yes,,,,,,,,Other (Specify),Cafaccident led me to not be able to work and afford remt
537,R_5dZ6Fhfg5UeFbTc,2025-09-12 20:31:36,37.848108,-122.252243,area_vague,,1.0,Male,59.0,,,Black,,,0,0,0,0,1.0,Level of privacy,1.0,8.0,11.0,10.0,2.0,7.0,6.0,9.0,5.0,3.0,12.0,4.0,Housing Type 1,Housing Type 2,Housing Type 2,Housing Type 2,Housing Type 1,Housing Type 1,Housing Type 1,Housing Type 1,Housing Type 1,Housing Type 1,Housing Type 1,Housing Type 2,Yes,Yes,Yes,Yes,Yes,Yes,Yes,Yes,Yes,Yes,Yes,Yes,,,,,,Eviction,,,
538,R_77ewykVzeEBZNr7,2025-09-12 20:31:37,37.848063,-122.252217,area_vague,,0.0,Female,73.0,White,,,No Shelter/Outside,,0,0,0,0,1.0,Security Guards,2.0,7.0,1.0,6.0,5.0,9.0,11.0,10.0,4.0,12.0,8.0,3.0,Housing Type 2,Housing Type 1,Housing Type 1,Housing Type 1,Housing Type 1,Housing Type 1,Housing Type 1,Housing Type 2,Housing Type 1,Housing Type 2,Housing Type 2,Housing Type 1,Yes,Yes,Yes,Yes,Yes,Yes,Yes,Yes,Yes,Yes,Yes,Yes,,,,Could not pay rent,,,,,
539,R_65LnRg283TPKXvW,2025-09-12 21:45:28,37.787587,-122.255263,coord_decimal,616.3,0.0,Male,42.0,White,,,,,0,0,0,0,0.5833333333333334,Level of privacy,1.0,7.0,11.0,6.0,9.0,8.0,2.0,10.0,3.0,12.0,5.0,4.0,Housing Type 2,Housing Type 2,Housing Type 1,Housing Type 1,Housing Type 1,Housing Type 2,Housing Type 1,Housing Type 2,Housing Type 2,Housing Type 1,Housing Type 2,Housing Type 1,No,No,No,Yes,Yes,No,Yes,Yes,Yes,Yes,Yes,No,,,,Could not pay rent,,,,,
540,R_6aGLPlFuDQGOMN1,2025-09-13 13:02:17,37.800802,-122.226767,coord_decimal,37.1,0.0,Male,60.0,,,Black,,,0,0,3,2,0.5,Level of privacy,1.0,4.0,7.0,3.0,2.0,5.0,8.0,10.0,9.0,12.0,11.0,6.0,Housing Type 2,Housing Type 2,Housing Type 2,Housing Type 2,Housing Type 1,Housing Type 1,Housing Type 1,Housing Type 2,Housing Type 1,,Housing Type 2,Housing Type 1,Yes,Yes,No,Yes,Yes,No,Yes,Yes,No,No,No,No,,,,,,,,Other (Specify),Lost job. Live/ work
541,R_e8d6WTkPDoPlqMf,2025-09-13 14:42:05,37.735567,-122.183483,coord_decimal,20.7,1.0,Male,65.0,White,,,,,0,0,6,5,0.4166666666666667,Level of privacy,1.0,10.0,4.0,6.0,3.0,7.0,5.0,11.0,2.0,9.0,12.0,8.0,Housing Type 2,Housing Type 1,Housing Type 2,Housing Type 2,Housing Type 2,Housing Type 2,Housing Type 1,Housing Type 1,Housing Type 2,Housing Type 2,Housing Type 2,Housing Type 2,Yes,Yes,Yes,Yes,No,No,Yes,No,No,No,No,No,,,,Could not pay rent,,,,,
542,R_5NucAHdrSOag33w,2025-09-13 14:42:06,37.7347644,-122.1800625,coord_decimal,,1.0,Female,49.0,,,Black,No Shelter/Outside,No Shelter/Outside,0,0,1,0,0.5,Pet Policy,2.0,7.0,9.0,4.0,5.0,6.0,10.0,11.0,3.0,1.0,12.0,8.0,Housing Type 2,Housing Type 1,Housing Type 1,Housing Type 1,Housing Type 2,Housing Type 1,Housing Type 1,Housing Type 1,Housing Type 1,Housing Type 1,Housing Type 1,Housing Type 1,Yes,Yes,No,Yes,No,No,No,No,No,Yes,Yes,Yes,,,,,Rent increase,,,,
543,R_f56sDsV2yHaqBmD,2025-09-13 15:52:33,37.837737,-122.264538,coord_decimal,80.3,1.0,Male,52.0,,,Black,No Shelter/Outside,No Shelter/Outside,0,0,0,0,0.5833333333333334,Level of privacy,1.0,7.0,9.0,4.0,8.0,5.0,3.0,11.0,2.0,10.0,12.0,6.0,Housing Type 2,Housing Type 1,Housing Type 1,Housing Type 1,Housing Type 1,Housing Type 1,Housing Type 2,Housing Type 1,Housing Type 1,Housing Type 2,Housing Type 1,Housing Type 1,Yes,Yes,No,Yes,Yes,Yes,No,No,Yes,No,No,Yes,,,,,,,,Other (Specify),"Dad wasnt payi ng rent, he was but dad wasnt"
544,R_05kv2YIXy1pCkX4,2025-09-13 15:52:36,37.837655,-122.264513,coord_decimal,71.2,0.0,Female,60.0,,,Black,No Shelter/Outside,No Shelter/Outside,0,0,0,0,0.5833333333333334,Partners Policy,8.0,2.0,7.0,3.0,5.0,12.0,9.0,10.0,4.0,11.0,1.0,6.0,Housing Type 2,Housing Type 1,Housing Type 1,Housing Type 2,Housing Type 2,Housing Type 1,Housing Type 2,Housing Type 2,Housing Type 1,Housing Type 1,Housing Type 1,Housing Type 1,Yes,Yes,Yes,Yes,No,Yes,Yes,Yes,No,No,No,No,,,,,,,,Other (Specify),Brothers house and he passed
545,R_4O1tUXn8aXImtBI,2025-09-13 17:50:45,37.817475,-122.275632,coord_decimal,104.9,0.0,Male,56.0,,,Black,,,4,4,19,14,0.75,Level of privacy,1.0,3.0,9.0,7.0,4.0,8.0,5.0,12.0,2.0,11.0,10.0,6.0,Housing Type 1,Housing Type 1,Housing Type 1,Housing Type 2,,Housing Type 1,Housing Type 2,Housing Type 2,Housing Type 2,Housing Type 1,Housing Type 1,Housing Type 1,No,Yes,Yes,No,No,Yes,Yes,Yes,Yes,Yes,Yes,Yes,,,,,,,,Other (Specify),Foreclosed
546,R_0gHVwlP9qQhwOmD,2025-09-13 17:50:47,37.8176231,-122.2771316,coord_decimal,,1.0,Male,56.0,,,Black,,,14,9,19,14,0.8333333333333334,Level of privacy,1.0,4.0,10.0,3.0,6.0,5.0,7.0,11.0,9.0,12.0,8.0,2.0,Housing Type 1,Housing Type 2,Housing Type 2,Housing Type 2,Housing Type 1,Housing Type 1,Housing Type 1,Housing Type 2,Housing Type 2,Housing Type 1,Housing Type 1,Housing Type 2,Yes,Yes,Yes,Yes,No,No,Yes,Yes,Yes,Yes,Yes,Yes,,,,,,,,Other (Specify),Mom passed
547,R_k94IsCRDqZXwtua,2025-09-13 17:50:48,37.8176231,-122.2771316,coord_decimal,,1.0,Male,41.0,,,Black,,,14,9,19,14,0.5833333333333334,Level of privacy,1.0,8.0,9.0,7.0,5.0,6.0,3.0,12.0,2.0,11.0,10.0,4.0,Housing Type 1,Housing Type 2,Housing Type 1,Housing Type 2,Housing Type 1,Housing Type 2,Housing Type 2,Housing Type 2,Housing Type 1,Housing Type 1,Housing Type 1,Housing Type 1,Yes,Yes,Yes,Yes,Yes,Yes,No,Yes,No,No,No,No,,,,,Rent increase,Eviction,,,
548,R_i97evO2zSG4hna5,2025-09-13 17:50:49,37.8167525,-122.2751247,coord_decimal,,0.0,Male,51.0,White,,,,,4,4,8,8,0.6666666666666666,Curfew Policy,5.0,8.0,3.0,4.0,10.0,6.0,2.0,11.0,1.0,7.0,12.0,9.0,Housing Type 1,Housing Type 1,Housing Type 2,Housing Type 1,Housing Type 2,Housing Type 2,Housing Type 2,Housing Type 2,Housing Type 2,Housing Type 2,Housing Type 2,Housing Type 1,Yes,Yes,Yes,Yes,Yes,Yes,Yes,No,No,Yes,No,No,,,Divorce/breakup,,,,,,
549,R_9wmeQFxzuOvCmP9,2025-09-13 17:50:50,37.817438,-122.275682,coord_decimal,27.7,1.0,Male,29.0,,,Black,,No Shelter/Outside,6,6,19,14,0.5,Close to transit,12.0,9.0,7.0,10.0,1.0,11.0,2.0,6.0,8.0,3.0,5.0,4.0,Housing Type 1,Housing Type 2,Housing Type 1,Housing Type 1,Housing Type 1,Housing Type 2,Housing Type 2,Housing Type 2,Housing Type 1,Housing Type 2,Housing Type 1,Housing Type 1,No,Yes,Yes,Yes,No,Yes,Yes,No,No,Yes,No,No,,Chose to leave due to issues with family/friend/roommate,,Could not pay rent,,,Released from jail/prison,,
550,R_9HqOWO80iOm1ac4,2025-09-13 17:50:51,37.817123,-122.27522,coord_decimal,43.9,0.0,Female,47.0,White,,,,,3,3,8,8,0.0,Level of privacy,1.0,7.0,3.0,4.0,9.0,5.0,8.0,11.0,2.0,10.0,12.0,6.0,Housing Type 2,Housing Type 1,Housing Type 2,Housing Type 2,Housing Type 1,Housing Type 2,Housing Type 1,Housing Type 2,Housing Type 2,Housing Type 1,Housing Type 1,Housing Type 2,No,No,No,No,No,No,No,No,No,No,No,No,,,,,,,,Other (Specify),Moved back fo california
551,R_j5siLR6sin4S8xP,2025-09-13 17:50:51,37.817475,-122.275678,coord_decimal,28.6,1.0,Female,29.0,,,Black,,,4,4,19,14,0.9166666666666666,Partners Policy,6.0,4.0,3.0,7.0,5.0,9.0,11.0,10.0,8.0,12.0,1.0,2.0,Housing Type 2,Housing Type 1,Housing Type 2,Housing Type 2,Housing Type 1,Housing Type 2,Housing Type 2,Housing Type 2,Housing Type 1,Housing Type 1,Housing Type 1,Housing Type 1,No,Yes,Yes,Yes,Yes,Yes,Yes,Yes,Yes,Yes,Yes,Yes,,,,,,,,Other (Specify),"Shelter rules, cant get along with others"
552,R_igGJQfh0Uhu4ykW,2025-09-13 17:50:52,37.817173,-122.275273,missing,,0.0,Male,26.0,,,Black,,No Shelter/Outside,3,3,8,8,0.8333333333333334,Security Guards,7.0,5.0,1.0,4.0,8.0,2.0,6.0,3.0,12.0,11.0,9.0,10.0,Housing Type 2,Housing Type 2,Housing Type 2,Housing Type 2,Housing Type 2,Housing Type 2,Housing Type 1,Housing Type 1,Housing Type 2,Housing Type 2,Housing Type 2,Housing Type 1,Yes,Yes,Yes,Yes,Yes,No,No,Yes,Yes,Yes,Yes,Yes,,,,,,,,,
553,R_34hWO2KoaiNulrM,2025-09-13 17:50:53,37.817115,-122.275233,coord_decimal,70.9,0.0,Male,46.0,White,,,,No Shelter/Outside,3,3,8,8,0.3333333333333333,Level of privacy,1.0,4.0,7.0,8.0,6.0,5.0,12.0,9.0,11.0,2.0,10.0,3.0,Housing Type 2,Housing Type 2,Housing Type 1,Housing Type 2,Housing Type 2,Housing Type 2,Housing Type 2,Housing Type 2,Housing Type 1,Housing Type 1,Housing Type 2,Housing Type 1,Yes,Yes,Yes,No,No,Yes,No,No,No,No,No,No,,,,Could not pay rent,,,,,
554,R_e1cKAUt1JVR41pv,2025-09-13 21:07:07,37.813677,-122.273417,coord_decimal,28.0,0.0,Male,69.0,,,Black,No Shelter/Outside,No Shelter/Outside,50,41,176,135,0.9166666666666666,Level of privacy,1.0,2.0,7.0,6.0,4.0,10.0,9.0,8.0,5.0,12.0,11.0,3.0,Housing Type 1,Housing Type 2,Housing Type 2,Housing Type 2,Housing Type 2,Housing Type 1,Housing Type 1,Housing Type 1,Housing Type 2,Housing Type 1,Housing Type 2,Housing Type 2,Yes,Yes,Yes,Yes,Yes,No,Yes,Yes,Yes,Yes,Yes,Yes,,,,,Rent increase,,,,
555,R_hIc2XNjxUJm5Koq,2025-09-13 21:07:08,37.813653,-122.273468,coord_decimal,33.0,0.0,Male,54.0,,,Black,No Shelter/Outside,No Shelter/Outside,51,41,176,135,0.9166666666666666,Level of privacy,1.0,4.0,3.0,2.0,6.0,8.0,10.0,7.0,9.0,11.0,12.0,5.0,Housing Type 2,Housing Type 2,Housing Type 2,Housing Type 1,Housing Type 1,Housing Type 2,Housing Type 1,Housing Type 1,Housing Type 1,Housing Type 2,Housing Type 2,Housing Type 2,Yes,Yes,Yes,Yes,Yes,Yes,No,Yes,Yes,Yes,Yes,Yes,,,,,,,,Other (Specify),Burned it down
556,R_0vvFVnMgoezyFX0,2025-09-13 21:07:10,37.813633,-122.273498,coord_decimal,36.2,0.0,Male,78.0,,,Black,,,51,41,176,135,0.9166666666666666,Case Management,5.0,3.0,10.0,1.0,2.0,6.0,11.0,8.0,9.0,12.0,7.0,4.0,Housing Type 1,Housing Type 2,Housing Type 2,Housing Type 2,Housing Type 1,Housing Type 1,Housing Type 1,Housing Type 1,Housing Type 1,Housing Type 1,Housing Type 1,Housing Type 1,Yes,Yes,Yes,Yes,No,Yes,Yes,Yes,Yes,Yes,Yes,Yes,,,,,,,,Other (Specify),Foreclosure
557,R_gpo0eHyz3xen8Tz,2025-09-13 21:07:11,37.820012,-122.291593,coord_decimal,23.3,1.0,Male,43.0,,Hispanic,,,,5,5,41,37,0.75,Pet Policy,2.0,7.0,6.0,5.0,9.0,3.0,11.0,10.0,4.0,1.0,12.0,8.0,Housing Type 2,Housing Type 1,Housing Type 1,Housing Type 2,Housing Type 1,Housing Type 2,Housing Type 1,Housing Type 2,Housing Type 1,Housing Type 1,Housing Type 2,Housing Type 2,Yes,Yes,Yes,Yes,Yes,Yes,No,No,Yes,No,Yes,Yes,,,,,,,,Other (Specify),Dont know
558,R_lR0ZBXhVHKdCtcy,2025-09-13 21:07:13,37.819942,-122.291622,coord_decimal,18.7,1.0,Female,51.0,White,,,,,5,5,41,37,0.3333333333333333,Level of privacy,1.0,7.0,12.0,8.0,10.0,9.0,4.0,11.0,6.0,2.0,3.0,5.0,Housing Type 1,Housing Type 1,Housing Type 1,Housing Type 1,Housing Type 2,Housing Type 2,Housing Type 1,Housing Type 2,Housing Type 1,Housing Type 2,Housing Type 1,Housing Type 2,No,Yes,Yes,Yes,No,Yes,No,No,No,No,No,No,,,,Could not pay rent,,,,,
559,R_mfyxa6NFYL7PGOn,2025-09-13 21:07:15,37.819947,-122.291633,coord_decimal,19.8,1.0,Male,49.0,,Hispanic,,,,5,5,41,37,1.0,Level of privacy,1.0,3.0,5.0,4.0,10.0,6.0,8.0,12.0,9.0,7.0,11.0,2.0,Housing Type 2,Housing Type 1,Housing Type 1,Housing Type 2,Housing Type 1,Housing Type 1,Housing Type 2,Housing Type 2,Housing Type 1,Housing Type 1,Housing Type 2,Housing Type 2,Yes,Yes,Yes,Yes,Yes,Yes,Yes,Yes,Yes,Yes,Yes,Yes,,,,,,Eviction,,,
560,R_41BQlvm8kGMnSEP,2025-09-13 21:07:16,37.81994,-122.291622,coord_decimal,18.6,1.0,Female,43.0,,,Black,,,5,5,41,37,0.6666666666666666,Level of privacy,1.0,9.0,7.0,6.0,8.0,10.0,12.0,11.0,4.0,3.0,2.0,5.0,Housing Type 2,Housing Type 1,Housing Type 1,Housing Type 2,Housing Type 2,Housing Type 1,Housing Type 1,Housing Type 2,Housing Type 1,Housing Type 2,Housing Type 2,Housing Type 1,Yes,Yes,Yes,Yes,Yes,Yes,Yes,Yes,No,No,No,No,,,,,,,,Other (Specify),Bacs messed it up
561,R_nzRxvhLQqT49uY1,2025-09-13 21:07:17,37.819852,-122.291633,coord_decimal,15.1,1.0,Female,47.0,,,Black,,,5,5,41,37,0.5,Pet Policy,2.0,5.0,3.0,7.0,9.0,6.0,10.0,12.0,4.0,1.0,11.0,8.0,Housing Type 2,Housing Type 1,Housing Type 2,Housing Type 1,Housing Type 1,Housing Type 2,Housing Type 2,Housing Type 1,Housing Type 2,Housing Type 2,Housing Type 2,Housing Type 1,Yes,Yes,Yes,Yes,No,Yes,Yes,No,No,No,No,No,,,,,,,,Other (Specify),Fire home burned
562,R_dJqQgqYLw5gBNZl,2025-09-14 13:50:38,37.813645,-122.273213,coord_decimal,19.8,0.0,Male,46.0,,,Black,,,80,62,170,130,0.4166666666666667,Level of privacy,1.0,8.0,7.0,2.0,6.0,3.0,12.0,9.0,4.0,5.0,11.0,10.0,Housing Type 2,Housing Type 1,Housing Type 1,Housing Type 2,Housing Type 2,Housing Type 1,Housing Type 1,Housing Type 2,Housing Type 1,Housing Type 1,Housing Type 2,Housing Type 1,Yes,No,Yes,Yes,Yes,No,No,No,No,No,No,Yes,,,,,,,,Other (Specify),Jail
563,R_4qhqCFNDqq0D4BI,2025-09-14 13:50:39,37.8136279,-122.2729883,coord_decimal,,0.0,Male,45.0,,,Black,,No Shelter/Outside,75,57,182,142,0.8333333333333334,How Clean it is,8.0,6.0,5.0,3.0,2.0,7.0,12.0,9.0,4.0,10.0,11.0,1.0,Housing Type 2,Housing Type 1,Housing Type 1,Housing Type 2,Housing Type 1,Housing Type 2,Housing Type 2,Housing Type 1,Housing Type 2,Housing Type 1,Housing Type 2,Housing Type 2,Yes,Yes,Yes,Yes,No,Yes,Yes,Yes,Yes,Yes,No,Yes,,,,Could not pay rent,,Eviction,,,
564,R_5ulEGRBVXey7Rnw,2025-09-14 13:50:40,37.8136279,-122.2729883,coord_decimal,,0.0,Male,65.0,,,,No Shelter/Outside,No Shelter/Outside,75,57,182,142,0.75,Level of privacy,1.0,6.0,8.0,5.0,2.0,9.0,3.0,10.0,7.0,11.0,12.0,4.0,Housing Type 2,Housing Type 2,Housing Type 1,Housing Type 2,Housing Type 1,Housing Type 1,Housing Type 2,Housing Type 2,Housing Type 1,Housing Type 2,Housing Type 1,Housing Type 2,Yes,Yes,Yes,Yes,Yes,No,No,No,Yes,Yes,Yes,Yes,,,,,,,,Other (Specify),Not sure
565,R_9HGJOAbbmvB5o13,2025-09-14 13:50:42,37.8136279,-122.2729883,coord_decimal,,0.0,Male,49.0,,,Black,No Shelter/Outside,No Shelter/Outside,75,57,182,142,0.8333333333333334,How Clean it is,8.0,4.0,5.0,7.0,6.0,3.0,2.0,12.0,10.0,9.0,11.0,1.0,Housing Type 1,Housing Type 1,Housing Type 2,Housing Type 1,Housing Type 1,Housing Type 2,Housing Type 2,Housing Type 1,Housing Type 1,Housing Type 2,Housing Type 2,Housing Type 1,Yes,Yes,Yes,Yes,Yes,No,Yes,Yes,Yes,Yes,Yes,No,,,,Could not pay rent,,,,,
566,R_cXmLYKueuH40ThT,2025-09-14 13:50:43,37.8136279,-122.2729883,coord_decimal,,0.0,Male,30.0,White,Hispanic,,No Shelter/Outside,No Shelter/Outside,75,57,182,142,0.5,Level of privacy,1.0,7.0,4.0,6.0,3.0,5.0,9.0,8.0,10.0,11.0,2.0,12.0,Housing Type 2,Housing Type 1,Housing Type 2,Housing Type 2,Housing Type 1,Housing Type 1,Housing Type 1,Housing Type 1,Housing Type 2,Housing Type 1,Housing Type 2,Housing Type 1,Yes,Yes,No,No,Yes,Yes,Yes,Yes,No,No,No,No,,,,,,,,Other (Specify),Landlord didnt own home. Fraud
567,R_jUTQs7MLse3BleA,2025-09-14 13:50:45,37.8136279,-122.2729883,coord_decimal,,0.0,Male,38.0,,,Black,,,75,57,182,142,1.0,Level of privacy,1.0,7.0,5.0,2.0,3.0,6.0,9.0,12.0,4.0,10.0,11.0,8.0,Housing Type 1,Housing Type 2,Housing Type 1,Housing Type 2,Housing Type 1,Housing Type 1,Housing Type 1,Housing Type 1,Housing Type 2,Housing Type 1,Housing Type 2,Housing Type 2,Yes,Yes,Yes,Yes,Yes,Yes,Yes,Yes,Yes,Yes,Yes,Yes,,,,,,,,Other (Specify),Relocation. To cali
568,R_dFhLy3gWhrLrOaH,2025-09-14 13:50:46,37.8136279,-122.2729883,coord_decimal,,0.0,Male,27.0,,,Black,,,75,57,182,142,0.8333333333333334,Close to transit,8.0,6.0,5.0,4.0,1.0,7.0,11.0,12.0,3.0,9.0,10.0,2.0,Housing Type 2,Housing Type 2,Housing Type 1,Housing Type 1,Housing Type 2,Housing Type 2,Housing Type 2,Housing Type 1,Housing Type 1,Housing Type 2,Housing Type 2,Housing Type 2,No,Yes,Yes,Yes,No,Yes,Yes,Yes,Yes,Yes,Yes,Yes,,,,,,,,Other (Specify),"Mom died, dad never around, homeless since he was a ki"
569,R_8BS5BKPx4IknZfn,2025-09-14 13:50:47,37.8087016,-122.2710578,coord_decimal,,1.0,Male,38.0,,Hispanic,,No Shelter/Outside,No Shelter/Outside,0,0,4,4,1.0,Curfew Policy,10.0,6.0,8.0,4.0,5.0,3.0,2.0,9.0,1.0,11.0,12.0,7.0,Housing Type 1,Housing Type 2,Housing Type 1,Housing Type 1,Housing Type 2,Housing Type 2,Housing Type 1,Housing Type 2,Housing Type 1,Housing Type 1,Housing Type 1,Housing Type 2,Yes,Yes,Yes,Yes,Yes,Yes,Yes,Yes,Yes,Yes,Yes,Yes,,,,Could not pay rent,Rent increase,Eviction,,,
570,R_9Vblx9ymmB95Gyg,2025-09-14 13:50:49,37.813723,-122.273385,coord_decimal,594.6,0.0,Female,53.0,,Hispanic,Black,No Shelter/Outside,No Shelter/Outside,49,41,176,135,0.4166666666666667,How Clean it is,3.0,6.0,7.0,2.0,5.0,10.0,9.0,8.0,4.0,11.0,12.0,1.0,Housing Type 1,Housing Type 1,Housing Type 1,Housing Type 2,Housing Type 1,Housing Type 2,Housing Type 2,Housing Type 2,Housing Type 1,Housing Type 1,Housing Type 1,Housing Type 2,No,Yes,Yes,Yes,Yes,Yes,No,No,No,No,No,No,,,,,,,,Other (Specify),Lost voucher because of a technicality
571,R_hQgxOTqwRm8IXZZ,2025-09-14 14:42:14,37.8197242,-122.2913219,coord_decimal,,1.0,Female,42.0,,Hispanic,,,,5,5,43,35,0.5833333333333334,Level of privacy,1.0,8.0,7.0,4.0,3.0,6.0,5.0,12.0,10.0,9.0,2.0,11.0,Housing Type 2,Housing Type 1,Housing Type 1,Housing Type 1,Housing Type 1,Housing Type 1,Housing Type 1,Housing Type 1,Housing Type 1,Housing Type 2,Housing Type 1,Housing Type 1,Yes,Yes,Yes,Yes,Yes,Yes,No,Yes,No,No,No,No,,,,,Rent increase,,,,
572,R_3L9rdPZHuftdj47,2025-09-14 14:42:16,37.8197242,-122.2913219,coord_decimal,,1.0,Male,52.0,,Hispanic,,,,5,5,43,35,0.16666666666666666,Partners Policy,2.0,5.0,12.0,9.0,8.0,10.0,6.0,11.0,3.0,4.0,1.0,7.0,Housing Type 2,Housing Type 1,Housing Type 1,Housing Type 2,Housing Type 1,Housing Type 2,Housing Type 2,Housing Type 1,Housing Type 1,Housing Type 2,Housing Type 1,Housing Type 1,Yes,No,No,No,Yes,No,No,No,No,No,No,No,,,,,,Eviction,,Other (Specify),Too many dogs
573,R_ok4YhkkCxpHTkBr,2025-09-14 15:48:48,37.8200467,-122.2923435,coord_decimal,,1.0,Male,50.0,,,Black,,,19,17,37,33,0.3333333333333333,Level of privacy,1.0,6.0,7.0,4.0,8.0,10.0,3.0,9.0,2.0,11.0,12.0,5.0,Housing Type 2,Housing Type 2,Housing Type 1,Housing Type 1,Housing Type 1,Housing Type 1,Housing Type 2,Housing Type 2,Housing Type 2,Housing Type 1,Housing Type 1,Housing Type 1,No,No,Yes,Yes,No,Yes,Yes,No,No,No,No,No,,,Divorce/breakup,,,,,,
574,R_aKU4YsyIk85O1Ia,2025-09-14 16:10:34,37.859911,-122.2953324,coord_decimal,,1.0,Female,43.0,White,,,No Shelter/Outside,No Shelter/Outside,0,0,0,0,0.75,Level of privacy,1.0,2.0,7.0,6.0,9.0,4.0,3.0,10.0,5.0,11.0,12.0,8.0,Housing Type 2,Housing Type 1,Housing Type 2,Housing Type 2,Housing Type 1,Housing Type 1,Housing Type 2,Housing Type 2,Housing Type 1,Housing Type 2,Housing Type 2,Housing Type 1,Yes,Yes,No,Yes,Yes,No,Yes,No,Yes,Yes,Yes,Yes,,,,,,Eviction,,Other (Specify),Illegal eviction
575,R_flTTYrO9a7uIC1Z,2025-09-14 18:36:47,37.791803,-122.256148,coord_decimal,782.4,1.0,Female,30.0,,,Black,No Shelter/Outside,No Shelter/Outside,0,0,8,8,0.5,Level of privacy,1.0,6.0,7.0,2.0,4.0,8.0,3.0,10.0,5.0,12.0,11.0,9.0,Housing Type 1,Housing Type 2,Housing Type 2,Housing Type 1,Housing Type 2,Housing Type 1,Housing Type 1,Housing Type 1,Housing Type 2,Housing Type 1,Housing Type 1,Housing Type 1,Yes,No,Yes,No,No,No,Yes,Yes,No,Yes,No,Yes,,,,,,,,Other (Specify),Mother died
576,R_lsm3kOll2FTSEoV,2025-09-14 18:36:48,37.78489,-122.227515,coord_decimal,26.8,1.0,Female,42.0,,Hispanic,Black,,,0,0,0,0,0.4166666666666667,Level of privacy,1.0,7.0,8.0,4.0,3.0,10.0,6.0,11.0,9.0,12.0,2.0,5.0,Housing Type 2,Housing Type 1,Housing Type 2,Housing Type 2,Housing Type 2,Housing Type 2,Housing Type 2,Housing Type 2,Housing Type 1,Housing Type 2,Housing Type 2,Housing Type 2,Yes,Yes,Yes,Yes,No,Yes,No,No,No,No,No,No,,,,,,Eviction,,Other (Specify),Illegal lock out
577,R_5pmm2NYTOM7kYEN,2025-09-14 18:36:50,37.784772,-122.227557,coord_decimal,13.7,1.0,Male,56.0,,Hispanic,,,,0,0,0,0,0.9166666666666666,Level of privacy,1.0,4.0,8.0,2.0,5.0,11.0,12.0,10.0,9.0,7.0,3.0,6.0,Housing Type 2,Housing Type 2,Housing Type 2,Housing Type 2,Housing Type 1,Housing Type 1,Housing Type 1,Housing Type 1,Housing Type 1,Housing Type 1,Housing Type 2,Housing Type 1,Yes,Yes,No,Yes,Yes,Yes,Yes,Yes,Yes,Yes,Yes,Yes,,,,,,Eviction,,Other (Specify),Illegal lockout
578,R_aEEtJvGbPKjpMIP,2025-09-14 18:36:51,37.826907,-122.2672,coord_decimal,15.4,1.0,Male,43.0,,,Black,,,1,1,5,5,0.25,Level of privacy,1.0,7.0,11.0,6.0,10.0,9.0,4.0,12.0,5.0,2.0,3.0,8.0,Housing Type 1,Housing Type 1,Housing Type 1,Housing Type 2,Housing Type 2,Housing Type 2,Housing Type 1,Housing Type 1,Housing Type 1,Housing Type 1,Housing Type 2,Housing Type 1,No,Yes,No,No,Yes,Yes,No,No,No,No,No,No,,,Divorce/breakup,,,,,,
579,R_mswiOeFnn33BgQ5,2025-09-14 18:36:52,37.827308,-122.267145,coord_decimal,54.9,1.0,Female,31.0,,,Black,,,1,1,3,3,0.4166666666666667,Level of privacy,1.0,9.0,7.0,5.0,11.0,10.0,3.0,12.0,4.0,2.0,6.0,8.0,Housing Type 2,Housing Type 2,Housing Type 1,Housing Type 1,Housing Type 2,Housing Type 2,Housing Type 1,Housing Type 2,Housing Type 1,Housing Type 1,Housing Type 1,Housing Type 2,No,Yes,Yes,Yes,Yes,No,Yes,No,No,No,No,No,,,,,,,,Other (Specify),Too much stuff going on
580,R_4aNGvAOWQvqJMD7,2025-09-14 19:18:14,37.827172,-122.268083,coord_decimal,73.5,1.0,Male,55.0,,,Black,,,2,2,5,5,0.75,Level of privacy,1.0,9.0,6.0,3.0,5.0,10.0,4.0,8.0,7.0,12.0,2.0,11.0,Housing Type 2,Housing Type 1,Housing Type 1,Housing Type 2,Housing Type 1,Housing Type 1,Housing Type 2,Housing Type 1,Housing Type 1,Housing Type 2,Housing Type 1,Housing Type 2,Yes,Yes,Yes,Yes,Yes,Yes,Yes,No,Yes,No,No,Yes,,,,,,,,Other (Specify),New owner- tore it down to build apartments
581,R_a9TGG0k38dcSRMn,2025-09-14 19:18:15,37.827175,-122.268082,coord_decimal,73.6,0.0,Male,52.0,,,Black,No Shelter/Outside,No Shelter/Outside,2,2,5,5,0.5,Partners Policy,2.0,7.0,11.0,5.0,8.0,6.0,3.0,10.0,4.0,12.0,1.0,9.0,Housing Type 2,Housing Type 2,Housing Type 1,Housing Type 1,Housing Type 2,Housing Type 1,Housing Type 2,Housing Type 2,Housing Type 1,Housing Type 1,Housing Type 2,Housing Type 1,Yes,No,No,Yes,Yes,Yes,Yes,Yes,No,No,No,No,,,,Could not pay rent,,,,,
582,R_fhRXyjqgHeyCRel,2025-09-16 15:36:00,37.784707,-122.412028,area_vague,,1.0,Male,34.0,,Hispanic,Black,No Shelter/Outside,No Shelter/Outside,0,0,0,0,1.0,Pet Policy,3.0,8.0,4.0,7.0,9.0,10.0,12.0,6.0,11.0,1.0,5.0,2.0,Housing Type 1,Housing Type 1,Housing Type 2,Housing Type 2,Housing Type 2,Housing Type 2,Housing Type 1,Housing Type 1,Housing Type 2,Housing Type 1,Housing Type 1,Housing Type 1,Yes,Yes,Yes,Yes,Yes,Yes,Yes,Yes,Yes,Yes,Yes,Yes,"Family/friend/roommate asked me to leave (dispute, needed room, etc.)",,Divorce/breakup,,,,,,
583,R_420CuJSgh9whjm2,2025-09-16 15:48:59,37.784718,-122.412028,area_vague,,0.0,Male,40.0,,,Black,No Shelter/Outside,No Shelter/Outside,0,0,0,0,1.0,Level of privacy,1.0,5.0,8.0,3.0,4.0,9.0,10.0,7.0,11.0,12.0,6.0,2.0,Housing Type 1,Housing Type 2,Housing Type 1,Housing Type 1,Housing Type 2,Housing Type 2,Housing Type 2,Housing Type 2,Housing Type 1,Housing Type 2,Housing Type 2,Housing Type 1,Yes,Yes,Yes,Yes,Yes,Yes,Yes,Yes,Yes,Yes,Yes,Yes,,,,Could not pay rent,,Eviction,,,
584,R_0rRYGfbrKouWZs5,2025-09-16 16:02:58,37.78473,-122.41203,area_vague,,0.0,Male,43.0,White,,,No Shelter/Outside,No Shelter/Outside,0,0,0,0,1.0,Level of privacy,1.0,3.0,9.0,5.0,8.0,4.0,11.0,6.0,7.0,12.0,10.0,2.0,Housing Type 1,Housing Type 1,Housing Type 1,Housing Type 1,Housing Type 1,Housing Type 1,Housing Type 1,Housing Type 1,Housing Type 1,Housing Type 1,Housing Type 1,Housing Type 1,Yes,Yes,Yes,Yes,Yes,Yes,Yes,Yes,Yes,Yes,Yes,Yes,,,,,,,,Other (Specify),Unsafd and loud
585,R_7GXRtutj0EWy3c3,2025-09-16 16:14:58,37.784705,-122.412029,area_vague,,0.0,Male,45.0,White,,Black,No Shelter/Outside,No Shelter/Outside,0,0,0,0,0.9166666666666666,Level of privacy,1.0,8.0,5.0,6.0,4.0,9.0,3.0,10.0,2.0,12.0,11.0,7.0,Housing Type 2,Housing Type 2,Housing Type 2,Housing Type 2,Housing Type 1,Housing Type 2,Housing Type 1,Housing Type 2,Housing Type 1,Housing Type 1,Housing Type 2,Housing Type 1,Yes,No,Yes,Yes,Yes,Yes,Yes,Yes,Yes,Yes,Yes,Yes,,,,Could not pay rent,,,,,
586,R_akjPFLZocCAjllC,2025-09-16 16:31:59,37.784707,-122.412031,area_vague,,0.0,Female,51.0,White,,,No Shelter/Outside,No Shelter/Outside,0,0,0,0,0.9166666666666666,Level of privacy,1.0,9.0,11.0,5.0,10.0,7.0,6.0,8.0,4.0,12.0,3.0,2.0,Housing Type 1,Housing Type 1,Housing Type 2,Housing Type 1,Housing Type 1,Housing Type 1,Housing Type 2,Housing Type 1,Housing Type 2,Housing Type 1,Housing Type 2,Housing Type 2,Yes,Yes,No,Yes,Yes,Yes,Yes,Yes,Yes,Yes,Yes,Yes,"Family/friend/roommate asked me to leave (dispute, needed room, etc.)",,Divorce/breakup,,,,,,
587,R_j8hieqXGBV10Ekl,2025-09-16 16:45:44,37.784698,-122.412021,area_vague,,1.0,Male,33.0,,,Black,,,0,0,0,0,1.0,Partners Policy,3.0,8.0,7.0,9.0,5.0,12.0,6.0,11.0,2.0,10.0,1.0,4.0,Housing Type 2,Housing Type 2,Housing Type 2,Housing Type 2,Housing Type 1,Housing Type 2,Housing Type 2,Housing Type 2,Housing Type 1,Housing Type 1,Housing Type 2,Housing Type 1,Yes,Yes,Yes,Yes,Yes,Yes,Yes,Yes,Yes,Yes,Yes,Yes,,,,Could not pay rent,Rent increase,,,,
588,R_9uyYOESvW2K6ohB,2025-09-16 18:48:16,37.768903,-122.456532,coord_decimal,8891.5,1.0,Male,47.0,,Hispanic,,No Shelter/Outside,,0,0,0,0,1.0,Case Management,3.0,6.0,4.0,1.0,10.0,8.0,2.0,5.0,12.0,11.0,9.0,7.0,Housing Type 2,Housing Type 1,Housing Type 1,Housing Type 2,Housing Type 2,Housing Type 2,Housing Type 1,Housing Type 2,Housing Type 1,Housing Type 1,Housing Type 2,Housing Type 2,Yes,Yes,Yes,Yes,Yes,Yes,Yes,Yes,Yes,Yes,Yes,Yes,"Family/friend/roommate asked me to leave (dispute, needed room, etc.)",,,,,,,,
589,R_h5VYNOuDHKzeBbS,2025-09-16 18:48:17,37.768993,-122.456625,coord_decimal,8901.5,0.0,Male,39.0,White,,,,,0,0,0,0,1.0,Level of privacy,1.0,4.0,3.0,11.0,7.0,8.0,12.0,9.0,5.0,6.0,10.0,2.0,Housing Type 1,Housing Type 1,Housing Type 2,Housing Type 2,Housing Type 1,Housing Type 2,Housing Type 1,Housing Type 1,Housing Type 1,Housing Type 1,Housing Type 2,Housing Type 1,Yes,Yes,Yes,Yes,Yes,Yes,Yes,Yes,Yes,Yes,Yes,Yes,,,Divorce/breakup,Could not pay rent,,,,,
590,R_mmH8oRlqz3MsHXk,2025-09-16 18:48:18,37.784721,-122.412036,area_vague,,1.0,Male,36.0,,,,No Shelter/Outside,No Shelter/Outside,0,0,0,0,1.0,Level of privacy,1.0,10.0,6.0,2.0,8.0,12.0,5.0,7.0,9.0,3.0,11.0,4.0,Housing Type 2,Housing Type 1,Housing Type 2,Housing Type 2,Housing Type 2,Housing Type 2,Housing Type 2,Housing Type 1,Housing Type 1,Housing Type 2,Housing Type 2,Housing Type 2,Yes,Yes,Yes,Yes,Yes,Yes,Yes,Yes,Yes,Yes,Yes,Yes,"Family/friend/roommate asked me to leave (dispute, needed room, etc.)",,,,,,,,
591,R_h7ir0ST6NNxyHXF,2025-09-16 18:48:19,37.784707,-122.41203,address,1255.3,0.0,Male,26.0,,,,,No Shelter/Outside,0,0,0,0,1.0,Level of privacy,1.0,6.0,5.0,4.0,12.0,8.0,2.0,9.0,3.0,7.0,11.0,10.0,Housing Type 2,Housing Type 1,Housing Type 2,Housing Type 2,Housing Type 2,Housing Type 2,Housing Type 2,Housing Type 2,Housing Type 2,Housing Type 1,Housing Type 2,Housing Type 1,Yes,Yes,Yes,Yes,Yes,Yes,Yes,Yes,Yes,Yes,Yes,Yes,,,,,,,,Other (Specify),"Housefire, famiky incarceration"
592,R_iymS3bdOGOSprZC,2025-09-16 18:48:20,37.78471,-122.412029,area_vague,,1.0,Female,33.0,,,Black,,,0,0,0,0,1.0,Level of privacy,1.0,3.0,6.0,4.0,10.0,11.0,8.0,7.0,5.0,12.0,9.0,2.0,Housing Type 2,Housing Type 2,Housing Type 1,Housing Type 1,Housing Type 1,Housing Type 1,Housing Type 1,Housing Type 1,Housing Type 1,Housing Type 2,Housing Type 2,Housing Type 1,Yes,Yes,Yes,Yes,Yes,Yes,Yes,Yes,Yes,Yes,Yes,Yes,,,,,,Eviction,,,
593,R_7HtwKRowIuIsz2C,2025-09-16 18:48:21,37.784711,-122.412042,address,3.3,1.0,Male,54.0,White,,,,,0,0,0,0,1.0,Proximity to where you st,2.0,8.0,9.0,11.0,3.0,1.0,6.0,10.0,12.0,7.0,4.0,5.0,Housing Type 2,Housing Type 2,Housing Type 2,Housing Type 2,Housing Type 1,Housing Type 2,Housing Type 2,Housing Type 1,Housing Type 2,Housing Type 1,Housing Type 2,Housing Type 1,Yes,Yes,Yes,Yes,Yes,Yes,Yes,Yes,Yes,Yes,Yes,Yes,,,,,,,,Other (Specify),Fire
594,R_1sbWkF4CV1C6kwf,2025-09-16 18:48:22,37.784709,-122.412028,address,662.5,1.0,Female,44.0,,,,No Shelter/Outside,No Shelter/Outside,0,0,0,0,1.0,Substance Use Policy,3.0,12.0,2.0,7.0,9.0,8.0,1.0,5.0,4.0,11.0,10.0,6.0,Housing Type 1,Housing Type 1,Housing Type 1,Housing Type 2,Housing Type 2,Housing Type 2,Housing Type 1,Housing Type 1,Housing Type 2,Housing Type 1,Housing Type 2,Housing Type 2,Yes,Yes,Yes,Yes,Yes,Yes,Yes,Yes,Yes,Yes,Yes,Yes,,,,,,,,Other (Specify),"Mental, health issues"
595,R_kz9FI06IVlG66XW,2025-09-18 13:55:30,37.847883,-122.252407,address,10.0,0.0,Female,65.0,,,Black,No Shelter/Outside,No Shelter/Outside,0,0,0,0,1.0,Length allowed to stay,4.0,1.0,8.0,6.0,10.0,5.0,9.0,12.0,3.0,11.0,7.0,2.0,Housing Type 2,Housing Type 1,Housing Type 2,Housing Type 2,Housing Type 1,Housing Type 2,Housing Type 1,Housing Type 1,Housing Type 1,Housing Type 1,Housing Type 2,Housing Type 1,Yes,Yes,Yes,Yes,Yes,Yes,Yes,Yes,Yes,Yes,Yes,Yes,,,,Could not pay rent,,,,,
596,R_7y5qfZX7JeTydjC,2025-09-18 13:55:36,37.847852,-122.252432,area_vague,,1.0,Non-Binary/Other,48.0,,,,,No Shelter/Outside,0,0,0,0,0.25,Case Management,4.0,8.0,12.0,1.0,2.0,11.0,7.0,6.0,5.0,10.0,3.0,9.0,Housing Type 2,Housing Type 1,Housing Type 2,Housing Type 2,Housing Type 1,Housing Type 1,Housing Type 2,Housing Type 1,Housing Type 2,Housing Type 1,Housing Type 1,Housing Type 1,Yes,Yes,No,No,No,No,No,No,No,No,No,Yes,,,Divorce/breakup,,,,,,
597,R_5vePNYNJG4cCTX8,2025-09-18 13:55:43,37.847703,-122.252303,missing,,0.0,Male,71.0,,,Black,,,0,0,0,0,0.75,Participation in rule mak,2.0,4.0,10.0,8.0,6.0,5.0,12.0,1.0,11.0,9.0,7.0,3.0,Housing Type 1,Housing Type 2,Housing Type 1,Housing Type 1,Housing Type 2,Housing Type 2,Housing Type 2,Housing Type 1,Housing Type 1,Housing Type 2,Housing Type 2,Housing Type 1,Yes,Yes,Yes,Yes,Yes,Yes,Yes,Yes,Yes,No,No,No,,,Divorce/breakup,,,,,,
598,R_l2BzZbVZzFjxDsp,2025-09-18 13:55:46,37.8479,-122.252238,missing,,0.0,Male,66.0,,,Black,,No Shelter/Outside,0,0,0,0,1.0,Length allowed to stay,4.0,1.0,8.0,12.0,11.0,2.0,10.0,7.0,9.0,5.0,6.0,3.0,Housing Type 2,Housing Type 2,Housing Type 2,Housing Type 2,Housing Type 2,Housing Type 2,Housing Type 2,Housing Type 2,Housing Type 2,Housing Type 2,Housing Type 2,Housing Type 2,Yes,Yes,Yes,Yes,Yes,Yes,Yes,Yes,Yes,Yes,Yes,Yes,,Chose to leave due to issues with family/friend/roommate,,,Rent increase,,,,
599,R_fLZuD7ZdOsdjdwS,2025-09-18 13:55:51,37.847928,-122.252268,missing,,0.0,Male,74.0,White,,,,,0,0,0,0,0.08333333333333333,Proximity to where you st,3.0,4.0,6.0,12.0,8.0,1.0,2.0,5.0,9.0,11.0,7.0,10.0,Housing Type 1,Housing Type 1,Housing Type 1,Housing Type 2,Housing Type 2,Housing Type 2,Housing Type 1,Housing Type 1,Housing Type 1,Housing Type 2,Housing Type 2,Housing Type 2,Yes,No,No,No,No,No,No,No,No,No,No,No,,Chose to leave due to issues with family/friend/roommate,,Could not pay rent,,,,,
600,R_0z2AUxTd4RYbmLB,2025-09-18 18:11:28,37.850588,-122.251378,address,3038.2,0.0,Male,56.0,White,,,,No Shelter/Outside,0,0,0,0,1.0,How Clean it is,2.0,7.0,8.0,4.0,6.0,3.0,10.0,9.0,5.0,12.0,11.0,1.0,Housing Type 2,Housing Type 1,Housing Type 1,Housing Type 1,Housing Type 1,Housing Type 1,Housing Type 1,Housing Type 2,Housing Type 2,Housing Type 2,Housing Type 1,Housing Type 1,Yes,Yes,Yes,Yes,Yes,Yes,Yes,Yes,Yes,Yes,Yes,Yes,,Chose to leave due to issues with family/friend/roommate,,Could not pay rent,,,,,
601,R_cJBwbfyzScm5VlA,2025-09-18 18:11:29,37.850273,-122.252133,address,1078.8,1.0,Female,18.0,,Hispanic,,No Shelter/Outside,No Shelter/Outside,0,0,0,0,1.0,Level of privacy,1.0,6.0,4.0,5.0,3.0,8.0,7.0,11.0,9.0,12.0,10.0,2.0,Housing Type 1,Housing Type 2,Housing Type 2,Housing Type 2,Housing Type 1,Housing Type 2,Housing Type 1,Housing Type 2,Housing Type 2,Housing Type 2,Housing Type 2,Housing Type 1,Yes,Yes,Yes,Yes,Yes,Yes,Yes,Yes,Yes,Yes,Yes,Yes,,Chose to leave due to issues with family/friend/roommate,,,,,,,
602,R_2DzywpIow31XYIy,2025-09-19 17:12:33,37.82532,-122.274588,area_vague,,1.0,Male,42.0,,Hispanic,,No Shelter/Outside,No Shelter/Outside,6,4,7,5,1.0,Substance Use Policy,2.0,10.0,3.0,4.0,6.0,8.0,1.0,11.0,7.0,12.0,9.0,5.0,Housing Type 2,Housing Type 1,Housing Type 1,Housing Type 2,Housing Type 2,Housing Type 2,Housing Type 1,Housing Type 1,Housing Type 2,Housing Type 2,Housing Type 2,Housing Type 2,Yes,Yes,Yes,Yes,Yes,Yes,Yes,Yes,Yes,Yes,Yes,Yes,"Family/friend/roommate asked me to leave (dispute, needed room, etc.)",,,Could not pay rent,,,,,
603,R_cy3zhTGNzdm5ATc,2025-09-19 17:12:34,37.824353,-122.269932,area_vague,,1.0,Male,54.0,,,Black,,,11,8,11,8,1.0,Level of privacy,1.0,10.0,6.0,7.0,9.0,8.0,5.0,3.0,4.0,12.0,11.0,2.0,Housing Type 1,Housing Type 2,Housing Type 1,Housing Type 1,Housing Type 2,Housing Type 1,Housing Type 1,Housing Type 1,Housing Type 2,Housing Type 1,Housing Type 2,Housing Type 2,Yes,Yes,Yes,Yes,Yes,Yes,Yes,Yes,Yes,Yes,Yes,Yes,,,,Could not pay rent,,,,Other (Specify),Lost job
604,R_2BLAkqFACZUvRlq,2025-09-19 17:12:35,37.823978,-122.26982,area_vague,,0.0,Male,51.0,,,Black,,,8,5,13,10,1.0,Level of privacy,1.0,5.0,6.0,7.0,10.0,11.0,4.0,9.0,3.0,12.0,8.0,2.0,Housing Type 2,Housing Type 2,Housing Type 1,Housing Type 1,Housing Type 1,Housing Type 2,Housing Type 1,Housing Type 2,Housing Type 1,Housing Type 2,Housing Type 1,Housing Type 1,Yes,Yes,Yes,Yes,Yes,Yes,Yes,Yes,Yes,Yes,Yes,Yes,,,,Could not pay rent,Rent increase,,,,
605,R_7bXCTeikCz2VbKJ,2025-09-19 17:12:36,37.823632,-122.269947,area_vague,,1.0,Female,35.0,,,Black,,No Shelter/Outside,1,0,13,10,1.0,Level of privacy,1.0,10.0,4.0,7.0,3.0,5.0,8.0,11.0,6.0,12.0,9.0,2.0,Housing Type 2,Housing Type 2,Housing Type 1,Housing Type 2,Housing Type 2,Housing Type 2,Housing Type 1,Housing Type 2,Housing Type 2,Housing Type 1,Housing Type 2,Housing Type 2,Yes,Yes,Yes,Yes,Yes,Yes,Yes,Yes,Yes,Yes,Yes,Yes,,,,,,,,Other (Specify),Parentz got kickdd out of housing
