new_id,Response_ID,Recorded_Date,Location_Latitude,Location_Longitude,input_location,input_category,input_lat,input_lon,distance_m,best_lat,best_lon,sweep,gender,age,race_White,race_Hispanic,race_Black,race_Asian,race_American_Indian,last_30_noshelter,_3year_noshelter,Rank___Level_of_privacy,Rank___Length_allowed_to_stay,Rank___Security_Guards,Rank___Case_Management,Rank___Close_to_transit,Rank___Proximity_to_where_you_st,Rank___Substance_Use_Policy,Rank___Participation_in_rule_mak,Rank___Curfew_Policy,Rank___Pet_Policy,Rank___Partners_Policy,Rank___How_Clean_it_is,Preferred_B1Q1,Preferred_B1Q2,Preferred_B1Q3,Preferred_B1Q4,Preferred_B2Q1,Preferred_B2Q2,Preferred_B2Q3,Preferred_B2Q4,Preferred_B3Q1,Preferred_B3Q2,Preferred_B3Q3,Preferred_B3Q4,Outside_Option_B1Q1,Outside_Option_B1Q2,Outside_Option_B1Q3,Outside_Option_B1Q4,Outside_Option_B2Q1,Outside_Option_B2Q2,Outside_Option_B2Q3,Outside_Option_B2Q4,Outside_Option_B3Q1,Outside_Option_B3Q2,Outside_Option_B3Q3,Outside_Option_B3Q4,trigger___Selected_Choice_Family,trigger___Selected_Choice_Chose_,trigger___Selected_Choice_Divorc,trigger___Selected_Choice_Could_,trigger___Selected_Choice_Rent_i,trigger___Selected_Choice_Evicti,trigger___Selected_Choice_Releas,trigger___Selected_Choice_Other_,trigger___Other__Specify____Text
1,R_5bVuOjO1LkC92bP,2025-06-30 19:34:49,37.798748,-122.282278,"37.47,53.9,,N 122.16,48.8w",coord_dms,37.79830555555555,-122.28022222222222,187.2,37.798748,-122.282278,0.0,Female,37.0,White,,,,,,,2,10,3,9,6,12,8,11,7,5,1,4,Housing Type 1,Housing Type 2,Housing Type 1,Housing Type 1,Housing Type 2,Housing Type 2,Housing Type 1,Housing Type 2,Housing Type 2,Housing Type 2,Housing Type 1,Housing Type 1,Yes,Yes,No,Yes,Yes,No,No,No,No,No,No,Yes,,,,,,,,Other (Specify),Left after leasewas up; me ntal health
2,R_biportek5nmwAIS,2025-06-30 19:34:50,37.798767,-122.282282,"37.7983096, -122.2802182",coord_decimal,37.7983096,-122.2802182,188.3,37.798767,-122.282282,1.0,Male,60.0,,,Black,,,,,2,1,3,7,12,8,9,4,5,10,11,6,Housing Type 2,Housing Type 1,Housing Type 1,Housing Type 1,Housing Type 1,Housing Type 2,Housing Type 1,Housing Type 1,Housing Type 1,Housing Type 2,Housing Type 1,Housing Type 1,Yes,Yes,Yes,Yes,Yes,Yes,Yes,Yes,Yes,Yes,No,No,,,,,,,,Other (Specify),Medical issue
3,R_brkQYvLApOLuQ18,2025-06-30 19:34:51,37.798697,-122.282288,"37.7983096, -122.2802182",coord_decimal,37.7983096,-122.2802182,186.9,37.798697,-122.282288,0.0,Male,34.0,White,,,,,,,7,1,3,2,9,4,5,10,8,12,11,6,Housing Type 1,Housing Type 1,Housing Type 1,Housing Type 2,Housing Type 2,Housing Type 2,Housing Type 1,Housing Type 1,Housing Type 2,Housing Type 2,Housing Type 2,Housing Type 2,Yes,Yes,Yes,Yes,No,No,No,Yes,No,No,No,No,,,,,,,,Other (Specify),Failec to check in with SRO/supported housing
4,R_8oDKAsd5wRFA6cB,2025-06-30 19:34:53,37.798678,-122.282153,"37.7939877, -122.2658298",coord_decimal,37.7939877,-122.2658298,1526.1,37.798678,-122.282153,1.0,Female,54.0,White,,,,,,,2,3,5,7,11,8,10,9,6,1,12,4,Housing Type 2,Housing Type 1,Housing Type 1,Housing Type 1,Housing Type 2,Housing Type 1,Housing Type 2,Housing Type 2,Housing Type 1,Housing Type 1,Housing Type 2,Housing Type 1,Yes,Yes,Yes,Yes,Yes,No,No,Yes,Yes,No,No,Yes,"Family/friend/roommate asked me to leave (dispute, needed room, etc.)",,,,,,,,
5,R_5PxwWVPfBA9kgrw,2025-06-30 19:34:54,37.801922,-122.286275,"37.8016123, -122.2854810",coord_decimal,37.8016123,-122.285481,77.8,37.801922,-122.286275,1.0,Female,37.0,White,,,,,,,3,12,1,8,10,6,7,11,5,9,4,2,Housing Type 2,Housing Type 1,Housing Type 1,Housing Type 2,Housing Type 1,Housing Type 2,Housing Type 1,Housing Type 2,Housing Type 2,Housing Type 2,Housing Type 2,Housing Type 2,Yes,Yes,Yes,Yes,No,Yes,Yes,No,No,No,No,No,,,,,,,,Other (Specify),Relationship wasbeing pimped
6,R_jhA0Tueg0Ir7DVK,2025-06-30 19:34:55,37.801983,-122.28624,"37.8016123, -122.2854810",coord_decimal,37.8016123,-122.285481,78.4,37.801983,-122.28624,1.0,Male,45.0,White,,,,,,,2,3,12,6,8,4,5,1,11,9,10,7,Housing Type 1,Housing Type 2,Housing Type 1,Housing Type 2,Housing Type 2,Housing Type 2,Housing Type 2,Housing Type 1,Housing Type 2,Housing Type 1,Housing Type 2,Housing Type 1,Yes,Yes,Yes,No,Yes,Yes,Yes,Yes,No,No,Yes,Yes,,,,,,Eviction,,,
7,R_dd7soeLp3PVPO2f,2025-06-30 19:34:56,37.802013,-122.286198,"37.8016123, -122.2854810",coord_decimal,37.8016123,-122.285481,77.2,37.802013,-122.286198,1.0,Male,46.0,,,Black,,,,No Shelter/Outside,2,7,3,5,10,9,4,8,6,12,11,1,Housing Type 1,Housing Type 1,Housing Type 2,Housing Type 2,Housing Type 2,Housing Type 1,Housing Type 1,Housing Type 2,Housing Type 2,Housing Type 1,Housing Type 1,Housing Type 1,No,Yes,Yes,Yes,Yes,Yes,Yes,Yes,Yes,Yes,Yes,Yes,,,,,,,Released from jail/prison,,
8,R_7NIRAvk4HyeO5yP,2025-06-30 19:34:56,37.801967,-122.286068,"37.8016123, -122.2854810",coord_decimal,37.8016123,-122.285481,64.9,37.801967,-122.286068,1.0,Male,55.0,,,Black,,,,,2,6,5,7,11,10,9,1,4,12,8,3,Housing Type 1,Housing Type 1,Housing Type 2,Housing Type 1,Housing Type 1,Housing Type 1,Housing Type 2,Housing Type 2,Housing Type 1,Housing Type 2,Housing Type 2,Housing Type 2,Yes,Yes,Yes,Yes,Yes,Yes,Yes,Yes,Yes,Yes,Yes,Yes,,,,,,,,Other (Specify),"Was in supported housing, didnt come check in enough which was part of rules"
9,R_g4mmEOLMFhUsrU8,2025-06-30 19:34:57,37.802012,-122.28598,"37.8016123, -122.2854810",coord_decimal,37.8016123,-122.285481,62.4,37.802012,-122.28598,0.0,Male,45.0,White,,,,,,,3,6,4,8,11,9,5,10,12,7,1,2,Housing Type 2,Housing Type 2,Housing Type 2,Housing Type 1,Housing Type 1,Housing Type 1,Housing Type 1,Housing Type 1,Housing Type 1,Housing Type 2,Housing Type 1,Housing Type 2,Yes,Yes,Yes,No,Yes,Yes,Yes,Yes,No,No,No,No,"Family/friend/roommate asked me to leave (dispute, needed room, etc.)",,,,,,,,
10,R_7nwuhAgXHxUQTga,2025-07-01 17:05:09,37.819923,-122.290702,"37.8261608, -122.2918868",coord_decimal,37.8261608,-122.2918868,701.4,37.819923,-122.290702,1.0,Male,54.0,White,,,,,,No Shelter/Outside,1,2,3,7,12,6,8,11,5,10,9,4,Housing Type 1,Housing Type 2,Housing Type 1,Housing Type 2,Housing Type 1,Housing Type 1,Housing Type 2,Housing Type 1,Housing Type 1,Housing Type 2,Housing Type 1,Housing Type 2,No,No,Yes,No,No,Yes,Yes,Yes,No,Yes,Yes,No,,,,,,,,Other (Specify),"Transitional housing program ended, no housing"
11,R_3ErP9cSALsXdNON,2025-07-01 17:05:10,37.819918,-122.290792,"37.8261608, -122.2918868",coord_decimal,37.8261608,-122.2918868,700.8,37.819918,-122.290792,0.0,Male,58.0,White,,,,,,,2,5,6,1,9,11,4,7,3,12,10,8,Housing Type 2,Housing Type 1,Housing Type 2,Housing Type 2,Housing Type 1,Housing Type 1,Housing Type 2,Housing Type 1,Housing Type 1,Housing Type 2,Housing Type 2,Housing Type 1,Yes,Yes,Yes,Yes,Yes,Yes,Yes,Yes,Yes,Yes,Yes,Yes,,,,,,,,Other (Specify),Hotel SRO room door was broken
12,R_kYD7yvsXPRhkFY4,2025-07-01 17:05:11,37.819943,-122.290797,"37.8261608, -122.2918868",coord_decimal,37.8261608,-122.2918868,698.0,37.819943,-122.290797,1.0,Male,45.0,White,,,,,,,1,8,12,9,11,10,3,7,2,6,5,4,Housing Type 1,Housing Type 1,Housing Type 1,Housing Type 1,Housing Type 2,Housing Type 2,Housing Type 2,Housing Type 1,Housing Type 1,Housing Type 2,Housing Type 2,Housing Type 1,No,Yes,No,No,Yes,Yes,Yes,Yes,Yes,Yes,Yes,Yes,,,,,,Eviction,,,
13,R_amvvx5MQuNwZCBk,2025-07-01 17:05:12,37.819895,-122.290742,"37.7549401, -122.1961990",coord_decimal,37.7549401,-122.196199,11008.7,37.819895,-122.290742,0.0,Male,58.0,,Hispanic,Black,,,,,9,8,2,5,10,3,12,11,7,6,4,1,Housing Type 1,Housing Type 2,Housing Type 1,Housing Type 2,Housing Type 2,Housing Type 2,Housing Type 2,Housing Type 2,Housing Type 1,Housing Type 2,Housing Type 2,Housing Type 1,Yes,Yes,Yes,Yes,Yes,Yes,Yes,Yes,Yes,Yes,Yes,Yes,,,Divorce/breakup,,,,,,
14,R_8ah5RuXt12iwYQA,2025-07-02 17:17:05,37.788647,-122.402667,"37.7883069, -122.4025407",coord_decimal,37.7883069,-122.4025407,39.4,37.788647,-122.402667,0.0,Male,69.0,,,,,,,,3,5,1,4,10,11,2,7,12,9,8,6,Housing Type 1,Housing Type 2,Housing Type 1,Housing Type 1,Housing Type 1,Housing Type 2,Housing Type 1,Housing Type 2,Housing Type 2,Housing Type 1,Housing Type 1,Housing Type 1,No,Yes,No,Yes,Yes,Yes,Yes,Yes,Yes,Yes,Yes,Yes,,,,Could not pay rent,,,,,
15,R_eZfhfZUF7KGXmO8,2025-07-02 17:17:06,37.786835,-122.421003,"37.7866360, -122.4209084",coord_decimal,37.786636,-122.4209084,23.6,37.786835,-122.421003,1.0,Female,52.0,White,,,,,,,4,9,1,7,8,12,11,6,10,3,5,2,Housing Type 2,Housing Type 2,Housing Type 1,Housing Type 1,Housing Type 1,Housing Type 2,Housing Type 1,Housing Type 2,Housing Type 1,Housing Type 2,Housing Type 1,Housing Type 1,No,No,Yes,Yes,Yes,Yes,Yes,Yes,Yes,No,No,No,,,,,,,,Other (Specify),Support a friend withhealth issues
16,R_7sXqxiPWD77g8N1,2025-07-02 17:17:07,37.786768,-122.42104,"37.7866360, -122.4209084",coord_decimal,37.786636,-122.4209084,18.7,37.786768,-122.42104,1.0,Male,43.0,White,,,,,,,3,9,8,5,10,6,12,11,7,2,1,4,Housing Type 1,Housing Type 2,Housing Type 2,Housing Type 1,Housing Type 1,Housing Type 1,Housing Type 1,Housing Type 1,Housing Type 1,Housing Type 1,Housing Type 1,Housing Type 1,Yes,Yes,Yes,Yes,Yes,No,Yes,Yes,Yes,Yes,No,Yes,,,,,,,,Other (Specify),Owners cameback and needed house
17,R_f6LsdHWR3vcjuNr,2025-07-02 17:17:08,37.786703,-122.421032,"37.7866360, -122.4209084",coord_decimal,37.786636,-122.4209084,13.2,37.786703,-122.421032,0.0,Male,48.0,White,,,,,,,1,8,3,4,7,9,11,5,10,12,6,2,Housing Type 2,Housing Type 2,Housing Type 1,Housing Type 2,Housing Type 1,Housing Type 2,Housing Type 2,Housing Type 1,Housing Type 1,Housing Type 1,Housing Type 1,Housing Type 1,Yes,Yes,Yes,Yes,No,Yes,Yes,Yes,Yes,Yes,Yes,Yes,,,Divorce/breakup,,,Eviction,,Other (Specify),Got COVID
18,R_dPR45ceD7RHiKd7,2025-07-02 17:17:08,37.785223,-122.412945,"37.7847862, -122.4126821",coord_decimal,37.7847862,-122.4126821,53.8,37.785223,-122.412945,1.0,Female,61.0,,,,,American Indian,,,3,7,1,4,9,11,8,10,2,5,12,6,Housing Type 1,Housing Type 1,Housing Type 2,Housing Type 2,Housing Type 1,Housing Type 1,Housing Type 2,Housing Type 2,Housing Type 1,Housing Type 1,Housing Type 2,Housing Type 1,Yes,Yes,Yes,Yes,Yes,Yes,Yes,Yes,Yes,Yes,Yes,Yes,,,,,,,,Other (Specify),Mother passed away in hawaii
19,R_lr1YLB11aFkYvq3,2025-07-04 11:09:12,37.931937,-122.359732,"37.9305425, -122.3521225",coord_decimal,37.9305425,-122.3521225,685.2,37.931937,-122.359732,0.0,Male,41.0,,Hispanic,,,,,,6,2,3,9,8,4,5,12,7,11,10,1,Housing Type 2,Housing Type 2,Housing Type 1,Housing Type 2,Housing Type 1,Housing Type 2,Housing Type 2,Housing Type 2,Housing Type 2,Housing Type 1,Housing Type 2,Housing Type 1,Yes,Yes,Yes,Yes,Yes,Yes,Yes,Yes,Yes,Yes,Yes,Yes,"Family/friend/roommate asked me to leave (dispute, needed room, etc.)",,,,,,,Other (Specify),Askedto leave drugs
20,R_3nwrljzwgRVeDl9,2025-07-04 12:06:54,37.9319,-122.359748,"37.9336339, -122.3534304",coord_decimal,37.9336339,-122.3534304,586.7,37.9319,-122.359748,0.0,Male,55.0,,,Black,,,No Shelter/Outside,,6,1,2,5,9,7,3,11,8,12,10,4,Housing Type 2,Housing Type 1,Housing Type 1,Housing Type 1,Housing Type 2,Housing Type 1,Housing Type 1,Housing Type 2,Housing Type 2,Housing Type 2,Housing Type 1,Housing Type 1,Yes,Yes,Yes,Yes,Yes,Yes,Yes,Yes,Yes,Yes,Yes,Yes,,,Divorce/breakup,,,,,,
21,R_fbED9twNfeFb02D,2025-07-04 12:50:30,37.931912,-122.359728,"37.9307467, -122.3677507",coord_decimal,37.9307467,-122.3677507,715.5,37.931912,-122.359728,0.0,Male,35.0,,Hispanic,,,,,,8,10,6,1,9,5,7,11,4,12,3,2,Housing Type 2,Housing Type 1,Housing Type 1,Housing Type 1,Housing Type 1,Housing Type 1,Housing Type 2,Housing Type 1,Housing Type 1,Housing Type 1,Housing Type 1,Housing Type 1,Yes,Yes,Yes,Yes,Yes,Yes,Yes,Yes,Yes,Yes,Yes,Yes,,,,,Rent increase,,,Other (Specify),Tried to save up living in car
22,R_1TXnNadH5OOgMYF,2025-07-04 13:18:09,37.93196,-122.35978,"37.9738780, -122.5206581",coord_decimal,37.973878,-122.5206581,14855.8,37.93196,-122.35978,0.0,Male,39.0,White,,,,,,No Shelter/Outside,6,2,4,10,5,1,11,12,3,9,8,7,Housing Type 1,Housing Type 2,Housing Type 2,Housing Type 1,Housing Type 2,Housing Type 2,Housing Type 2,Housing Type 1,Housing Type 1,Housing Type 1,Housing Type 2,Housing Type 1,Yes,Yes,Yes,Yes,Yes,Yes,Yes,Yes,Yes,Yes,Yes,Yes,,,,,,,,Other (Specify),edd ran out
23,R_bJju4zfMSOz3pTJ,2025-07-04 13:43:03,37.931895,-122.359757,"37.9357324, -122.3471561",coord_decimal,37.9357324,-122.3471561,1184.6,37.931895,-122.359757,0.0,Female,50.0,,Hispanic,,,,,,1,8,2,3,5,7,6,9,10,11,12,4,Housing Type 1,Housing Type 2,Housing Type 2,Housing Type 2,Housing Type 2,Housing Type 2,Housing Type 2,Housing Type 1,Housing Type 1,Housing Type 1,Housing Type 2,Housing Type 1,Yes,Yes,Yes,Yes,Yes,Yes,Yes,Yes,Yes,Yes,Yes,Yes,,,,Could not pay rent,,,,Other (Specify),Health issues
24,R_bTUeP3NBCV9At06,2025-07-04 13:59:59,37.931855,-122.360123,"37.9327128, -122.3293137",coord_decimal,37.9327128,-122.3293137,2703.8,37.931855,-122.360123,0.0,Male,29.0,,Hispanic,,,,,,1,4,3,2,7,6,9,10,5,12,11,8,Housing Type 1,Housing Type 2,Housing Type 1,Housing Type 1,Housing Type 2,Housing Type 2,Housing Type 1,Housing Type 1,Housing Type 2,Housing Type 1,Housing Type 2,Housing Type 2,Yes,Yes,Yes,Yes,Yes,Yes,Yes,Yes,Yes,Yes,Yes,Yes,,,,,,,,Other (Specify),Sister movedto another city
25,R_i3bQ6NXzDOnF6wD,2025-07-04 16:38:06,37.819898,-122.290757,"37.8196646, -122.2910436",coord_decimal,37.8196646,-122.2910436,36.2,37.819898,-122.290757,1.0,Male,52.0,White,,,,,,,4,6,11,12,7,10,1,9,3,2,5,8,Housing Type 1,Housing Type 2,Housing Type 2,Housing Type 2,Housing Type 2,Housing Type 1,Housing Type 1,Housing Type 2,Housing Type 2,Housing Type 2,Housing Type 1,Housing Type 2,Yes,Yes,Yes,No,Yes,No,Yes,Yes,Yes,Yes,No,No,,,,,,,,Other (Specify),Fire
26,R_8nBrEZQmRRHSxxQ,2025-07-04 16:38:07,37.819918,-122.290732,"37.8196646, -122.2910436",coord_decimal,37.8196646,-122.2910436,39.3,37.819918,-122.290732,0.0,Male,34.0,,,,Asian,,,,2,6,4,3,9,7,8,10,12,1,11,5,Housing Type 1,Housing Type 1,Housing Type 1,Housing Type 2,Housing Type 2,Housing Type 2,Housing Type 1,Housing Type 1,Housing Type 2,Housing Type 2,Housing Type 1,Housing Type 2,Yes,Yes,Yes,Yes,Yes,Yes,Yes,Yes,Yes,Yes,Yes,Yes,,,,,,Eviction,,Other (Specify),Girlfriend caused problems
27,R_66QmJqUsxcygU3j,2025-07-04 16:38:08,37.819918,-122.290763,"37.8196646, -122.2910436",coord_decimal,37.8196646,-122.2910436,37.4,37.819918,-122.290763,1.0,Female,53.0,White,,,,,No Shelter/Outside,,6,8,11,9,7,2,12,10,5,3,4,1,Housing Type 2,Housing Type 1,Housing Type 2,Housing Type 2,Housing Type 1,Housing Type 1,Housing Type 2,Housing Type 1,Housing Type 2,Housing Type 1,Housing Type 1,Housing Type 1,Yes,Yes,Yes,Yes,Yes,Yes,Yes,Yes,Yes,Yes,Yes,Yes,,,Divorce/breakup,,,,,,
28,R_hGEb89lZZp2ExWv,2025-07-05 12:06:19,37.931917,-122.359828,"37.9305920, -122.3596951",coord_decimal,37.930592,-122.3596951,147.8,37.931917,-122.359828,1.0,Male,66.0,,,Black,,,,,5,4,7,3,6,10,1,9,8,12,11,2,Housing Type 2,Housing Type 2,Housing Type 1,Housing Type 2,Housing Type 1,Housing Type 2,Housing Type 2,Housing Type 2,Housing Type 2,Housing Type 2,Housing Type 2,Housing Type 2,No,Yes,Yes,Yes,Yes,Yes,Yes,Yes,Yes,Yes,Yes,Yes,,,,,Rent increase,,,,
29,R_l4fLpMLaPlFcbHr,2025-07-05 12:24:35,37.931932,-122.359745,"37.9305920, -122.3596951",coord_decimal,37.930592,-122.3596951,149.1,37.931932,-122.359745,0.0,Female,32.0,,Hispanic,,,,,,6,4,10,9,2,1,11,5,7,12,8,3,Housing Type 1,Housing Type 2,Housing Type 2,Housing Type 2,Housing Type 2,Housing Type 1,Housing Type 2,Housing Type 1,Housing Type 2,Housing Type 2,Housing Type 1,Housing Type 2,Yes,Yes,Yes,No,Yes,Yes,Yes,Yes,No,No,No,No,"Family/friend/roommate asked me to leave (dispute, needed room, etc.)",,,,,,,,
30,R_mgMEF3sfsRd3uco,2025-07-05 15:06:03,37.803337,-122.276473,"37.7798398, -122.2357750",coord_decimal,37.7798398,-122.235775,4429.0,37.803337,-122.276473,0.0,Female,53.0,,,Black,,,,,1,2,4,5,8,9,7,3,10,12,11,6,Housing Type 2,Housing Type 2,Housing Type 1,Housing Type 2,Housing Type 1,Housing Type 1,Housing Type 1,Housing Type 2,Housing Type 1,Housing Type 1,Housing Type 2,Housing Type 2,Yes,Yes,Yes,No,Yes,Yes,Yes,Yes,Yes,Yes,No,No,"Family/friend/roommate asked me to leave (dispute, needed room, etc.)",,,,,,,,
31,R_jRHMQOxWa3TR81b,2025-07-06 14:18:31,37.933548,-122.332775,,missing,,,,37.933548,-122.332775,0.0,Female,,White,,,,,No Shelter/Outside,,1,8,4,12,2,5,7,6,10,9,11,3,Housing Type 2,Housing Type 1,Housing Type 1,Housing Type 2,Housing Type 1,Housing Type 1,Housing Type 2,Housing Type 1,Housing Type 2,Housing Type 1,Housing Type 2,Housing Type 1,Yes,Yes,Yes,Yes,Yes,Yes,Yes,Yes,Yes,Yes,Yes,Yes,,,,Could not pay rent,Rent increase,,,,
32,R_aRZWzAQBVoyWL2j,2025-07-06 14:18:32,37.933413,-122.332732,,missing,,,,37.933413,-122.332732,1.0,Male,39.0,White,,,,,No Shelter/Outside,No Shelter/Outside,2,10,1,9,7,4,3,6,5,11,8,12,Housing Type 1,Housing Type 1,Housing Type 2,Housing Type 1,Housing Type 1,Housing Type 1,Housing Type 1,Housing Type 1,Housing Type 2,Housing Type 1,Housing Type 1,Housing Type 2,Yes,No,Yes,No,Yes,No,Yes,Yes,No,Yes,Yes,No,,,Divorce/breakup,,,,,,
33,R_mosJMr5y89KyXiR,2025-07-06 14:18:34,37.933502,-122.332643,,missing,,,,37.933502,-122.332643,1.0,Non-Binary/Other,44.0,,Hispanic,,,,,,2,3,11,4,10,12,9,5,8,1,7,6,Housing Type 1,Housing Type 1,Housing Type 1,Housing Type 1,Housing Type 1,Housing Type 1,Housing Type 1,Housing Type 1,Housing Type 1,Housing Type 1,Housing Type 1,Housing Type 1,Yes,Yes,Yes,Yes,Yes,Yes,Yes,Yes,Yes,Yes,Yes,Yes,,,,,Rent increase,,,,
34,R_lZ6uQX8QuMurIT2,2025-07-06 14:18:35,37.933527,-122.332758,,missing,,,,37.933527,-122.332758,0.0,Female,42.0,,Hispanic,,,,,,4,5,7,8,12,10,1,6,11,3,2,9,Housing Type 2,Housing Type 1,Housing Type 1,Housing Type 1,Housing Type 2,Housing Type 1,Housing Type 2,Housing Type 1,Housing Type 1,Housing Type 1,Housing Type 1,Housing Type 1,Yes,No,Yes,Yes,No,Yes,No,No,No,Yes,Yes,No,,,,,,Eviction,,,
35,R_1YMZoXshHHS8QfP,2025-07-06 14:18:36,37.933528,-122.332772,No,junk,,,,37.933528,-122.332772,0.0,Female,43.0,White,,,,,,,1,8,4,9,12,3,10,5,11,7,6,2,Housing Type 2,Housing Type 1,Housing Type 2,Housing Type 1,Housing Type 2,Housing Type 2,Housing Type 1,Housing Type 2,Housing Type 1,Housing Type 2,Housing Type 1,Housing Type 1,Yes,Yes,Yes,No,Yes,No,Yes,Yes,Yes,Yes,Yes,Yes,"Family/friend/roommate asked me to leave (dispute, needed room, etc.)",,,Could not pay rent,Rent increase,,,,
36,R_j8p9XBtvhdfwzw9,2025-07-06 14:18:39,37.933547,-122.332742,Cuttig,area_vague,,,,37.933547,-122.332742,0.0,Female,47.0,,,Black,,,,,2,12,3,9,7,8,11,1,5,6,4,10,Housing Type 1,Housing Type 1,Housing Type 2,Housing Type 2,Housing Type 1,Housing Type 1,Housing Type 2,Housing Type 1,Housing Type 1,Housing Type 2,Housing Type 2,Housing Type 1,Yes,Yes,Yes,No,Yes,No,Yes,Yes,Yes,Yes,Yes,Yes,,,,,,,,Other (Specify),Mo pastAWAY
37,R_dJL89RYnnLxULqF,2025-07-06 14:18:40,37.933548,-122.332737,,missing,,,,37.933548,-122.332737,0.0,Female,19.0,,Hispanic,,,,,,3,8,1,9,11,10,2,4,5,7,12,6,Housing Type 1,Housing Type 2,Housing Type 1,Housing Type 1,Housing Type 2,Housing Type 1,Housing Type 1,Housing Type 2,Housing Type 1,Housing Type 1,Housing Type 1,Housing Type 1,No,No,No,Yes,No,No,Yes,No,Yes,No,No,Yes,,,,,,Eviction,,,
38,R_42208kGWKo5HjSJ,2025-07-06 14:18:41,37.933573,-122.332783,Cutting and 23rd,area_vague,,,,37.933573,-122.332783,1.0,Female,39.0,White,,,,,,,6,5,7,8,3,4,9,11,10,1,12,2,Housing Type 1,Housing Type 2,Housing Type 1,Housing Type 2,Housing Type 1,Housing Type 1,Housing Type 2,Housing Type 1,Housing Type 1,Housing Type 1,Housing Type 1,Housing Type 1,Yes,Yes,No,No,No,No,No,No,No,No,No,No,,Chose to leave due to issues with family/friend/roommate,,Could not pay rent,,,,Other (Specify),Moved in with boyfriend
39,R_ck8CDNWSu7Ho34g,2025-07-06 14:18:43,37.933573,-122.332733,Macdonald,address,37.7061919,-122.4098691,26175.7,37.933573,-122.332733,0.0,Female,58.0,White,,,,,,,7,3,10,8,5,1,11,6,9,12,2,4,Housing Type 1,Housing Type 2,Housing Type 2,Housing Type 2,Housing Type 2,Housing Type 1,Housing Type 2,Housing Type 1,Housing Type 2,Housing Type 2,Housing Type 2,Housing Type 1,No,No,No,No,Yes,Yes,Yes,No,No,No,No,No,,,,,Rent increase,,,,
40,R_juDa60ndBUuGN4i,2025-07-06 14:18:44,37.933482,-122.33277,,missing,,,,37.933482,-122.33277,0.0,Female,41.0,,Hispanic,,,,,,5,4,9,2,10,11,7,3,12,8,6,1,Housing Type 1,Housing Type 2,Housing Type 1,Housing Type 1,Housing Type 2,Housing Type 2,Housing Type 2,Housing Type 2,Housing Type 1,Housing Type 2,Housing Type 1,Housing Type 1,Yes,Yes,Yes,Yes,Yes,Yes,Yes,Yes,Yes,Yes,Yes,Yes,,Chose to leave due to issues with family/friend/roommate,,,,,,,
41,R_bR27Es4uAMHEtTR,2025-07-06 18:02:21,37.822343,-122.291418,"37.8190798, -122.2905353",coord_decimal,37.8190798,-122.2905353,371.0,37.822343,-122.291418,1.0,Male,46.0,,,Black,,,,,3,8,9,2,10,12,6,7,1,5,11,4,Housing Type 1,Housing Type 2,Housing Type 1,Housing Type 1,Housing Type 1,Housing Type 2,Housing Type 1,Housing Type 2,Housing Type 1,Housing Type 1,Housing Type 2,Housing Type 2,No,Yes,Yes,Yes,No,No,Yes,Yes,Yes,Yes,Yes,Yes,,,Divorce/breakup,,,,,,
42,R_4lafzLlbYvBYIQb,2025-07-06 18:02:22,37.822207,-122.291287,"37.8190798, -122.2905353",coord_decimal,37.8190798,-122.2905353,353.9,37.822207,-122.291287,1.0,Female,43.0,,,Black,,,,,1,12,4,9,7,11,8,10,2,5,6,3,Housing Type 2,Housing Type 2,Housing Type 1,Housing Type 2,Housing Type 2,Housing Type 2,Housing Type 2,Housing Type 2,Housing Type 1,Housing Type 1,Housing Type 2,Housing Type 2,Yes,Yes,No,Yes,Yes,No,No,No,No,No,No,No,,,,,,,,Other (Specify), Na
43,R_9FpoBaz6f7vxV5r,2025-07-06 18:02:23,,,"37.8190798, -122.2905353",coord_decimal,37.8190798,-122.2905353,,37.8190798,-122.2905353,0.0,Male,44.0,,,Black,,,,,1,6,7,4,9,12,8,5,2,11,10,3,Housing Type 1,Housing Type 1,Housing Type 2,Housing Type 2,Housing Type 1,Housing Type 2,Housing Type 2,Housing Type 1,Housing Type 1,Housing Type 2,Housing Type 1,Housing Type 1,Yes,Yes,Yes,Yes,No,No,Yes,Yes,No,No,No,No,,,,,,Eviction,,,
44,R_gwjjwvyQCyuNs8M,2025-07-06 18:09:15,37.821732,-122.291232,,missing,,,,37.821732,-122.291232,1.0,Female,28.0,,,Black,,,,,10,6,8,5,7,3,11,9,12,4,2,1,Housing Type 1,Housing Type 2,Housing Type 2,Housing Type 1,Housing Type 1,Housing Type 2,Housing Type 1,Housing Type 1,Housing Type 2,Housing Type 1,Housing Type 1,Housing Type 1,Yes,Yes,Yes,Yes,Yes,Yes,Yes,Yes,No,No,No,Yes,"Family/friend/roommate asked me to leave (dispute, needed room, etc.)",Chose to leave due to issues with family/friend/roommate,,,,,,,
45,R_ePSmoR2bnYGkpNo,2025-07-06 18:09:17,37.821218,-122.291777,"37.8216091, -122.2912464",coord_decimal,37.8216091,-122.2912464,63.7,37.821218,-122.291777,1.0,Male,67.0,White,Hispanic,,,American Indian,,,3,7,2,4,6,11,5,8,12,9,10,1,Housing Type 1,Housing Type 2,Housing Type 1,Housing Type 1,Housing Type 2,Housing Type 2,Housing Type 2,Housing Type 1,Housing Type 2,Housing Type 1,Housing Type 1,Housing Type 2,No,No,Yes,No,No,No,No,No,No,No,No,No,,,,,,,,Other (Specify),"He worked as a property maintenance guy in American Canyon. He was replaced by a bay alarm, acording to him."
46,R_6Dsj5mO9vyIUTxX,2025-07-06 18:09:53,37.822157,-122.291222,,missing,,,,37.822157,-122.291222,1.0,Female,54.0,White,,,,,,,1,7,12,5,9,6,2,10,11,4,8,3,Housing Type 2,Housing Type 1,Housing Type 1,Housing Type 1,Housing Type 2,Housing Type 2,,Housing Type 2,Housing Type 1,Housing Type 2,Housing Type 2,,Yes,Yes,Yes,Yes,Yes,No,No,Yes,Yes,No,Yes,Yes,,,Divorce/breakup,Could not pay rent,Rent increase,Eviction,Released from jail/prison,,
47,R_ebyRWglgwlQt3iu,2025-07-06 18:09:54,37.821895,-122.291767,"37.8215455, -122.2911093",coord_decimal,37.8215455,-122.2911093,69.6,37.821895,-122.291767,1.0,Male,37.0,,,Black,,,,,1,5,4,12,2,10,7,9,11,8,6,3,Housing Type 2,Housing Type 1,Housing Type 1,Housing Type 1,Housing Type 2,Housing Type 1,Housing Type 1,Housing Type 2,Housing Type 1,Housing Type 2,Housing Type 1,Housing Type 1,Yes,Yes,Yes,Yes,No,No,No,No,No,Yes,No,No,,,,,,Eviction,,,
48,R_mTP758rQCL5uB9b,2025-07-06 18:09:55,37.821887,-122.291395,"37.8209194, -122.2917098",coord_decimal,37.8209194,-122.2917098,111.1,37.821887,-122.291395,0.0,Male,45.0,,,Black,,,No Shelter/Outside,,12,10,3,8,5,7,6,4,9,11,2,1,Housing Type 2,Housing Type 1,Housing Type 2,Housing Type 2,Housing Type 1,Housing Type 2,Housing Type 1,Housing Type 2,Housing Type 2,Housing Type 1,Housing Type 2,Housing Type 2,Yes,Yes,Yes,No,Yes,No,No,Yes,No,Yes,No,Yes,,,,Could not pay rent,,,,,
49,R_02RHSxEVJ1gglmP,2025-07-06 18:09:56,37.825945,-122.29121,"37.8169546, -122.2947105",coord_decimal,37.8169546,-122.2947105,1045.9,37.825945,-122.29121,0.0,Female,25.0,,Hispanic,,,,,,10,6,7,3,12,11,1,5,2,4,9,8,Housing Type 2,Housing Type 1,Housing Type 1,Housing Type 1,Housing Type 1,Housing Type 2,Housing Type 1,Housing Type 2,Housing Type 2,Housing Type 2,Housing Type 1,Housing Type 1,Yes,Yes,Yes,Yes,Yes,Yes,Yes,Yes,Yes,Yes,Yes,Yes,"Family/friend/roommate asked me to leave (dispute, needed room, etc.)",,,,,,,,
50,R_oVQmNjADAVPVvGX,2025-07-06 18:09:57,37.821782,-122.291803,"37.8169013, -122.2949583",coord_decimal,37.8169013,-122.2949583,609.4,37.821782,-122.291803,1.0,Female,36.0,White,,,,,,,4,7,10,3,9,2,12,11,6,5,1,8,Housing Type 1,Housing Type 1,Housing Type 2,Housing Type 1,Housing Type 2,Housing Type 2,Housing Type 2,Housing Type 1,Housing Type 2,Housing Type 1,Housing Type 1,Housing Type 2,Yes,No,Yes,No,No,No,No,No,No,No,No,No,,,,Could not pay rent,,,,,
51,R_oxaN4Vgl267iUim,2025-07-06 18:15:19,37.821687,-122.291193,"38.4247839, -120.1354571",coord_decimal,38.4247839,-120.1354571,200136.8,37.821687,-122.291193,1.0,Non-Binary/Other,22.0,,,,,American Indian,,No Shelter/Outside,8,1,10,2,12,11,5,4,6,9,7,3,Housing Type 2,Housing Type 1,Housing Type 1,Housing Type 2,Housing Type 1,Housing Type 1,Housing Type 2,Housing Type 2,Housing Type 2,Housing Type 2,Housing Type 2,Housing Type 2,Yes,Yes,Yes,Yes,Yes,Yes,Yes,Yes,Yes,Yes,Yes,Yes,,Chose to leave due to issues with family/friend/roommate,Divorce/breakup,,,,Released from jail/prison,,
52,R_fg6h5u2xE3MnfUY,2025-07-06 18:15:20,,,"38.4247839, -120.1354571",coord_decimal,38.4247839,-120.1354571,,38.4247839,-120.1354571,1.0,Male,42.0,,,Black,,,,,11,9,5,1,2,8,4,7,12,6,3,10,Housing Type 1,Housing Type 2,Housing Type 1,Housing Type 2,Housing Type 2,Housing Type 2,Housing Type 1,Housing Type 2,Housing Type 2,Housing Type 2,Housing Type 1,Housing Type 2,Yes,No,Yes,Yes,Yes,Yes,Yes,Yes,Yes,Yes,Yes,Yes,"Family/friend/roommate asked me to leave (dispute, needed room, etc.)",,,,,,,,
53,R_cutmweI9Xmv6Ni9,2025-07-06 18:15:21,37.821733,-122.29178,"38.4247839, -120.1354571",coord_decimal,38.4247839,-120.1354571,200183.4,37.821733,-122.29178,0.0,Transgender Woman,30.0,White,,,,,,,6,8,5,7,9,4,10,1,11,3,12,2,Housing Type 2,Housing Type 1,Housing Type 1,Housing Type 1,Housing Type 1,Housing Type 1,Housing Type 1,Housing Type 1,Housing Type 1,Housing Type 1,Housing Type 1,Housing Type 1,No,No,No,No,No,No,No,Yes,No,No,No,No,,,,,,,,Other (Specify),Abuse
54,R_8VsCkuHQGfNfyAA,2025-07-06 18:15:22,,,,missing,,,,,,1.0,Male,55.0,White,,,,,,,11,2,5,8,6,1,10,4,3,9,12,7,Housing Type 1,Housing Type 2,Housing Type 1,Housing Type 1,Housing Type 2,Housing Type 2,Housing Type 2,Housing Type 1,Housing Type 1,Housing Type 2,Housing Type 2,Housing Type 1,No,No,No,No,No,No,No,No,No,No,Yes,No,,,,Could not pay rent,,,,,
55,R_mzNvrZMLbpI6MqO,2025-07-06 18:15:23,37.821688,-122.291228,"37.8223188, -122.2901538",coord_decimal,37.8223188,-122.2901538,117.6,37.821688,-122.291228,0.0,Female,54.0,White,,,,,,No Shelter/Outside,1,6,5,4,11,12,8,7,10,2,9,3,Housing Type 2,Housing Type 2,Housing Type 2,Housing Type 1,Housing Type 2,Housing Type 2,Housing Type 2,Housing Type 2,Housing Type 1,Housing Type 2,Housing Type 1,Housing Type 1,No,No,No,Yes,Yes,No,No,No,No,No,Yes,Yes,,,,,,,,Other (Specify),Husband died
56,R_aXT29iPCNFa5PrC,2025-07-06 18:19:16,37.821688,-122.291178,34th st and Beach st,area_vague,,,,37.821688,-122.291178,0.0,Female,44.0,White,,,,,No Shelter/Outside,No Shelter/Outside,11,4,12,7,10,1,9,6,3,5,8,2,Housing Type 2,Housing Type 2,Housing Type 1,Housing Type 1,Housing Type 1,Housing Type 2,Housing Type 2,Housing Type 2,Housing Type 2,Housing Type 2,Housing Type 2,Housing Type 1,Yes,No,Yes,No,Yes,No,No,Yes,No,No,No,No,,,,,,,,Other (Specify),DEATH IN FAMILY
57,R_1nEs7GoPnSFvdDZ,2025-07-06 18:19:17,37.821705,-122.291777,,missing,,,,37.821705,-122.291777,1.0,Female,44.0,White,,,,,No Shelter/Outside,,5,11,6,4,9,8,7,3,10,2,12,1,Housing Type 2,Housing Type 1,Housing Type 1,Housing Type 2,Housing Type 2,Housing Type 1,Housing Type 1,Housing Type 1,Housing Type 2,Housing Type 2,Housing Type 1,Housing Type 1,Yes,Yes,Yes,Yes,Yes,Yes,Yes,Yes,Yes,Yes,Yes,Yes,,,Divorce/breakup,Could not pay rent,,,,Other (Specify),Abuse
58,R_0OEch7DfuuOG3Lu,2025-07-07 11:45:12,37.931958,-122.359748,,missing,,,,37.931958,-122.359748,1.0,Male,39.0,,,Black,,,,,7,8,6,2,1,10,12,5,4,11,9,3,Housing Type 1,Housing Type 1,Housing Type 2,Housing Type 1,Housing Type 1,Housing Type 1,Housing Type 1,Housing Type 1,Housing Type 1,Housing Type 1,Housing Type 1,Housing Type 1,Yes,Yes,No,Yes,Yes,Yes,Yes,Yes,Yes,Yes,Yes,Yes,"Family/friend/roommate asked me to leave (dispute, needed room, etc.)",,,,,,,,
59,R_ic7pc9aXJJHRxpP,2025-07-07 13:25:58,37.934668,-122.360645,Harbour way,address,38.1077676,-122.2650986,20988.8,37.934668,-122.360645,0.0,Male,62.0,,,Black,,,,,9,7,4,5,1,10,6,3,11,12,8,2,Housing Type 1,Housing Type 1,Housing Type 1,Housing Type 1,Housing Type 1,Housing Type 2,Housing Type 2,Housing Type 1,Housing Type 1,Housing Type 1,Housing Type 1,Housing Type 1,Yes,Yes,Yes,Yes,Yes,Yes,Yes,Yes,Yes,Yes,Yes,Yes,,,,,,,,Other (Specify),All
60,R_6I0wUHCuCXm2USs,2025-07-07 13:26:00,37.936367,-122.365363,Macdonald 9th,address,37.7061919,-122.4098691,25891.1,37.936367,-122.365363,0.0,Female,60.0,,,Black,,,,,,,,,,,,,,,,,Housing Type 1,Housing Type 1,Housing Type 1,Housing Type 1,Housing Type 1,Housing Type 2,Housing Type 1,Housing Type 1,Housing Type 1,Housing Type 1,Housing Type 1,Housing Type 1,Yes,No,No,No,No,No,No,No,No,No,No,Yes,"Family/friend/roommate asked me to leave (dispute, needed room, etc.)",,,,,,,,
61,R_4dVb51SX1Z9AfSI,2025-07-07 13:40:54,37.931963,-122.359712,Harbour way richmond ca,address,37.9384336,-122.3600196,720.0,37.931963,-122.359712,1.0,Male,26.0,,,Black,,,,,1,11,10,4,3,2,5,12,6,9,8,7,Housing Type 1,Housing Type 1,Housing Type 1,Housing Type 1,Housing Type 1,Housing Type 1,Housing Type 1,Housing Type 1,Housing Type 1,Housing Type 1,Housing Type 1,Housing Type 1,No,Yes,Yes,Yes,Yes,Yes,Yes,Yes,Yes,Yes,Yes,Yes,,,,,,,Released from jail/prison,,
62,R_5HdcZjVKARVRMDm,2025-07-07 13:59:10,37.931982,-122.359822,,missing,,,,37.931982,-122.359822,1.0,Female,,,Hispanic,,,,,,11,12,9,4,2,7,6,1,8,10,3,5,Housing Type 1,Housing Type 1,Housing Type 1,Housing Type 1,Housing Type 1,Housing Type 1,Housing Type 1,Housing Type 1,Housing Type 1,Housing Type 1,Housing Type 1,Housing Type 1,Yes,Yes,Yes,Yes,Yes,Yes,Yes,Yes,Yes,Yes,Yes,Yes,,Chose to leave due to issues with family/friend/roommate,,,,,,,
63,R_mZ7lqrqTQapvPjg,2025-07-07 16:42:35,37.780928,-122.409002,"37.7809032, -122.4086749",coord_decimal,37.7809032,-122.4086749,28.9,37.780928,-122.409002,0.0,Female,68.0,,,Black,,,,No Shelter/Outside,4,5,1,3,10,8,6,9,11,7,12,2,Housing Type 1,Housing Type 2,Housing Type 1,Housing Type 1,Housing Type 2,Housing Type 2,Housing Type 1,Housing Type 2,Housing Type 1,Housing Type 1,Housing Type 2,Housing Type 1,Yes,No,Yes,Yes,Yes,Yes,No,No,Yes,Yes,Yes,Yes,"Family/friend/roommate asked me to leave (dispute, needed room, etc.)",,,,,,,Other (Specify),Peoplecoming in room
64,R_d1RqCrh8kbpdzyV,2025-07-07 16:42:36,37.780945,-122.408912,"37.7809032, -122.4086749",coord_decimal,37.7809032,-122.4086749,21.3,37.780945,-122.408912,0.0,Female,43.0,White,,,,,,,2,8,11,10,12,5,6,3,7,9,1,4,Housing Type 1,Housing Type 1,Housing Type 2,Housing Type 1,Housing Type 2,Housing Type 2,Housing Type 2,Housing Type 2,Housing Type 1,Housing Type 2,Housing Type 2,Housing Type 2,Yes,Yes,Yes,Yes,Yes,Yes,Yes,No,Yes,Yes,No,No,,,,,,Eviction,,Other (Specify),Raided for sellingdrugs
65,R_4LFyn6E7n7rJnTr,2025-07-07 16:42:36,37.780948,-122.408957,"37.7809032, -122.4086749",coord_decimal,37.7809032,-122.4086749,25.3,37.780948,-122.408957,0.0,Male,73.0,,,Black,,,,,3,9,1,4,7,8,10,6,5,12,11,2,Housing Type 1,Housing Type 1,Housing Type 1,Housing Type 2,Housing Type 2,Housing Type 2,Housing Type 1,Housing Type 1,Housing Type 1,Housing Type 2,Housing Type 2,Housing Type 2,Yes,Yes,Yes,Yes,Yes,Yes,Yes,Yes,Yes,Yes,Yes,Yes,,,,,,Eviction,,,
66,R_dVp7CI0AU0zrKmB,2025-07-07 16:42:37,37.780968,-122.408858,"37.7809032, -122.4086749",coord_decimal,37.7809032,-122.4086749,17.6,37.780968,-122.408858,0.0,Male,28.0,White,,,,,,,2,3,11,4,7,9,12,6,5,8,10,1,Housing Type 1,Housing Type 1,Housing Type 1,Housing Type 1,Housing Type 2,Housing Type 1,Housing Type 1,Housing Type 2,Housing Type 1,Housing Type 1,Housing Type 1,Housing Type 2,No,Yes,Yes,No,Yes,Yes,No,Yes,No,No,No,No,,Chose to leave due to issues with family/friend/roommate,,,,,,,
67,R_gegokSTCe5KGFr8,2025-07-07 16:42:38,37.780972,-122.40888,"37.7809032, -122.4086749",coord_decimal,37.7809032,-122.4086749,19.6,37.780972,-122.40888,0.0,Male,76.0,,,Black,,,,,7,4,1,2,5,6,8,10,9,11,12,3,Housing Type 1,Housing Type 1,Housing Type 2,Housing Type 2,Housing Type 1,Housing Type 2,Housing Type 2,Housing Type 2,Housing Type 1,Housing Type 2,Housing Type 2,Housing Type 2,Yes,Yes,Yes,Yes,Yes,Yes,Yes,Yes,Yes,Yes,Yes,Yes,,,,,,Eviction,,,
68,R_8RQ0ZvzmkPJyOVy,2025-07-07 16:42:39,37.780947,-122.408902,"37.7868649, -122.4181551",coord_decimal,37.7868649,-122.4181551,1046.1,37.780947,-122.408902,1.0,Female,49.0,,,Black,,,No Shelter/Outside,,1,7,5,2,9,6,12,3,8,11,10,4,Housing Type 2,Housing Type 2,Housing Type 2,Housing Type 2,Housing Type 1,Housing Type 1,Housing Type 1,Housing Type 2,Housing Type 2,Housing Type 2,Housing Type 1,Housing Type 2,Yes,Yes,Yes,Yes,Yes,Yes,Yes,Yes,Yes,Yes,Yes,Yes,,,,,,,,Other (Specify),Forced to leave by landlord illegally
69,R_5iLvYciosxppCnS,2025-07-07 16:42:41,37.780973,-122.409002,"37.7809541, -122.4084999",coord_decimal,37.7809541,-122.4084999,44.2,37.780973,-122.409002,1.0,Male,64.0,,Hispanic,,,,,,2,7,1,3,6,5,9,4,10,12,11,8,Housing Type 1,Housing Type 1,Housing Type 1,Housing Type 2,Housing Type 1,Housing Type 1,Housing Type 2,Housing Type 1,Housing Type 2,Housing Type 1,Housing Type 2,Housing Type 2,Yes,Yes,Yes,Yes,Yes,Yes,Yes,Yes,Yes,Yes,Yes,Yes,,,,,Rent increase,,,,
70,R_cPmdsIzcqMC2bPi,2025-07-07 16:42:41,37.781197,-122.40856,"37.7809541, -122.4084999",coord_decimal,37.7809541,-122.4084999,27.5,37.781197,-122.40856,1.0,Female,62.0,,,Black,,,,,1,6,3,4,9,12,5,11,10,7,8,2,Housing Type 1,Housing Type 1,Housing Type 2,Housing Type 2,Housing Type 2,Housing Type 1,Housing Type 2,Housing Type 2,Housing Type 1,Housing Type 2,Housing Type 1,Housing Type 1,Yes,Yes,Yes,Yes,Yes,Yes,No,Yes,No,No,No,No,,,,,,,,Other (Specify),Towed RV
71,R_9pYnENEaYDmEeuJ,2025-07-07 16:42:42,37.78081,-122.408737,"37.7809541, -122.4084999",coord_decimal,37.7809541,-122.4084999,26.3,37.78081,-122.408737,0.0,Male,35.0,,,Black,,,,,5,3,10,1,8,7,2,6,9,12,11,4,Housing Type 1,Housing Type 1,Housing Type 1,Housing Type 1,Housing Type 2,Housing Type 2,Housing Type 2,Housing Type 2,Housing Type 2,Housing Type 2,Housing Type 1,Housing Type 2,Yes,Yes,Yes,Yes,Yes,Yes,No,No,No,No,No,No,"Family/friend/roommate asked me to leave (dispute, needed room, etc.)",,,,,,,,
72,R_azZKq4WRBoc2r6u,2025-07-07 16:42:43,37.780902,-122.408833,"37.7809541, -122.4084999",coord_decimal,37.7809541,-122.4084999,29.8,37.780902,-122.408833,1.0,Male,33.0,,,Black,,,,,1,4,3,9,6,11,10,8,5,12,7,2,Housing Type 1,Housing Type 1,Housing Type 1,Housing Type 2,Housing Type 1,Housing Type 1,Housing Type 2,Housing Type 1,Housing Type 2,Housing Type 1,Housing Type 2,Housing Type 2,Yes,No,Yes,Yes,Yes,Yes,Yes,Yes,No,No,No,No,,,Divorce/breakup,,,,,,
73,R_0zHX1HImaXRUizT,2025-07-07 16:42:44,37.7809,-122.408942,"37.7809541, -122.4084999",coord_decimal,37.7809541,-122.4084999,39.3,37.7809,-122.408942,1.0,Male,29.0,,,Black,,,No Shelter/Outside,,8,10,3,2,5,11,9,6,4,12,7,1,Housing Type 2,Housing Type 1,Housing Type 2,Housing Type 1,Housing Type 2,Housing Type 1,Housing Type 2,Housing Type 2,Housing Type 2,Housing Type 1,Housing Type 2,Housing Type 1,Yes,No,No,No,Yes,Yes,Yes,Yes,Yes,Yes,Yes,Yes,,,,,,Eviction,,Other (Specify),Evicted for asking questions about broken elevatorand rodents
74,R_lN8dejr1EoyLIr1,2025-07-07 16:42:44,37.780882,-122.408927,"37.7809541, -122.4084999",coord_decimal,37.7809541,-122.4084999,38.4,37.780882,-122.408927,1.0,Male,38.0,,Hispanic,Black,,,,,9,1,4,8,7,12,5,3,6,11,10,2,Housing Type 1,Housing Type 1,Housing Type 2,Housing Type 2,Housing Type 2,Housing Type 1,Housing Type 1,Housing Type 1,Housing Type 2,Housing Type 2,Housing Type 2,Housing Type 1,Yes,Yes,Yes,Yes,Yes,Yes,Yes,Yes,Yes,Yes,Yes,Yes,,,,,,,Released from jail/prison,,
75,R_a5USRj7YTTKskzc,2025-07-08 12:25:00,37.784708,-122.412003,"37.7851996, -122.4106265",coord_decimal,37.7851996,-122.4106265,132.7,37.784708,-122.412003,0.0,Male,54.0,,,Black,,,,No Shelter/Outside,12,2,8,4,3,10,5,6,7,11,9,1,Housing Type 2,Housing Type 1,Housing Type 1,Housing Type 2,Housing Type 2,Housing Type 2,Housing Type 2,Housing Type 1,Housing Type 1,Housing Type 2,Housing Type 2,Housing Type 1,Yes,Yes,Yes,Yes,Yes,Yes,Yes,Yes,Yes,Yes,Yes,Yes,,,Divorce/breakup,,,,,,
76,R_bnF9pTXqyJbhcTB,2025-07-08 13:04:00,37.784553,-122.411963,"37.7851996, -122.4106265",coord_decimal,37.7851996,-122.4106265,137.7,37.784553,-122.411963,1.0,Male,54.0,,,Black,,,No Shelter/Outside,No Shelter/Outside,6,8,7,2,9,12,4,10,5,11,3,1,Housing Type 1,Housing Type 1,Housing Type 2,Housing Type 1,Housing Type 2,Housing Type 2,Housing Type 1,Housing Type 1,Housing Type 2,Housing Type 1,Housing Type 2,Housing Type 1,Yes,Yes,Yes,Yes,Yes,Yes,Yes,Yes,Yes,Yes,Yes,Yes,,,,,Rent increase,,,,
77,R_oD0kuJc8bwTOcn3,2025-07-08 13:04:26,37.784703,-122.412005,"37.8087300, -122.3638827",coord_decimal,37.80873,-122.3638827,5001.6,37.784703,-122.412005,0.0,Male,69.0,White,,,,,,,3,7,9,8,6,5,4,12,1,11,10,2,Housing Type 2,Housing Type 2,Housing Type 2,Housing Type 1,Housing Type 2,Housing Type 2,Housing Type 2,Housing Type 1,Housing Type 1,Housing Type 2,Housing Type 2,Housing Type 2,Yes,Yes,Yes,No,Yes,No,No,Yes,No,No,No,No,,,,,,,,Other (Specify),Tragedy in family
78,R_aziFdcpbN4TlNFg,2025-07-08 13:04:27,37.784727,-122.412023,"37.7875530, -122.4132420",coord_decimal,37.787553,-122.413242,332.0,37.784727,-122.412023,1.0,Male,35.0,,,Black,,,,,9,6,3,1,7,5,4,8,10,12,11,2,Housing Type 1,Housing Type 2,Housing Type 1,Housing Type 2,Housing Type 2,Housing Type 2,Housing Type 1,Housing Type 1,Housing Type 2,Housing Type 2,Housing Type 2,Housing Type 2,Yes,Yes,Yes,Yes,Yes,Yes,Yes,Yes,Yes,Yes,Yes,Yes,"Family/friend/roommate asked me to leave (dispute, needed room, etc.)",,,,,,,,
79,R_8gRbJRQhwPwFg2L,2025-07-08 13:04:28,37.784772,-122.412025,"37.7849982, -122.4111794",coord_decimal,37.7849982,-122.4111794,78.5,37.784772,-122.412025,1.0,Male,54.0,,Hispanic,,,,,,2,4,9,1,6,7,10,5,8,12,11,3,Housing Type 2,Housing Type 1,Housing Type 1,Housing Type 1,Housing Type 2,Housing Type 1,Housing Type 2,Housing Type 2,Housing Type 1,Housing Type 1,Housing Type 2,Housing Type 1,Yes,Yes,Yes,Yes,Yes,Yes,Yes,Yes,Yes,Yes,Yes,Yes,,,,Could not pay rent,,,,,
80,R_ea8ihVqTNdeotNK,2025-07-08 13:04:29,37.784717,-122.412004,"37.7849982, -122.4111794",coord_decimal,37.7849982,-122.4111794,78.9,37.784717,-122.412004,1.0,Male,51.0,White,,,,,,No Shelter/Outside,5,6,10,4,8,7,2,9,1,12,11,3,Housing Type 2,Housing Type 2,Housing Type 1,Housing Type 1,Housing Type 1,Housing Type 1,Housing Type 2,Housing Type 1,Housing Type 1,Housing Type 2,Housing Type 2,Housing Type 1,Yes,Yes,Yes,Yes,Yes,Yes,Yes,Yes,Yes,Yes,Yes,Yes,,,,Could not pay rent,,,,,
81,R_7CBZe64kdN8Oyeq,2025-07-08 13:27:54,37.784732,-122.412016,"37.7849982, -122.4111794",coord_decimal,37.7849982,-122.4111794,79.3,37.784732,-122.412016,1.0,Male,68.0,White,,,,,,,2,6,4,1,10,8,9,7,3,12,11,5,Housing Type 2,Housing Type 2,Housing Type 1,Housing Type 2,Housing Type 1,Housing Type 1,Housing Type 2,Housing Type 2,Housing Type 1,Housing Type 2,Housing Type 2,Housing Type 2,Yes,Yes,Yes,Yes,Yes,Yes,Yes,Yes,Yes,Yes,Yes,Yes,,,,,,Eviction,,Other (Specify),Closed down hotel
82,R_fvFGYjpCmsTYd9f,2025-07-08 13:36:01,37.784696,-122.412007,"37.7851996, -122.4106265",coord_decimal,37.7851996,-122.4106265,133.6,37.784696,-122.412007,1.0,Male,52.0,,,Black,,,No Shelter/Outside,No Shelter/Outside,9,4,11,2,1,8,7,12,5,6,10,3,Housing Type 1,Housing Type 2,Housing Type 1,Housing Type 2,Housing Type 1,Housing Type 2,Housing Type 2,Housing Type 2,Housing Type 1,Housing Type 2,Housing Type 1,Housing Type 2,Yes,Yes,Yes,Yes,Yes,Yes,Yes,Yes,Yes,Yes,Yes,Yes,,,,,,,,Other (Specify),Pet policy
83,R_lFq1VtsMN18slFJ,2025-07-08 13:46:25,37.784721,-122.412022,"37.6421761, -122.3911768",coord_decimal,37.6421761,-122.3911768,15956.0,37.784721,-122.412022,0.0,Male,44.0,,,Black,,,No Shelter/Outside,,2,3,8,10,7,9,11,6,1,12,5,4,Housing Type 1,Housing Type 2,Housing Type 2,Housing Type 1,Housing Type 1,Housing Type 1,Housing Type 1,Housing Type 2,Housing Type 2,Housing Type 2,Housing Type 2,Housing Type 2,Yes,Yes,Yes,Yes,Yes,Yes,Yes,Yes,Yes,Yes,Yes,Yes,"Family/friend/roommate asked me to leave (dispute, needed room, etc.)",,,,,,,Other (Specify),Needed room
84,R_dYBZMNKfPhy6jFT,2025-07-08 14:02:00,37.784719,-122.412025,"37.7851996, -122.4106265",coord_decimal,37.7851996,-122.4106265,134.0,37.784719,-122.412025,1.0,Male,54.0,White,,,,,No Shelter/Outside,No Shelter/Outside,6,7,10,9,11,5,8,12,4,2,1,3,Housing Type 2,Housing Type 1,Housing Type 2,Housing Type 1,Housing Type 1,Housing Type 1,Housing Type 1,Housing Type 2,Housing Type 2,Housing Type 1,Housing Type 1,Housing Type 1,No,Yes,Yes,Yes,Yes,Yes,No,No,Yes,No,Yes,Yes,,,Divorce/breakup,,,,,,
85,R_2x2ofjW7bfn6rNh,2025-07-08 14:08:00,37.784695,-122.411999,"37.7873739, -122.4133107",coord_decimal,37.7873739,-122.4133107,319.4,37.784695,-122.411999,1.0,Male,60.0,,,,,,No Shelter/Outside,,10,4,3,1,5,6,12,7,9,8,11,2,Housing Type 2,Housing Type 2,Housing Type 2,Housing Type 2,Housing Type 2,Housing Type 2,Housing Type 1,Housing Type 1,Housing Type 2,Housing Type 1,Housing Type 1,Housing Type 2,Yes,Yes,Yes,Yes,Yes,Yes,Yes,Yes,Yes,Yes,Yes,Yes,,,,,,,,Other (Specify),Shelter and street for 30 years
86,R_dF5k89QvmnN0Ogd,2025-07-08 14:42:41,37.784772,-122.412021,"37.7841283, -122.4178115",coord_decimal,37.7841283,-122.4178115,513.9,37.784772,-122.412021,1.0,Female,54.0,White,,,,,,,3,7,5,2,6,9,1,10,8,12,11,4,Housing Type 1,Housing Type 1,Housing Type 2,Housing Type 2,Housing Type 2,Housing Type 1,Housing Type 2,Housing Type 2,Housing Type 1,Housing Type 1,Housing Type 1,Housing Type 2,Yes,Yes,Yes,Yes,Yes,Yes,Yes,Yes,Yes,Yes,Yes,Yes,,,,,,,,Other (Specify),Moved to takecare of family
87,R_cCfQ50CnDcrsgiJ,2025-07-08 14:51:13,37.78473,-122.412024,"1-99 San Antonio Pl, San Francisco, CA 94133",address,37.7994271,-122.4060668,1716.0,37.78473,-122.412024,0.0,Male,39.0,,,,,American Indian,No Shelter/Outside,No Shelter/Outside,1,4,10,9,7,5,6,2,3,12,11,8,Housing Type 1,Housing Type 1,Housing Type 1,Housing Type 1,Housing Type 1,Housing Type 1,Housing Type 2,Housing Type 2,Housing Type 2,Housing Type 2,Housing Type 2,Housing Type 1,Yes,Yes,Yes,Yes,Yes,Yes,Yes,Yes,Yes,Yes,Yes,Yes,,,,,,,,Other (Specify),Left for sf opportunities
88,R_eK15ebn9msK6lTV,2025-07-08 15:10:14,37.78473,-122.412013,"37.7851996, -122.4106265",coord_decimal,37.7851996,-122.4106265,132.6,37.78473,-122.412013,1.0,Male,33.0,,Hispanic,,,,No Shelter/Outside,No Shelter/Outside,3,5,10,1,11,4,7,6,8,12,9,2,Housing Type 1,Housing Type 2,Housing Type 2,Housing Type 1,Housing Type 2,Housing Type 2,Housing Type 2,Housing Type 1,Housing Type 1,Housing Type 1,Housing Type 1,Housing Type 2,Yes,Yes,Yes,Yes,Yes,Yes,Yes,Yes,Yes,Yes,Yes,Yes,,,,,,,,Other (Specify),Lease endec
89,R_0G6CjPUpAIQEY6j,2025-07-08 15:43:10,37.784725,-122.412028,"532-598 Franklin St, San Francisco, CA 94102",area_vague,,,,37.784725,-122.412028,1.0,Male,45.0,White,,,Asian,American Indian,No Shelter/Outside,No Shelter/Outside,5,8,9,1,2,10,6,7,4,12,11,3,Housing Type 2,Housing Type 2,Housing Type 1,Housing Type 2,Housing Type 2,Housing Type 2,Housing Type 2,Housing Type 1,Housing Type 1,Housing Type 1,Housing Type 1,Housing Type 2,Yes,Yes,Yes,Yes,Yes,Yes,Yes,Yes,Yes,Yes,Yes,Yes,,,,,,Eviction,,,
90,R_d8gF6gCmNywdzaS,2025-07-08 16:12:10,37.784728,-122.412043,"37.7851996, -122.4106265",coord_decimal,37.7851996,-122.4106265,135.1,37.784728,-122.412043,1.0,Male,51.0,White,,,,,No Shelter/Outside,No Shelter/Outside,6,5,10,2,4,3,9,12,7,11,8,1,Housing Type 2,Housing Type 2,Housing Type 1,Housing Type 1,Housing Type 2,Housing Type 2,Housing Type 2,Housing Type 2,Housing Type 2,Housing Type 2,Housing Type 2,Housing Type 1,Yes,Yes,Yes,Yes,Yes,Yes,Yes,Yes,Yes,Yes,Yes,Yes,,,,,,,,Other (Specify),Left military
91,R_ehGvvHN8YmcQm84,2025-07-08 16:35:01,37.784707,-122.412031,"37.7851996, -122.4106265",coord_decimal,37.7851996,-122.4106265,135.0,37.784707,-122.412031,1.0,Male,63.0,,Hispanic,,,,No Shelter/Outside,No Shelter/Outside,4,2,5,3,9,6,12,10,7,8,11,1,Housing Type 1,Housing Type 2,Housing Type 2,Housing Type 2,Housing Type 2,Housing Type 2,Housing Type 2,Housing Type 1,Housing Type 1,Housing Type 1,Housing Type 1,Housing Type 2,Yes,Yes,Yes,Yes,Yes,Yes,Yes,Yes,Yes,Yes,Yes,Yes,,,,,,Eviction,,,
92,R_cXkuDZTDRnrJwRt,2025-07-08 17:03:01,37.784734,-122.41203,"37.7851996, -122.4106265",coord_decimal,37.7851996,-122.4106265,133.8,37.784734,-122.41203,1.0,Female,48.0,White,,,Asian,,No Shelter/Outside,No Shelter/Outside,2,4,6,5,10,9,8,12,7,1,3,11,Housing Type 1,Housing Type 2,Housing Type 2,Housing Type 2,Housing Type 1,Housing Type 2,Housing Type 2,Housing Type 2,Housing Type 1,Housing Type 1,Housing Type 2,Housing Type 2,Yes,Yes,Yes,Yes,Yes,No,Yes,Yes,No,No,No,No,,,,Could not pay rent,,,,,
93,R_l3Bw4rTjb4XiAMy,2025-07-08 17:42:49,37.965647,-122.320873,El sobrante,address,37.9744635,-122.3057294,1650.2,37.965647,-122.320873,1.0,Male,54.0,White,,,,,,,5,9,10,11,2,6,4,7,1,12,8,3,Housing Type 2,Housing Type 2,Housing Type 1,Housing Type 1,Housing Type 1,Housing Type 2,Housing Type 2,Housing Type 2,Housing Type 1,Housing Type 1,Housing Type 2,Housing Type 1,No,No,Yes,Yes,Yes,Yes,Yes,Yes,No,Yes,No,Yes,,,,,,,,Other (Specify),Divorced
94,R_b45ZXVZVxSSkwxm,2025-07-08 17:42:50,37.965673,-122.320857,Elsobrante,area_vague,,,,37.965673,-122.320857,1.0,Male,41.0,White,,,,,No Shelter/Outside,No Shelter/Outside,1,6,3,12,8,2,5,10,11,9,7,4,Housing Type 2,Housing Type 2,Housing Type 1,Housing Type 1,Housing Type 1,Housing Type 1,Housing Type 1,Housing Type 2,Housing Type 1,Housing Type 2,Housing Type 1,Housing Type 1,Yes,Yes,Yes,Yes,Yes,Yes,Yes,Yes,Yes,Yes,Yes,Yes,,,Divorce/breakup,,,,,,
95,R_5NRq0Ya7FziLzT9,2025-07-08 17:42:51,37.965853,-122.320847,SanPablo dam rd.,area_vague,,,,37.965853,-122.320847,1.0,Female,55.0,White,,,,,,,3,12,8,11,5,7,6,4,10,1,9,2,Housing Type 1,Housing Type 1,Housing Type 1,Housing Type 1,Housing Type 1,Housing Type 1,Housing Type 1,Housing Type 1,Housing Type 1,Housing Type 1,Housing Type 1,Housing Type 1,No,Yes,Yes,Yes,Yes,Yes,Yes,Yes,Yes,Yes,Yes,Yes,,,Divorce/breakup,,,,,,
96,R_lR3VyEOxuPiIQOY,2025-07-08 17:42:52,37.965673,-122.320963,El sob,area_vague,,,,37.965673,-122.320963,1.0,Male,65.0,White,,,,,,,4,8,7,3,1,10,9,11,2,6,12,5,Housing Type 1,Housing Type 1,Housing Type 1,Housing Type 2,Housing Type 1,Housing Type 1,Housing Type 1,Housing Type 1,Housing Type 2,Housing Type 1,Housing Type 1,Housing Type 1,Yes,No,No,Yes,No,No,No,Yes,Yes,Yes,Yes,No,"Family/friend/roommate asked me to leave (dispute, needed room, etc.)",,,,,,,,
97,R_9BTtHa8rDZFuJ8J,2025-07-08 17:42:53,37.96563,-122.32089,Elbsob,area_vague,,,,37.96563,-122.32089,1.0,Female,50.0,White,,,,,,,,,,,,,,,,,,,Housing Type 1,Housing Type 2,Housing Type 2,Housing Type 2,Housing Type 1,Housing Type 2,Housing Type 1,Housing Type 1,Housing Type 1,Housing Type 1,Housing Type 1,Housing Type 1,Yes,Yes,Yes,Yes,Yes,Yes,Yes,Yes,Yes,Yes,Yes,Yes,"Family/friend/roommate asked me to leave (dispute, needed room, etc.)",,,,,,,,
98,R_1UXzIa61EWs8xRp,2025-07-08 17:42:54,37.965665,-122.320882,El sob,area_vague,,,,37.965665,-122.320882,1.0,Transgender Man,28.0,,Hispanic,,,,No Shelter/Outside,No Shelter/Outside,9,8,4,2,7,3,1,11,12,6,5,10,Housing Type 1,Housing Type 1,Housing Type 1,Housing Type 1,Housing Type 1,Housing Type 1,Housing Type 1,Housing Type 1,Housing Type 1,Housing Type 1,Housing Type 1,Housing Type 1,No,No,No,No,No,No,No,No,No,Yes,Yes,No,,,,,,,Released from jail/prison,,
99,R_9MEWuu9OgyICZcR,2025-07-08 17:42:55,37.965808,-122.320913,Elsob,area_vague,,,,37.965808,-122.320913,0.0,Female,44.0,,Hispanic,,,,No Shelter/Outside,No Shelter/Outside,2,3,6,7,8,12,9,5,10,1,11,4,Housing Type 1,Housing Type 1,Housing Type 2,Housing Type 1,Housing Type 1,Housing Type 1,Housing Type 1,Housing Type 1,Housing Type 1,Housing Type 1,Housing Type 1,Housing Type 1,Yes,Yes,Yes,Yes,No,No,No,No,No,Yes,Yes,No,,,,Could not pay rent,,,,,
100,R_ndTmf1IOrFlWaTC,2025-07-08 17:42:56,37.948727,-122.369167,North richmond,area_vague,,,,37.948727,-122.369167,1.0,Male,35.0,,Hispanic,,,,No Shelter/Outside,No Shelter/Outside,2,5,7,12,6,11,8,9,10,1,4,3,Housing Type 1,Housing Type 1,Housing Type 1,Housing Type 1,Housing Type 1,Housing Type 1,Housing Type 1,Housing Type 2,Housing Type 1,Housing Type 1,Housing Type 1,Housing Type 1,Yes,Yes,Yes,Yes,Yes,Yes,Yes,Yes,Yes,Yes,Yes,Yes,,,,Could not pay rent,,,,,
101,R_nUGykPwBWcRXui9,2025-07-08 17:42:58,37.948815,-122.36918,North richmond,area_vague,,,,37.948815,-122.36918,1.0,Male,32.0,,Hispanic,,,,,,2,9,8,11,6,12,10,7,4,1,5,3,Housing Type 2,Housing Type 2,Housing Type 2,Housing Type 2,Housing Type 2,Housing Type 2,Housing Type 1,Housing Type 2,Housing Type 2,Housing Type 2,Housing Type 2,Housing Type 2,Yes,No,No,No,No,No,Yes,No,No,No,No,No,"Family/friend/roommate asked me to leave (dispute, needed room, etc.)",,,,,,,,
102,R_kylgKmWUStcdqVq,2025-07-08 17:42:59,37.94877,-122.369243,North richmond,area_vague,,,,37.94877,-122.369243,1.0,Female,29.0,,,Black,,,,,6,3,8,4,10,5,2,1,9,12,7,11,Housing Type 1,Housing Type 1,Housing Type 1,Housing Type 1,Housing Type 1,Housing Type 1,Housing Type 1,Housing Type 1,Housing Type 1,Housing Type 1,Housing Type 1,Housing Type 1,Yes,Yes,Yes,Yes,Yes,Yes,Yes,Yes,Yes,Yes,Yes,Yes,,,,Could not pay rent,,,,,
103,R_jVPKT7TGq9guQQd,2025-07-08 17:43:20,37.931892,-122.359778,,missing,,,,37.931892,-122.359778,1.0,Male,31.0,,Hispanic,,,,,,12,9,5,2,1,6,11,8,4,3,10,7,Housing Type 2,Housing Type 1,Housing Type 2,Housing Type 2,Housing Type 1,Housing Type 1,Housing Type 2,Housing Type 1,Housing Type 2,Housing Type 1,Housing Type 1,Housing Type 1,Yes,Yes,Yes,Yes,Yes,Yes,Yes,Yes,Yes,Yes,Yes,Yes,,,,,,Eviction,,,
104,R_6iA15ggAQxZjYIU,2025-07-08 17:43:22,,,,missing,,,,,,0.0,Female,60.0,,Hispanic,,,,No Shelter/Outside,,1,3,5,9,2,11,4,6,8,10,12,7,Housing Type 2,Housing Type 2,Housing Type 1,Housing Type 2,Housing Type 2,Housing Type 2,Housing Type 1,Housing Type 2,Housing Type 2,Housing Type 1,Housing Type 1,Housing Type 1,Yes,Yes,Yes,Yes,Yes,Yes,Yes,Yes,Yes,Yes,Yes,Yes,,,,,,Eviction,,,
105,R_963J7FnOHexZJsK,2025-07-08 17:43:26,,,,missing,,,,,,1.0,Male,33.0,White,,,,,,,8,7,10,1,4,9,12,2,6,5,3,11,Housing Type 2,Housing Type 1,Housing Type 1,Housing Type 1,Housing Type 2,Housing Type 2,Housing Type 2,Housing Type 2,Housing Type 1,Housing Type 2,Housing Type 1,Housing Type 2,Yes,Yes,Yes,Yes,Yes,Yes,Yes,Yes,Yes,Yes,Yes,Yes,"Family/friend/roommate asked me to leave (dispute, needed room, etc.)",,,,,,,,
106,R_7KDQSA8UoWA6w4q,2025-07-08 17:43:27,37.965673,-122.320787,Goodrich ave,address,37.4234796,-122.1457494,62225.1,37.965673,-122.320787,1.0,Female,55.0,,,,,American Indian,,,,,,,,,,,,,,,Housing Type 1,Housing Type 1,Housing Type 1,Housing Type 1,Housing Type 1,Housing Type 1,Housing Type 2,Housing Type 1,Housing Type 1,Housing Type 2,Housing Type 1,Housing Type 2,Yes,Yes,Yes,Yes,Yes,Yes,Yes,Yes,Yes,Yes,Yes,Yes,,Chose to leave due to issues with family/friend/roommate,,,,,,,
107,R_onqZJww1IZ462lq,2025-07-08 17:43:33,37.965738,-122.320998,San pablo damn rd,area_vague,,,,37.965738,-122.320998,1.0,Female,44.0,White,,,,,No Shelter/Outside,No Shelter/Outside,4,7,11,10,8,5,2,9,12,1,3,6,Housing Type 2,Housing Type 2,Housing Type 2,Housing Type 1,Housing Type 2,Housing Type 1,Housing Type 1,Housing Type 2,Housing Type 2,Housing Type 1,Housing Type 2,Housing Type 1,Yes,Yes,Yes,Yes,Yes,Yes,Yes,Yes,Yes,Yes,Yes,Yes,,Chose to leave due to issues with family/friend/roommate,,,,,,,
108,R_99iZ78aAMI8SXpg,2025-07-11 12:29:54,37.7847,-122.412022,"37.7849905, -122.4117785",coord_decimal,37.7849905,-122.4117785,38.7,37.7847,-122.412022,1.0,Male,30.0,,,Black,,,No Shelter/Outside,,2,9,3,7,8,11,4,10,6,12,5,1,Housing Type 2,Housing Type 1,Housing Type 2,Housing Type 1,Housing Type 2,Housing Type 1,Housing Type 1,Housing Type 2,Housing Type 1,Housing Type 1,Housing Type 2,Housing Type 2,Yes,Yes,Yes,Yes,Yes,Yes,Yes,Yes,Yes,Yes,Yes,Yes,,,,,,,,Other (Specify),Lived with mom
109,R_dIV5PZxWhpRy2X8,2025-07-11 12:51:36,37.784703,-122.412012,"37.7849905, -122.4117785",coord_decimal,37.7849905,-122.4117785,38.0,37.784703,-122.412012,1.0,Male,56.0,,Hispanic,,,,,,6,2,7,1,11,3,4,10,5,12,9,8,Housing Type 1,Housing Type 2,Housing Type 1,Housing Type 1,Housing Type 2,Housing Type 1,Housing Type 1,Housing Type 2,Housing Type 1,Housing Type 2,Housing Type 1,Housing Type 2,Yes,Yes,No,No,Yes,Yes,Yes,Yes,Yes,Yes,Yes,Yes,,,Divorce/breakup,,,,,,
110,R_blEmELCp8HmMu7f,2025-07-11 13:11:06,37.784908,-122.412193,"37.7849905, -122.4117785",coord_decimal,37.7849905,-122.4117785,37.6,37.784908,-122.412193,1.0,Male,23.0,,,Black,,,,,3,7,12,5,9,6,8,10,2,11,4,1,Housing Type 2,Housing Type 2,Housing Type 1,Housing Type 2,Housing Type 2,Housing Type 1,Housing Type 2,Housing Type 1,Housing Type 1,Housing Type 2,Housing Type 1,Housing Type 2,Yes,Yes,Yes,Yes,Yes,Yes,Yes,Yes,Yes,Yes,Yes,Yes,,,,,,,,Other (Specify),I wanted to leave
111,R_3MlIlAoNZHMGG8P,2025-07-11 13:34:24,37.784727,-122.412025,"37.7540078, -122.4156325",coord_decimal,37.7540078,-122.4156325,3430.5,37.784727,-122.412025,0.0,Male,38.0,,Hispanic,,,,No Shelter/Outside,,6,7,4,1,8,12,2,11,3,10,9,5,Housing Type 2,Housing Type 2,Housing Type 2,Housing Type 2,Housing Type 2,Housing Type 2,Housing Type 1,Housing Type 1,Housing Type 2,Housing Type 2,Housing Type 1,Housing Type 1,No,No,Yes,No,Yes,Yes,No,Yes,No,No,No,No,"Family/friend/roommate asked me to leave (dispute, needed room, etc.)",,,,,,,,
112,R_jYFuC16fHcQN4ZD,2025-07-11 13:54:10,37.784735,-122.412029,"37.7843617, -122.4109387",coord_decimal,37.7843617,-122.4109387,104.4,37.784735,-122.412029,1.0,Male,38.0,,,,Asian,,No Shelter/Outside,,5,6,3,2,7,8,9,10,1,12,11,4,Housing Type 2,Housing Type 1,Housing Type 2,Housing Type 2,Housing Type 1,Housing Type 2,Housing Type 1,Housing Type 1,Housing Type 2,Housing Type 1,Housing Type 2,Housing Type 1,Yes,No,Yes,No,Yes,Yes,Yes,Yes,No,No,No,No,,,,,,,,Other (Specify),Housing tied to job and job ended
113,R_3a6jd4puOLaOl7V,2025-07-11 14:05:10,37.784704,-122.412034,"37.7843617, -122.4109387",coord_decimal,37.7843617,-122.4109387,103.5,37.784704,-122.412034,1.0,Male,51.0,,Hispanic,Black,,,,,1,5,4,3,7,8,6,9,10,12,11,2,Housing Type 1,Housing Type 2,Housing Type 2,Housing Type 1,Housing Type 1,Housing Type 2,Housing Type 1,Housing Type 1,Housing Type 2,Housing Type 1,Housing Type 1,Housing Type 1,Yes,Yes,Yes,Yes,Yes,Yes,Yes,Yes,Yes,Yes,Yes,Yes,,,,,,Eviction,,,
114,R_lJVvVcPn5g80mCl,2025-07-11 14:33:55,37.784726,-122.412027,"37.7844018, -122.4171198",coord_decimal,37.7844018,-122.4171198,449.0,37.784726,-122.412027,1.0,Female,64.0,White,,,,,No Shelter/Outside,,3,4,10,9,5,6,1,8,7,12,11,2,Housing Type 2,Housing Type 2,Housing Type 2,Housing Type 2,Housing Type 1,Housing Type 1,Housing Type 1,Housing Type 1,Housing Type 2,Housing Type 1,Housing Type 1,Housing Type 1,Yes,Yes,Yes,No,No,Yes,Yes,Yes,No,No,No,No,,,,,,,,Other (Specify),Movedto take care offamily
115,R_1RYeFEowHPpdSlQ,2025-07-11 14:33:56,37.784723,-122.412024,"37.7844018, -122.4171198",coord_decimal,37.7844018,-122.4171198,449.2,37.784723,-122.412024,0.0,Female,61.0,,Hispanic,,,,No Shelter/Outside,,2,4,11,3,8,6,9,10,5,12,7,1,Housing Type 2,Housing Type 1,Housing Type 1,Housing Type 2,Housing Type 1,Housing Type 2,Housing Type 2,Housing Type 2,Housing Type 2,Housing Type 1,Housing Type 2,Housing Type 1,Yes,Yes,Yes,Yes,Yes,Yes,Yes,Yes,Yes,Yes,Yes,Yes,,,,,,,,Other (Specify),Mom passed away
116,R_5n8oMet9bntBFPD,2025-07-11 14:51:42,,,Mcbryde,address,37.9494639,-122.3234666,,37.9494639,-122.3234666,1.0,Female,44.0,,Hispanic,,,,No Shelter/Outside,No Shelter/Outside,,,,,,,,,,,,,Housing Type 1,Housing Type 1,Housing Type 2,Housing Type 2,Housing Type 1,Housing Type 1,Housing Type 2,Housing Type 2,Housing Type 1,Housing Type 1,Housing Type 2,,Yes,Yes,Yes,Yes,Yes,Yes,Yes,Yes,Yes,Yes,Yes,No,,Chose to leave due to issues with family/friend/roommate,Divorce/breakup,Could not pay rent,,Eviction,,,
117,R_fliWEylRJlCSq31,2025-07-11 14:51:44,,,Mcbryde,address,37.9494639,-122.3234666,,37.9494639,-122.3234666,1.0,Male,21.0,,Hispanic,,,,No Shelter/Outside,No Shelter/Outside,7,9,1,12,8,6,10,2,4,11,5,3,Housing Type 2,Housing Type 2,Housing Type 2,Housing Type 2,Housing Type 2,Housing Type 2,Housing Type 2,Housing Type 2,Housing Type 2,Housing Type 2,Housing Type 2,Housing Type 2,Yes,Yes,Yes,Yes,Yes,Yes,Yes,Yes,Yes,Yes,Yes,Yes,"Family/friend/roommate asked me to leave (dispute, needed room, etc.)",Chose to leave due to issues with family/friend/roommate,,,,,,,
118,R_2RVe00nZYRApKAm,2025-07-11 14:51:45,37.952935,-122.338073,SanPablo,area_vague,,,,37.952935,-122.338073,0.0,Female,49.0,,Hispanic,,,,,,3,11,5,8,9,4,10,6,12,1,2,7,Housing Type 1,Housing Type 2,Housing Type 1,Housing Type 2,Housing Type 2,Housing Type 1,Housing Type 2,Housing Type 2,Housing Type 1,Housing Type 1,Housing Type 1,Housing Type 2,Yes,Yes,Yes,Yes,Yes,Yes,Yes,Yes,Yes,Yes,Yes,Yes,"Family/friend/roommate asked me to leave (dispute, needed room, etc.)",Chose to leave due to issues with family/friend/roommate,Divorce/breakup,,,,,,
119,R_6C1tNaxBnX7cQm1,2025-07-11 14:51:46,37.952928,-122.33803,,missing,,,,37.952928,-122.33803,1.0,Female,38.0,White,,,,,No Shelter/Outside,No Shelter/Outside,2,8,6,3,12,11,10,9,4,5,7,1,Housing Type 2,Housing Type 2,Housing Type 2,Housing Type 1,Housing Type 2,Housing Type 1,Housing Type 2,Housing Type 1,Housing Type 1,Housing Type 1,Housing Type 1,Housing Type 1,No,Yes,Yes,Yes,Yes,Yes,Yes,Yes,Yes,Yes,Yes,Yes,"Family/friend/roommate asked me to leave (dispute, needed room, etc.)",,Divorce/breakup,,,,,,
120,R_ftRD2sWPH3oZLAp,2025-07-11 14:51:47,37.952952,-122.338018,Behind casino,area_vague,,,,37.952952,-122.338018,0.0,Female,40.0,,,Black,,,No Shelter/Outside,,3,10,7,1,11,2,6,8,9,5,4,12,Housing Type 1,Housing Type 2,Housing Type 1,Housing Type 1,Housing Type 2,Housing Type 1,Housing Type 1,Housing Type 1,Housing Type 1,Housing Type 1,Housing Type 1,Housing Type 1,Yes,No,Yes,Yes,Yes,Yes,Yes,Yes,Yes,Yes,Yes,Yes,,,,,,Eviction,,,
121,R_azwzfYle7Bz2mXw,2025-07-11 14:51:49,37.952907,-122.33802,Behimd casino,area_vague,,,,37.952907,-122.33802,0.0,Male,43.0,,Hispanic,,,,,,2,7,5,3,1,4,6,9,10,12,11,8,Housing Type 1,Housing Type 1,Housing Type 1,Housing Type 1,Housing Type 2,Housing Type 2,Housing Type 1,Housing Type 1,Housing Type 1,Housing Type 1,Housing Type 1,Housing Type 1,No,Yes,Yes,Yes,Yes,Yes,No,Yes,Yes,Yes,Yes,Yes,"Family/friend/roommate asked me to leave (dispute, needed room, etc.)",,,,,,,,
122,R_0neUP9198qp6kwR,2025-07-11 14:51:50,37.952912,-122.338022,,missing,,,,37.952912,-122.338022,1.0,Female,36.0,,,,Asian,,,,3,10,2,11,6,8,12,9,4,5,7,1,Housing Type 2,Housing Type 1,Housing Type 1,Housing Type 2,Housing Type 2,Housing Type 2,Housing Type 2,Housing Type 1,Housing Type 1,Housing Type 2,Housing Type 2,Housing Type 2,Yes,Yes,No,Yes,Yes,No,No,No,No,Yes,Yes,Yes,,,,Could not pay rent,,,,,
123,R_7sBbXOribDYREtK,2025-07-11 15:23:28,37.931855,-122.359938,Richmond,area_vague,,,,37.931855,-122.359938,0.0,Female,42.0,,Hispanic,,,,,,4,5,11,8,1,2,9,3,12,6,10,7,Housing Type 2,Housing Type 2,Housing Type 2,Housing Type 2,Housing Type 1,Housing Type 2,Housing Type 1,Housing Type 1,Housing Type 1,Housing Type 2,Housing Type 2,Housing Type 1,Yes,Yes,Yes,Yes,Yes,Yes,Yes,Yes,Yes,Yes,Yes,Yes,,,,,,,,Other (Specify),"I became sick, lost my job"
124,R_fKrrCxgADfWX0Ik,2025-07-11 16:39:19,37.935582,-122.360427,Richmond,area_vague,,,,37.935582,-122.360427,1.0,Male,39.0,White,,,,,,,2,8,6,9,11,7,12,3,5,4,10,1,Housing Type 1,Housing Type 1,Housing Type 2,Housing Type 2,Housing Type 1,Housing Type 1,Housing Type 1,Housing Type 2,Housing Type 2,Housing Type 1,Housing Type 2,Housing Type 1,Yes,Yes,Yes,Yes,Yes,Yes,Yes,Yes,Yes,Yes,Yes,Yes,,,,,,,Released from jail/prison,,
125,R_oE7ueJHP4s2gU4z,2025-07-11 16:39:21,37.935627,-122.360445,Richmond,area_vague,,,,37.935627,-122.360445,0.0,Male,30.0,,,,Asian,,,,1,7,2,4,5,9,10,8,3,11,6,12,Housing Type 1,Housing Type 1,Housing Type 1,Housing Type 1,Housing Type 1,Housing Type 1,Housing Type 1,Housing Type 1,Housing Type 1,Housing Type 1,Housing Type 1,Housing Type 1,Yes,Yes,Yes,Yes,Yes,Yes,Yes,Yes,Yes,Yes,Yes,Yes,,Chose to leave due to issues with family/friend/roommate,,,,,,,
126,R_kV3Jdlk6sywN2ga,2025-07-11 16:39:22,37.935563,-122.360453,Richmond,area_vague,,,,37.935563,-122.360453,1.0,Female,54.0,,Hispanic,,,,,,1,8,5,7,4,9,6,10,2,11,12,3,Housing Type 1,Housing Type 1,Housing Type 1,Housing Type 1,Housing Type 1,Housing Type 1,Housing Type 1,Housing Type 1,Housing Type 1,Housing Type 1,Housing Type 1,Housing Type 1,Yes,Yes,Yes,Yes,Yes,Yes,Yes,Yes,Yes,Yes,Yes,Yes,"Family/friend/roommate asked me to leave (dispute, needed room, etc.)",,,,,,,,
127,R_6ifweBwDNSbYYAi,2025-07-11 16:46:17,37.931898,-122.359793,Richmond,area_vague,,,,37.931898,-122.359793,1.0,Female,18.0,,Hispanic,,,,,,1,5,6,10,12,8,3,7,9,2,11,4,Housing Type 1,Housing Type 1,Housing Type 1,Housing Type 1,Housing Type 1,Housing Type 1,Housing Type 1,Housing Type 1,Housing Type 1,Housing Type 1,Housing Type 1,Housing Type 1,No,Yes,Yes,Yes,Yes,Yes,Yes,Yes,Yes,Yes,Yes,Yes,,,,,,,Released from jail/prison,,
128,R_21bnfCotQMD5KTs,2025-07-11 16:52:17,37.931898,-122.359827,No,junk,,,,37.931898,-122.359827,1.0,Female,43.0,White,,,,,,No Shelter/Outside,12,2,11,8,7,9,5,6,1,3,10,4,Housing Type 1,Housing Type 2,Housing Type 1,Housing Type 2,Housing Type 2,Housing Type 2,Housing Type 1,Housing Type 2,Housing Type 1,Housing Type 2,Housing Type 1,Housing Type 2,No,Yes,Yes,Yes,Yes,Yes,Yes,No,Yes,No,No,No,,,Divorce/breakup,Could not pay rent,,Eviction,,,
129,R_2l81E3Wn4G0W2Ip,2025-07-11 17:07:49,37.931977,-122.359812,Richmond,area_vague,,,,37.931977,-122.359812,1.0,Female,38.0,,,,Asian,,,,11,5,12,1,9,6,10,4,3,8,2,7,Housing Type 1,Housing Type 1,Housing Type 1,Housing Type 1,Housing Type 1,Housing Type 1,Housing Type 1,Housing Type 1,Housing Type 1,Housing Type 1,Housing Type 1,Housing Type 1,Yes,Yes,Yes,Yes,Yes,Yes,Yes,Yes,Yes,Yes,Yes,Yes,,,Divorce/breakup,,,,,,
130,R_mFX4p7HeUzyUm8H,2025-07-12 16:21:13,37.784398,-122.410793,"37.7847401, -122.4110302",coord_decimal,37.7847401,-122.4110302,43.4,37.784398,-122.410793,1.0,Male,40.0,White,,,,,,,4,7,10,12,6,9,1,11,5,2,3,8,Housing Type 2,Housing Type 2,Housing Type 1,Housing Type 1,Housing Type 1,Housing Type 2,Housing Type 2,Housing Type 1,Housing Type 1,Housing Type 2,Housing Type 2,Housing Type 1,No,Yes,No,No,No,Yes,Yes,No,No,No,No,No,,,,,,,,Other (Specify),House sold
131,R_9vd8WlLNQ0sIW4t,2025-07-12 16:21:14,37.784442,-122.41092,"37.7847401, -122.4110302",coord_decimal,37.7847401,-122.4110302,34.5,37.784442,-122.41092,1.0,Female,48.0,White,,,,,,,10,8,2,4,5,7,3,9,6,12,11,1,Housing Type 2,Housing Type 1,Housing Type 1,Housing Type 2,Housing Type 2,Housing Type 1,Housing Type 1,Housing Type 1,Housing Type 2,Housing Type 1,Housing Type 2,Housing Type 2,Yes,Yes,Yes,Yes,Yes,Yes,Yes,Yes,Yes,Yes,Yes,Yes,,,,Could not pay rent,,,,,
132,R_gQOzNs1QgYltwG7,2025-07-12 16:46:14,37.785175,-122.412152,"37.7848917, -122.4124316",coord_decimal,37.7848917,-122.4124316,40.0,37.785175,-122.412152,0.0,Male,54.0,,,Black,,,,,6,2,9,1,4,8,5,10,7,12,11,3,Housing Type 1,Housing Type 2,Housing Type 1,Housing Type 1,Housing Type 1,Housing Type 1,Housing Type 1,Housing Type 2,Housing Type 1,Housing Type 2,Housing Type 2,Housing Type 1,Yes,Yes,Yes,Yes,Yes,Yes,Yes,Yes,Yes,Yes,Yes,Yes,,,Divorce/breakup,,,,,,
133,R_8GZI36nUkgSZ6fR,2025-07-12 16:46:15,37.785175,-122.411962,"37.7848917, -122.4124316",coord_decimal,37.7848917,-122.4124316,51.9,37.785175,-122.411962,1.0,Male,43.0,,,Black,,,,,1,4,6,3,5,9,8,12,7,11,10,2,Housing Type 1,Housing Type 2,Housing Type 1,Housing Type 2,Housing Type 1,Housing Type 1,Housing Type 1,Housing Type 2,Housing Type 2,Housing Type 1,Housing Type 1,Housing Type 2,No,Yes,Yes,Yes,Yes,Yes,Yes,Yes,Yes,Yes,Yes,Yes,,,,,,,,Other (Specify),Never had housing
134,R_60teyQCtYjbWFjd,2025-07-12 16:57:23,37.785113,-122.41219,"37.7848917, -122.4124316",coord_decimal,37.7848917,-122.4124316,32.5,37.785113,-122.41219,1.0,Male,70.0,,,Black,,,,,2,4,9,10,7,1,6,5,8,11,12,3,Housing Type 1,Housing Type 1,Housing Type 1,Housing Type 1,Housing Type 1,Housing Type 1,Housing Type 1,Housing Type 2,Housing Type 1,Housing Type 1,Housing Type 1,Housing Type 1,Yes,Yes,Yes,Yes,No,Yes,No,Yes,No,No,No,No,,,,Could not pay rent,,,,,
135,R_gUYDUmd1nxkjXGy,2025-07-12 17:07:33,37.785182,-122.41206,"37.7848917, -122.4124316",coord_decimal,37.7848917,-122.4124316,45.9,37.785182,-122.41206,1.0,Male,29.0,,,Black,,,,,10,5,8,1,4,2,6,3,9,12,11,7,Housing Type 2,Housing Type 2,Housing Type 1,Housing Type 1,Housing Type 1,Housing Type 1,Housing Type 2,Housing Type 2,Housing Type 2,Housing Type 1,Housing Type 1,Housing Type 1,Yes,Yes,Yes,Yes,Yes,Yes,Yes,Yes,Yes,Yes,Yes,Yes,,,,Could not pay rent,,,,,
136,R_hNviP9fSZ2UjFV1,2025-07-12 17:19:57,37.785175,-122.412068,"37.7848917, -122.4124316",coord_decimal,37.7848917,-122.4124316,44.9,37.785175,-122.412068,1.0,Male,45.0,,Hispanic,,,,,,7,4,2,1,8,9,5,12,6,11,10,3,Housing Type 2,Housing Type 2,Housing Type 2,Housing Type 1,Housing Type 2,Housing Type 2,Housing Type 2,Housing Type 2,Housing Type 2,Housing Type 1,Housing Type 2,Housing Type 2,Yes,Yes,Yes,Yes,Yes,Yes,Yes,Yes,Yes,Yes,Yes,Yes,"Family/friend/roommate asked me to leave (dispute, needed room, etc.)",,,,,,,,
137,R_06aOraO2pEm0TJI,2025-07-12 17:35:51,37.785202,-122.412065,"37.7849913, -122.4123177",coord_decimal,37.7849913,-122.4123177,32.3,37.785202,-122.412065,1.0,Female,39.0,,,Black,,,,,4,7,12,11,9,8,3,10,5,1,2,6,Housing Type 1,Housing Type 1,Housing Type 2,Housing Type 2,Housing Type 1,Housing Type 2,Housing Type 2,Housing Type 2,Housing Type 1,Housing Type 1,Housing Type 2,Housing Type 2,Yes,No,No,No,No,Yes,Yes,No,No,No,No,No,,,,,,,,Other (Specify),"Never had housing personally, grew up in vallejo"
138,R_isXSuzhyonMOpVc,2025-07-12 17:50:03,37.784888,-122.412275,"37.7849913, -122.4123177",coord_decimal,37.7849913,-122.4123177,12.1,37.784888,-122.412275,1.0,Female,33.0,,,Black,,,,,5,8,10,2,6,11,1,9,7,12,4,3,Housing Type 1,Housing Type 2,Housing Type 1,Housing Type 2,Housing Type 2,Housing Type 2,Housing Type 1,Housing Type 2,Housing Type 1,Housing Type 2,Housing Type 1,Housing Type 2,Yes,Yes,No,Yes,Yes,No,No,Yes,Yes,No,No,No,,,,,,Eviction,,,
139,R_ehISVqg16rZj2pJ,2025-07-12 18:00:07,37.784978,-122.412083,"37.7849913, -122.4123177",coord_decimal,37.7849913,-122.4123177,20.7,37.784978,-122.412083,0.0,Female,40.0,,,Black,,,,,5,6,11,7,10,9,8,12,3,2,1,4,Housing Type 2,Housing Type 2,Housing Type 2,Housing Type 2,Housing Type 1,Housing Type 1,Housing Type 1,Housing Type 1,Housing Type 2,Housing Type 2,Housing Type 2,Housing Type 1,Yes,Yes,Yes,No,Yes,Yes,No,No,No,No,No,No,,,Divorce/breakup,,,,,,
140,R_hfih2DxgddHgr1K,2025-07-12 18:13:22,37.78507,-122.412228,"37.7849913, -122.4123177",coord_decimal,37.7849913,-122.4123177,11.8,37.78507,-122.412228,1.0,Male,34.0,,,Black,,,,,4,7,3,1,9,8,5,12,6,11,10,2,Housing Type 2,Housing Type 2,Housing Type 2,Housing Type 2,Housing Type 2,Housing Type 2,Housing Type 1,Housing Type 1,Housing Type 1,Housing Type 2,Housing Type 2,Housing Type 2,Yes,Yes,Yes,Yes,No,Yes,Yes,Yes,No,No,No,No,,,,Could not pay rent,,,,Other (Specify),Not receiving mail and i missed apointments
141,R_5XPKXREdjUHb3hC,2025-07-13 18:59:32,37.821692,-122.291183,"37.8215953, -122.2910332",coord_decimal,37.8215953,-122.2910332,17.0,37.821692,-122.291183,1.0,Transgender Man,32.0,White,,,,,,No Shelter/Outside,2,1,8,12,10,4,5,11,3,7,6,9,Housing Type 2,Housing Type 2,Housing Type 2,Housing Type 2,Housing Type 1,Housing Type 1,Housing Type 2,Housing Type 1,Housing Type 2,Housing Type 2,Housing Type 1,Housing Type 1,Yes,No,No,No,No,No,No,No,Yes,No,No,No,,,Divorce/breakup,Could not pay rent,Rent increase,Eviction,,,
142,R_co5Z8MuWU0fpD5o,2025-07-13 18:59:34,37.822163,-122.291425,,missing,,,,37.822163,-122.291425,1.0,Female,46.0,White,,,,,,No Shelter/Outside,4,6,8,12,5,3,10,7,11,1,9,2,Housing Type 2,Housing Type 1,Housing Type 1,Housing Type 2,Housing Type 1,Housing Type 2,Housing Type 2,Housing Type 2,Housing Type 2,Housing Type 1,Housing Type 2,Housing Type 2,Yes,Yes,Yes,Yes,Yes,Yes,Yes,Yes,Yes,Yes,Yes,Yes,,,,,,Eviction,,,
143,R_3nf8PbOh72cR24O,2025-07-13 18:59:35,37.821977,-122.291573,,missing,,,,37.821977,-122.291573,0.0,Male,60.0,,,Black,,,,,3,5,10,8,7,1,9,12,6,11,4,2,Housing Type 2,Housing Type 2,Housing Type 1,Housing Type 2,Housing Type 1,Housing Type 1,Housing Type 2,Housing Type 2,Housing Type 1,Housing Type 1,Housing Type 2,Housing Type 2,No,No,No,No,No,No,No,No,No,No,No,No,,,,,,,,Other (Specify),Mother died
144,R_hcA2m5fDp1xmgnE,2025-07-13 18:59:36,37.821893,-122.291377,"37.8183236, -122.2932829",coord_decimal,37.8183236,-122.2932829,430.8,37.821893,-122.291377,1.0,Female,34.0,,,,,American Indian,,,3,9,6,10,4,8,11,12,7,2,5,1,Housing Type 1,Housing Type 2,Housing Type 1,Housing Type 2,Housing Type 1,Housing Type 1,Housing Type 1,Housing Type 2,Housing Type 1,Housing Type 2,Housing Type 2,Housing Type 2,Yes,Yes,Yes,Yes,Yes,Yes,Yes,Yes,Yes,Yes,Yes,Yes,,Chose to leave due to issues with family/friend/roommate,Divorce/breakup,,,,,Other (Specify),Domestic violence
145,R_ivCa7GIBbRlVLaD,2025-07-13 18:59:40,37.821708,-122.29122,"37.8214774, -122.2916773",coord_decimal,37.8214774,-122.2916773,47.7,37.821708,-122.29122,1.0,Male,40.0,White,,,,,No Shelter/Outside,No Shelter/Outside,4,8,3,5,12,2,7,9,11,1,10,6,Housing Type 1,Housing Type 2,Housing Type 1,Housing Type 1,Housing Type 2,Housing Type 1,Housing Type 1,Housing Type 2,Housing Type 2,Housing Type 1,Housing Type 2,Housing Type 1,Yes,No,No,Yes,Yes,No,Yes,No,No,No,No,No,,,,,,Eviction,,,
146,R_ctA6s2f8NFLb2l7,2025-07-13 19:10:33,37.821705,-122.29122,"  Oakland, CA",area_vague,,,,37.821705,-122.29122,,Female,33.0,White,,,,American Indian,,,1,8,10,5,4,11,6,9,12,2,3,7,Housing Type 2,Housing Type 1,Housing Type 2,Housing Type 1,Housing Type 1,Housing Type 2,,,,,,,Yes,No,No,Yes,Yes,Yes,,,,,,,,,,,,,,,
147,R_0NoZq7pd2xYOU1L,2025-07-13 19:10:35,37.821507,-122.29112,"Oakland, CA",area_vague,,,,37.821507,-122.29112,1.0,Female,40.0,,,Black,,,,,7,4,6,2,11,9,8,12,5,3,10,1,Housing Type 1,Housing Type 1,Housing Type 1,Housing Type 2,Housing Type 1,Housing Type 2,Housing Type 2,Housing Type 2,Housing Type 2,Housing Type 2,Housing Type 1,,No,No,No,No,Yes,No,No,No,No,No,,,,,,,,,,Other (Specify),Lived at BACS and was asked to leave due to false noixe complaints
148,R_fDcTkvCrOjV70W5,2025-07-13 19:10:37,37.821687,-122.291237,"Oakland, CA",area_vague,,,,37.821687,-122.291237,1.0,Male,61.0,,,Black,,,No Shelter/Outside,No Shelter/Outside,5,2,7,4,6,8,9,11,10,1,12,3,Housing Type 2,Housing Type 1,Housing Type 2,Housing Type 1,Housing Type 1,Housing Type 1,Housing Type 1,Housing Type 2,Housing Type 2,Housing Type 1,Housing Type 2,Housing Type 2,Yes,Yes,Yes,Yes,Yes,Yes,Yes,Yes,Yes,Yes,Yes,Yes,,,,Could not pay rent,,,,,
149,R_f1hSYPnrXUfHXpe,2025-07-13 19:17:28,37.82167,-122.291207,"37.8210963, -122.2914761",coord_decimal,37.8210963,-122.2914761,68.0,37.82167,-122.291207,1.0,Female,31.0,,,Black,,,,,3,4,1,2,10,12,6,8,7,11,9,5,Housing Type 1,Housing Type 1,Housing Type 1,Housing Type 2,Housing Type 1,Housing Type 1,Housing Type 1,Housing Type 1,Housing Type 2,Housing Type 1,Housing Type 1,Housing Type 1,Yes,Yes,Yes,Yes,No,Yes,No,Yes,No,No,No,No,,,,,,Eviction,,,
150,R_iqgbM9gtqWGZMho,2025-07-13 19:17:29,,,"37.8210963, -122.2914761",coord_decimal,37.8210963,-122.2914761,,37.8210963,-122.2914761,1.0,Male,48.0,,,Black,,,,,4,6,1,2,8,12,5,9,10,7,11,3,Housing Type 1,Housing Type 1,Housing Type 2,Housing Type 2,Housing Type 1,Housing Type 1,Housing Type 1,Housing Type 1,Housing Type 1,Housing Type 2,Housing Type 1,Housing Type 1,Yes,Yes,Yes,Yes,Yes,Yes,Yes,Yes,Yes,Yes,Yes,Yes,,Chose to leave due to issues with family/friend/roommate,,,,,,,
151,R_ddByHHAaAZmmABb,2025-07-13 19:17:30,37.821687,-122.291237,"37.8210963, -122.2914761",coord_decimal,37.8210963,-122.2914761,69.0,37.821687,-122.291237,1.0,Female,62.0,White,,,,,,,1,7,3,4,6,10,11,12,5,2,9,8,Housing Type 1,Housing Type 1,Housing Type 2,Housing Type 1,Housing Type 1,Housing Type 2,Housing Type 2,Housing Type 1,Housing Type 1,Housing Type 1,Housing Type 2,Housing Type 2,Yes,Yes,Yes,Yes,Yes,No,Yes,No,Yes,No,Yes,Yes,,,Divorce/breakup,,,,,,
152,R_j28Jbip0THk2M6S,2025-07-13 19:17:31,,,"37.8210963, -122.2914761",coord_decimal,37.8210963,-122.2914761,,37.8210963,-122.2914761,0.0,Male,67.0,,,Black,,,,,4,2,5,1,12,7,8,6,9,11,10,3,Housing Type 2,Housing Type 1,Housing Type 1,Housing Type 2,Housing Type 2,Housing Type 2,Housing Type 2,Housing Type 2,Housing Type 2,Housing Type 1,Housing Type 2,Housing Type 2,Yes,Yes,Yes,Yes,Yes,Yes,Yes,Yes,Yes,Yes,Yes,Yes,,Chose to leave due to issues with family/friend/roommate,,,,,,,
153,R_2JNlbRRUDUmE54W,2025-07-14 11:22:03,,,No,junk,,,,,,0.0,Male,30.0,,Hispanic,,,,,,12,2,8,11,7,1,9,3,10,6,4,5,Housing Type 1,Housing Type 1,Housing Type 2,Housing Type 2,Housing Type 2,Housing Type 1,Housing Type 2,Housing Type 2,Housing Type 2,Housing Type 1,Housing Type 2,Housing Type 2,Yes,Yes,Yes,Yes,Yes,Yes,Yes,Yes,Yes,Yes,Yes,Yes,"Family/friend/roommate asked me to leave (dispute, needed room, etc.)",,,,,,,,
154,R_4pNl2xbc3ywDgvP,2025-07-14 11:22:04,,,,missing,,,,,,1.0,Male,44.0,,,Black,,,,,4,8,9,10,6,2,3,7,12,11,5,1,Housing Type 1,Housing Type 2,Housing Type 1,Housing Type 1,Housing Type 1,Housing Type 1,Housing Type 1,Housing Type 1,Housing Type 1,Housing Type 1,Housing Type 2,Housing Type 1,No,No,Yes,Yes,Yes,Yes,Yes,Yes,Yes,Yes,Yes,Yes,,,,Could not pay rent,,,,,
155,R_ep1sc4pWc65JHyK,2025-07-14 11:22:07,,,,missing,,,,,,0.0,Female,60.0,,Hispanic,,,,,,10,9,2,5,12,7,1,6,11,4,3,8,Housing Type 1,Housing Type 1,Housing Type 2,Housing Type 1,Housing Type 1,Housing Type 2,Housing Type 2,Housing Type 2,Housing Type 1,Housing Type 2,Housing Type 2,Housing Type 2,Yes,Yes,Yes,Yes,Yes,Yes,Yes,Yes,Yes,Yes,Yes,Yes,,,,,,Eviction,,,
156,R_4AM8w8XLxevFioH,2025-07-14 11:49:03,37.954728,-122.363028,,missing,,,,37.954728,-122.363028,1.0,Male,20.0,White,,,,,,No Shelter/Outside,3,2,11,8,6,4,9,10,12,5,7,1,Housing Type 1,Housing Type 1,Housing Type 2,Housing Type 2,Housing Type 1,Housing Type 1,Housing Type 2,Housing Type 1,Housing Type 1,Housing Type 2,Housing Type 1,Housing Type 2,No,No,No,No,Yes,No,No,Yes,No,No,No,No,,Chose to leave due to issues with family/friend/roommate,,,,,,,
157,R_0ljldY1N6JnaEHF,2025-07-14 11:49:04,37.926857,-122.367848,Yea,junk,,,,37.926857,-122.367848,1.0,Female,21.0,,,,,,,No Shelter/Outside,7,2,11,10,8,6,9,4,12,5,3,1,Housing Type 1,Housing Type 1,Housing Type 2,Housing Type 1,Housing Type 2,Housing Type 2,Housing Type 2,Housing Type 1,Housing Type 2,Housing Type 1,Housing Type 1,Housing Type 1,No,No,No,No,No,No,No,No,No,No,No,No,,,,,,,,Other (Specify),Kicked out by motherinlaw
158,R_8W997tFbt5SoI8B,2025-07-14 11:53:06,37.954677,-122.363182,,missing,,,,37.954677,-122.363182,1.0,Male,50.0,,Hispanic,,,,No Shelter/Outside,No Shelter/Outside,3,5,8,4,2,1,12,11,10,9,6,7,Housing Type 1,Housing Type 1,Housing Type 1,Housing Type 1,Housing Type 1,Housing Type 1,Housing Type 1,Housing Type 1,Housing Type 1,Housing Type 1,Housing Type 1,Housing Type 1,Yes,Yes,Yes,Yes,Yes,Yes,Yes,Yes,Yes,Yes,Yes,Yes,,,,,,,,,
159,R_0mZx0ftomVfY5iU,2025-07-14 11:53:07,37.95482,-122.36417,North richmond,area_vague,,,,37.95482,-122.36417,1.0,Male,36.0,,Hispanic,,,,,,5,12,2,6,7,3,9,11,4,8,10,1,Housing Type 2,Housing Type 2,Housing Type 1,Housing Type 1,Housing Type 1,Housing Type 1,Housing Type 1,Housing Type 1,Housing Type 1,Housing Type 1,Housing Type 1,Housing Type 1,Yes,Yes,Yes,Yes,Yes,Yes,Yes,Yes,Yes,Yes,Yes,Yes,,,Divorce/breakup,,,,,,
160,R_2h3gPjV5JXwcoyx,2025-07-14 11:53:08,37.972433,-122.342548,Sanpabl0,area_vague,,,,37.972433,-122.342548,1.0,Male,,,Hispanic,,,,,,5,11,6,7,3,9,2,1,4,8,12,10,Housing Type 1,Housing Type 2,Housing Type 1,Housing Type 1,Housing Type 1,Housing Type 1,Housing Type 1,Housing Type 1,Housing Type 1,Housing Type 1,Housing Type 1,Housing Type 1,Yes,Yes,Yes,Yes,Yes,Yes,Yes,Yes,Yes,Yes,Yes,Yes,,,,,,Eviction,,,
161,R_c2wp2wuVVmzrcP8,2025-07-14 11:53:10,37.972408,-122.342535,,missing,,,,37.972408,-122.342535,1.0,Male,43.0,,Hispanic,,,,,,,,,,,,,,,,,,,,,,,,Housing Type 1,Housing Type 1,Housing Type 1,Housing Type 1,Housing Type 1,Housing Type 1,,,,,,,Yes,Yes,Yes,Yes,Yes,,,,,,,,,,
162,R_ogJ1X5qsYQcERdy,2025-07-14 16:02:59,37.785757,-122.416252,"37.7845130, -122.4176435",coord_decimal,37.784513,-122.4176435,184.6,37.785757,-122.416252,0.0,Male,31.0,White,,,,,No Shelter/Outside,,4,5,9,2,8,11,6,10,3,12,1,7,Housing Type 2,Housing Type 1,Housing Type 2,Housing Type 1,Housing Type 2,Housing Type 1,Housing Type 2,Housing Type 2,Housing Type 2,Housing Type 2,Housing Type 2,Housing Type 1,Yes,Yes,Yes,Yes,Yes,Yes,Yes,Yes,Yes,Yes,Yes,Yes,"Family/friend/roommate asked me to leave (dispute, needed room, etc.)",,,,,,,,
163,R_fAwQDU9JDgz3dIT,2025-07-14 16:03:01,37.78547,-122.41648,"37.7834333, -122.4174135",coord_decimal,37.7834333,-122.4174135,240.9,37.78547,-122.41648,1.0,Male,43.0,,,Black,,,,,10,9,7,5,6,8,2,12,3,11,1,4,Housing Type 2,Housing Type 2,Housing Type 2,Housing Type 2,Housing Type 2,Housing Type 1,Housing Type 1,Housing Type 1,Housing Type 1,Housing Type 1,Housing Type 1,Housing Type 1,Yes,Yes,Yes,Yes,Yes,Yes,Yes,Yes,No,No,No,No,,,,Could not pay rent,,,,,
164,R_0UAGKPepytkLaKt,2025-07-14 16:03:02,37.785425,-122.416473,"37.7834333, -122.4174135",coord_decimal,37.7834333,-122.4174135,236.4,37.785425,-122.416473,1.0,Female,37.0,,Hispanic,,,,,,2,5,10,4,9,7,11,8,1,12,3,6,Housing Type 1,Housing Type 2,Housing Type 2,Housing Type 1,Housing Type 2,Housing Type 1,Housing Type 2,Housing Type 1,Housing Type 1,Housing Type 1,Housing Type 1,Housing Type 1,Yes,Yes,No,Yes,Yes,Yes,Yes,Yes,No,No,No,No,"Family/friend/roommate asked me to leave (dispute, needed room, etc.)",,,,,,,,
165,R_a8KwEBFc7qTw0by,2025-07-14 16:03:03,37.785312,-122.416483,"37.7834333, -122.4174135",coord_decimal,37.7834333,-122.4174135,224.3,37.785312,-122.416483,1.0,Male,53.0,White,,,,,,,6,5,7,1,4,9,2,8,10,12,11,3,Housing Type 2,Housing Type 1,Housing Type 2,Housing Type 1,Housing Type 2,Housing Type 2,Housing Type 2,Housing Type 1,Housing Type 1,Housing Type 1,Housing Type 2,Housing Type 2,Yes,Yes,Yes,Yes,Yes,Yes,Yes,No,No,No,No,No,,,Divorce/breakup,,,,,,
166,R_mseciHswruWHsio,2025-07-14 16:03:04,37.785333,-122.416503,"37.7834333, -122.4174135",coord_decimal,37.7834333,-122.4174135,225.9,37.785333,-122.416503,1.0,Male,34.0,,,,,American Indian,,,3,5,6,4,2,8,9,12,10,11,1,7,Housing Type 2,Housing Type 1,Housing Type 1,Housing Type 2,Housing Type 2,Housing Type 1,Housing Type 1,Housing Type 1,Housing Type 1,Housing Type 2,Housing Type 2,Housing Type 2,Yes,Yes,Yes,Yes,Yes,Yes,Yes,Yes,No,No,No,No,,,,,,,,Other (Specify),Jail
167,R_jmFxrdZdCJjREbs,2025-07-14 16:03:05,37.784997,-122.416272,"37.7826044, -122.4173921",coord_decimal,37.7826044,-122.4173921,283.7,37.784997,-122.416272,1.0,Female,34.0,White,,,,,,,4,7,10,12,8,9,6,3,11,2,1,5,Housing Type 1,Housing Type 2,Housing Type 1,Housing Type 1,Housing Type 2,Housing Type 1,Housing Type 1,Housing Type 2,Housing Type 1,Housing Type 1,Housing Type 2,Housing Type 1,No,No,Yes,No,No,No,Yes,No,No,No,No,No,,,Divorce/breakup,,,,,,
168,R_jzzhkTLJO31ja45,2025-07-14 16:03:06,37.784998,-122.416017,"37.7826044, -122.4173921",coord_decimal,37.7826044,-122.4173921,292.3,37.784998,-122.416017,1.0,Female,38.0,White,,,,,,,5,2,3,4,9,8,1,10,6,12,11,7,Housing Type 1,Housing Type 2,Housing Type 1,Housing Type 1,Housing Type 1,Housing Type 2,Housing Type 2,Housing Type 1,Housing Type 1,Housing Type 1,Housing Type 1,Housing Type 1,Yes,Yes,Yes,Yes,Yes,Yes,Yes,No,No,No,No,No,,,,Could not pay rent,,,,,
169,R_bEYfqeHzpvEEhGS,2025-07-14 16:03:07,37.78438,-122.416352,"37.7826044, -122.4173921",coord_decimal,37.7826044,-122.4173921,217.6,37.78438,-122.416352,1.0,Male,61.0,,,Black,,,,,8,3,2,4,5,12,9,6,7,11,10,1,Housing Type 1,Housing Type 1,Housing Type 2,Housing Type 1,Housing Type 1,Housing Type 1,Housing Type 2,Housing Type 1,Housing Type 1,Housing Type 1,Housing Type 1,Housing Type 1,Yes,Yes,Yes,Yes,Yes,Yes,Yes,Yes,Yes,Yes,Yes,Yes,,,,,,,,Other (Specify),Put in jail
170,R_kqcsclWsWinqwXr,2025-07-14 16:03:08,37.784058,-122.415942,"37.7821868, -122.4172466",coord_decimal,37.7821868,-122.4172466,237.6,37.784058,-122.415942,1.0,Male,60.0,,,Black,,,,,7,2,5,1,6,3,10,4,9,12,11,8,Housing Type 1,Housing Type 2,Housing Type 1,Housing Type 2,Housing Type 2,Housing Type 1,Housing Type 1,Housing Type 2,Housing Type 1,Housing Type 2,Housing Type 1,Housing Type 1,Yes,Yes,Yes,Yes,Yes,Yes,Yes,Yes,Yes,Yes,Yes,Yes,,,,,,Eviction,,,
171,R_mkL6ICoEYjOpFrY,2025-07-14 16:03:09,37.78411,-122.41584,"37.7821868, -122.4172466",coord_decimal,37.7821868,-122.4172466,247.0,37.78411,-122.41584,1.0,Male,33.0,White,,,,,,,3,5,9,8,7,12,2,6,1,11,10,4,Housing Type 2,Housing Type 1,Housing Type 1,Housing Type 2,Housing Type 2,Housing Type 1,Housing Type 1,Housing Type 2,Housing Type 2,Housing Type 1,Housing Type 1,Housing Type 1,No,No,No,Yes,Yes,No,No,Yes,Yes,Yes,No,No,,,,,,,,Other (Specify),Chose to leave
172,R_6vNC3yhCPGs6Vsp,2025-07-14 16:03:10,37.783992,-122.415853,"37.7820442, -122.4172194",coord_decimal,37.7820442,-122.4172194,247.6,37.783992,-122.415853,1.0,Female,21.0,White,Hispanic,,,,,,4,2,10,9,6,12,1,8,11,5,3,7,Housing Type 1,Housing Type 1,Housing Type 1,Housing Type 1,Housing Type 2,Housing Type 2,Housing Type 2,Housing Type 1,Housing Type 1,Housing Type 2,Housing Type 1,Housing Type 1,Yes,Yes,No,Yes,Yes,No,Yes,Yes,No,No,No,No,"Family/friend/roommate asked me to leave (dispute, needed room, etc.)",,,,,,,,
173,R_mvCknk3lXj80RDL,2025-07-15 17:28:04,37.781487,-122.416998,"37.7813786, -122.4175456",coord_decimal,37.7813786,-122.4175456,49.6,37.781487,-122.416998,1.0,Male,40.0,White,,,,,,,6,4,10,3,8,9,2,7,1,12,11,5,Housing Type 1,Housing Type 1,Housing Type 2,Housing Type 1,Housing Type 2,Housing Type 1,Housing Type 2,Housing Type 1,Housing Type 2,Housing Type 2,Housing Type 1,Housing Type 1,Yes,Yes,Yes,Yes,Yes,No,Yes,Yes,No,Yes,Yes,No,,,,,,,,Other (Specify),Went to jail
174,R_oxLc1xu5xcWsVUk,2025-07-15 17:28:05,37.781933,-122.413892,"37.7817591, -122.4144185",coord_decimal,37.7817591,-122.4144185,50.1,37.781933,-122.413892,1.0,Female,47.0,White,,,,,,,5,1,3,12,6,8,10,9,4,11,7,2,Housing Type 2,Housing Type 1,Housing Type 2,Housing Type 2,Housing Type 1,Housing Type 2,Housing Type 1,Housing Type 2,Housing Type 1,Housing Type 1,Housing Type 2,Housing Type 2,Yes,Yes,Yes,Yes,Yes,Yes,Yes,Yes,Yes,Yes,Yes,Yes,,,Divorce/breakup,,,,,,
175,R_no0PtUucHM51uTC,2025-07-15 17:28:07,37.781915,-122.414025,"37.7817591, -122.4144185",coord_decimal,37.7817591,-122.4144185,38.7,37.781915,-122.414025,1.0,Male,30.0,,,Black,,,,,4,3,1,5,9,10,2,11,7,12,8,6,Housing Type 2,Housing Type 2,Housing Type 1,Housing Type 2,Housing Type 1,Housing Type 2,Housing Type 2,Housing Type 2,Housing Type 1,Housing Type 2,Housing Type 2,Housing Type 1,Yes,Yes,Yes,No,No,No,Yes,Yes,Yes,Yes,Yes,Yes,"Family/friend/roommate asked me to leave (dispute, needed room, etc.)",,,,,,,,
176,R_mZI1pYPhnuIqbOr,2025-07-15 17:28:08,37.781998,-122.414098,"37.7880300, -122.4023134",coord_decimal,37.78803,-122.4023134,1233.8,37.781998,-122.414098,1.0,Male,35.0,White,,,,,,,6,5,9,1,3,12,11,4,10,7,8,2,Housing Type 2,Housing Type 2,Housing Type 1,Housing Type 1,Housing Type 2,Housing Type 1,Housing Type 2,Housing Type 2,Housing Type 2,Housing Type 2,Housing Type 2,Housing Type 1,Yes,Yes,Yes,Yes,Yes,Yes,Yes,Yes,Yes,Yes,Yes,Yes,,,Divorce/breakup,,,,,,
177,R_nUPqbqqwiX5i0eF,2025-07-15 17:28:09,37.78187,-122.41375,"37.7814573, -122.4152460",coord_decimal,37.7814573,-122.415246,139.3,37.78187,-122.41375,1.0,Female,25.0,White,,,,,,,5,2,6,3,7,11,10,8,9,12,1,4,Housing Type 1,Housing Type 2,Housing Type 2,Housing Type 1,Housing Type 2,Housing Type 1,Housing Type 1,Housing Type 1,Housing Type 1,Housing Type 2,Housing Type 1,Housing Type 1,No,Yes,Yes,No,Yes,Yes,Yes,Yes,No,Yes,Yes,No,,,,,,Eviction,,,
178,R_lB7b0c25pxcKkM1,2025-07-15 17:28:10,37.781957,-122.413928,"37.7814573, -122.4152460",coord_decimal,37.7814573,-122.415246,128.5,37.781957,-122.413928,1.0,Male,33.0,White,,,,,,,5,2,10,4,6,11,7,8,9,12,1,3,Housing Type 2,Housing Type 2,Housing Type 2,Housing Type 2,Housing Type 2,Housing Type 1,Housing Type 1,Housing Type 2,Housing Type 1,Housing Type 1,Housing Type 2,Housing Type 1,Yes,Yes,Yes,Yes,Yes,Yes,Yes,Yes,No,No,No,No,,,,,,Eviction,,,
179,R_hiNrCmNEDTMwB2T,2025-07-15 17:28:11,37.781933,-122.413805,"37.7814573, -122.4152460",coord_decimal,37.7814573,-122.415246,137.2,37.781933,-122.413805,1.0,Male,47.0,White,,,,,,,3,10,2,1,8,5,9,7,6,12,11,4,Housing Type 1,Housing Type 1,Housing Type 1,Housing Type 2,Housing Type 2,Housing Type 2,Housing Type 2,Housing Type 1,Housing Type 1,Housing Type 1,Housing Type 2,Housing Type 2,Yes,Yes,Yes,Yes,Yes,Yes,Yes,Yes,Yes,Yes,Yes,Yes,,,,,,Eviction,,,
180,R_8ETrjusbI92ktgW,2025-07-15 17:28:12,37.781933,-122.413928,"37.7814573, -122.4152460",coord_decimal,37.7814573,-122.415246,127.3,37.781933,-122.413928,1.0,Male,52.0,White,,,,,,,9,7,5,4,3,1,2,8,12,10,11,6,Housing Type 1,Housing Type 2,Housing Type 2,Housing Type 2,Housing Type 2,Housing Type 2,Housing Type 1,Housing Type 2,Housing Type 2,Housing Type 1,Housing Type 2,Housing Type 1,Yes,Yes,Yes,Yes,No,Yes,No,Yes,Yes,Yes,Yes,Yes,,,,,,Eviction,,Other (Specify),Landlord sold property
181,R_5gsmnW6klfYR5WK,2025-07-15 17:28:13,37.781932,-122.413908,"37.7815262, -122.4107211",coord_decimal,37.7815262,-122.4107211,283.7,37.781932,-122.413908,1.0,Male,35.0,,,Black,,,,,9,7,5,3,8,4,1,12,2,11,10,6,Housing Type 1,Housing Type 2,Housing Type 2,Housing Type 2,Housing Type 1,Housing Type 1,Housing Type 1,Housing Type 1,Housing Type 1,Housing Type 2,Housing Type 2,Housing Type 2,Yes,Yes,Yes,Yes,No,Yes,Yes,Yes,Yes,Yes,Yes,Yes,,,,,,Eviction,,,
182,R_jRYwo3CqS0axoRo,2025-07-16 14:35:00,37.782002,-122.41264,"37.7820032, -122.4115894",coord_decimal,37.7820032,-122.4115894,92.3,37.782002,-122.41264,1.0,Male,53.0,White,,,,,,,3,7,5,4,9,11,2,8,1,10,12,6,Housing Type 1,Housing Type 2,Housing Type 2,Housing Type 2,Housing Type 2,Housing Type 2,Housing Type 2,Housing Type 1,Housing Type 2,Housing Type 1,Housing Type 1,Housing Type 2,No,No,No,No,No,No,No,Yes,No,No,No,No,,,,,,Eviction,,,
183,R_hbE8cGkJFFsam5e,2025-07-16 14:35:01,37.782247,-122.414113,"37.7826653, -122.4138650",coord_decimal,37.7826653,-122.413865,51.4,37.782247,-122.414113,1.0,Male,61.0,,,Black,,,,,5,2,3,4,8,7,6,12,9,11,10,1,Housing Type 2,Housing Type 2,Housing Type 1,Housing Type 1,Housing Type 2,Housing Type 2,Housing Type 2,Housing Type 1,Housing Type 2,Housing Type 2,Housing Type 2,Housing Type 2,Yes,No,Yes,Yes,Yes,Yes,Yes,Yes,Yes,Yes,Yes,Yes,,,,,,,,Other (Specify),Didnt wantto live there anymore
184,R_8IbgepgsZT3WDBd,2025-07-16 14:35:02,37.78169,-122.412128,"37.7814067, -122.4120270",coord_decimal,37.7814067,-122.412027,32.7,37.78169,-122.412128,1.0,Female,28.0,White,,,,,,,5,4,6,3,7,11,10,12,8,1,9,2,Housing Type 2,Housing Type 2,Housing Type 2,Housing Type 1,Housing Type 2,Housing Type 1,Housing Type 2,Housing Type 2,Housing Type 1,Housing Type 2,Housing Type 1,Housing Type 1,Yes,Yes,Yes,Yes,Yes,No,Yes,Yes,No,Yes,Yes,Yes,"Family/friend/roommate asked me to leave (dispute, needed room, etc.)",,,,,,,,
185,R_fQb8kBWWA16msWP,2025-07-16 14:35:03,37.780345,-122.413787,"37.7812895, -122.4113806",coord_decimal,37.7812895,-122.4113806,236.1,37.780345,-122.413787,1.0,Female,37.0,White,,,,,,,5,4,8,2,11,12,10,9,7,1,6,3,Housing Type 1,Housing Type 2,Housing Type 2,Housing Type 2,Housing Type 1,Housing Type 1,Housing Type 1,Housing Type 2,Housing Type 1,Housing Type 2,Housing Type 2,Housing Type 2,Yes,No,Yes,Yes,Yes,Yes,No,No,No,No,No,No,,Chose to leave due to issues with family/friend/roommate,,,,,,,
186,R_kyaEmYpn8DwAi44,2025-07-16 17:31:28,37.782023,-122.413917,"37.7818733, -122.4132477",coord_decimal,37.7818733,-122.4132477,61.1,37.782023,-122.413917,0.0,Male,42.0,,,Black,,,,,3,2,9,4,5,12,7,11,8,10,6,1,Housing Type 1,Housing Type 2,Housing Type 1,Housing Type 1,Housing Type 1,Housing Type 2,Housing Type 2,Housing Type 1,Housing Type 1,Housing Type 1,Housing Type 2,Housing Type 1,Yes,Yes,Yes,Yes,Yes,Yes,Yes,Yes,Yes,Yes,Yes,Yes,,,,,,,Released from jail/prison,,
187,R_0QQ8K4dyRwl5Mlr,2025-07-16 17:31:29,37.782047,-122.41384,"37.7768085, -122.4151186",coord_decimal,37.7768085,-122.4151186,593.2,37.782047,-122.41384,0.0,Female,37.0,,,Black,,,No Shelter/Outside,,6,4,2,1,7,8,10,5,9,12,11,3,Housing Type 1,Housing Type 2,Housing Type 1,Housing Type 1,Housing Type 1,Housing Type 1,Housing Type 2,Housing Type 2,Housing Type 2,Housing Type 1,Housing Type 2,Housing Type 2,Yes,Yes,Yes,No,Yes,Yes,Yes,Yes,Yes,Yes,Yes,Yes,,,,,,Eviction,,,
188,R_k1Ip8kXZxfva3Zl,2025-07-16 17:31:30,37.782023,-122.41386,"37.7816902, -122.4146753",coord_decimal,37.7816902,-122.4146753,80.6,37.782023,-122.41386,1.0,Male,52.0,,,Black,,,,,10,5,3,2,6,4,9,7,8,12,11,1,Housing Type 2,Housing Type 1,Housing Type 2,Housing Type 1,Housing Type 1,Housing Type 1,Housing Type 2,Housing Type 2,Housing Type 2,Housing Type 1,Housing Type 1,Housing Type 1,Yes,Yes,Yes,Yes,Yes,No,Yes,Yes,Yes,Yes,Yes,Yes,"Family/friend/roommate asked me to leave (dispute, needed room, etc.)",,,,,,,,
189,R_2rLkx938HnV7wq9,2025-07-16 17:31:31,37.781978,-122.413863,"37.7760426, -122.4145301",coord_decimal,37.7760426,-122.4145301,662.6,37.781978,-122.413863,0.0,Female,47.0,,,Black,,,No Shelter/Outside,,6,5,2,3,8,10,1,7,9,12,11,4,Housing Type 2,Housing Type 2,Housing Type 1,Housing Type 1,Housing Type 2,Housing Type 2,Housing Type 2,Housing Type 1,Housing Type 1,Housing Type 2,Housing Type 1,Housing Type 1,Yes,Yes,Yes,Yes,Yes,Yes,Yes,Yes,No,No,No,No,,,Divorce/breakup,,,,,,
190,R_7SfOholwrQmERtJ,2025-07-16 17:31:32,37.781998,-122.41386,"37.7818349, -122.4143588",coord_decimal,37.7818349,-122.4143588,47.4,37.781998,-122.41386,0.0,Male,46.0,,,Black,,,,,6,8,11,3,5,10,7,9,2,1,12,4,Housing Type 1,Housing Type 1,Housing Type 1,Housing Type 2,Housing Type 1,Housing Type 2,Housing Type 2,Housing Type 1,Housing Type 2,Housing Type 1,Housing Type 1,Housing Type 2,Yes,Yes,No,No,No,Yes,Yes,Yes,No,No,No,No,,,,,,Eviction,,,
191,R_4ZamD9URFNLtSwa,2025-07-16 17:31:33,37.782,-122.413822,"37.7818349, -122.4143588",coord_decimal,37.7818349,-122.4143588,50.6,37.782,-122.413822,1.0,Male,42.0,,,Black,,,,,5,4,1,2,9,11,10,6,8,12,7,3,Housing Type 1,Housing Type 1,Housing Type 2,Housing Type 2,Housing Type 2,Housing Type 2,Housing Type 2,Housing Type 1,Housing Type 1,Housing Type 2,Housing Type 2,Housing Type 2,Yes,Yes,Yes,Yes,Yes,Yes,Yes,Yes,Yes,Yes,Yes,Yes,"Family/friend/roommate asked me to leave (dispute, needed room, etc.)",,,,,,,,
192,R_82hqfTngshsLJbs,2025-07-16 17:31:34,37.781842,-122.413963,"37.7818349, -122.4143588",coord_decimal,37.7818349,-122.4143588,34.8,37.781842,-122.413963,1.0,Female,40.0,White,,,,,No Shelter/Outside,,8,1,3,5,4,9,12,7,10,11,6,2,Housing Type 2,Housing Type 1,Housing Type 2,Housing Type 2,Housing Type 2,Housing Type 1,Housing Type 1,Housing Type 1,Housing Type 1,Housing Type 1,Housing Type 1,Housing Type 2,Yes,Yes,No,No,Yes,Yes,Yes,Yes,Yes,No,Yes,Yes,,,,Could not pay rent,,,,,
193,R_kwLKkDxk1SiNezB,2025-07-17 11:42:51,37.923318,-122.362052,Meeker ave,address,37.9197518,-122.3492404,1191.7,37.923318,-122.362052,1.0,Male,35.0,,Hispanic,,,,,No Shelter/Outside,8,6,12,5,2,9,1,4,10,3,7,11,Housing Type 1,Housing Type 2,Housing Type 2,Housing Type 1,Housing Type 2,Housing Type 1,Housing Type 2,Housing Type 2,Housing Type 2,Housing Type 2,Housing Type 1,Housing Type 2,Yes,Yes,Yes,Yes,Yes,Yes,Yes,Yes,Yes,Yes,Yes,Yes,,,,Could not pay rent,,,,,
194,R_gWMN1szTunzJTZn,2025-07-17 11:42:52,37.924367,-122.362108,Meeker,address,37.912903,-122.3382429,2451.0,37.924367,-122.362108,1.0,Non-Binary/Other,26.0,,,,Asian,,,,1,4,8,9,5,6,11,7,12,3,10,2,Housing Type 2,Housing Type 2,Housing Type 2,Housing Type 2,Housing Type 2,Housing Type 1,Housing Type 2,Housing Type 2,Housing Type 2,Housing Type 2,Housing Type 1,Housing Type 2,Yes,Yes,Yes,Yes,Yes,Yes,Yes,Yes,Yes,Yes,Yes,Yes,,,,,,Eviction,,,
195,R_4LYMbMaAVd5G3o0,2025-07-17 11:42:55,37.92433,-122.362127,,missing,,,,37.92433,-122.362127,1.0,Female,26.0,,Hispanic,,,,No Shelter/Outside,No Shelter/Outside,1,4,11,9,6,2,7,5,10,8,12,3,Housing Type 2,Housing Type 2,Housing Type 2,Housing Type 2,Housing Type 2,Housing Type 2,Housing Type 2,Housing Type 2,Housing Type 2,Housing Type 2,Housing Type 2,Housing Type 2,Yes,No,No,No,No,No,No,No,No,No,No,No,,,,Could not pay rent,,,,,
196,R_hwD6fT6UMgnDByI,2025-07-17 11:42:56,37.931268,-122.364827,,missing,,,,37.931268,-122.364827,0.0,Male,42.0,,,,,,,,5,9,2,7,4,12,11,8,3,10,6,1,Housing Type 2,Housing Type 2,Housing Type 1,Housing Type 2,Housing Type 1,Housing Type 2,Housing Type 1,Housing Type 2,Housing Type 2,Housing Type 1,Housing Type 2,Housing Type 1,No,Yes,Yes,No,Yes,Yes,Yes,Yes,No,No,Yes,Yes,,,,,Rent increase,,,,
197,R_n8ggOri6tV6lzdF,2025-07-17 11:42:57,37.931333,-122.362537,8thstreet,area_vague,,,,37.931333,-122.362537,1.0,Male,57.0,,,Black,,,,,1,7,9,8,6,5,10,12,11,4,3,2,Housing Type 1,Housing Type 2,Housing Type 2,Housing Type 2,Housing Type 2,Housing Type 2,Housing Type 1,Housing Type 1,Housing Type 2,Housing Type 2,Housing Type 2,Housing Type 1,Yes,Yes,Yes,Yes,Yes,Yes,Yes,Yes,Yes,Yes,Yes,Yes,,,Divorce/breakup,,,,,,
198,R_mQwmP3bd6IrlMCr,2025-07-17 11:42:58,37.934915,-122.361677,,missing,,,,37.934915,-122.361677,0.0,Male,35.0,,Hispanic,,,,,,11,1,12,2,3,4,10,8,7,9,6,5,Housing Type 1,Housing Type 1,Housing Type 1,Housing Type 1,Housing Type 1,Housing Type 1,Housing Type 2,Housing Type 2,Housing Type 1,Housing Type 2,Housing Type 1,Housing Type 2,No,No,Yes,Yes,Yes,Yes,No,No,Yes,Yes,No,Yes,,,Divorce/breakup,,,,,,
199,R_0SwCRiwHePpz7Z8,2025-07-17 11:42:59,37.934918,-122.361713,,missing,,,,37.934918,-122.361713,1.0,Male,69.0,,Hispanic,,,,,,5,12,2,3,6,10,9,7,11,4,8,1,Housing Type 1,Housing Type 1,Housing Type 2,Housing Type 2,Housing Type 1,Housing Type 1,Housing Type 2,Housing Type 1,Housing Type 2,Housing Type 1,Housing Type 1,Housing Type 2,Yes,Yes,Yes,No,Yes,Yes,Yes,Yes,No,No,Yes,No,,,,,Rent increase,,,,
200,R_hE7UIG7Xj1fVaIY,2025-07-17 11:43:00,37.934958,-122.361693,,missing,,,,37.934958,-122.361693,1.0,Male,50.0,,,,Asian,,,,4,10,8,6,3,9,5,7,2,12,11,1,Housing Type 1,Housing Type 2,Housing Type 1,Housing Type 1,Housing Type 1,Housing Type 1,Housing Type 1,Housing Type 1,Housing Type 1,Housing Type 1,Housing Type 1,Housing Type 1,Yes,Yes,Yes,Yes,No,Yes,No,Yes,Yes,Yes,No,Yes,,Chose to leave due to issues with family/friend/roommate,,,,,,,
201,R_3PTbQ17i6mkS6fS,2025-07-17 11:43:01,37.934913,-122.361703,,missing,,,,37.934913,-122.361703,1.0,Female,34.0,,,,Asian,,,No Shelter/Outside,4,12,10,5,1,6,11,7,8,3,2,9,Housing Type 1,Housing Type 1,Housing Type 2,Housing Type 1,Housing Type 1,Housing Type 2,Housing Type 2,Housing Type 2,Housing Type 1,Housing Type 2,Housing Type 2,Housing Type 1,No,Yes,No,Yes,Yes,Yes,Yes,Yes,Yes,Yes,No,Yes,,,,Could not pay rent,,,,,
202,R_fQ1H1XQVAsVmAHt,2025-07-17 11:43:02,37.93491,-122.361712,,missing,,,,37.93491,-122.361712,1.0,Male,36.0,,Hispanic,,,,,,10,1,12,8,6,3,7,5,2,9,4,11,Housing Type 1,Housing Type 2,Housing Type 2,Housing Type 1,Housing Type 2,Housing Type 1,Housing Type 1,Housing Type 1,Housing Type 2,Housing Type 1,Housing Type 1,Housing Type 2,No,No,Yes,Yes,Yes,Yes,No,Yes,Yes,No,No,No,"Family/friend/roommate asked me to leave (dispute, needed room, etc.)",,,,,,,,
203,R_c3J3eCmpkU6dDs2,2025-07-17 11:43:03,37.944342,-122.349562,23rdst,area_vague,,,,37.944342,-122.349562,1.0,Non-Binary/Other,38.0,,Hispanic,,,,,No Shelter/Outside,1,5,12,7,8,9,11,3,4,10,6,2,Housing Type 2,Housing Type 1,Housing Type 1,Housing Type 2,Housing Type 1,Housing Type 2,Housing Type 2,Housing Type 1,Housing Type 1,Housing Type 1,Housing Type 2,Housing Type 2,Yes,Yes,Yes,Yes,Yes,Yes,Yes,Yes,Yes,Yes,Yes,Yes,,,,,,,Released from jail/prison,,
204,R_gzYnHpW1D65eIIE,2025-07-17 11:43:04,37.94425,-122.349597,23st,junk,,,,37.94425,-122.349597,1.0,Female,38.0,,Hispanic,,,,,No Shelter/Outside,6,4,8,2,5,3,12,1,7,9,10,11,Housing Type 2,Housing Type 1,Housing Type 1,Housing Type 2,Housing Type 2,Housing Type 1,Housing Type 1,Housing Type 1,Housing Type 1,Housing Type 2,Housing Type 2,Housing Type 1,Yes,Yes,Yes,Yes,Yes,Yes,Yes,Yes,Yes,Yes,Yes,Yes,,Chose to leave due to issues with family/friend/roommate,,,,,,,
205,R_lLPlroakFSCTzOu,2025-07-17 11:43:05,37.944235,-122.349667,23st,junk,,,,37.944235,-122.349667,0.0,Female,,,,Black,,,No Shelter/Outside,No Shelter/Outside,3,6,1,11,5,2,7,9,10,8,4,12,Housing Type 2,Housing Type 2,Housing Type 1,Housing Type 1,Housing Type 1,Housing Type 1,Housing Type 1,Housing Type 1,Housing Type 1,Housing Type 1,Housing Type 1,Housing Type 1,Yes,Yes,Yes,Yes,Yes,Yes,Yes,Yes,Yes,Yes,Yes,Yes,"Family/friend/roommate asked me to leave (dispute, needed room, etc.)",,,,,,,,
206,R_oOtvqxhkSA9EveX,2025-07-18 14:41:02,37.784702,-122.412014,"1599-1555 Yosemite Ave, San Francisco, CA 94124",area_vague,,,,37.784702,-122.412014,1.0,Male,55.0,,Hispanic,,,,No Shelter/Outside,No Shelter/Outside,12,3,5,2,10,6,1,8,7,9,4,11,Housing Type 2,Housing Type 1,Housing Type 1,Housing Type 1,Housing Type 1,Housing Type 1,Housing Type 2,Housing Type 2,Housing Type 1,Housing Type 1,Housing Type 1,Housing Type 2,Yes,Yes,Yes,Yes,Yes,Yes,Yes,Yes,Yes,Yes,Yes,Yes,,,,Could not pay rent,,,,,
207,R_d9FtIVDkyh7Md4y,2025-07-18 14:59:01,37.784709,-122.412014,Ellis,area_vague,,,,37.784709,-122.412014,1.0,Male,34.0,,,Black,,,No Shelter/Outside,No Shelter/Outside,10,5,6,3,2,9,1,11,7,12,8,4,Housing Type 1,Housing Type 2,Housing Type 1,Housing Type 2,Housing Type 2,Housing Type 2,Housing Type 2,Housing Type 2,Housing Type 2,Housing Type 1,Housing Type 2,Housing Type 1,Yes,Yes,Yes,Yes,Yes,Yes,Yes,Yes,Yes,Yes,Yes,Yes,,,Divorce/breakup,,,Eviction,,,
208,R_2Hic4JGmtKUjsnv,2025-07-18 15:23:01,37.78456,-122.411772,"1975 4th St, San Francisco, CA 94158",address,37.7647716,-122.3896641,2935.5,37.78456,-122.411772,1.0,Male,33.0,,,Black,,,,No Shelter/Outside,1,5,3,10,6,2,11,7,8,12,9,4,Housing Type 1,Housing Type 2,Housing Type 1,Housing Type 1,Housing Type 1,Housing Type 2,Housing Type 1,Housing Type 1,Housing Type 1,Housing Type 2,Housing Type 1,Housing Type 1,Yes,Yes,Yes,Yes,Yes,Yes,Yes,Yes,Yes,Yes,Yes,Yes,,,,Could not pay rent,,,,Other (Specify),Lost job
209,R_3qSQ16MzAYM96E6,2025-07-18 15:53:21,37.784702,-122.412018,"111 Fairmount Ave, Oakland, CA 94611",address,37.8167292,-122.2609187,13745.0,37.784702,-122.412018,0.0,Male,31.0,,,Black,,,,,1,6,9,2,10,5,7,3,4,11,8,12,Housing Type 2,Housing Type 2,Housing Type 1,Housing Type 2,Housing Type 1,Housing Type 2,Housing Type 2,Housing Type 2,Housing Type 2,Housing Type 1,Housing Type 2,Housing Type 1,Yes,Yes,Yes,Yes,Yes,Yes,Yes,Yes,Yes,Yes,Yes,Yes,,,,,,,,Other (Specify),Not on lease
210,R_dtCGW56At1fWWKh,2025-07-18 16:22:05,37.784745,-122.412051,   357 Ellis Street,address,37.7846891,-122.4120162,6.9,37.784745,-122.412051,0.0,Female,63.0,,,Black,,,,,1,3,2,12,5,10,8,7,6,11,9,4,Housing Type 2,Housing Type 1,Housing Type 1,Housing Type 2,Housing Type 1,Housing Type 1,Housing Type 1,Housing Type 2,Housing Type 2,Housing Type 2,Housing Type 1,Housing Type 2,No,Yes,Yes,Yes,No,Yes,Yes,Yes,Yes,Yes,Yes,Yes,,,,,,,,Other (Specify),Fired of theff and dirty living
211,R_oySrq63Fjk4kX70,2025-07-18 16:28:04,37.784708,-122.412018,"500 5th St, San Francisco, CA 94107",address,37.777653,-122.400262,1297.2,37.784708,-122.412018,0.0,Male,57.0,,,,,,No Shelter/Outside,No Shelter/Outside,3,4,7,8,6,9,2,11,5,1,12,10,Housing Type 2,Housing Type 1,Housing Type 1,Housing Type 1,Housing Type 2,Housing Type 2,Housing Type 2,Housing Type 2,Housing Type 2,Housing Type 1,Housing Type 1,Housing Type 2,Yes,Yes,Yes,Yes,Yes,Yes,Yes,Yes,Yes,Yes,Yes,Yes,,,,,,,,Other (Specify),Voluntary
212,R_iBdNRxi0nCSpX7S,2025-07-18 16:47:24,37.784717,-122.412029,"610 Leavenworth St, San Francisco, CA 94109",address,37.7866987,-122.4147372,324.3,37.784717,-122.412029,0.0,Male,33.0,White,,,,,No Shelter/Outside,No Shelter/Outside,1,11,8,2,9,3,4,10,6,12,5,7,Housing Type 2,Housing Type 2,Housing Type 2,Housing Type 2,Housing Type 2,Housing Type 1,Housing Type 1,Housing Type 2,Housing Type 1,Housing Type 2,Housing Type 1,Housing Type 2,Yes,Yes,Yes,Yes,No,Yes,Yes,Yes,Yes,Yes,Yes,Yes,,Chose to leave due to issues with family/friend/roommate,,,,Eviction,,,
213,R_0VMwKZvjU1SQxqz,2025-07-18 16:50:04,37.784708,-122.412009,"37.7851996, -122.4106265",coord_decimal,37.7851996,-122.4106265,133.2,37.784708,-122.412009,1.0,Female,44.0,White,,,,,No Shelter/Outside,No Shelter/Outside,3,5,10,1,8,11,12,4,7,9,6,2,Housing Type 1,Housing Type 2,Housing Type 2,Housing Type 2,Housing Type 1,Housing Type 1,Housing Type 2,Housing Type 1,Housing Type 1,Housing Type 2,Housing Type 2,Housing Type 1,Yes,Yes,Yes,Yes,Yes,Yes,Yes,Yes,Yes,Yes,Yes,Yes,,,,,,,,Other (Specify),Partner death
214,R_gFNDFj2o7WqXl8p,2025-07-18 17:10:25,37.784703,-122.412027,711 post streer san francisco,area_vague,,,,37.784703,-122.412027,0.0,Female,59.0,,,Black,,,No Shelter/Outside,No Shelter/Outside,3,5,1,12,6,7,8,4,9,11,10,2,Housing Type 1,Housing Type 1,Housing Type 2,Housing Type 2,Housing Type 1,Housing Type 2,Housing Type 2,Housing Type 1,Housing Type 2,Housing Type 1,Housing Type 2,Housing Type 2,Yes,Yes,Yes,Yes,Yes,Yes,Yes,Yes,Yes,Yes,Yes,Yes,,,,Could not pay rent,,,,,
215,R_f6JZDj7SVd0M8ee,2025-07-18 17:16:04,37.78469,-122.412008,"37.7851996, -122.4106265",coord_decimal,37.7851996,-122.4106265,134.0,37.78469,-122.412008,1.0,Male,39.0,,,Black,,,No Shelter/Outside,No Shelter/Outside,3,8,12,2,4,10,9,1,11,5,7,6,Housing Type 1,Housing Type 1,Housing Type 1,Housing Type 1,Housing Type 2,Housing Type 1,Housing Type 1,Housing Type 2,Housing Type 2,Housing Type 2,Housing Type 1,Housing Type 1,Yes,Yes,Yes,Yes,Yes,Yes,Yes,Yes,Yes,Yes,Yes,Yes,,,,,,Eviction,,,
216,R_nvAGzSgfg7aeE4J,2025-07-25 11:21:55,37.972407,-122.342767,"23rd & visalia richmond, ca",address,37.946701,-122.3555913,3071.5,37.972407,-122.342767,1.0,Female,34.0,,,,Asian,,,,10,5,7,4,3,2,12,8,6,11,9,1,Housing Type 1,Housing Type 1,Housing Type 1,Housing Type 1,Housing Type 1,Housing Type 1,Housing Type 2,Housing Type 2,Housing Type 1,Housing Type 1,Housing Type 1,Housing Type 1,Yes,Yes,Yes,Yes,Yes,Yes,Yes,Yes,Yes,Yes,Yes,Yes,"Family/friend/roommate asked me to leave (dispute, needed room, etc.)",,,Could not pay rent,,,Released from jail/prison,,
217,R_jB9fEXMelujcvLR,2025-07-25 11:21:56,37.972438,-122.342478,Rodeway,address,37.7830249,-122.4220225,22188.7,37.972438,-122.342478,1.0,Female,30.0,,Hispanic,,,,No Shelter/Outside,No Shelter/Outside,5,8,3,1,2,6,10,4,9,7,12,11,Housing Type 1,Housing Type 1,Housing Type 1,Housing Type 1,Housing Type 1,Housing Type 2,Housing Type 1,Housing Type 2,Housing Type 2,Housing Type 1,Housing Type 1,Housing Type 2,Yes,Yes,Yes,Yes,Yes,Yes,Yes,Yes,Yes,Yes,Yes,Yes,"Family/friend/roommate asked me to leave (dispute, needed room, etc.)",Chose to leave due to issues with family/friend/roommate,,Could not pay rent,,,,,
218,R_fnkrEKseqscO3kg,2025-07-25 11:21:57,37.955482,-122.335647,,missing,,,,37.955482,-122.335647,1.0,Female,24.0,,Hispanic,,,,,,10,3,4,12,5,9,7,11,1,6,8,2,Housing Type 1,Housing Type 1,Housing Type 1,Housing Type 1,Housing Type 1,Housing Type 1,Housing Type 1,Housing Type 1,Housing Type 1,Housing Type 1,Housing Type 1,Housing Type 1,Yes,Yes,Yes,Yes,Yes,Yes,Yes,Yes,Yes,Yes,Yes,Yes,,,,,,,Released from jail/prison,,
219,R_7iuOiCWpOzm4y7k,2025-07-25 11:21:58,37.944495,-122.349843,20 gaynor,address,37.9443707,-122.3431649,585.8,37.944495,-122.349843,0.0,Transgender Man,37.0,,,,Asian,,No Shelter/Outside,No Shelter/Outside,5,8,1,6,10,9,12,2,11,7,3,4,Housing Type 1,Housing Type 1,Housing Type 1,Housing Type 1,Housing Type 1,Housing Type 1,Housing Type 1,Housing Type 2,Housing Type 1,Housing Type 1,Housing Type 1,Housing Type 1,Yes,Yes,No,No,No,No,No,Yes,Yes,Yes,Yes,Yes,"Family/friend/roommate asked me to leave (dispute, needed room, etc.)",,,,,,,,
220,R_9lHUUHWupGGzwKI,2025-07-25 11:21:59,37.94425,-122.349627,,missing,,,,37.94425,-122.349627,0.0,Male,35.0,,Hispanic,,,,,No Shelter/Outside,8,9,7,5,4,11,12,10,3,6,1,2,Housing Type 1,Housing Type 2,Housing Type 1,Housing Type 1,Housing Type 2,Housing Type 1,Housing Type 2,Housing Type 1,Housing Type 1,Housing Type 1,Housing Type 1,Housing Type 1,Yes,Yes,No,Yes,Yes,Yes,Yes,Yes,Yes,Yes,Yes,Yes,,,Divorce/breakup,,,,,,
221,R_gvWJbJgioklUz1V,2025-07-25 11:22:00,37.94418,-122.349658,20 gaynor,address,37.9443707,-122.3431649,569.8,37.94418,-122.349658,1.0,Male,25.0,,,Black,,,,,12,7,11,2,8,10,1,3,5,6,4,9,Housing Type 2,Housing Type 1,Housing Type 2,Housing Type 1,Housing Type 1,Housing Type 2,Housing Type 2,Housing Type 1,Housing Type 1,Housing Type 1,Housing Type 1,Housing Type 2,Yes,Yes,No,Yes,Yes,No,Yes,Yes,No,No,Yes,No,,Chose to leave due to issues with family/friend/roommate,,,,,,,
222,R_g9iQbdwhVILt7cV,2025-07-25 11:22:01,37.946885,-122.348273,23rd,address,37.7553756,-122.3880198,21578.9,37.946885,-122.348273,1.0,Male,55.0,,Hispanic,,,,,,4,7,9,5,12,3,2,11,10,8,6,1,Housing Type 1,Housing Type 1,Housing Type 1,Housing Type 2,Housing Type 2,Housing Type 1,Housing Type 2,Housing Type 1,Housing Type 1,Housing Type 1,Housing Type 1,Housing Type 1,Yes,No,Yes,No,Yes,Yes,No,Yes,Yes,Yes,Yes,Yes,,,,Could not pay rent,,,,,
223,R_kAjLtyT0qQi53a0,2025-07-25 11:22:02,37.946578,-122.347577,Cutting,address,38.4844901,-121.5380613,92624.1,37.946578,-122.347577,1.0,Female,33.0,White,,,,American Indian,,,2,1,4,12,11,9,3,6,10,7,5,8,Housing Type 1,Housing Type 2,Housing Type 1,Housing Type 2,Housing Type 1,Housing Type 1,Housing Type 2,Housing Type 1,Housing Type 1,Housing Type 2,Housing Type 2,Housing Type 1,Yes,Yes,Yes,Yes,Yes,Yes,Yes,Yes,Yes,Yes,Yes,Yes,,,Divorce/breakup,,,,,,
224,R_fzALG57iIqHHsF7,2025-07-25 11:22:03,37.934918,-122.361827,8th street,address,37.7756897,-122.4109568,18223.2,37.934918,-122.361827,0.0,Transgender Woman,55.0,,,,,,,,11,3,1,8,12,5,9,10,7,6,4,2,Housing Type 2,Housing Type 1,Housing Type 1,Housing Type 1,Housing Type 1,Housing Type 1,Housing Type 1,Housing Type 1,Housing Type 1,Housing Type 1,Housing Type 1,Housing Type 1,Yes,Yes,Yes,Yes,Yes,Yes,Yes,Yes,Yes,Yes,Yes,Yes,,Chose to leave due to issues with family/friend/roommate,,,,,,,
225,R_7GayuJS43rMGwpm,2025-07-25 11:22:04,37.934913,-122.361718,,missing,,,,37.934913,-122.361718,0.0,Female,42.0,,Hispanic,,,,,,9,12,4,10,7,11,6,2,5,8,3,1,Housing Type 2,Housing Type 2,Housing Type 1,Housing Type 1,Housing Type 1,Housing Type 1,Housing Type 1,Housing Type 2,Housing Type 1,Housing Type 1,Housing Type 1,Housing Type 1,Yes,Yes,Yes,Yes,Yes,Yes,Yes,Yes,Yes,Yes,Yes,Yes,,Chose to leave due to issues with family/friend/roommate,,,,,,,
226,R_0GXiPsp8tmuVepX,2025-07-25 14:46:09,37.785118,-122.411525,3415 west st in oakland ca,area_vague,,,,37.785118,-122.411525,0.0,Male,53.0,,,Black,,,,No Shelter/Outside,1,4,5,12,8,9,6,10,3,11,7,2,Housing Type 2,Housing Type 1,Housing Type 1,Housing Type 1,Housing Type 1,Housing Type 1,Housing Type 1,Housing Type 2,Housing Type 2,Housing Type 1,Housing Type 2,Housing Type 1,Yes,Yes,Yes,Yes,Yes,Yes,Yes,Yes,Yes,No,Yes,No,,,,,,,,Other (Specify),Timed out of transitional housing znd no hekp to find other housing
227,R_8YS7HJEQFGsBJE0,2025-07-25 15:03:30,37.784917,-122.412075,"357 Ellis St, San Francisco, CA 94102",address,37.7846891,-122.4120162,25.9,37.784917,-122.412075,1.0,Male,49.0,White,,,,,No Shelter/Outside,No Shelter/Outside,2,4,6,1,7,11,3,9,10,8,12,5,Housing Type 2,Housing Type 2,Housing Type 2,Housing Type 1,Housing Type 1,Housing Type 1,Housing Type 2,Housing Type 1,Housing Type 1,Housing Type 1,Housing Type 1,Housing Type 2,Yes,Yes,Yes,Yes,No,No,No,No,Yes,No,No,Yes,,,,Could not pay rent,,,,,
228,R_lmKGb44rTZpmooT,2025-07-25 15:32:08,37.784712,-122.412019,901 mission streetsan francisco,area_vague,,,,37.784712,-122.412019,0.0,Male,57.0,White,,,,,No Shelter/Outside,No Shelter/Outside,3,5,8,9,6,11,2,7,1,12,10,4,Housing Type 2,Housing Type 2,Housing Type 1,Housing Type 2,Housing Type 1,Housing Type 2,Housing Type 1,Housing Type 2,Housing Type 2,Housing Type 1,Housing Type 1,Housing Type 2,Yes,Yes,Yes,Yes,Yes,Yes,Yes,Yes,Yes,Yes,Yes,Yes,"Family/friend/roommate asked me to leave (dispute, needed room, etc.)",,,,,,,,
229,R_9SesYWHjq92k7ab,2025-07-25 15:34:31,37.784726,-122.412027,"357 Ellis St, San Francisco, CA 94102",address,37.7846891,-122.4120162,4.2,37.784726,-122.412027,1.0,Male,33.0,White,,,,,No Shelter/Outside,No Shelter/Outside,4,5,12,1,7,3,2,9,6,11,10,8,Housing Type 2,Housing Type 1,Housing Type 2,Housing Type 1,Housing Type 1,Housing Type 1,Housing Type 1,Housing Type 1,Housing Type 1,Housing Type 2,Housing Type 2,Housing Type 2,Yes,Yes,Yes,Yes,Yes,Yes,Yes,Yes,Yes,Yes,Yes,Yes,,,,,,,Released from jail/prison,,
230,R_169c7gYvsN93jEt,2025-07-25 15:50:30,37.784703,-122.412024,"357 Ellis St, San Francisco, CA 94102",address,37.7846891,-122.4120162,1.7,37.784703,-122.412024,0.0,Male,30.0,,Hispanic,,,,No Shelter/Outside,No Shelter/Outside,1,2,7,8,5,9,6,10,3,4,11,12,Housing Type 2,Housing Type 1,Housing Type 2,Housing Type 1,Housing Type 1,Housing Type 1,Housing Type 2,Housing Type 2,Housing Type 1,Housing Type 2,Housing Type 1,Housing Type 1,Yes,Yes,Yes,Yes,Yes,Yes,Yes,Yes,Yes,Yes,Yes,Yes,,,,,,,,Other (Specify),Substance abuse
231,R_lakucnlQfiESs51,2025-07-25 15:53:08,37.784722,-122.412032,Bayview and Ceasar Chavez in San Francisco,area_vague,,,,37.784722,-122.412032,0.0,Male,49.0,White,,,,,,No Shelter/Outside,7,3,6,12,5,4,1,10,2,11,9,8,Housing Type 2,Housing Type 2,Housing Type 1,Housing Type 1,Housing Type 1,Housing Type 1,Housing Type 2,Housing Type 1,Housing Type 2,Housing Type 2,Housing Type 2,Housing Type 2,Yes,Yes,Yes,Yes,Yes,Yes,Yes,Yes,Yes,Yes,Yes,Yes,"Family/friend/roommate asked me to leave (dispute, needed room, etc.)",Chose to leave due to issues with family/friend/roommate,Divorce/breakup,Could not pay rent,,Eviction,Released from jail/prison,,
232,R_1FrOV4gRGrtWA4K,2025-07-25 16:09:58,37.784699,-122.412029,"99-35 San Bruno Ave, San Francisco, CA 94103",address,37.7690167,-122.4058946,1825.2,37.784699,-122.412029,0.0,Male,57.0,White,,,,,No Shelter/Outside,No Shelter/Outside,7,8,6,3,2,12,4,9,5,11,10,1,Housing Type 2,Housing Type 2,Housing Type 2,Housing Type 1,Housing Type 1,Housing Type 1,Housing Type 1,Housing Type 2,Housing Type 1,Housing Type 2,Housing Type 1,Housing Type 2,Yes,Yes,Yes,Yes,Yes,Yes,Yes,Yes,Yes,Yes,Yes,Yes,,,,,,Eviction,,,
233,R_mWEJU6V9s7P6iFQ,2025-07-25 16:13:08,37.784732,-122.412026,600 25th st san francisco ca,address,37.7530836,-122.3848957,4251.0,37.784732,-122.412026,0.0,Male,44.0,,,Black,,,,No Shelter/Outside,1,7,6,10,4,8,3,12,5,9,11,2,Housing Type 1,Housing Type 1,Housing Type 1,Housing Type 2,Housing Type 1,Housing Type 2,Housing Type 2,Housing Type 2,Housing Type 1,Housing Type 2,Housing Type 2,Housing Type 1,Yes,Yes,Yes,Yes,Yes,Yes,Yes,Yes,Yes,Yes,Yes,Yes,"Family/friend/roommate asked me to leave (dispute, needed room, etc.)",Chose to leave due to issues with family/friend/roommate,,,,,,,
234,R_af7goFiS725GwUm,2025-07-26 21:53:37,37.821417,-122.287117,"37.8217388, -122.2877575",coord_decimal,37.8217388,-122.2877575,66.7,37.821417,-122.287117,1.0,Male,70.0,,,Black,,,,,1,6,11,2,12,10,4,8,3,5,9,7,Housing Type 1,Housing Type 1,Housing Type 2,Housing Type 2,Housing Type 1,Housing Type 1,Housing Type 1,Housing Type 1,Housing Type 2,Housing Type 1,Housing Type 1,Housing Type 2,Yes,Yes,Yes,Yes,Yes,Yes,Yes,Yes,No,No,No,No,,,,,,,,Other (Specify),Mom passed away
235,R_b312V7qYApV8YrU,2025-07-26 21:53:38,37.822253,-122.287508," 37.8217388, -122.2877575",coord_decimal,37.8217388,-122.2877575,61.2,37.822253,-122.287508,1.0,Male,49.0,,,,,,,No Shelter/Outside,3,4,12,5,10,1,8,2,6,9,11,7,Housing Type 2,Housing Type 1,Housing Type 1,Housing Type 1,Housing Type 2,Housing Type 1,Housing Type 1,Housing Type 2,Housing Type 1,Housing Type 1,Housing Type 2,Housing Type 1,Yes,Yes,Yes,Yes,Yes,Yes,Yes,Yes,No,Yes,No,No,,,,,,,Released from jail/prison,,
236,R_2MZvkfA1Jtkf6KH,2025-07-26 21:53:39,37.822253,-122.287558,"37.8217388, -122.2877575",coord_decimal,37.8217388,-122.2877575,59.8,37.822253,-122.287558,0.0,Female,37.0,,,,,,,,10,3,6,4,12,11,5,8,9,1,7,2,Housing Type 1,Housing Type 2,Housing Type 1,Housing Type 1,Housing Type 2,Housing Type 1,Housing Type 2,Housing Type 2,Housing Type 2,Housing Type 1,Housing Type 2,Housing Type 2,Yes,No,Yes,Yes,No,Yes,Yes,Yes,No,No,No,No,,,,,,Eviction,,,
237,R_5U7vmIvkCxMoIj0,2025-07-26 21:53:40,37.822295,-122.287445,"37.8217388, -122.2877575",coord_decimal,37.8217388,-122.2877575,67.7,37.822295,-122.287445,1.0,Male,45.0,White,,,,,,,3,7,11,4,5,2,9,6,8,12,10,1,Housing Type 2,Housing Type 1,Housing Type 1,Housing Type 1,Housing Type 1,Housing Type 2,Housing Type 2,Housing Type 2,Housing Type 1,Housing Type 2,Housing Type 2,Housing Type 1,Yes,Yes,Yes,Yes,Yes,Yes,Yes,Yes,Yes,Yes,Yes,Yes,,,,Could not pay rent,,,,Other (Specify),Medical issues stopped workimb
238,R_6ayCUlJ24u1ZdS5,2025-07-26 21:53:41,37.822627,-122.287628,"37.8217388, -122.2877575",coord_decimal,37.8217388,-122.2877575,99.4,37.822627,-122.287628,1.0,Male,41.0,,,Black,,,,,4,1,10,6,11,8,3,7,5,12,2,9,Housing Type 2,Housing Type 1,Housing Type 1,Housing Type 1,Housing Type 1,Housing Type 1,Housing Type 1,Housing Type 2,Housing Type 1,Housing Type 1,Housing Type 1,Housing Type 1,Yes,No,No,No,No,Yes,No,Yes,No,No,No,No,,Chose to leave due to issues with family/friend/roommate,,,,,,,
239,R_aVRlNJzUFHcZJPf,2025-07-27 23:52:36,37.818963,-122.276567,"37.8200346, -122.2765402",coord_decimal,37.8200346,-122.2765402,119.2,37.818963,-122.276567,0.0,Male,41.0,,,Black,,,,,2,9,10,5,12,7,3,6,8,11,1,4,Housing Type 2,Housing Type 2,Housing Type 2,Housing Type 2,Housing Type 2,Housing Type 1,Housing Type 2,Housing Type 1,Housing Type 1,Housing Type 2,Housing Type 1,Housing Type 2,No,No,Yes,No,No,Yes,No,Yes,No,No,No,No,,,,,,,,Other (Specify),Housed burned down
240,R_41mVysmU33icc9B,2025-07-27 23:52:37,37.823237,-122.266312,"37.8188962, -122.2760618",coord_decimal,37.8188962,-122.2760618,983.0,37.823237,-122.266312,1.0,Male,57.0,,,Black,,,,,7,5,6,2,4,12,9,8,11,1,10,3,Housing Type 2,Housing Type 2,Housing Type 2,Housing Type 2,Housing Type 1,Housing Type 2,Housing Type 2,Housing Type 1,Housing Type 2,Housing Type 2,Housing Type 1,Housing Type 1,Yes,Yes,Yes,Yes,Yes,Yes,No,Yes,No,Yes,Yes,Yes,,,,,,,,Other (Specify),Wife moved and was wupposed to come back
241,R_bRWVuJdkOudJbnv,2025-07-27 23:52:38,37.823438,-122.266142,"37.8188962, -122.2760618",coord_decimal,37.8188962,-122.2760618,1007.1,37.823438,-122.266142,1.0,Female,39.0,White,,,,,,,1,10,5,3,2,8,7,11,4,12,9,6,Housing Type 1,Housing Type 2,Housing Type 2,Housing Type 2,Housing Type 2,Housing Type 2,Housing Type 2,Housing Type 1,Housing Type 2,Housing Type 2,Housing Type 2,Housing Type 2,Yes,Yes,Yes,Yes,Yes,Yes,Yes,Yes,No,Yes,Yes,Yes,,,,,,,,Other (Specify),Significant other died
242,R_cUCfmzneYbK3DXr,2025-07-27 23:52:39,37.823975,-122.265943,"37.8188962, -122.2760618",coord_decimal,37.8188962,-122.2760618,1053.0,37.823975,-122.265943,0.0,Male,33.0,,Hispanic,,,,,,1,5,10,3,6,8,11,9,4,2,12,7,Housing Type 2,Housing Type 2,Housing Type 1,Housing Type 1,Housing Type 2,Housing Type 2,Housing Type 1,Housing Type 1,Housing Type 1,Housing Type 1,Housing Type 1,Housing Type 1,No,Yes,Yes,Yes,Yes,Yes,Yes,Yes,Yes,Yes,Yes,Yes,,,,,,,,Other (Specify),Relapsed
243,R_hBnRyW1yis03BdP,2025-07-27 23:52:40,,,"37.8188962, -122.2760618",coord_decimal,37.8188962,-122.2760618,,37.8188962,-122.2760618,0.0,Male,45.0,,,Black,,,,,3,5,6,2,10,9,1,8,4,11,12,7,Housing Type 2,Housing Type 2,Housing Type 2,Housing Type 2,Housing Type 2,Housing Type 2,Housing Type 2,Housing Type 2,Housing Type 1,Housing Type 2,Housing Type 1,Housing Type 1,Yes,Yes,Yes,No,Yes,Yes,Yes,Yes,Yes,Yes,Yes,Yes,,,,,,,,Other (Specify),Roommate move
244,R_34amuICPKto8y1C,2025-07-27 23:52:41,,,"37.8188962, -122.2760618",coord_decimal,37.8188962,-122.2760618,,37.8188962,-122.2760618,0.0,Male,43.0,White,,,,,,,10,3,6,9,5,4,2,11,7,8,12,1,Housing Type 1,Housing Type 2,Housing Type 2,Housing Type 2,Housing Type 1,Housing Type 2,Housing Type 2,Housing Type 1,Housing Type 2,Housing Type 2,Housing Type 2,Housing Type 1,Yes,No,No,Yes,No,Yes,Yes,Yes,Yes,Yes,Yes,Yes,,,,,Rent increase,,,,
245,R_1TzA0NwCgcl3BnO,2025-07-27 23:52:42,37.817458,-122.271385,"37.8188962, -122.2760618",coord_decimal,37.8188962,-122.2760618,440.8,37.817458,-122.271385,0.0,Male,62.0,,,Black,,,,,1,4,2,7,11,8,3,9,10,12,6,5,Housing Type 2,Housing Type 1,Housing Type 2,Housing Type 1,Housing Type 2,Housing Type 1,Housing Type 1,Housing Type 2,Housing Type 2,Housing Type 2,Housing Type 1,Housing Type 2,Yes,Yes,Yes,No,Yes,No,Yes,Yes,No,Yes,Yes,Yes,,,,,,Eviction,,,
246,R_0VzHOzGc8GPBEsY,2025-07-27 23:52:43,37.817393,-122.271467,"37.8173068, -122.2715614",coord_decimal,37.8173068,-122.2715614,12.7,37.817393,-122.271467,,Male,60.0,,,Black,,,,,1,6,5,7,9,12,4,3,10,8,11,2,Housing Type 1,Housing Type 2,Housing Type 2,Housing Type 2,Housing Type 2,Housing Type 2,Housing Type 2,Housing Type 1,Housing Type 2,Housing Type 1,Housing Type 1,Housing Type 1,Yes,Yes,Yes,Yes,Yes,Yes,Yes,Yes,Yes,No,No,No,,,,Could not pay rent,,,,,
247,R_kDE8w0oGP0KiG2R,2025-07-27 23:52:44,37.817368,-122.271435,"37.8173068, -122.2715614",coord_decimal,37.8173068,-122.2715614,13.0,37.817368,-122.271435,0.0,Male,45.0,,,Black,,,,,7,9,3,4,5,11,2,8,1,12,10,6,Housing Type 1,Housing Type 2,Housing Type 1,Housing Type 1,Housing Type 2,Housing Type 1,Housing Type 1,Housing Type 1,Housing Type 1,Housing Type 1,Housing Type 1,Housing Type 2,Yes,Yes,Yes,Yes,Yes,No,Yes,No,Yes,Yes,Yes,No,"Family/friend/roommate asked me to leave (dispute, needed room, etc.)",,,,,,,,
248,R_4qmDrWYTVu8odoI,2025-07-27 23:52:45,37.817038,-122.27195,"37.8173068, -122.2715614",coord_decimal,37.8173068,-122.2715614,45.4,37.817038,-122.27195,0.0,Male,51.0,,,Black,,,,,3,12,8,2,10,7,1,11,4,9,6,5,Housing Type 2,Housing Type 1,Housing Type 1,Housing Type 1,Housing Type 2,Housing Type 1,Housing Type 2,Housing Type 2,Housing Type 1,Housing Type 1,Housing Type 2,Housing Type 2,Yes,Yes,Yes,Yes,Yes,Yes,Yes,Yes,Yes,Yes,Yes,Yes,,,,,,,,Other (Specify),Timed out
249,R_nCsE42N9tDCSxBz,2025-07-27 23:52:46,37.816962,-122.271982,"37.8173068, -122.2715614",coord_decimal,37.8173068,-122.2715614,53.2,37.816962,-122.271982,0.0,Male,46.0,White,,,,,No Shelter/Outside,No Shelter/Outside,1,6,10,5,4,2,8,9,7,12,11,3,Housing Type 1,Housing Type 1,Housing Type 2,Housing Type 1,Housing Type 1,Housing Type 2,Housing Type 2,Housing Type 2,Housing Type 1,Housing Type 1,Housing Type 2,Housing Type 1,Yes,Yes,Yes,Yes,Yes,Yes,Yes,Yes,Yes,Yes,Yes,Yes,,,,,,,,Other (Specify),Headbutted someone
250,R_gCoqh2TWUGM6nf1,2025-07-27 23:52:47,37.817003,-122.272257,"37.8173068, -122.2715614",coord_decimal,37.8173068,-122.2715614,69.8,37.817003,-122.272257,0.0,Male,52.0,,,Black,,,,No Shelter/Outside,1,3,10,4,8,7,5,9,2,12,11,6,Housing Type 2,Housing Type 1,Housing Type 2,Housing Type 2,Housing Type 1,Housing Type 1,Housing Type 1,Housing Type 1,Housing Type 1,Housing Type 1,Housing Type 2,Housing Type 2,Yes,Yes,Yes,Yes,Yes,Yes,Yes,Yes,Yes,No,Yes,Yes,,,,,,Eviction,,,
251,R_fA1KmLLAfjJteCa,2025-07-27 23:53:06,37.818918,-122.276558,No,junk,,,,37.818918,-122.276558,0.0,Female,28.0,,,Black,,,,No Shelter/Outside,6,5,8,10,3,4,2,11,7,9,12,1,Housing Type 2,Housing Type 1,Housing Type 1,Housing Type 1,Housing Type 2,Housing Type 1,Housing Type 1,Housing Type 1,Housing Type 1,Housing Type 1,Housing Type 1,Housing Type 1,Yes,No,Yes,No,No,Yes,No,No,Yes,Yes,No,Yes,"Family/friend/roommate asked me to leave (dispute, needed room, etc.)",Chose to leave due to issues with family/friend/roommate,Divorce/breakup,,,,Released from jail/prison,,
252,R_730pSbMB8vBUuHe,2025-07-27 23:53:11,,,"37.8233181, -122.2649564",coord_decimal,37.8233181,-122.2649564,,37.8233181,-122.2649564,0.0,Female,45.0,,,Black,,,,No Shelter/Outside,12,11,3,5,8,10,7,6,9,4,1,2,Housing Type 1,Housing Type 2,Housing Type 2,Housing Type 2,Housing Type 1,Housing Type 1,Housing Type 1,Housing Type 2,Housing Type 1,Housing Type 2,Housing Type 1,Housing Type 1,Yes,Yes,Yes,Yes,Yes,Yes,Yes,Yes,Yes,Yes,Yes,Yes,"Family/friend/roommate asked me to leave (dispute, needed room, etc.)",,,,,,,,
253,R_3bx3dvSPQTsCmRN,2025-07-27 23:53:12,,,"37.8233181, -122.2649564",coord_decimal,37.8233181,-122.2649564,,37.8233181,-122.2649564,1.0,Female,43.0,White,,,,,,,3,2,10,6,9,5,12,8,4,11,7,1,Housing Type 2,Housing Type 1,Housing Type 2,Housing Type 1,Housing Type 1,Housing Type 2,Housing Type 1,Housing Type 2,Housing Type 2,Housing Type 1,Housing Type 2,Housing Type 1,Yes,Yes,Yes,Yes,Yes,Yes,Yes,Yes,Yes,Yes,Yes,Yes,"Family/friend/roommate asked me to leave (dispute, needed room, etc.)",,,,,,,,
254,R_lCMP4FUbCY1AD05,2025-07-27 23:53:14,,,"37.8233181, -122.2649564",coord_decimal,37.8233181,-122.2649564,,37.8233181,-122.2649564,1.0,Male,77.0,White,,,,,,,4,3,12,1,6,9,8,11,10,5,7,2,Housing Type 1,Housing Type 1,Housing Type 2,Housing Type 1,Housing Type 1,Housing Type 2,Housing Type 2,Housing Type 1,Housing Type 1,Housing Type 1,Housing Type 1,Housing Type 1,Yes,Yes,Yes,Yes,Yes,Yes,Yes,Yes,Yes,Yes,Yes,Yes,,,,,,Eviction,,,
255,R_0TWInO6l9ZrlGFQ,2025-07-27 23:53:16,,,"37.8233181, -122.2649564",coord_decimal,37.8233181,-122.2649564,,37.8233181,-122.2649564,0.0,Male,33.0,,Hispanic,,,,,,1,12,10,2,9,6,7,4,5,3,11,8,Housing Type 2,Housing Type 2,Housing Type 2,Housing Type 1,Housing Type 1,Housing Type 1,Housing Type 2,Housing Type 1,Housing Type 2,Housing Type 1,Housing Type 1,Housing Type 1,Yes,Yes,Yes,Yes,Yes,Yes,Yes,Yes,Yes,Yes,Yes,Yes,,,,,,Eviction,,,
256,R_nT7Q1bpJr4IHOZ6,2025-07-27 23:53:17,,,"37.8233181, -122.2649564",coord_decimal,37.8233181,-122.2649564,,37.8233181,-122.2649564,0.0,Male,54.0,,,Black,,,,,10,2,4,5,8,3,1,7,11,12,9,6,Housing Type 1,Housing Type 1,Housing Type 2,Housing Type 2,Housing Type 1,Housing Type 1,Housing Type 2,Housing Type 1,Housing Type 1,Housing Type 1,Housing Type 1,Housing Type 1,Yes,Yes,Yes,Yes,Yes,Yes,Yes,Yes,Yes,Yes,Yes,Yes,,,,,,Eviction,Released from jail/prison,,
257,R_ibtqMUjfGRTHSy6,2025-07-27 23:53:18,,,"37.8233181, -122.2649564",coord_decimal,37.8233181,-122.2649564,,37.8233181,-122.2649564,0.0,Female,35.0,,Hispanic,,,,,,10,6,11,1,12,4,5,9,7,8,2,3,Housing Type 1,Housing Type 1,Housing Type 2,Housing Type 1,Housing Type 1,Housing Type 2,Housing Type 2,Housing Type 1,Housing Type 1,Housing Type 1,Housing Type 1,Housing Type 1,Yes,Yes,Yes,Yes,Yes,Yes,Yes,Yes,Yes,Yes,Yes,Yes,"Family/friend/roommate asked me to leave (dispute, needed room, etc.)",,,,,,,,
258,R_2VFeqPRblOefxNT,2025-07-27 23:53:18,,,"37.8233181, -122.2649564",coord_decimal,37.8233181,-122.2649564,,37.8233181,-122.2649564,1.0,Male,61.0,,,Black,,,,,8,3,12,1,2,4,9,6,11,10,7,5,Housing Type 2,Housing Type 2,Housing Type 1,Housing Type 1,Housing Type 1,Housing Type 1,Housing Type 2,Housing Type 2,Housing Type 2,Housing Type 1,Housing Type 2,Housing Type 1,No,No,Yes,Yes,No,No,Yes,Yes,No,No,Yes,Yes,,,,,,,Released from jail/prison,,
259,R_6b1HOSpn9mL7FkP,2025-07-27 23:53:19,,,"37.8233181, -122.2649564",coord_decimal,37.8233181,-122.2649564,,37.8233181,-122.2649564,0.0,Male,27.0,,,Black,,,,,4,2,12,6,9,7,3,8,1,10,5,11,Housing Type 2,Housing Type 1,Housing Type 1,Housing Type 1,Housing Type 2,Housing Type 2,Housing Type 2,Housing Type 1,Housing Type 1,Housing Type 1,Housing Type 2,Housing Type 1,Yes,Yes,Yes,Yes,Yes,Yes,Yes,Yes,Yes,Yes,Yes,Yes,,,,,,,,Other (Specify),Never
260,R_9rTGmNh6AJiFRWJ,2025-07-27 23:53:20,,,"37.8233181, -122.2649564",coord_decimal,37.8233181,-122.2649564,,37.8233181,-122.2649564,0.0,Male,54.0,,,Black,,,,,6,8,11,5,1,9,2,3,7,12,4,10,Housing Type 1,Housing Type 1,Housing Type 2,Housing Type 2,Housing Type 1,Housing Type 1,Housing Type 1,Housing Type 1,Housing Type 1,Housing Type 2,Housing Type 2,Housing Type 1,Yes,Yes,Yes,Yes,Yes,Yes,Yes,Yes,Yes,Yes,Yes,Yes,,,,,,,,Other (Specify),Never had housing
261,R_gT5CKFx2BVT7eR2,2025-07-27 23:53:22,,,"37.8164932, -122.2719355",coord_decimal,37.8164932,-122.2719355,,37.8164932,-122.2719355,1.0,Female,67.0,,,Black,,,,,4,7,2,1,6,9,5,11,12,10,8,3,Housing Type 1,Housing Type 2,Housing Type 1,Housing Type 1,Housing Type 1,Housing Type 2,Housing Type 2,Housing Type 1,Housing Type 1,Housing Type 1,Housing Type 1,Housing Type 1,Yes,Yes,Yes,Yes,Yes,Yes,Yes,Yes,Yes,Yes,Yes,Yes,"Family/friend/roommate asked me to leave (dispute, needed room, etc.)",,,,,,,,
262,R_hfSWjNWN5pVhoGX,2025-07-27 23:53:23,,,"37.8164932, -122.2719355",coord_decimal,37.8164932,-122.2719355,,37.8164932,-122.2719355,1.0,Male,,,,Black,,,,,7,1,8,10,11,3,2,6,5,12,9,4,Housing Type 2,Housing Type 1,Housing Type 2,Housing Type 2,Housing Type 1,Housing Type 1,Housing Type 1,Housing Type 2,Housing Type 1,Housing Type 1,Housing Type 1,Housing Type 1,Yes,Yes,Yes,Yes,Yes,Yes,Yes,Yes,Yes,Yes,Yes,Yes,"Family/friend/roommate asked me to leave (dispute, needed room, etc.)",,,,,,,,
263,R_bD5lbKzQ1t1mchB,2025-07-27 23:53:24,,,"37.8164932, -122.2719355",coord_decimal,37.8164932,-122.2719355,,37.8164932,-122.2719355,0.0,Male,43.0,,,Black,,,,,7,4,8,10,6,11,3,12,9,1,2,5,Housing Type 1,Housing Type 1,Housing Type 2,Housing Type 1,Housing Type 1,Housing Type 2,Housing Type 1,Housing Type 1,Housing Type 1,Housing Type 1,Housing Type 1,Housing Type 1,Yes,Yes,Yes,Yes,Yes,Yes,Yes,Yes,Yes,Yes,Yes,Yes,"Family/friend/roommate asked me to leave (dispute, needed room, etc.)",,,,,,,,
264,R_hXxF0NEa2VDahu2,2025-07-28 10:48:03,37.963367,-122.345927,No,junk,,,,37.963367,-122.345927,1.0,Female,32.0,White,,,,,,,4,2,5,3,12,1,7,11,8,9,10,6,Housing Type 1,Housing Type 1,Housing Type 1,Housing Type 1,Housing Type 2,Housing Type 1,Housing Type 1,Housing Type 1,Housing Type 1,Housing Type 2,Housing Type 1,Housing Type 2,No,No,Yes,Yes,No,Yes,No,Yes,Yes,No,Yes,Yes,,Chose to leave due to issues with family/friend/roommate,Divorce/breakup,,,,,,
265,R_mFaXGMY9nuPPq3b,2025-07-28 10:48:05,37.934868,-122.361647,,missing,,,,37.934868,-122.361647,1.0,Male,37.0,,Hispanic,,,,,No Shelter/Outside,8,2,5,10,6,9,11,4,7,12,3,1,Housing Type 1,Housing Type 2,Housing Type 1,Housing Type 2,Housing Type 2,Housing Type 2,Housing Type 2,Housing Type 1,Housing Type 1,Housing Type 1,Housing Type 1,Housing Type 1,Yes,Yes,Yes,Yes,Yes,Yes,Yes,Yes,Yes,Yes,Yes,Yes,,,,Could not pay rent,Rent increase,Eviction,,,
266,R_eCBy3Zq1B6vPdrZ,2025-07-28 10:48:06,37.934918,-122.361648,23rd st,address,37.7553756,-122.3880198,20098.1,37.934918,-122.361648,0.0,Male,32.0,,Hispanic,,,,,,1,3,9,8,10,12,11,4,5,7,6,2,Housing Type 1,Housing Type 1,Housing Type 1,Housing Type 1,Housing Type 2,Housing Type 2,Housing Type 1,Housing Type 2,Housing Type 1,Housing Type 1,Housing Type 1,Housing Type 1,No,No,No,Yes,Yes,Yes,No,Yes,Yes,No,No,Yes,"Family/friend/roommate asked me to leave (dispute, needed room, etc.)",,,,,,,,
267,R_nNEfPYyZRmWBFYt,2025-07-28 10:48:07,37.934893,-122.361667,,missing,,,,37.934893,-122.361667,1.0,Female,24.0,White,,,,,,,4,12,2,7,5,6,3,8,9,1,11,10,Housing Type 2,Housing Type 1,Housing Type 1,Housing Type 1,Housing Type 1,Housing Type 1,Housing Type 1,Housing Type 2,Housing Type 2,Housing Type 2,Housing Type 1,Housing Type 1,Yes,Yes,Yes,Yes,Yes,No,Yes,No,No,No,Yes,No,,,,Could not pay rent,,,,,
268,R_5UVPdERvFtoNZfQ,2025-07-28 10:48:08,37.934887,-122.361685,8th nevin,address,37.3124933,-121.9176139,79492.9,37.934887,-122.361685,1.0,Male,45.0,,Hispanic,,,,,,5,3,7,9,2,6,1,8,11,12,4,10,Housing Type 2,Housing Type 2,Housing Type 2,Housing Type 1,Housing Type 2,Housing Type 1,Housing Type 1,Housing Type 1,Housing Type 2,Housing Type 1,Housing Type 2,Housing Type 1,No,No,No,No,No,No,No,No,No,No,No,No,"Family/friend/roommate asked me to leave (dispute, needed room, etc.)",,,,,,,,
269,R_h0NDE9GTHbQBoUI,2025-07-28 10:48:09,37.934937,-122.361778,,missing,,,,37.934937,-122.361778,0.0,Female,27.0,,,Black,,,,,2,7,3,9,1,12,4,5,6,10,8,11,Housing Type 1,Housing Type 2,Housing Type 2,Housing Type 1,Housing Type 1,Housing Type 1,Housing Type 1,Housing Type 1,Housing Type 1,Housing Type 2,Housing Type 1,Housing Type 1,Yes,Yes,Yes,Yes,Yes,Yes,Yes,Yes,Yes,Yes,No,Yes,,,,Could not pay rent,,,,,
270,R_0A6OMyYfs8EGL15,2025-07-28 10:48:10,37.93492,-122.361703,Nevin,address,37.9362783,-122.3647119,304.0,37.93492,-122.361703,0.0,Female,34.0,,Hispanic,,,,,,8,10,9,12,1,5,7,11,6,3,4,2,Housing Type 1,Housing Type 2,Housing Type 2,Housing Type 2,Housing Type 2,Housing Type 2,Housing Type 1,Housing Type 2,Housing Type 2,Housing Type 1,Housing Type 2,Housing Type 1,No,No,No,No,No,No,No,No,No,No,No,No,,,Divorce/breakup,,,,,,
271,R_2ENRB86R4GY678o,2025-07-28 10:48:11,37.934892,-122.361717,Nevin,address,37.9362783,-122.3647119,304.5,37.934892,-122.361717,0.0,Male,44.0,,Hispanic,,,,No Shelter/Outside,,8,1,9,6,11,7,12,2,5,3,10,4,Housing Type 1,Housing Type 1,Housing Type 2,Housing Type 1,Housing Type 1,Housing Type 2,Housing Type 2,Housing Type 2,Housing Type 1,Housing Type 2,Housing Type 2,Housing Type 2,No,No,No,Yes,No,No,No,No,No,No,No,Yes,,,Divorce/breakup,,,,,,
272,R_b0pVLuwkd6dEMPq,2025-07-28 10:48:13,37.934875,-122.361678,Richmond,area_vague,,,,37.934875,-122.361678,0.0,Female,44.0,,Hispanic,,,,,,8,11,7,10,6,2,12,3,5,4,9,1,Housing Type 2,Housing Type 2,Housing Type 1,Housing Type 1,Housing Type 2,Housing Type 2,Housing Type 1,Housing Type 2,Housing Type 2,Housing Type 2,Housing Type 2,Housing Type 2,Yes,Yes,Yes,Yes,Yes,Yes,Yes,Yes,Yes,Yes,Yes,Yes,,,,,,,Released from jail/prison,,
273,R_b1vmADFIa4Nm210,2025-07-28 10:48:14,,,Hoffman,address,37.8892036,-121.6757138,,37.8892036,-121.6757138,1.0,Male,52.0,,,,Asian,,,,3,5,7,1,9,2,6,11,4,10,8,12,Housing Type 1,Housing Type 1,Housing Type 1,Housing Type 2,Housing Type 1,Housing Type 1,Housing Type 1,Housing Type 1,Housing Type 1,Housing Type 1,Housing Type 1,Housing Type 1,Yes,Yes,Yes,No,No,Yes,Yes,Yes,Yes,Yes,Yes,Yes,,,,Could not pay rent,,,,,
274,R_hmj4HnRFjt5g6S9,2025-07-28 10:48:15,37.922093,-122.342147,Hoffman,address,37.8892036,-121.6757138,58583.9,37.922093,-122.342147,0.0,Female,47.0,,,Black,,,,,11,10,4,7,8,1,6,5,2,12,3,9,Housing Type 1,Housing Type 1,Housing Type 2,Housing Type 2,Housing Type 1,Housing Type 1,Housing Type 1,Housing Type 1,Housing Type 2,Housing Type 2,Housing Type 2,Housing Type 1,No,No,No,No,No,No,No,No,No,Yes,No,No,,,,,,,,Other (Specify),Mom pass
275,R_dV3OwZHi4g3Hrpy,2025-07-28 10:48:16,37.922022,-122.342198,Hoffman,address,37.8892036,-121.6757138,58587.9,37.922022,-122.342198,1.0,Female,58.0,White,,,,,No Shelter/Outside,,12,2,7,4,9,5,3,11,8,1,10,6,Housing Type 1,Housing Type 1,Housing Type 2,Housing Type 1,Housing Type 1,Housing Type 2,Housing Type 1,Housing Type 2,Housing Type 2,Housing Type 1,Housing Type 2,Housing Type 1,Yes,Yes,No,Yes,Yes,Yes,Yes,No,No,Yes,Yes,No,,,,,Rent increase,,,,
276,R_jjDZISPPB7Gau58,2025-07-28 10:48:17,37.921928,-122.341772,Hoffman,address,37.8892036,-121.6757138,58550.0,37.921928,-122.341772,1.0,Male,57.0,White,,,,,,,,,,,,,,,,,,,Housing Type 1,Housing Type 2,Housing Type 1,Housing Type 1,Housing Type 2,Housing Type 1,Housing Type 2,Housing Type 1,Housing Type 2,Housing Type 1,Housing Type 1,Housing Type 1,Yes,Yes,Yes,Yes,Yes,Yes,Yes,Yes,Yes,Yes,Yes,Yes,,,,,Rent increase,,,,
277,R_e76Ar75WN0LPt0S,2025-07-28 10:48:18,37.927733,-122.369712,Main,area_vague,,,,37.927733,-122.369712,1.0,Male,44.0,,Hispanic,,,,,,1,5,11,6,8,10,7,9,2,4,12,3,Housing Type 2,Housing Type 2,Housing Type 2,Housing Type 1,Housing Type 2,Housing Type 1,Housing Type 2,Housing Type 2,,Housing Type 2,,,No,No,Yes,No,No,No,No,No,No,No,No,No,,,,,,,Released from jail/prison,,
278,R_kCQKnI06pK1MpCX,2025-07-28 10:48:19,37.944207,-122.349653,Gaynor,address,37.9443707,-122.3431649,569.2,37.944207,-122.349653,1.0,Non-Binary/Other,,,,,,,,,1,2,10,9,7,12,4,3,8,6,11,5,Housing Type 2,Housing Type 2,Housing Type 1,Housing Type 2,Housing Type 2,Housing Type 2,Housing Type 2,,Housing Type 1,Housing Type 2,,Housing Type 2,Yes,No,No,No,No,No,No,No,No,No,No,No,,,,Could not pay rent,,,,,
279,R_idiSJLKovUkvDlz,2025-07-28 10:48:20,37.94427,-122.349642,Gaynor,address,37.9443707,-122.3431649,568.1,37.94427,-122.349642,1.0,Female,,,,,,,,,3,8,6,11,5,12,1,9,7,10,2,4,Housing Type 2,Housing Type 1,Housing Type 2,Housing Type 2,Housing Type 1,Housing Type 2,Housing Type 2,Housing Type 2,Housing Type 2,Housing Type 2,Housing Type 1,Housing Type 2,No,No,No,No,No,No,No,No,No,No,No,No,,Chose to leave due to issues with family/friend/roommate,,,,,,,
280,R_8bzAiMconwEMbLb,2025-07-28 10:48:22,37.944182,-122.349608,Richmond,area_vague,,,,37.944182,-122.349608,0.0,Male,44.0,,,,Asian,,No Shelter/Outside,No Shelter/Outside,9,4,2,1,10,5,12,11,3,7,6,8,Housing Type 2,Housing Type 2,Housing Type 1,Housing Type 2,Housing Type 2,Housing Type 2,Housing Type 1,Housing Type 1,,,,,No,Yes,No,No,No,No,No,No,No,No,No,No,,,,,,Eviction,,,
281,R_l8BykfoXWiLz4QR,2025-07-28 10:48:23,37.944235,-122.349653,Richmond,area_vague,,,,37.944235,-122.349653,1.0,Non-Binary/Other,21.0,,,,Asian,,,,1,6,11,8,9,12,4,3,5,7,2,10,Housing Type 1,,Housing Type 1,Housing Type 2,,Housing Type 1,Housing Type 2,Housing Type 2,,Housing Type 1,Housing Type 2,Housing Type 2,No,No,No,No,No,No,No,No,No,No,No,No,,,,,,,Released from jail/prison,,
282,R_dz3ff18oOBjk12v,2025-07-28 11:09:44,37.93196,-122.359808,Harbour way,address,38.1077676,-122.2650986,21236.5,37.93196,-122.359808,1.0,Male,49.0,White,,,,,,No Shelter/Outside,2,4,11,5,1,3,6,8,9,10,7,12,Housing Type 2,Housing Type 2,Housing Type 1,Housing Type 2,Housing Type 1,Housing Type 2,Housing Type 2,Housing Type 1,Housing Type 2,Housing Type 2,Housing Type 2,Housing Type 2,No,No,Yes,No,No,Yes,No,Yes,Yes,Yes,Yes,Yes,,,,,,Eviction,Released from jail/prison,,
283,R_29iSNEx9dkgwqOf,2025-07-28 11:28:01,37.93194,-122.359815,Richmond,area_vague,,,,37.93194,-122.359815,1.0,Male,58.0,,Hispanic,,,,,,3,1,10,12,5,8,4,9,6,7,11,2,Housing Type 2,Housing Type 1,Housing Type 2,Housing Type 2,Housing Type 1,,Housing Type 1,Housing Type 1,,,Housing Type 2,Housing Type 2,No,No,No,No,No,,No,No,No,No,No,No,,,,,,,Released from jail/prison,,
284,R_1JnNvMk1jzryCRx,2025-07-29 22:52:12,,,"37.8271605, -122.2792898",coord_decimal,37.8271605,-122.2792898,,37.8271605,-122.2792898,1.0,Male,44.0,,Hispanic,,,,,,5,8,1,6,9,12,2,3,7,11,10,4,Housing Type 2,Housing Type 1,Housing Type 1,Housing Type 2,Housing Type 2,Housing Type 2,Housing Type 1,Housing Type 2,Housing Type 1,Housing Type 2,Housing Type 1,Housing Type 1,Yes,No,Yes,Yes,Yes,Yes,Yes,Yes,Yes,Yes,Yes,Yes,,,,,,,Released from jail/prison,,
285,R_dUkqzKMRLyw64R4,2025-07-29 22:52:13,37.827282,-122.279272,"37.8271605, -122.2792898",coord_decimal,37.8271605,-122.2792898,13.6,37.827282,-122.279272,0.0,Male,33.0,,,Black,,,,,1,6,3,7,12,8,9,5,2,11,10,4,Housing Type 1,Housing Type 1,Housing Type 1,Housing Type 2,Housing Type 2,Housing Type 2,Housing Type 2,Housing Type 1,Housing Type 1,Housing Type 2,Housing Type 1,Housing Type 1,Yes,Yes,Yes,No,Yes,Yes,Yes,Yes,Yes,Yes,Yes,Yes,"Family/friend/roommate asked me to leave (dispute, needed room, etc.)",,,,,,,,
286,R_cZF2HTigiKz2OP3,2025-08-03 21:05:42,37.792767,-122.263738,"37.7931168, -122.2640616",coord_decimal,37.7931168,-122.2640616,48.2,37.792767,-122.263738,0.0,Male,41.0,,Hispanic,,,,,,4,7,5,8,9,3,1,10,6,12,11,2,Housing Type 1,Housing Type 2,Housing Type 2,Housing Type 2,Housing Type 2,Housing Type 2,Housing Type 2,Housing Type 2,Housing Type 1,Housing Type 1,Housing Type 2,Housing Type 2,Yes,Yes,Yes,Yes,Yes,Yes,Yes,Yes,Yes,Yes,Yes,Yes,,,Divorce/breakup,,,,,,
287,R_35duDZeadS6SPYU,2025-08-03 21:05:43,,,"37.7931168, -122.2640616",coord_decimal,37.7931168,-122.2640616,,37.7931168,-122.2640616,1.0,Male,38.0,,Hispanic,,,,,,6,12,9,10,8,11,4,7,5,2,3,1,Housing Type 1,Housing Type 1,Housing Type 1,Housing Type 2,Housing Type 1,Housing Type 2,Housing Type 2,Housing Type 2,Housing Type 1,Housing Type 2,Housing Type 2,Housing Type 1,No,No,Yes,No,No,Yes,Yes,Yes,Yes,Yes,No,Yes,,,Divorce/breakup,,,,,,
288,R_7zMCSFHBJgHZvM8,2025-08-03 21:05:44,,,"37.7931168, -122.2640616",coord_decimal,37.7931168,-122.2640616,,37.7931168,-122.2640616,1.0,Female,43.0,,Hispanic,,,,,,3,9,5,6,7,4,11,12,10,2,1,8,Housing Type 2,Housing Type 2,Housing Type 2,Housing Type 2,Housing Type 1,Housing Type 2,Housing Type 2,Housing Type 1,Housing Type 1,Housing Type 1,Housing Type 2,Housing Type 1,Yes,No,No,Yes,No,Yes,Yes,No,No,No,No,No,,,,Could not pay rent,,,,,
289,R_5wj3p8VrIHTPwvZ,2025-08-03 21:05:44,37.792722,-122.263742,"37.7931168, -122.2640616",coord_decimal,37.7931168,-122.2640616,52.1,37.792722,-122.263742,1.0,Male,63.0,,,,Asian,,,,6,5,8,4,11,9,3,12,10,2,1,7,Housing Type 2,Housing Type 1,Housing Type 2,Housing Type 2,Housing Type 1,Housing Type 1,Housing Type 2,Housing Type 2,Housing Type 2,Housing Type 2,Housing Type 2,Housing Type 1,No,Yes,No,Yes,No,No,No,Yes,Yes,Yes,No,No,,,,,,,,Other (Specify),Got fired . Was workimg where he lived
290,R_erCsQMC0ifZ0fPI,2025-08-03 21:05:45,37.792767,-122.263737,"37.7931168, -122.2640616",coord_decimal,37.7931168,-122.2640616,48.2,37.792767,-122.263737,0.0,Female,41.0,White,,,,,,,3,8,10,4,7,5,12,9,11,2,1,6,Housing Type 2,Housing Type 2,Housing Type 1,Housing Type 1,Housing Type 2,Housing Type 2,Housing Type 2,Housing Type 1,Housing Type 1,Housing Type 2,Housing Type 1,Housing Type 2,Yes,Yes,No,No,No,No,Yes,No,No,Yes,No,No,,,,Could not pay rent,,,,,
291,R_4gzhMiq81wL7nTN,2025-08-03 21:05:46,37.792742,-122.263727,"37.7931168, -122.2640616",coord_decimal,37.7931168,-122.2640616,51.0,37.792742,-122.263727,1.0,Female,43.0,White,,,,,,No Shelter/Outside,2,7,9,3,4,6,8,10,5,12,11,1,Housing Type 1,Housing Type 2,Housing Type 1,Housing Type 2,Housing Type 1,Housing Type 1,Housing Type 2,Housing Type 1,Housing Type 2,Housing Type 2,Housing Type 2,Housing Type 2,Yes,Yes,Yes,Yes,No,Yes,No,Yes,Yes,No,No,Yes,,,Divorce/breakup,,,,,,
292,R_0zbVAocx34MRGTU,2025-08-03 21:05:47,,,"37.7931168, -122.2640616",coord_decimal,37.7931168,-122.2640616,,37.7931168,-122.2640616,0.0,Male,38.0,,,Black,,,,No Shelter/Outside,4,5,8,3,7,11,9,12,10,2,1,6,Housing Type 2,Housing Type 1,Housing Type 2,Housing Type 2,Housing Type 2,Housing Type 1,Housing Type 1,Housing Type 1,Housing Type 2,Housing Type 2,Housing Type 2,Housing Type 2,Yes,Yes,No,No,No,Yes,Yes,No,Yes,Yes,No,Yes,,,,Could not pay rent,,,,,
293,R_9CukMTvuCOk1P0T,2025-08-03 21:05:48,,,"37.7931168, -122.2640616",coord_decimal,37.7931168,-122.2640616,,37.7931168,-122.2640616,0.0,Female,31.0,,Hispanic,Black,,,,No Shelter/Outside,3,9,5,4,7,11,12,8,10,2,1,6,Housing Type 2,Housing Type 2,Housing Type 2,Housing Type 2,Housing Type 1,Housing Type 2,Housing Type 2,Housing Type 1,Housing Type 2,Housing Type 1,Housing Type 2,Housing Type 1,Yes,Yes,Yes,Yes,Yes,Yes,Yes,Yes,Yes,No,No,No,,,Divorce/breakup,,,,,,
294,R_3X3BJf6e2nUtk6u,2025-08-03 21:05:49,,,"37.7931168, -122.2640616",coord_decimal,37.7931168,-122.2640616,,37.7931168,-122.2640616,0.0,Female,55.0,,Hispanic,,,,,,3,9,6,1,8,5,7,11,10,4,12,2,Housing Type 2,Housing Type 2,Housing Type 2,Housing Type 2,Housing Type 1,Housing Type 1,Housing Type 1,Housing Type 2,Housing Type 2,Housing Type 2,Housing Type 2,Housing Type 2,Yes,No,No,No,Yes,Yes,No,Yes,Yes,No,Yes,Yes,,,,,,,,Other (Specify),Domestic violence
295,R_kVJ074vo1gPT7XS,2025-08-03 21:05:50,37.792635,-122.263382,"37.7931168, -122.2640616",coord_decimal,37.7931168,-122.2640616,80.2,37.792635,-122.263382,1.0,Female,58.0,,,,Asian,,,,3,4,7,6,9,10,5,12,11,2,1,8,Housing Type 2,Housing Type 2,Housing Type 2,Housing Type 1,Housing Type 2,Housing Type 1,Housing Type 2,Housing Type 1,Housing Type 1,Housing Type 1,Housing Type 2,Housing Type 2,Yes,Yes,Yes,Yes,No,Yes,Yes,Yes,No,No,No,No,,,,,,,,Other (Specify),Got fired from the place where i live and work
296,R_fOvtLsr8owYaqfP,2025-08-03 21:05:51,37.792632,-122.263383,"37.7931168, -122.2640616",coord_decimal,37.7931168,-122.2640616,80.4,37.792632,-122.263383,1.0,Male,55.0,White,,,,,,,1,4,8,2,10,9,3,7,6,12,11,5,Housing Type 2,Housing Type 1,Housing Type 1,Housing Type 1,Housing Type 2,Housing Type 1,Housing Type 2,Housing Type 1,Housing Type 1,Housing Type 2,Housing Type 2,Housing Type 1,Yes,Yes,Yes,Yes,No,No,Yes,No,No,No,No,No,,,,Could not pay rent,,,,,
297,R_3T32ZuS3wadfNO2,2025-08-03 21:05:52,,,"37.7931168, -122.2640616",coord_decimal,37.7931168,-122.2640616,,37.7931168,-122.2640616,0.0,Male,43.0,,,,,,,,3,8,7,5,10,12,6,11,4,2,1,9,Housing Type 1,Housing Type 2,Housing Type 2,Housing Type 1,Housing Type 1,Housing Type 2,Housing Type 1,Housing Type 1,Housing Type 1,Housing Type 1,Housing Type 2,Housing Type 1,Yes,Yes,No,No,No,Yes,No,Yes,No,No,No,No,,,,Could not pay rent,,,,,
298,R_7ZTvir0GEdBJs2T,2025-08-03 21:05:53,37.792633,-122.263393,"37.7931168, -122.2640616",coord_decimal,37.7931168,-122.2640616,79.7,37.792633,-122.263393,1.0,Male,31.0,,,Black,,,No Shelter/Outside,No Shelter/Outside,2,3,11,6,10,9,8,1,7,12,5,4,Housing Type 2,Housing Type 2,Housing Type 1,Housing Type 2,Housing Type 1,Housing Type 1,Housing Type 1,Housing Type 2,Housing Type 1,Housing Type 1,Housing Type 2,Housing Type 1,Yes,Yes,Yes,Yes,Yes,Yes,Yes,Yes,No,No,Yes,No,,,,,,,,Other (Specify),Landlord discrimination
299,R_99LOkwArP9hbNJa,2025-08-03 21:05:54,,,"37.7931168, -122.2640616",coord_decimal,37.7931168,-122.2640616,,37.7931168,-122.2640616,1.0,Male,41.0,,,Black,,,,,3,4,11,8,12,10,5,1,7,6,9,2,Housing Type 2,Housing Type 1,Housing Type 2,Housing Type 2,Housing Type 1,Housing Type 1,Housing Type 1,Housing Type 1,Housing Type 1,Housing Type 2,Housing Type 2,Housing Type 1,Yes,Yes,Yes,Yes,No,Yes,Yes,No,Yes,Yes,Yes,Yes,,,,,,,,Other (Specify),Faulty rental agreement
300,R_gLrugQDEWWtHDNP,2025-08-09 12:00:32,,,5951 College Ave,address,37.8478655,-122.2525184,,37.8478655,-122.2525184,0.0,Female,42.0,,Hispanic,,,,,No Shelter/Outside,1,3,4,9,5,11,6,10,7,12,8,2,Housing Type 1,Housing Type 1,Housing Type 1,Housing Type 2,Housing Type 2,Housing Type 1,Housing Type 1,Housing Type 2,Housing Type 1,Housing Type 1,Housing Type 2,Housing Type 1,Yes,Yes,Yes,Yes,Yes,No,Yes,Yes,No,No,Yes,Yes,,,,Could not pay rent,,,,,
301,R_7HyQ6u9eqhrtuOk,2025-08-09 12:00:33,37.84781,-122.252398,"5468 locksley ave oakland, ca 94618",address,37.8433157,-122.2537665,514.0,37.84781,-122.252398,0.0,Male,40.0,White,,,,,No Shelter/Outside,No Shelter/Outside,1,4,12,9,7,6,10,11,3,5,8,2,Housing Type 1,Housing Type 1,Housing Type 1,Housing Type 1,Housing Type 2,Housing Type 2,Housing Type 2,Housing Type 2,Housing Type 2,Housing Type 1,Housing Type 2,Housing Type 1,Yes,Yes,Yes,No,Yes,Yes,Yes,Yes,Yes,Yes,Yes,No,,Chose to leave due to issues with family/friend/roommate,,,,,,,
302,R_eOts5BSkjw6NpUA,2025-08-09 12:00:34,37.847883,-122.252367,1610 san pablo ave berkeley ca,address,37.8749191,-122.2942927,4752.3,37.847883,-122.252367,1.0,Male,53.0,White,,,,,No Shelter/Outside,No Shelter/Outside,4,11,7,10,2,12,3,1,5,9,8,6,Housing Type 2,Housing Type 2,Housing Type 1,Housing Type 1,Housing Type 1,Housing Type 1,Housing Type 1,Housing Type 1,Housing Type 1,Housing Type 1,Housing Type 2,Housing Type 2,No,Yes,Yes,Yes,Yes,No,Yes,Yes,Yes,Yes,Yes,Yes,,,,Could not pay rent,,Eviction,,,
303,R_9S0zeFQKbcqHKAd,2025-08-09 12:00:35,37.847833,-122.252418,5418 miles ave oakland ca 94618,address,37.8426462,-122.255307,630.1,37.847833,-122.252418,1.0,Male,72.0,White,,,,,,,1,8,11,7,4,5,3,10,2,12,9,6,Housing Type 2,Housing Type 2,Housing Type 2,Housing Type 1,Housing Type 2,Housing Type 1,Housing Type 2,Housing Type 2,Housing Type 2,Housing Type 1,Housing Type 1,Housing Type 2,Yes,Yes,Yes,Yes,No,Yes,No,Yes,Yes,Yes,Yes,Yes,,,,,,,,Other (Specify),Was in shelter and they moved me out ans fhrew out my stuff
304,R_5ykhZXpsBAQWLhd,2025-08-09 12:00:36,37.848683,-122.245603,Behind 493 Forest street oakland ca 94618,area_vague,,,,37.848683,-122.245603,0.0,Male,36.0,White,,,,,No Shelter/Outside,No Shelter/Outside,2,6,8,7,5,9,3,11,4,12,10,1,Housing Type 1,Housing Type 2,Housing Type 1,Housing Type 2,Housing Type 1,Housing Type 2,Housing Type 1,Housing Type 2,Housing Type 2,Housing Type 1,Housing Type 2,Housing Type 2,Yes,Yes,No,Yes,Yes,Yes,Yes,Yes,Yes,Yes,Yes,Yes,,,,Could not pay rent,,Eviction,,,
305,R_biyaxJNaqoRFS0o,2025-08-09 12:15:34,37.848777,-122.245037,Behind 493 forest st oakland ca 94618,area_vague,,,,37.848777,-122.245037,1.0,Female,29.0,,Hispanic,,,,,,1,10,3,12,4,8,7,9,5,11,6,2,Housing Type 1,Housing Type 1,Housing Type 1,Housing Type 1,Housing Type 1,Housing Type 1,Housing Type 1,Housing Type 1,Housing Type 1,Housing Type 2,Housing Type 1,Housing Type 1,Yes,No,Yes,Yes,Yes,Yes,Yes,No,Yes,Yes,Yes,Yes,,,Divorce/breakup,Could not pay rent,,,,,
306,R_jdUp1tcZAkC1hA0,2025-08-09 19:58:53,37.792567,-122.263367,"37.7930763, -122.2638678",coord_decimal,37.7930763,-122.2638678,71.7,37.792567,-122.263367,1.0,Male,42.0,,,Black,,,,No Shelter/Outside,4,1,9,3,12,6,2,7,8,11,10,5,Housing Type 2,Housing Type 2,Housing Type 1,Housing Type 2,Housing Type 1,Housing Type 1,Housing Type 2,Housing Type 1,Housing Type 1,Housing Type 2,Housing Type 2,Housing Type 1,Yes,Yes,Yes,Yes,Yes,No,No,No,No,Yes,Yes,Yes,,,,Could not pay rent,,,,,
307,R_2VWgdQoDNw3RJLL,2025-08-09 19:58:55,37.792582,-122.26339,"37.7930763, -122.2638678",coord_decimal,37.7930763,-122.2638678,69.2,37.792582,-122.26339,1.0,Female,61.0,,Hispanic,,,,,,3,6,7,4,12,10,8,9,11,1,2,5,Housing Type 1,Housing Type 1,Housing Type 1,Housing Type 2,Housing Type 1,Housing Type 2,Housing Type 1,Housing Type 1,Housing Type 1,Housing Type 1,Housing Type 2,Housing Type 2,Yes,Yes,No,No,Yes,Yes,No,No,No,Yes,No,No,,,,,,,,Other (Specify),Landlord needed property back
308,R_lg8tVcko2Aqbrba,2025-08-09 19:58:56,37.792655,-122.263415,"37.7930763, -122.2638678",coord_decimal,37.7930763,-122.2638678,61.5,37.792655,-122.263415,1.0,Male,58.0,,Hispanic,,,American Indian,No Shelter/Outside,No Shelter/Outside,3,6,11,4,8,12,10,9,7,2,1,5,Housing Type 1,Housing Type 1,Housing Type 1,Housing Type 1,Housing Type 1,Housing Type 1,Housing Type 1,Housing Type 1,Housing Type 2,Housing Type 2,Housing Type 2,Housing Type 1,Yes,No,Yes,No,Yes,No,No,Yes,No,No,No,No,,,,,,,,Other (Specify),Property owner died. Nee owner wanted them out
309,R_0GRmTQdXPCX7CfQ,2025-08-09 19:58:58,37.792587,-122.263398,"37.7930763, -122.2638678",coord_decimal,37.7930763,-122.2638678,68.3,37.792587,-122.263398,1.0,Male,53.0,White,,,,,,,3,6,11,4,5,9,8,10,12,2,1,7,Housing Type 2,Housing Type 2,Housing Type 1,Housing Type 2,Housing Type 2,Housing Type 1,Housing Type 2,Housing Type 1,Housing Type 2,Housing Type 2,Housing Type 2,Housing Type 2,No,Yes,Yes,Yes,Yes,No,No,No,No,No,No,No,"Family/friend/roommate asked me to leave (dispute, needed room, etc.)",,,,,,,,
310,R_7nCwLDKUS9gsMHk,2025-08-09 19:58:59,37.792567,-122.263422,"37.7930763, -122.2638678",coord_decimal,37.7930763,-122.2638678,68.9,37.792567,-122.263422,1.0,Male,45.0,,,Black,,,,,3,7,12,10,9,11,4,6,5,2,1,8,Housing Type 2,Housing Type 1,Housing Type 2,Housing Type 1,Housing Type 1,Housing Type 2,Housing Type 1,Housing Type 1,Housing Type 2,Housing Type 1,Housing Type 1,Housing Type 1,Yes,Yes,Yes,Yes,No,Yes,No,No,No,No,No,No,,,,,,,,Other (Specify),Went to jail
311,R_4s7v5nRD7d0bxIY,2025-08-09 19:59:00,37.792548,-122.263432,"37.7930763, -122.2638678",coord_decimal,37.7930763,-122.2638678,70.1,37.792548,-122.263432,0.0,Male,56.0,White,,,,,,,4,9,11,10,12,7,5,8,3,1,2,6,Housing Type 2,Housing Type 2,Housing Type 2,Housing Type 2,Housing Type 1,Housing Type 1,Housing Type 1,Housing Type 1,Housing Type 2,Housing Type 2,Housing Type 2,Housing Type 2,No,Yes,Yes,No,No,Yes,No,Yes,No,No,No,No,,,,Could not pay rent,,,,,
312,R_7yydWgariObZaK6,2025-08-09 19:59:02,37.79259,-122.263428,"37.7930763, -122.2638678",coord_decimal,37.7930763,-122.2638678,66.5,37.79259,-122.263428,0.0,Female,46.0,White,,,,,,,3,7,11,6,12,9,8,10,5,1,2,4,Housing Type 2,Housing Type 1,Housing Type 1,Housing Type 1,Housing Type 2,Housing Type 1,Housing Type 2,Housing Type 1,Housing Type 2,Housing Type 1,Housing Type 2,Housing Type 2,Yes,No,No,No,No,No,No,No,No,No,No,No,,,,Could not pay rent,,,,,
313,R_mxru7TWtxzeczdn,2025-08-09 19:59:04,37.855287,-122.293178,"37.8554183, -122.2924001",coord_decimal,37.8554183,-122.2924001,69.8,37.855287,-122.293178,0.0,Female,49.0,White,,,,,,,3,4,11,8,7,12,6,9,5,2,1,10,Housing Type 1,Housing Type 2,Housing Type 2,Housing Type 2,Housing Type 1,Housing Type 1,Housing Type 2,Housing Type 1,Housing Type 1,Housing Type 1,Housing Type 2,Housing Type 1,Yes,Yes,No,Yes,Yes,No,Yes,No,No,No,No,No,"Family/friend/roommate asked me to leave (dispute, needed room, etc.)",,,,,,,,
314,R_nfVN1KkvLdz43o0,2025-08-09 19:59:05,37.85527,-122.292993,"37.8554183, -122.2924001",coord_decimal,37.8554183,-122.2924001,54.6,37.85527,-122.292993,0.0,Male,58.0,White,,,,,,,3,7,11,4,9,12,5,10,6,1,2,8,Housing Type 1,Housing Type 1,Housing Type 1,Housing Type 1,Housing Type 1,Housing Type 2,Housing Type 1,Housing Type 2,Housing Type 1,Housing Type 1,Housing Type 1,Housing Type 1,Yes,Yes,Yes,Yes,No,Yes,Yes,No,No,No,No,No,"Family/friend/roommate asked me to leave (dispute, needed room, etc.)",,,,,,,,
315,R_ctpFDvyEn1UPXYb,2025-08-09 19:59:07,37.855247,-122.292977,"37.8554183, -122.2924001",coord_decimal,37.8554183,-122.2924001,54.1,37.855247,-122.292977,0.0,Male,65.0,,,Black,,,No Shelter/Outside,No Shelter/Outside,7,3,8,2,10,6,4,9,5,12,11,1,Housing Type 1,Housing Type 2,Housing Type 2,Housing Type 1,Housing Type 1,Housing Type 1,Housing Type 1,Housing Type 1,Housing Type 2,Housing Type 2,Housing Type 2,Housing Type 1,No,Yes,Yes,Yes,Yes,Yes,No,Yes,No,No,No,No,,,,,Rent increase,,,,
316,R_aORCuvHWPjvZEFS,2025-08-09 19:59:08,37.855243,-122.293013,"37.8554183, -122.2924001",coord_decimal,37.8554183,-122.2924001,57.2,37.855243,-122.293013,0.0,Male,50.0,White,,,,,No Shelter/Outside,,1,3,7,9,10,6,4,11,5,12,2,8,Housing Type 1,Housing Type 1,Housing Type 1,Housing Type 2,Housing Type 1,Housing Type 1,Housing Type 2,Housing Type 2,Housing Type 1,Housing Type 2,Housing Type 1,Housing Type 2,No,Yes,No,No,Yes,No,No,No,No,No,No,No,,,,,,,,Other (Specify),Roommate died so he had to leave
317,R_o4ulUjJlBCNt1B3,2025-08-09 19:59:10,37.855228,-122.293038,"37.8554183, -122.2924001",coord_decimal,37.8554183,-122.2924001,59.9,37.855228,-122.293038,,Female,20.0,White,,,,,,,4,10,3,5,2,7,1,9,8,6,12,11,,,,,,,,,,,,,,,,,,,,,,,,,,,,,,,,Other (Specify),Not sure
318,R_nLxb2R0VlpOPPln,2025-08-09 19:59:11,37.855132,-122.293588,"37.8554183, -122.2924001",coord_decimal,37.8554183,-122.2924001,109.0,37.855132,-122.293588,0.0,Male,60.0,White,,,,,,,6,9,8,12,2,7,3,5,1,10,11,4,Housing Type 2,Housing Type 1,Housing Type 1,Housing Type 1,Housing Type 2,Housing Type 1,Housing Type 1,Housing Type 1,Housing Type 2,Housing Type 2,Housing Type 1,Housing Type 1,Yes,Yes,Yes,Yes,Yes,Yes,Yes,Yes,No,No,No,No,,,,,,,,Other (Specify),Left state for better opportunity
319,R_oRWiHCz0ydbI1Kn,2025-08-09 19:59:13,37.855183,-122.293413,"37.8554183, -122.2924001",coord_decimal,37.8554183,-122.2924001,92.7,37.855183,-122.293413,0.0,Male,73.0,,,,,,,,3,5,6,2,8,4,10,7,11,1,12,9,Housing Type 1,Housing Type 2,Housing Type 2,Housing Type 1,Housing Type 1,Housing Type 1,Housing Type 2,Housing Type 1,Housing Type 2,Housing Type 2,Housing Type 1,Housing Type 2,Yes,Yes,Yes,Yes,Yes,Yes,No,Yes,No,No,No,No,,,,,,,,Other (Specify),Wife died and he didnt see a point to paying bills
320,R_jitgCKxMAjuAyNG,2025-08-10 23:11:48,37.803687,-122.293742,"37.8035541, -122.2932561",coord_decimal,37.8035541,-122.2932561,45.2,37.803687,-122.293742,0.0,Male,34.0,White,,,,,,,3,9,8,10,11,5,2,7,4,12,1,6,Housing Type 1,Housing Type 1,Housing Type 2,Housing Type 2,Housing Type 1,Housing Type 1,Housing Type 2,Housing Type 2,Housing Type 2,Housing Type 2,Housing Type 2,Housing Type 1,No,No,Yes,Yes,Yes,Yes,No,Yes,Yes,No,No,No,,,,,,,,Other (Specify),Never had a plac3
321,R_if1mLVTZauxocMi,2025-08-10 23:11:49,37.803847,-122.293832,"37.8035541, -122.2932561",coord_decimal,37.8035541,-122.2932561,60.2,37.803847,-122.293832,0.0,Female,57.0,White,,,,,,,2,4,11,6,9,10,3,7,5,1,12,8,Housing Type 2,Housing Type 1,Housing Type 2,Housing Type 1,Housing Type 1,Housing Type 2,Housing Type 1,Housing Type 2,Housing Type 1,Housing Type 1,Housing Type 1,Housing Type 1,Yes,No,No,Yes,Yes,No,Yes,Yes,No,No,No,No,,,,,,,,Other (Specify),Avoiding getting in trouble
322,R_9AQw2VEOc8LkAzN,2025-08-10 23:11:51,37.803825,-122.29386,"37.8035541, -122.2932561",coord_decimal,37.8035541,-122.2932561,61.0,37.803825,-122.29386,0.0,Male,48.0,,,Black,,,No Shelter/Outside,No Shelter/Outside,1,4,8,6,7,9,3,11,2,10,12,5,Housing Type 2,Housing Type 2,Housing Type 1,Housing Type 2,Housing Type 1,Housing Type 1,Housing Type 2,Housing Type 1,Housing Type 2,Housing Type 1,Housing Type 2,Housing Type 1,No,No,Yes,No,No,No,No,Yes,No,Yes,No,Yes,,,,,,,,Other (Specify),Landlord wanted him to move
323,R_gKo3RzA9fX86d5n,2025-08-10 23:11:52,37.80379,-122.293817," 37.8035541, -122.2932561",coord_decimal,37.8035541,-122.2932561,55.8,37.80379,-122.293817,0.0,Female,59.0,White,,,,,,,3,6,11,5,12,9,4,8,10,2,1,7,Housing Type 1,Housing Type 2,Housing Type 2,Housing Type 2,Housing Type 1,Housing Type 2,Housing Type 2,Housing Type 1,Housing Type 1,Housing Type 1,Housing Type 2,Housing Type 1,Yes,No,No,No,No,Yes,No,Yes,No,No,No,No,,,,,,,,Other (Specify),Live/ work. Got fired
324,R_b2yWkfCcoztYrvd,2025-08-10 23:11:53,37.803803,-122.29383,"37.8035541, -122.2932561",coord_decimal,37.8035541,-122.2932561,57.5,37.803803,-122.29383,0.0,Male,55.0,White,,,,,,,3,7,10,5,12,8,4,11,6,2,1,9,Housing Type 1,Housing Type 1,Housing Type 2,Housing Type 1,Housing Type 1,Housing Type 2,Housing Type 2,Housing Type 1,Housing Type 2,Housing Type 2,Housing Type 2,Housing Type 2,No,No,Yes,Yes,No,No,No,No,No,No,No,No,,,,,,,,Other (Specify),Live / work  got fired
325,R_kHR41fag5qHaU9z,2025-08-10 23:11:55,37.803428,-122.292418,"37.8035541, -122.2932561",coord_decimal,37.8035541,-122.2932561,75.0,37.803428,-122.292418,0.0,Male,49.0,,,Black,,,,,1,4,7,2,9,8,5,6,10,11,12,3,Housing Type 2,Housing Type 1,Housing Type 1,Housing Type 2,Housing Type 1,Housing Type 2,Housing Type 1,Housing Type 2,Housing Type 2,Housing Type 1,Housing Type 2,Housing Type 1,No,Yes,Yes,Yes,Yes,Yes,Yes,Yes,Yes,Yes,Yes,Yes,,,,,,,,Other (Specify),Somebody trieed to kill me
326,R_1mZhZBV78PKEsCA,2025-08-10 23:11:56,37.803667,-122.291943,"37.8035541, -122.2932561",coord_decimal,37.8035541,-122.2932561,116.0,37.803667,-122.291943,0.0,Female,56.0,White,,,,,,,5,2,7,3,8,12,11,9,4,1,10,6,Housing Type 1,Housing Type 1,Housing Type 1,Housing Type 2,Housing Type 1,Housing Type 2,Housing Type 2,Housing Type 1,Housing Type 1,Housing Type 1,Housing Type 2,Housing Type 1,Yes,No,No,Yes,No,Yes,No,Yes,No,No,No,No,,,,,,,,Other (Specify),Conflicts with management
327,R_6bnWpi35sgyS9MJ,2025-08-10 23:11:57,37.8037,-122.29196,"37.8035541, -122.2932561",coord_decimal,37.8035541,-122.2932561,115.0,37.8037,-122.29196,1.0,Female,44.0,White,,,,,,,3,6,11,1,8,12,10,7,4,2,9,5,Housing Type 1,Housing Type 1,Housing Type 1,Housing Type 1,Housing Type 2,Housing Type 1,Housing Type 1,Housing Type 1,Housing Type 2,Housing Type 2,Housing Type 1,Housing Type 1,Yes,Yes,Yes,No,No,No,No,Yes,No,No,No,No,,,,,,,,Other (Specify),Moved to be with a boyfriend
328,R_eFCZVRXRjpoODed,2025-08-10 23:11:59,37.810405,-122.291382,"37.8035541, -122.2932561",coord_decimal,37.8035541,-122.2932561,779.4,37.810405,-122.291382,1.0,Male,59.0,White,,,,,,,3,8,12,6,11,9,4,10,5,1,2,7,Housing Type 2,Housing Type 1,Housing Type 2,Housing Type 1,Housing Type 1,Housing Type 1,Housing Type 1,Housing Type 2,Housing Type 1,Housing Type 2,Housing Type 2,Housing Type 1,Yes,Yes,Yes,No,No,No,Yes,Yes,No,No,No,No,"Family/friend/roommate asked me to leave (dispute, needed room, etc.)",,,,,,,,
329,R_4bMHLyt1lc6Cok9,2025-08-10 23:12:00,37.809757,-122.291568,"37.8096407, -122.2917255",coord_decimal,37.8096407,-122.2917255,18.9,37.809757,-122.291568,1.0,Female,57.0,,,,,American Indian,,,3,9,4,6,5,11,8,10,7,2,1,12,Housing Type 1,Housing Type 1,Housing Type 1,Housing Type 1,Housing Type 2,Housing Type 2,Housing Type 1,Housing Type 1,Housing Type 1,Housing Type 1,Housing Type 1,Housing Type 1,No,Yes,Yes,Yes,Yes,Yes,Yes,No,No,No,No,No,,,Divorce/breakup,,,,,,
330,R_hzSygy0iKoEesGt,2025-08-10 23:12:01,37.820282,-122.288678,"37.8201355, -122.2887764",coord_decimal,37.8201355,-122.2887764,18.4,37.820282,-122.288678,1.0,Male,32.0,White,,,,,,,2,1,12,10,8,6,5,11,4,9,3,7,Housing Type 2,Housing Type 1,Housing Type 2,Housing Type 1,Housing Type 2,Housing Type 1,Housing Type 2,Housing Type 2,Housing Type 2,Housing Type 2,Housing Type 1,Housing Type 2,Yes,Yes,Yes,No,No,No,No,No,No,No,No,No,,,Divorce/breakup,Could not pay rent,,Eviction,,,
331,R_jD3CUVrcIzm718R,2025-08-10 23:12:03,37.820567,-122.286712,"37.8203823, -122.2869643",coord_decimal,37.8203823,-122.2869643,30.2,37.820567,-122.286712,0.0,Male,58.0,White,,,,,,,3,5,11,7,10,8,12,6,9,1,2,4,Housing Type 1,Housing Type 2,Housing Type 2,Housing Type 2,Housing Type 2,Housing Type 2,Housing Type 1,Housing Type 2,Housing Type 1,Housing Type 2,Housing Type 2,Housing Type 2,No,Yes,No,No,Yes,Yes,Yes,No,No,No,No,No,,,,,,,,Other (Specify),Owner died
332,R_euAZlNYuuEN1eHx,2025-08-10 23:12:05,37.820973,-122.270942,"37.8203794, -122.2870273",coord_decimal,37.8203794,-122.2870273,1414.4,37.820973,-122.270942,0.0,Male,50.0,White,,,,,,,1,10,6,3,8,9,4,11,7,5,12,2,Housing Type 1,Housing Type 2,Housing Type 2,Housing Type 2,Housing Type 2,Housing Type 1,Housing Type 1,Housing Type 2,Housing Type 2,Housing Type 1,Housing Type 1,Housing Type 2,Yes,No,Yes,Yes,Yes,No,No,No,No,Yes,No,Yes,,,,,,Eviction,,,
333,R_eDflZyZRbPmeQwG,2025-08-10 23:12:06,37.821175,-122.271037,"37.8203794, -122.2870273",coord_decimal,37.8203794,-122.2870273,1407.3,37.821175,-122.271037,0.0,Female,40.0,White,,,,,,,2,7,10,8,5,12,11,6,3,1,9,4,Housing Type 2,Housing Type 1,Housing Type 2,Housing Type 2,Housing Type 2,Housing Type 1,Housing Type 2,Housing Type 1,Housing Type 1,Housing Type 1,Housing Type 1,Housing Type 1,Yes,Yes,Yes,Yes,Yes,No,Yes,Yes,No,No,No,No,,,,,,,,Other (Specify),Had a stroke
334,R_5K8TchNyYJoMtoP,2025-08-14 12:22:29,37.96354,-122.359102,Richmond,area_vague,,,,37.96354,-122.359102,1.0,Male,40.0,,Hispanic,,,,,,4,5,10,1,11,12,9,6,8,3,7,2,Housing Type 1,Housing Type 1,Housing Type 1,Housing Type 1,Housing Type 1,Housing Type 1,Housing Type 1,Housing Type 1,Housing Type 1,Housing Type 1,Housing Type 1,Housing Type 1,Yes,Yes,Yes,Yes,Yes,Yes,Yes,Yes,Yes,Yes,Yes,Yes,,,,,,Eviction,,,
335,R_mlqUkvUe5NHQWeC,2025-08-14 12:22:31,37.963408,-122.359002,El yonque,area_vague,,,,37.963408,-122.359002,0.0,Female,44.0,,Hispanic,,,,,,8,9,2,1,7,3,11,10,5,4,12,6,Housing Type 2,Housing Type 2,Housing Type 1,Housing Type 1,Housing Type 1,Housing Type 1,Housing Type 1,Housing Type 1,Housing Type 1,Housing Type 1,Housing Type 1,Housing Type 1,Yes,Yes,No,Yes,Yes,Yes,Yes,Yes,Yes,Yes,Yes,Yes,,,,Could not pay rent,,,,,
336,R_of3Ki4WhwcuNWoV,2025-08-14 12:22:32,37.96341,-122.359048,Piquenpul,area_vague,,,,37.96341,-122.359048,0.0,Male,55.0,,Hispanic,,,,,,1,12,7,3,6,10,11,4,5,2,8,9,Housing Type 1,Housing Type 1,Housing Type 1,Housing Type 1,Housing Type 1,Housing Type 1,Housing Type 1,Housing Type 1,Housing Type 1,Housing Type 1,Housing Type 1,Housing Type 1,Yes,Yes,Yes,Yes,Yes,Yes,Yes,Yes,Yes,Yes,Yes,Yes,,,Divorce/breakup,,,,,,
337,R_7La87BunjmdD08B,2025-08-14 12:22:33,37.954972,-122.364167,North richmond,area_vague,,,,37.954972,-122.364167,1.0,Male,55.0,White,,,,,,,10,1,3,11,2,8,5,6,7,9,4,12,Housing Type 2,Housing Type 2,Housing Type 1,Housing Type 2,Housing Type 2,Housing Type 2,Housing Type 2,Housing Type 1,Housing Type 1,Housing Type 1,Housing Type 2,Housing Type 1,Yes,Yes,Yes,Yes,Yes,No,Yes,Yes,Yes,Yes,Yes,Yes,,,,,,,,Other (Specify),Shut down
338,R_adUTgBtf90YcxGG,2025-08-14 12:22:34,37.934893,-122.361733,Nevin,address,37.9362783,-122.3647119,303.3,37.934893,-122.361733,0.0,Female,44.0,,Hispanic,,,,,,,,,,,,,,,,,,,Housing Type 1,Housing Type 1,Housing Type 1,Housing Type 1,Housing Type 1,Housing Type 1,Housing Type 1,Housing Type 1,Housing Type 1,Housing Type 2,Housing Type 2,Yes,Yes,Yes,Yes,Yes,Yes,Yes,Yes,Yes,Yes,Yes,Yes,,,,,,,Released from jail/prison,,
339,R_kXhMMj5vm67s0ud,2025-08-14 12:22:35,37.934828,-122.361718,Nevin,address,37.9362783,-122.3647119,308.1,37.934828,-122.361718,0.0,Female,26.0,,Hispanic,,,,,,7,10,9,6,4,11,5,2,1,3,8,12,Housing Type 1,Housing Type 1,Housing Type 1,Housing Type 1,Housing Type 1,Housing Type 1,Housing Type 1,Housing Type 1,Housing Type 1,Housing Type 1,Housing Type 1,Housing Type 1,Yes,Yes,Yes,Yes,Yes,Yes,Yes,Yes,Yes,Yes,Yes,Yes,,,,,,,,,
340,R_0wCOYQ5TU0WTuai,2025-08-15 23:29:00,37.847838,-122.252383,Jefferson and 14th in oakland ca,area_vague,,,,37.847838,-122.252383,0.0,Male,65.0,,,Black,,,,,1,6,8,9,10,7,11,5,4,12,3,2,Housing Type 1,Housing Type 2,Housing Type 1,Housing Type 1,Housing Type 2,Housing Type 2,Housing Type 2,Housing Type 1,Housing Type 2,Housing Type 2,Housing Type 1,Housing Type 1,Yes,No,Yes,Yes,Yes,Yes,Yes,Yes,Yes,Yes,Yes,Yes,"Family/friend/roommate asked me to leave (dispute, needed room, etc.)",,Divorce/breakup,,,,,,
341,R_iX3txAyyQ3ysP3T,2025-08-15 23:29:01,37.8479,-122.252427,"Oxford and Frank Schlessinger Way Berkeley, CA",area_vague,,,,37.8479,-122.252427,0.0,Male,34.0,White,,,,,,,3,7,4,6,5,1,10,11,9,12,8,2,Housing Type 2,Housing Type 1,Housing Type 1,Housing Type 2,Housing Type 2,Housing Type 1,Housing Type 2,Housing Type 1,Housing Type 1,Housing Type 1,Housing Type 2,Housing Type 1,Yes,Yes,Yes,Yes,Yes,Yes,Yes,Yes,Yes,Yes,Yes,Yes,,,,Could not pay rent,,Eviction,,,
342,R_7SMEudbN6Zehta9,2025-08-15 23:29:02,37.847793,-122.252328,2218 acton street berkeley behimd house,area_vague,,,,37.847793,-122.252328,0.0,Female,57.0,,Hispanic,,,,,,6,5,3,4,7,2,9,8,11,12,10,1,Housing Type 2,Housing Type 2,Housing Type 2,Housing Type 2,Housing Type 2,Housing Type 1,Housing Type 2,Housing Type 2,Housing Type 2,Housing Type 1,Housing Type 1,Housing Type 1,Yes,Yes,Yes,Yes,Yes,Yes,Yes,Yes,Yes,Yes,Yes,Yes,,,,,,,,Other (Specify),House raided and i went to hospital
343,R_bx9tz0Is7BYRjhI,2025-08-15 23:29:03,37.847878,-122.252332,38th ave and west street oakland,area_vague,,,,37.847878,-122.252332,0.0,Male,67.0,,,Black,,,No Shelter/Outside,No Shelter/Outside,1,6,4,8,11,5,7,9,2,12,10,3,Housing Type 2,Housing Type 2,Housing Type 2,Housing Type 2,Housing Type 2,Housing Type 1,Housing Type 1,Housing Type 2,Housing Type 2,Housing Type 2,Housing Type 2,Housing Type 2,Yes,Yes,Yes,Yes,Yes,Yes,Yes,No,Yes,Yes,Yes,Yes,,Chose to leave due to issues with family/friend/roommate,,,,,,,
344,R_1U9Io6FdPVlfYXA,2025-08-16 11:41:54,37.933033,-122.346587,Richmond,area_vague,,,,37.933033,-122.346587,0.0,Male,44.0,,Hispanic,,,,,,8,3,7,5,11,12,10,1,9,2,6,4,Housing Type 1,Housing Type 2,Housing Type 1,Housing Type 2,Housing Type 2,Housing Type 2,Housing Type 1,Housing Type 1,Housing Type 2,Housing Type 1,Housing Type 2,Housing Type 2,No,No,No,No,No,,No,No,No,No,No,No,,,,,,,Released from jail/prison,,
345,R_eKmoIVYKRD3p2o8,2025-08-16 12:19:53,37.931898,-122.359797,Harbour way,address,38.1077676,-122.2650986,21242.5,37.931898,-122.359797,1.0,Female,44.0,,Hispanic,,,,,No Shelter/Outside,3,8,12,11,5,4,6,7,10,1,9,2,Housing Type 2,Housing Type 1,,Housing Type 1,Housing Type 2,Housing Type 1,,,Housing Type 1,Housing Type 2,Housing Type 2,Housing Type 2,Yes,Yes,Yes,Yes,Yes,Yes,Yes,No,Yes,Yes,Yes,Yes,,,,Could not pay rent,,Eviction,,,
346,R_nudOezjyogyXu2f,2025-08-16 23:45:01,37.820567,-122.290283,"37.8203476, -122.2907231",coord_decimal,37.8203476,-122.2907231,45.7,37.820567,-122.290283,1.0,Female,40.0,White,,,,,,,2,6,11,8,9,3,5,7,4,1,12,10,Housing Type 1,Housing Type 1,Housing Type 2,Housing Type 1,Housing Type 2,Housing Type 2,Housing Type 2,Housing Type 1,Housing Type 1,Housing Type 1,Housing Type 2,Housing Type 1,No,No,No,No,No,No,No,No,No,No,No,No,,,,,,Eviction,,,
347,R_8ZkzRN9B7qskAej,2025-08-16 23:45:02,,,"37.8203476, -122.2907231",coord_decimal,37.8203476,-122.2907231,,37.8203476,-122.2907231,1.0,Male,57.0,White,,,,,,,4,10,12,2,11,9,5,8,6,3,1,7,Housing Type 2,Housing Type 1,Housing Type 2,Housing Type 2,Housing Type 1,Housing Type 1,Housing Type 1,Housing Type 2,Housing Type 1,Housing Type 2,Housing Type 1,Housing Type 1,Yes,No,Yes,No,No,Yes,Yes,Yes,No,No,No,No,,,,,,Eviction,,,
348,R_aBt8k7UMdxC4jOa,2025-08-16 23:45:03,37.819942,-122.290718,"37.8203476, -122.2907231",coord_decimal,37.8203476,-122.2907231,45.1,37.819942,-122.290718,1.0,Female,53.0,White,,,,,No Shelter/Outside,No Shelter/Outside,2,8,12,1,7,10,4,9,3,5,11,6,Housing Type 1,Housing Type 1,Housing Type 2,Housing Type 1,Housing Type 2,Housing Type 2,Housing Type 2,Housing Type 2,Housing Type 2,Housing Type 1,Housing Type 1,Housing Type 2,No,Yes,Yes,Yes,Yes,Yes,Yes,Yes,No,No,No,No,,,,,,,,Other (Specify),Domestic violence
349,R_8HfaRbCjA5PgT4S,2025-08-16 23:45:05,,,"37.8203476, -122.2907231",coord_decimal,37.8203476,-122.2907231,,37.8203476,-122.2907231,0.0,Male,70.0,,,Black,,,,,3,2,6,7,10,11,4,8,9,1,12,5,Housing Type 2,Housing Type 1,Housing Type 2,Housing Type 1,Housing Type 1,Housing Type 2,Housing Type 1,Housing Type 1,Housing Type 2,Housing Type 1,Housing Type 1,Housing Type 1,Yes,Yes,Yes,Yes,No,No,No,No,No,Yes,Yes,Yes,,,,Could not pay rent,,,,,
350,R_lX5lDjMWJ6O4BF1,2025-08-16 23:45:07,,,"37.8203476, -122.2907231",coord_decimal,37.8203476,-122.2907231,,37.8203476,-122.2907231,1.0,Male,44.0,White,,,,,,,12,6,10,3,11,9,5,8,4,1,2,7,Housing Type 2,Housing Type 2,Housing Type 2,Housing Type 2,Housing Type 2,Housing Type 2,Housing Type 2,Housing Type 2,Housing Type 1,Housing Type 1,Housing Type 2,Housing Type 2,Yes,Yes,No,Yes,No,Yes,No,No,No,No,No,No,,,,,,,,Other (Specify),Moved to cali
351,R_bIBPS5qMPkUmLql,2025-08-16 23:45:08,,,"37.8203476, -122.2907231",coord_decimal,37.8203476,-122.2907231,,37.8203476,-122.2907231,1.0,Female,46.0,,,,Asian,,,,3,5,9,7,11,8,4,12,10,1,2,6,Housing Type 1,Housing Type 2,Housing Type 2,Housing Type 1,Housing Type 2,Housing Type 2,Housing Type 2,Housing Type 2,Housing Type 2,Housing Type 2,Housing Type 1,Housing Type 2,No,No,Yes,No,No,Yes,No,No,No,No,No,No,,,,,,Eviction,,,
352,R_ePWPnG7aB91ApTk,2025-08-16 23:45:09,,,"37.8203476, -122.2907231",coord_decimal,37.8203476,-122.2907231,,37.8203476,-122.2907231,1.0,Female,46.0,White,,,,,,,2,4,11,5,8,12,3,10,9,1,6,7,Housing Type 1,Housing Type 1,Housing Type 1,Housing Type 2,Housing Type 2,Housing Type 2,Housing Type 1,Housing Type 1,Housing Type 2,Housing Type 2,Housing Type 1,Housing Type 2,Yes,Yes,No,Yes,Yes,No,No,No,No,No,No,No,,,,,,Eviction,,,
353,R_m2d4nsxx0Z835CC,2025-08-16 23:45:10,,,"37.8203476, -122.2907231",coord_decimal,37.8203476,-122.2907231,,37.8203476,-122.2907231,1.0,Female,39.0,White,,,,,,No Shelter/Outside,3,9,12,6,4,11,5,10,7,1,2,8,Housing Type 2,Housing Type 1,Housing Type 2,Housing Type 2,Housing Type 1,Housing Type 2,Housing Type 2,Housing Type 2,Housing Type 2,Housing Type 1,Housing Type 2,Housing Type 2,Yes,Yes,Yes,No,No,No,Yes,Yes,No,No,No,No,,,,,,,,Other (Specify),Relative died
354,R_ed6caeFe2NL4bgU,2025-08-16 23:45:11,,,"37.8203476, -122.2907231",coord_decimal,37.8203476,-122.2907231,,37.8203476,-122.2907231,1.0,Female,38.0,,,Black,,,,,2,8,5,4,11,6,10,7,3,12,1,9,Housing Type 1,Housing Type 2,Housing Type 2,Housing Type 2,Housing Type 2,Housing Type 1,Housing Type 1,Housing Type 2,Housing Type 1,Housing Type 2,Housing Type 2,Housing Type 1,Yes,Yes,No,Yes,Yes,Yes,Yes,Yes,No,Yes,No,Yes,,,,,,,,Other (Specify),Foreclosure so evicted
355,R_m5V403v4JY72ll0,2025-08-16 23:45:11,37.820865,-122.289757,"37.8203476, -122.2907231",coord_decimal,37.8203476,-122.2907231,102.5,37.820865,-122.289757,1.0,Male,52.0,,,Black,,,,,2,6,11,3,9,10,4,8,5,12,1,7,Housing Type 2,Housing Type 2,Housing Type 2,Housing Type 2,Housing Type 2,Housing Type 2,Housing Type 1,Housing Type 1,Housing Type 2,Housing Type 2,Housing Type 2,Housing Type 1,Yes,No,Yes,Yes,Yes,Yes,No,Yes,No,No,No,No,"Family/friend/roommate asked me to leave (dispute, needed room, etc.)",,,,,,,,
356,R_fUjxGLYfZ3tyYmk,2025-08-16 23:45:12,,,"37.8203476, -122.2907231",coord_decimal,37.8203476,-122.2907231,,37.8203476,-122.2907231,1.0,Male,57.0,White,,,,,No Shelter/Outside,No Shelter/Outside,1,6,7,9,8,12,3,5,2,10,11,4,Housing Type 2,Housing Type 2,Housing Type 1,Housing Type 1,Housing Type 1,Housing Type 1,Housing Type 1,Housing Type 1,Housing Type 2,Housing Type 1,Housing Type 1,Housing Type 1,Yes,Yes,No,Yes,No,Yes,Yes,Yes,No,No,No,No,,,,,,,,Other (Specify),Deposit and rent too high and chose to live in rv
357,R_daMror65zptvX1n,2025-08-16 23:45:13,37.820907,-122.28974,"37.8203476, -122.2907231",coord_decimal,37.8203476,-122.2907231,106.4,37.820907,-122.28974,1.0,Female,36.0,,,Black,,,No Shelter/Outside,No Shelter/Outside,3,7,8,6,9,10,4,11,2,12,1,5,Housing Type 1,Housing Type 2,Housing Type 1,Housing Type 2,Housing Type 2,Housing Type 1,Housing Type 1,Housing Type 2,Housing Type 1,Housing Type 1,Housing Type 2,Housing Type 2,Yes,Yes,Yes,No,Yes,Yes,Yes,Yes,No,No,No,Yes,,,,,Rent increase,,,,
358,R_mEhHgcRDIhNnD2C,2025-08-16 23:45:14,,,"37.8203476, -122.2907231",coord_decimal,37.8203476,-122.2907231,,37.8203476,-122.2907231,1.0,Male,50.0,,,Black,,,No Shelter/Outside,No Shelter/Outside,2,12,8,3,11,7,4,6,9,10,1,5,Housing Type 2,Housing Type 2,Housing Type 1,Housing Type 1,Housing Type 1,Housing Type 1,Housing Type 2,Housing Type 2,Housing Type 2,Housing Type 2,Housing Type 2,Housing Type 1,Yes,Yes,Yes,Yes,No,No,Yes,No,No,No,No,No,,,,,Rent increase,,,,
359,R_7gDb0QmTDukP0Zg,2025-08-18 14:43:09,37.911415,-122.318537,,missing,,,,37.911415,-122.318537,1.0,Female,23.0,White,,,,,,,4,3,9,8,1,7,5,10,11,12,2,6,Housing Type 2,Housing Type 1,Housing Type 2,Housing Type 1,Housing Type 1,Housing Type 1,Housing Type 1,Housing Type 2,Housing Type 1,Housing Type 1,Housing Type 1,Housing Type 1,Yes,Yes,No,No,Yes,No,Yes,Yes,Yes,Yes,No,Yes,,Chose to leave due to issues with family/friend/roommate,,,,,,,
360,R_hl2AoX9lkUkAxre,2025-08-18 14:43:10,37.933483,-122.332812,Hensley,area_vague,,,,37.933483,-122.332812,0.0,Female,42.0,,Hispanic,,,,,,3,5,12,11,9,1,8,10,4,7,6,2,Housing Type 1,Housing Type 2,Housing Type 2,Housing Type 2,Housing Type 2,Housing Type 1,Housing Type 1,Housing Type 2,Housing Type 2,Housing Type 1,Housing Type 2,Housing Type 1,No,No,No,No,No,No,No,No,No,No,No,No,,,,,,,,Other (Specify),Failed fire/safety inspection
361,R_eIZjYBtpNPgkcjT,2025-08-18 14:43:11,37.933437,-122.332738,Macdonald,address,37.7061919,-122.4098691,26161.0,37.933437,-122.332738,0.0,Female,47.0,,,Black,,,,,12,9,6,2,8,7,4,1,5,11,10,3,Housing Type 1,Housing Type 1,Housing Type 1,Housing Type 1,Housing Type 1,Housing Type 1,Housing Type 1,Housing Type 1,Housing Type 1,Housing Type 1,Housing Type 1,Housing Type 1,No,Yes,Yes,No,No,No,No,No,No,No,No,No,,,,,,,,Other (Specify),Mom pass away
362,R_9pa49MDldpKVi65,2025-08-18 14:43:13,37.933457,-122.332743,,missing,,,,37.933457,-122.332743,0.0,Male,27.0,,,Black,Asian,American Indian,,,3,1,8,2,7,6,10,11,5,12,9,4,Housing Type 1,Housing Type 2,Housing Type 1,Housing Type 2,Housing Type 1,Housing Type 1,Housing Type 2,Housing Type 1,Housing Type 2,Housing Type 1,Housing Type 1,Housing Type 2,No,No,No,No,No,No,No,No,No,No,No,No,"Family/friend/roommate asked me to leave (dispute, needed room, etc.)",,,,,,,,
363,R_0Uc0jViGkObAQo1,2025-08-18 14:43:14,37.933482,-122.332752,Na,junk,,,,37.933482,-122.332752,1.0,Female,25.0,,,Black,,,,,4,1,5,2,9,11,12,3,7,10,8,6,Housing Type 1,Housing Type 2,Housing Type 1,Housing Type 1,Housing Type 1,Housing Type 2,Housing Type 1,Housing Type 2,Housing Type 1,Housing Type 1,Housing Type 2,Housing Type 1,No,Yes,Yes,Yes,Yes,Yes,No,Yes,Yes,Yes,Yes,Yes,"Family/friend/roommate asked me to leave (dispute, needed room, etc.)",,,,,,,,
364,R_iwxwI1GJpaqVaGa,2025-08-18 14:43:15,37.933568,-122.332823,Macdonald,address,37.7061919,-122.4098691,26173.1,37.933568,-122.332823,1.0,Female,58.0,White,,,,,,No Shelter/Outside,4,12,10,6,5,11,3,2,1,7,8,9,Housing Type 2,Housing Type 1,Housing Type 2,Housing Type 1,Housing Type 2,Housing Type 1,Housing Type 2,Housing Type 2,Housing Type 1,Housing Type 1,Housing Type 2,Housing Type 2,No,No,No,No,No,No,No,No,No,No,No,No,,,,,Rent increase,,,,
365,R_4Tt2Io0hJBegnAr,2025-08-18 14:43:16,37.933485,-122.332758,Macdonald,address,37.7061919,-122.4098691,26165.7,37.933485,-122.332758,1.0,Male,44.0,,,,,,No Shelter/Outside,No Shelter/Outside,9,12,6,5,7,2,3,4,11,8,1,10,Housing Type 2,Housing Type 2,Housing Type 2,Housing Type 2,Housing Type 2,Housing Type 2,Housing Type 1,Housing Type 2,Housing Type 1,Housing Type 2,Housing Type 2,Housing Type 2,Yes,Yes,Yes,Yes,Yes,Yes,Yes,Yes,Yes,Yes,Yes,Yes,,,,,,,Released from jail/prison,,
366,R_2xiA3kW3nGVUw87,2025-08-21 14:51:28,37.972318,-122.342888,"37.9723467, -122.3435076",coord_decimal,37.9723467,-122.3435076,54.4,37.972318,-122.342888,1.0,Transgender Man,38.0,,,,Asian,,,,5,2,9,8,7,3,11,12,4,10,1,6,Housing Type 1,Housing Type 2,Housing Type 2,Housing Type 1,Housing Type 1,Housing Type 1,Housing Type 1,Housing Type 2,Housing Type 1,Housing Type 2,Housing Type 1,Housing Type 2,No,No,No,No,No,No,No,No,No,No,No,No,,,,Could not pay rent,,,,,
367,R_8wRAQBwlx2UNzrO,2025-08-21 14:51:29,37.972303,-122.342977,,missing,,,,37.972303,-122.342977,0.0,Female,45.0,,Hispanic,,,,,,4,9,2,6,7,11,12,10,3,1,8,5,Housing Type 1,Housing Type 2,Housing Type 2,Housing Type 1,Housing Type 1,Housing Type 2,Housing Type 2,Housing Type 1,Housing Type 2,Housing Type 1,Housing Type 2,Housing Type 2,Yes,Yes,No,Yes,Yes,No,No,No,No,No,No,No,,,,,,,,Other (Specify),Uun. Hibitutual cconditions
368,R_hKkqotqsgm525ji,2025-08-21 14:51:31,37.931917,-122.35971,,missing,,,,37.931917,-122.35971,0.0,Female,58.0,White,,,,,No Shelter/Outside,,1,4,6,8,7,5,2,9,10,11,12,3,Housing Type 1,Housing Type 2,Housing Type 1,Housing Type 2,Housing Type 2,Housing Type 2,Housing Type 1,Housing Type 2,Housing Type 2,Housing Type 2,Housing Type 1,Housing Type 2,Yes,Yes,Yes,Yes,Yes,Yes,Yes,Yes,Yes,Yes,Yes,Yes,,,,Could not pay rent,,,,,
369,R_82bRrfjdNgyZiH4,2025-08-21 14:51:32,,,,missing,,,,,,0.0,Female,,,,Black,,,,,3,7,1,5,4,2,12,6,10,11,9,8,Housing Type 2,Housing Type 1,Housing Type 1,Housing Type 2,Housing Type 2,Housing Type 1,Housing Type 2,Housing Type 1,Housing Type 1,Housing Type 1,Housing Type 2,Housing Type 1,Yes,Yes,Yes,Yes,Yes,Yes,Yes,Yes,Yes,Yes,Yes,Yes,,,,,,,,Other (Specify),Changed
370,R_6KmsvZgtSxttXWa,2025-08-21 14:51:33,,,Bay area rescue mission,area_vague,,,,,,0.0,Female,54.0,,,Black,,,,,11,7,2,3,1,9,5,4,12,8,10,6,Housing Type 1,Housing Type 2,Housing Type 1,Housing Type 2,Housing Type 1,Housing Type 1,Housing Type 2,Housing Type 2,Housing Type 1,Housing Type 2,Housing Type 2,Housing Type 1,Yes,Yes,No,No,Yes,Yes,Yes,Yes,No,No,No,No,,Chose to leave due to issues with family/friend/roommate,,,,,,,
371,R_n63umPN7FcvOvXN,2025-08-21 14:51:34,37.931935,-122.359728,,missing,,,,37.931935,-122.359728,1.0,Male,62.0,White,,,,,,,7,4,6,12,11,2,9,3,8,10,5,1,Housing Type 1,Housing Type 1,Housing Type 2,Housing Type 1,Housing Type 1,Housing Type 1,Housing Type 1,Housing Type 1,Housing Type 2,Housing Type 1,Housing Type 2,Housing Type 1,Yes,Yes,Yes,Yes,Yes,Yes,Yes,Yes,Yes,Yes,Yes,Yes,,,,,,,,Other (Specify),My lady died
372,R_dcjAyBOVKDJUHEe,2025-08-21 14:51:36,,,,missing,,,,,,0.0,Male,30.0,,,,Asian,,,,2,12,11,7,9,10,4,6,3,8,1,5,Housing Type 2,Housing Type 2,Housing Type 2,Housing Type 2,Housing Type 1,Housing Type 1,Housing Type 1,Housing Type 1,Housing Type 2,Housing Type 2,Housing Type 2,Housing Type 1,Yes,Yes,Yes,Yes,Yes,Yes,Yes,Yes,Yes,Yes,Yes,Yes,,,,,,,,Other (Specify),Work related
373,R_j7IUfJLvNVYcQME,2025-08-22 10:20:13,37.962288,-122.346225,23rd,address,37.7553756,-122.3880198,23298.4,37.962288,-122.346225,1.0,Female,35.0,,,,,,No Shelter/Outside,No Shelter/Outside,2,1,9,7,5,8,12,10,4,6,11,3,Housing Type 1,Housing Type 2,Housing Type 2,Housing Type 2,Housing Type 2,Housing Type 1,Housing Type 2,Housing Type 1,Housing Type 2,Housing Type 2,Housing Type 2,Housing Type 1,Yes,Yes,Yes,Yes,Yes,Yes,Yes,Yes,Yes,Yes,Yes,Yes,,,,,,Eviction,Released from jail/prison,Other (Specify),Robbed
374,R_jMANIPCyYLpmptl,2025-08-22 10:20:14,37.962285,-122.346205,Rich/pablo,area_vague,,,,37.962285,-122.346205,1.0,Male,31.0,,,Black,,,,No Shelter/Outside,3,12,11,2,10,6,8,7,1,9,4,5,,Housing Type 1,Housing Type 1,Housing Type 1,Housing Type 1,Housing Type 1,Housing Type 1,Housing Type 2,,Housing Type 2,Housing Type 1,Housing Type 1,No,Yes,Yes,Yes,No,No,No,No,No,Yes,Yes,Yes,"Family/friend/roommate asked me to leave (dispute, needed room, etc.)",,,,,,,,
375,R_1t5VwZ091nsPes7,2025-08-22 10:20:15,37.955557,-122.34376,Richmond,area_vague,,,,37.955557,-122.34376,1.0,Male,37.0,,Hispanic,,,,,,12,10,11,3,4,2,9,7,1,6,8,5,Housing Type 2,Housing Type 2,Housing Type 2,Housing Type 2,Housing Type 1,Housing Type 1,,,Housing Type 2,,,Housing Type 2,Yes,Yes,No,No,No,No,No,No,No,No,No,No,"Family/friend/roommate asked me to leave (dispute, needed room, etc.)",,,,,,,,
376,R_kYPPMY7KrQ5ic1Z,2025-08-22 10:20:16,37.955598,-122.343763,Richmond,area_vague,,,,37.955598,-122.343763,1.0,Female,34.0,,Hispanic,,,,,,10,7,9,1,6,8,11,12,4,3,5,2,Housing Type 1,Housing Type 1,Housing Type 1,Housing Type 2,Housing Type 2,Housing Type 1,Housing Type 1,Housing Type 1,Housing Type 1,Housing Type 1,Housing Type 1,Housing Type 1,Yes,Yes,Yes,Yes,Yes,Yes,Yes,Yes,Yes,Yes,Yes,Yes,"Family/friend/roommate asked me to leave (dispute, needed room, etc.)",Chose to leave due to issues with family/friend/roommate,Divorce/breakup,Could not pay rent,,Eviction,,,
377,R_mBxm3uLrCgl9Zz6,2025-08-22 10:20:17,37.955642,-122.343683,Market,address,37.7668675,-122.428891,22283.8,37.955642,-122.343683,1.0,Female,34.0,,Hispanic,,,,,,7,4,12,10,8,1,9,11,2,5,6,3,Housing Type 2,Housing Type 2,Housing Type 1,Housing Type 2,Housing Type 2,Housing Type 2,Housing Type 1,Housing Type 2,Housing Type 2,Housing Type 2,Housing Type 2,Housing Type 2,Yes,Yes,Yes,Yes,Yes,Yes,Yes,Yes,Yes,Yes,Yes,Yes,,Chose to leave due to issues with family/friend/roommate,Divorce/breakup,Could not pay rent,Rent increase,,,,
378,R_oO4wEeSqrGK2PHI,2025-08-22 10:20:18,37.944295,-122.349627,Richmond,area_vague,,,,37.944295,-122.349627,1.0,Transgender Man,44.0,,Hispanic,,,,,,11,12,6,4,8,10,3,7,5,2,9,1,Housing Type 1,Housing Type 2,Housing Type 2,Housing Type 1,Housing Type 1,Housing Type 1,Housing Type 2,Housing Type 1,,Housing Type 2,Housing Type 2,Housing Type 2,No,No,No,No,No,No,No,No,No,No,No,No,"Family/friend/roommate asked me to leave (dispute, needed room, etc.)",,,,,,,,
379,R_edUA2ZyTOqY6e2Q,2025-08-22 10:20:19,37.944292,-122.34962,Richmond,area_vague,,,,37.944292,-122.34962,0.0,Male,44.0,,Hispanic,,,,,,3,1,10,8,2,6,5,4,7,12,9,11,Housing Type 1,Housing Type 2,Housing Type 2,Housing Type 2,Housing Type 2,Housing Type 1,Housing Type 2,Housing Type 2,Housing Type 1,Housing Type 2,Housing Type 2,Housing Type 1,No,No,No,No,No,No,No,No,No,No,No,No,"Family/friend/roommate asked me to leave (dispute, needed room, etc.)",,,,,,,,
380,R_0h9P8ZEu2zJ4W6X,2025-08-22 10:20:21,37.944252,-122.349652,Richmond,area_vague,,,,37.944252,-122.349652,0.0,Transgender Man,44.0,,,,Asian,,,,10,12,7,9,6,3,1,8,4,2,11,5,Housing Type 2,Housing Type 2,Housing Type 2,Housing Type 2,Housing Type 2,Housing Type 2,Housing Type 2,Housing Type 2,Housing Type 2,Housing Type 2,Housing Type 2,Housing Type 2,No,No,No,No,No,No,No,No,No,No,No,No,"Family/friend/roommate asked me to leave (dispute, needed room, etc.)",,,,,,,,
381,R_8oZ4JwhORJf6MwV,2025-08-22 10:20:22,37.944235,-122.349677,Richmond,area_vague,,,,37.944235,-122.349677,1.0,Male,44.0,,,,,,,,8,7,3,12,9,5,10,6,1,11,4,2,Housing Type 1,Housing Type 2,Housing Type 2,Housing Type 2,Housing Type 2,Housing Type 2,Housing Type 2,Housing Type 2,Housing Type 2,Housing Type 2,Housing Type 2,Housing Type 2,No,No,No,No,No,No,No,No,No,No,No,No,,,,,Rent increase,,,,
382,R_6CRaFVD9zJc12sK,2025-08-22 10:20:23,37.944253,-122.349642,Richmond,area_vague,,,,37.944253,-122.349642,1.0,Female,44.0,,,Black,,,,,9,4,1,10,3,12,7,11,2,6,5,8,Housing Type 2,Housing Type 2,Housing Type 2,Housing Type 2,Housing Type 2,Housing Type 2,Housing Type 2,Housing Type 2,Housing Type 2,Housing Type 2,Housing Type 2,Housing Type 1,No,No,No,No,No,No,No,No,No,No,No,No,,,,,,,Released from jail/prison,,
383,R_9oSShBQnYotfSqy,2025-08-22 20:45:28,37.792833,-122.263847,"37.7922367, -122.2629220",coord_decimal,37.7922367,-122.262922,104.9,37.792833,-122.263847,0.0,Male,43.0,,Hispanic,,,,,,5,11,8,2,4,9,7,6,10,12,3,1,Housing Type 2,Housing Type 1,Housing Type 1,Housing Type 2,Housing Type 2,Housing Type 2,Housing Type 1,Housing Type 2,Housing Type 1,Housing Type 1,Housing Type 2,Housing Type 2,Yes,Yes,Yes,Yes,Yes,Yes,Yes,Yes,Yes,Yes,Yes,Yes,,,,,,,,Other (Specify),Mom died.
384,R_kClPdjQNK16Evcn,2025-08-22 20:45:31,37.848035,-122.252233,"37.8472546, -122.2524194",coord_decimal,37.8472546,-122.2524194,88.3,37.848035,-122.252233,0.0,Male,67.0,,,,,American Indian,No Shelter/Outside,No Shelter/Outside,8,4,5,3,2,10,9,7,6,11,12,1,Housing Type 1,,Housing Type 2,,,,,,,,,,No,No,No,No,No,No,No,No,No,No,No,No,,,,,,,,Other (Specify),Fire - whole mountain burned
385,R_8zjnlBCp5Eq0Cff,2025-08-22 20:45:35,37.847987,-122.252323,"37.8472546, -122.2524194",coord_decimal,37.8472546,-122.2524194,81.9,37.847987,-122.252323,0.0,Male,78.0,White,,,,,No Shelter/Outside,No Shelter/Outside,6,2,5,3,1,8,7,10,9,11,12,4,Housing Type 1,Housing Type 1,Housing Type 1,Housing Type 1,Housing Type 2,Housing Type 1,Housing Type 2,Housing Type 2,Housing Type 1,Housing Type 1,Housing Type 2,Housing Type 2,Yes,Yes,Yes,No,Yes,Yes,Yes,Yes,Yes,Yes,Yes,Yes,,,,,,,,Other (Specify),Went to spain
386,R_nanOC0yrR66SsxT,2025-08-22 20:45:37,37.847972,-122.252302,"37.8472546, -122.2524194",coord_decimal,37.8472546,-122.2524194,80.4,37.847972,-122.252302,0.0,Male,54.0,,,Black,,,,,5,10,9,7,3,6,8,1,2,11,12,4,Housing Type 2,Housing Type 1,Housing Type 2,Housing Type 1,Housing Type 1,Housing Type 2,Housing Type 2,Housing Type 1,Housing Type 1,Housing Type 2,Housing Type 2,Housing Type 1,No,Yes,Yes,Yes,No,Yes,Yes,Yes,Yes,Yes,Yes,Yes,,,,,,,,Other (Specify),Too many people
387,R_fFWBBkVwa2qb3Wo,2025-08-22 20:45:39,37.847945,-122.252268,"37.8472546, -122.2524194",coord_decimal,37.8472546,-122.2524194,77.9,37.847945,-122.252268,0.0,Male,64.0,,,,Asian,,No Shelter/Outside,No Shelter/Outside,6,2,5,1,4,3,10,9,8,12,11,7,Housing Type 1,Housing Type 1,Housing Type 1,Housing Type 1,Housing Type 1,Housing Type 1,,Housing Type 1,Housing Type 1,Housing Type 2,Housing Type 2,Housing Type 2,Yes,Yes,Yes,No,Yes,Yes,Yes,Yes,Yes,Yes,Yes,Yes,,,,,,Eviction,,,
388,R_jvpnwqf2RGVEP4z,2025-08-22 20:45:41,37.848015,-122.25226,"37.8472546, -122.2524194",coord_decimal,37.8472546,-122.2524194,85.7,37.848015,-122.25226,1.0,Male,42.0,White,,,,,,,2,5,9,1,3,7,4,6,10,11,12,8,Housing Type 2,Housing Type 2,Housing Type 2,Housing Type 1,Housing Type 1,Housing Type 1,Housing Type 1,Housing Type 2,Housing Type 1,Housing Type 2,Housing Type 2,Housing Type 1,Yes,Yes,Yes,Yes,No,Yes,Yes,Yes,No,No,No,No,,,,Could not pay rent,,,,,
389,R_hdKWzwI1YWaZkmV,2025-08-22 20:50:48,37.847945,-122.252248,5937 college ave oakland ca,address,37.8477827,-122.252278,18.2,37.847945,-122.252248,0.0,Female,64.0,,,Black,,,No Shelter/Outside,No Shelter/Outside,4,8,5,10,2,6,9,3,7,12,11,1,Housing Type 1,Housing Type 1,Housing Type 1,Housing Type 2,Housing Type 2,Housing Type 2,Housing Type 2,Housing Type 2,Housing Type 1,Housing Type 1,Housing Type 1,Housing Type 2,Yes,Yes,Yes,Yes,Yes,Yes,Yes,Yes,Yes,Yes,Yes,Yes,,,,,,Eviction,,,
390,R_iBopNPLaTWJFjVW,2025-08-22 20:50:48,37.848063,-122.252197,Martin luther king and university ave in berkeley,area_vague,,,,37.848063,-122.252197,0.0,Male,56.0,,,Black,,American Indian,,No Shelter/Outside,2,3,7,8,9,6,12,4,5,10,11,1,Housing Type 1,Housing Type 2,Housing Type 1,Housing Type 2,Housing Type 1,Housing Type 2,Housing Type 2,Housing Type 2,Housing Type 2,Housing Type 1,Housing Type 1,Housing Type 2,Yes,Yes,Yes,No,Yes,Yes,Yes,Yes,Yes,Yes,Yes,No,,,,Could not pay rent,,,,Other (Specify),Was cab driver and couldnt keep up afted lyft and uber
391,R_bywVk6Nqd4RE1ok,2025-08-22 20:50:50,37.84814,-122.252317,San pablo and west stréet in oakland,area_vague,,,,37.84814,-122.252317,0.0,Male,38.0,,,Black,,,,,3,1,4,6,10,11,9,5,7,8,12,2,Housing Type 2,Housing Type 2,Housing Type 1,Housing Type 2,Housing Type 2,Housing Type 1,Housing Type 1,Housing Type 1,Housing Type 1,Housing Type 2,Housing Type 2,Housing Type 2,Yes,Yes,Yes,Yes,Yes,Yes,Yes,Yes,Yes,Yes,Yes,Yes,,Chose to leave due to issues with family/friend/roommate,,,,,,,
392,R_fjvpUMEfWO6NNFi,2025-08-22 20:50:50,37.848035,-122.252227,Ashby and sacramento berkeley,area_vague,,,,37.848035,-122.252227,0.0,Male,64.0,,,,,,,,2,6,4,8,5,1,12,7,9,10,11,3,Housing Type 2,Housing Type 2,Housing Type 2,Housing Type 2,Housing Type 1,Housing Type 1,Housing Type 1,Housing Type 1,Housing Type 2,Housing Type 2,Housing Type 2,Housing Type 1,Yes,Yes,Yes,Yes,Yes,Yes,Yes,Yes,Yes,Yes,Yes,Yes,,,,Could not pay rent,,,,,
393,R_8dozkfYYmxNNTmY,2025-08-22 20:50:51,37.848077,-122.252272,Ridgeway and gilbert in oakland,area_vague,,,,37.848077,-122.252272,0.0,Male,74.0,White,,,,,,,1,10,7,6,4,3,11,8,5,12,9,2,Housing Type 2,Housing Type 2,Housing Type 2,Housing Type 2,Housing Type 2,Housing Type 2,Housing Type 2,Housing Type 2,Housing Type 1,Housing Type 1,Housing Type 1,Housing Type 1,Yes,Yes,Yes,Yes,Yes,Yes,Yes,Yes,Yes,Yes,Yes,Yes,,Chose to leave due to issues with family/friend/roommate,,,,,,,
394,R_4ijMMOdSJohanxg,2025-08-22 21:15:47,37.848837,-122.245062,344 40th street oakland,address,37.8282452,-122.2575779,2539.8,37.848837,-122.245062,0.0,Female,32.0,,Hispanic,,,,,,2,7,4,11,10,6,9,5,3,12,8,1,Housing Type 2,Housing Type 2,Housing Type 2,Housing Type 1,Housing Type 2,Housing Type 1,Housing Type 2,Housing Type 2,Housing Type 1,Housing Type 1,Housing Type 1,Housing Type 1,Yes,Yes,Yes,Yes,Yes,Yes,Yes,Yes,Yes,Yes,Yes,Yes,,,,Could not pay rent,,,,,
395,R_iKQEh7o7HmzErT3,2025-08-23 21:57:02,37.881643,-122.299455,"37.8813458, -122.2999153",coord_decimal,37.8813458,-122.2999153,52.2,37.881643,-122.299455,1.0,Male,50.0,,,Black,,,,,2,6,10,1,9,7,4,8,5,12,11,3,Housing Type 1,Housing Type 1,Housing Type 2,,Housing Type 1,Housing Type 2,Housing Type 1,Housing Type 1,Housing Type 2,Housing Type 1,Housing Type 1,Housing Type 1,No,No,Yes,No,Yes,No,No,Yes,No,Yes,No,No,,,,,,,,Other (Specify),Friends backdoored him and he got kicked OIT
396,R_a4ZC1J85ieoO1za,2025-08-23 21:57:04,37.881632,-122.299447,"37.8813458, -122.2999153",coord_decimal,37.8813458,-122.2999153,52.0,37.881632,-122.299447,0.0,Male,56.0,,,Black,,,,,7,8,4,1,6,10,9,5,2,11,12,3,Housing Type 1,Housing Type 1,Housing Type 2,Housing Type 1,Housing Type 2,Housing Type 1,Housing Type 2,Housing Type 1,Housing Type 1,Housing Type 1,Housing Type 1,Housing Type 1,No,No,No,Yes,Yes,Yes,Yes,Yes,Yes,Yes,Yes,Yes,,,,,,,,Other (Specify),Robbery
397,R_fwvsOoJzHcv22pi,2025-08-23 21:57:05,37.881618,-122.299548,"37.8813458, -122.2999153",coord_decimal,37.8813458,-122.2999153,44.2,37.881618,-122.299548,0.0,Male,30.0,,,Black,,,No Shelter/Outside,No Shelter/Outside,2,6,7,1,10,8,3,9,5,12,11,4,Housing Type 2,Housing Type 2,Housing Type 1,Housing Type 2,Housing Type 1,Housing Type 1,Housing Type 2,Housing Type 1,Housing Type 2,Housing Type 2,Housing Type 1,Housing Type 2,Yes,No,No,Yes,No,Yes,No,No,No,No,No,No,,Chose to leave due to issues with family/friend/roommate,,,,,,,
398,R_4GK0inAPiEJKBBs,2025-08-23 21:57:07,37.881572,-122.300372,"37.8813458, -122.2999153",coord_decimal,37.8813458,-122.2999153,47.3,37.881572,-122.300372,1.0,Male,49.0,White,,,,,,,6,9,11,3,7,4,5,10,2,1,12,8,Housing Type 2,Housing Type 1,Housing Type 1,Housing Type 1,Housing Type 1,Housing Type 1,Housing Type 2,Housing Type 2,Housing Type 1,Housing Type 2,Housing Type 2,Housing Type 1,No,No,No,No,No,No,No,No,No,No,No,No,,,,,,,,,
399,R_8qUPDSlk4S3qC7J,2025-08-23 21:57:08,37.881458,-122.300382,"37.8813458, -122.2999153",coord_decimal,37.8813458,-122.2999153,42.8,37.881458,-122.300382,1.0,Male,42.0,White,,,,,,No Shelter/Outside,3,2,12,5,7,4,1,10,9,6,11,8,Housing Type 2,Housing Type 2,Housing Type 1,Housing Type 2,Housing Type 2,Housing Type 2,Housing Type 1,Housing Type 2,Housing Type 2,Housing Type 1,Housing Type 1,Housing Type 2,Yes,No,Yes,Yes,Yes,No,Yes,Yes,Yes,Yes,Yes,Yes,,,,,Rent increase,,,,
400,R_cu5o1bbDZvgPszR,2025-08-23 21:57:10,37.881527,-122.300388,"37.8813458, -122.2999153",coord_decimal,37.8813458,-122.2999153,46.1,37.881527,-122.300388,0.0,Male,55.0,,,,,American Indian,,,1,8,12,3,4,6,5,10,7,2,11,9,Housing Type 2,Housing Type 1,Housing Type 2,Housing Type 1,Housing Type 2,Housing Type 1,Housing Type 1,,Housing Type 1,Housing Type 2,,Housing Type 1,No,No,No,No,Yes,No,No,No,No,Yes,No,No,,,,,,Eviction,,,
401,R_5PwfzdS9UAow7aI,2025-08-23 21:57:11,37.881433,-122.300482,"37.8813458, -122.2999153",coord_decimal,37.8813458,-122.2999153,50.7,37.881433,-122.300482,1.0,Male,45.0,White,,,,,,,2,5,11,12,8,6,4,7,3,1,10,9,Housing Type 1,Housing Type 1,Housing Type 2,Housing Type 2,Housing Type 1,Housing Type 1,Housing Type 2,Housing Type 2,Housing Type 2,Housing Type 1,Housing Type 2,Housing Type 1,No,No,No,No,Yes,No,No,No,No,No,No,No,,,,Could not pay rent,,,,,
402,R_m7C07boLVP3XUEI,2025-08-23 21:57:13,37.88142,-122.300507,"37.8813458, -122.2999153",coord_decimal,37.8813458,-122.2999153,52.6,37.88142,-122.300507,1.0,Female,37.0,White,,,,,,,1,7,6,4,8,9,3,10,2,11,12,5,Housing Type 1,Housing Type 1,Housing Type 1,Housing Type 2,Housing Type 2,Housing Type 1,Housing Type 2,Housing Type 1,Housing Type 2,Housing Type 1,Housing Type 2,Housing Type 1,Yes,Yes,Yes,No,No,Yes,Yes,Yes,Yes,Yes,Yes,Yes,,Chose to leave due to issues with family/friend/roommate,,,,,,,
403,R_51Xl9fA3XpJVERR,2025-08-23 21:57:14,37.881412,-122.300567,"37.8813458, -122.2999153",coord_decimal,37.8813458,-122.2999153,57.7,37.881412,-122.300567,1.0,Male,49.0,White,,,,,,,10,6,4,3,12,11,9,8,5,2,1,7,Housing Type 1,Housing Type 2,Housing Type 2,Housing Type 2,Housing Type 1,Housing Type 2,Housing Type 1,Housing Type 1,Housing Type 1,Housing Type 1,Housing Type 2,Housing Type 1,No,Yes,Yes,No,Yes,No,Yes,Yes,No,No,No,No,,,,Could not pay rent,,,,,
404,R_4XDcJgHLFxTmkph,2025-08-23 21:57:15,37.881365,-122.300443,"37.8813458, -122.2999153",coord_decimal,37.8813458,-122.2999153,46.4,37.881365,-122.300443,1.0,Male,39.0,White,,,,,,,6,7,11,3,8,2,4,10,5,1,12,9,Housing Type 2,Housing Type 1,Housing Type 2,Housing Type 1,Housing Type 1,,,Housing Type 2,Housing Type 1,Housing Type 2,Housing Type 2,Housing Type 2,No,Yes,No,No,Yes,No,No,Yes,Yes,No,No,Yes,,,,,,Eviction,,,
405,R_cZfkNJ4jD1ITmqu,2025-08-24 11:54:23,37.792773,-122.263805,"I parked here near 37°47'33.9""N 122°15'49.8""W http://maps.google.com/maps?q=Parking+location@37.792752,-122.263830&g_st=ac",coord_embedded,37.792752,-122.26383,3.2,37.792773,-122.263805,1.0,Female,35.0,White,,,,,,No Shelter/Outside,4,3,7,12,2,11,10,9,6,5,8,1,Housing Type 2,Housing Type 1,Housing Type 1,Housing Type 2,Housing Type 2,Housing Type 1,Housing Type 1,Housing Type 2,Housing Type 2,Housing Type 1,Housing Type 1,Housing Type 1,Yes,Yes,Yes,No,Yes,Yes,Yes,Yes,Yes,Yes,Yes,Yes,,,,,,,,Other (Specify),Moved to california
406,R_8hfIpU4kYXoDp03,2025-08-24 16:09:32,37.881735,-122.299812,"37.8820079, -122.2998325",coord_decimal,37.8820079,-122.2998325,30.4,37.881735,-122.299812,1.0,Male,30.0,White,,,,,,,1,8,12,9,5,10,3,6,4,2,11,7,Housing Type 2,Housing Type 2,Housing Type 1,Housing Type 2,Housing Type 2,Housing Type 1,Housing Type 1,Housing Type 2,Housing Type 2,Housing Type 1,Housing Type 1,Housing Type 1,Yes,No,Yes,No,No,No,No,Yes,No,No,No,No,"Family/friend/roommate asked me to leave (dispute, needed room, etc.)",,,,,,,,
407,R_eAwW6tu6FJPWWo6,2025-08-24 16:10:34,37.881815,-122.299833,"37.8816173, -122.2998523",coord_decimal,37.8816173,-122.2998523,22.0,37.881815,-122.299833,1.0,Male,50.0,,,Black,,,No Shelter/Outside,No Shelter/Outside,1,4,9,6,10,5,2,7,3,12,11,8,Housing Type 1,Housing Type 1,Housing Type 2,Housing Type 1,Housing Type 2,Housing Type 2,Housing Type 1,Housing Type 2,Housing Type 2,Housing Type 2,Housing Type 1,Housing Type 2,Yes,No,Yes,Yes,No,Yes,No,Yes,No,No,No,No,"Family/friend/roommate asked me to leave (dispute, needed room, etc.)",,,,,,,,
408,R_isOIBRV9UU0z9NR,2025-08-24 16:10:36,37.881767,-122.299787,"37.8816173, -122.2998523",coord_decimal,37.8816173,-122.2998523,17.6,37.881767,-122.299787,1.0,Female,71.0,,,Black,,,,,1,6,5,8,4,7,9,11,3,12,10,2,Housing Type 1,Housing Type 2,Housing Type 1,Housing Type 1,Housing Type 1,Housing Type 1,,Housing Type 1,Housing Type 1,Housing Type 2,Housing Type 1,Housing Type 2,No,No,No,No,No,Yes,No,Yes,No,No,No,No,,,,,,,,Other (Specify),Flooded and landlord wouldnt fix it. Codemned
409,R_iIKn6c5V0tARwrE,2025-08-24 16:10:37,,,"37.8816173, -122.2998523",coord_decimal,37.8816173,-122.2998523,,37.8816173,-122.2998523,1.0,Male,28.0,,Hispanic,,,,,,1,7,10,6,9,12,4,8,5,2,3,11,Housing Type 1,Housing Type 2,Housing Type 2,Housing Type 2,Housing Type 2,Housing Type 1,Housing Type 1,Housing Type 1,Housing Type 1,Housing Type 1,Housing Type 2,Housing Type 2,Yes,Yes,Yes,Yes,No,Yes,Yes,No,No,No,No,No,,,,,,Eviction,,,
410,R_mFynljrstsC1xsq,2025-08-24 16:10:38,,,"37.8816173, -122.2998523",coord_decimal,37.8816173,-122.2998523,,37.8816173,-122.2998523,0.0,Female,36.0,White,,,,,,,1,9,12,3,10,11,2,8,5,6,7,4,Housing Type 1,Housing Type 2,Housing Type 1,Housing Type 1,Housing Type 2,Housing Type 2,Housing Type 2,Housing Type 2,Housing Type 1,Housing Type 2,Housing Type 1,,Yes,Yes,Yes,Yes,Yes,No,No,No,No,No,No,No,,,,,,,,Other (Specify),Lease was up
411,R_e4HJUvX0HmtuUMd,2025-08-24 16:10:40,,,"37.8816173, -122.2998523",coord_decimal,37.8816173,-122.2998523,,37.8816173,-122.2998523,1.0,Male,64.0,White,,,,,,,1,2,12,6,9,3,5,8,7,11,10,4,Housing Type 1,Housing Type 1,Housing Type 1,Housing Type 2,Housing Type 1,Housing Type 1,Housing Type 1,Housing Type 2,Housing Type 1,Housing Type 1,,,No,No,Yes,No,No,No,Yes,No,No,No,No,No,,,,,,Eviction,,,
412,R_9oktjpIDFoXv73l,2025-08-24 17:58:46,37.872347,-122.299603,"37.8722854, -122.2994382",coord_decimal,37.8722854,-122.2994382,16.0,37.872347,-122.299603,0.0,Male,37.0,White,,,,,,,1,8,11,4,12,9,6,10,5,2,3,7,Housing Type 2,Housing Type 1,Housing Type 1,Housing Type 2,Housing Type 2,Housing Type 2,Housing Type 2,Housing Type 1,Housing Type 1,Housing Type 1,Housing Type 1,Housing Type 1,No,No,No,No,Yes,Yes,No,No,No,Yes,No,Yes,"Family/friend/roommate asked me to leave (dispute, needed room, etc.)",,,,,,,,
413,R_aVtPI2BodmjxWOY,2025-08-24 17:58:48,37.87233,-122.299593,"37.8722854, -122.2994382",coord_decimal,37.8722854,-122.2994382,14.5,37.87233,-122.299593,1.0,Female,32.0,White,,,,,,,6,1,9,2,7,12,11,4,10,5,8,3,Housing Type 2,Housing Type 1,Housing Type 1,Housing Type 1,Housing Type 1,Housing Type 2,Housing Type 1,Housing Type 2,Housing Type 1,Housing Type 2,Housing Type 1,,Yes,No,Yes,Yes,No,Yes,Yes,No,Yes,Yes,No,Yes,,,,Could not pay rent,,,,,
414,R_5UFYZi9XdOnXpkU,2025-08-24 17:58:49,,,"37.8722854, -122.2994382",coord_decimal,37.8722854,-122.2994382,,37.8722854,-122.2994382,0.0,Female,41.0,White,,,,,,,5,8,7,9,11,12,2,4,10,1,3,6,Housing Type 2,Housing Type 1,Housing Type 2,Housing Type 1,,,Housing Type 2,Housing Type 2,Housing Type 2,Housing Type 2,Housing Type 1,Housing Type 2,Yes,Yes,Yes,Yes,,,No,No,No,No,No,No,,,,,,Eviction,,,
415,R_kZxtwSnoZwNLl1v,2025-08-24 19:42:41,37.872283,-122.299817,"37.8715918, -122.3027772",coord_decimal,37.8715918,-122.3027772,271.0,37.872283,-122.299817,1.0,Female,37.0,White,,Black,,American Indian,,,3,6,11,9,7,8,5,10,4,1,12,2,Housing Type 1,Housing Type 1,Housing Type 1,Housing Type 1,Housing Type 1,Housing Type 2,Housing Type 1,Housing Type 1,Housing Type 1,,Housing Type 1,,No,No,Yes,Yes,Yes,Yes,No,Yes,No,No,No,No,,,,,,,,Other (Specify),Landlord dispute
416,R_7Re8G3xIkNh8f2x,2025-08-24 19:42:42,,,"37.8715918, -122.3027772",coord_decimal,37.8715918,-122.3027772,,37.8715918,-122.3027772,1.0,Male,57.0,White,,,,,,No Shelter/Outside,8,3,6,2,4,11,9,10,5,12,1,7,Housing Type 2,Housing Type 2,Housing Type 1,Housing Type 2,Housing Type 2,Housing Type 1,Housing Type 2,Housing Type 2,Housing Type 2,Housing Type 2,Housing Type 2,Housing Type 1,Yes,Yes,Yes,Yes,Yes,No,Yes,Yes,No,No,No,No,,,Divorce/breakup,,,,,,
417,R_nF30jAQIg6STJVM,2025-08-24 19:42:43,,,"37.8715918, -122.3027772",coord_decimal,37.8715918,-122.3027772,,37.8715918,-122.3027772,1.0,Female,43.0,White,,,,,,,2,8,7,3,9,5,4,6,10,1,12,11,Housing Type 2,Housing Type 1,Housing Type 1,Housing Type 2,Housing Type 1,Housing Type 1,Housing Type 2,Housing Type 1,Housing Type 1,Housing Type 2,Housing Type 1,Housing Type 2,Yes,Yes,No,Yes,No,No,No,No,No,No,No,No,,,,Could not pay rent,,,,,
418,R_5dGgFTRvhHUjmfM,2025-08-24 19:42:44,37.871522,-122.302897,"37.8715918, -122.3027772",coord_decimal,37.8715918,-122.3027772,13.1,37.871522,-122.302897,0.0,Female,52.0,,,Black,,,,,1,7,8,5,4,3,12,9,11,2,10,6,Housing Type 1,Housing Type 1,Housing Type 1,Housing Type 2,Housing Type 1,Housing Type 1,,,,,,,Yes,No,No,Yes,No,Yes,No,No,No,No,No,No,,,,,,,,Other (Specify),Landlord kicked them out. Wanted to turn the place into section 8
419,R_ct7V886vayaMXt6,2025-08-24 21:39:19,37.860012,-122.295395,"37.8599692, -122.2950692",coord_decimal,37.8599692,-122.2950692,29.0,37.860012,-122.295395,0.0,Male,51.0,White,,,,,,,1,4,8,9,11,6,2,5,3,12,10,7,Housing Type 2,Housing Type 2,Housing Type 1,Housing Type 1,Housing Type 2,Housing Type 1,Housing Type 1,Housing Type 2,Housing Type 1,Housing Type 2,Housing Type 2,Housing Type 2,No,No,No,No,No,Yes,No,No,No,No,No,No,,Chose to leave due to issues with family/friend/roommate,,Could not pay rent,,,,,
420,R_krjliwg3teBPxza,2025-08-24 21:39:20,37.859988,-122.295327,"37.8599692, -122.2950692",coord_decimal,37.8599692,-122.2950692,22.7,37.859988,-122.295327,0.0,Female,41.0,White,,,,,,No Shelter/Outside,1,8,5,3,2,9,10,7,4,12,11,6,Housing Type 1,Housing Type 2,Housing Type 2,Housing Type 2,Housing Type 2,Housing Type 1,,Housing Type 1,,Housing Type 2,Housing Type 1,Housing Type 2,Yes,No,No,No,No,No,No,No,No,No,No,No,,,,,,,,Other (Specify),Cant remember
421,R_7aazjGMnr0OSD6N,2025-08-24 21:39:22,37.859967,-122.295313,"37.8599692, -122.2950692",coord_decimal,37.8599692,-122.2950692,21.4,37.859967,-122.295313,0.0,Male,65.0,,,Black,,,,,1,9,6,2,10,8,3,7,5,11,12,4,Housing Type 2,Housing Type 1,Housing Type 1,Housing Type 2,Housing Type 1,Housing Type 2,Housing Type 2,Housing Type 2,Housing Type 1,Housing Type 1,Housing Type 1,Housing Type 1,Yes,No,Yes,Yes,Yes,Yes,No,Yes,No,No,No,No,,,,Could not pay rent,,,,,
422,R_lTH29taI1YWnlE2,2025-08-24 21:39:24,37.859898,-122.295413,"37.8599692, -122.2950692",coord_decimal,37.8599692,-122.2950692,31.2,37.859898,-122.295413,0.0,Female,44.0,White,Hispanic,,,American Indian,,,3,6,9,11,12,10,7,2,5,1,4,8,Housing Type 1,Housing Type 1,Housing Type 2,Housing Type 1,,Housing Type 1,Housing Type 2,,,,Housing Type 1,Housing Type 2,No,No,Yes,No,No,No,No,No,No,No,No,No,,,Divorce/breakup,,,,,,
423,R_4rO6z24YEd7jKoR,2025-08-27 22:37:49,,,"37.7964013, -122.2569319",coord_decimal,37.7964013,-122.2569319,,37.7964013,-122.2569319,0.0,Male,49.0,White,,,,,,,1,6,10,3,4,7,2,8,9,11,12,5,Housing Type 2,Housing Type 1,Housing Type 2,Housing Type 2,Housing Type 1,Housing Type 1,Housing Type 2,Housing Type 2,Housing Type 2,Housing Type 1,Housing Type 1,Housing Type 2,Yes,Yes,Yes,Yes,Yes,Yes,Yes,No,No,No,No,No,,,Divorce/breakup,,,,,,
424,R_8TnCPyulARIjes1,2025-08-27 22:37:50,37.78717,-122.254623,"37.8209589, -122.2919415",coord_decimal,37.8209589,-122.2919415,4986.6,37.78717,-122.254623,1.0,Male,65.0,,,Black,,,,,1,12,6,2,8,5,3,7,4,9,10,11,Housing Type 1,Housing Type 1,Housing Type 2,Housing Type 2,Housing Type 2,Housing Type 2,Housing Type 2,Housing Type 2,Housing Type 2,Housing Type 2,Housing Type 1,Housing Type 2,No,Yes,Yes,Yes,Yes,Yes,No,Yes,Yes,No,No,No,,,Divorce/breakup,,,,,,
425,R_0vcnn8GvDDbllg9,2025-08-27 22:37:51,37.787913,-122.254467,"37.7965968, -122.2568588",coord_decimal,37.7965968,-122.2568588,988.2,37.787913,-122.254467,1.0,Male,51.0,,,,,,,,1,9,12,4,7,5,3,8,2,11,10,6,Housing Type 1,Housing Type 2,Housing Type 1,Housing Type 1,Housing Type 1,Housing Type 2,Housing Type 2,Housing Type 1,Housing Type 1,Housing Type 2,Housing Type 1,Housing Type 1,Yes,No,No,No,No,No,No,No,No,No,No,No,"Family/friend/roommate asked me to leave (dispute, needed room, etc.)",,,,,,,,
426,R_gFbLHIS9a2HBnUX,2025-08-27 22:37:52,,,"37.7805187, -122.2371355",coord_decimal,37.7805187,-122.2371355,,37.7805187,-122.2371355,1.0,Male,44.0,,,,,,No Shelter/Outside,No Shelter/Outside,1,10,7,4,5,6,3,9,2,12,11,8,Housing Type 1,Housing Type 2,Housing Type 2,Housing Type 1,Housing Type 2,Housing Type 2,Housing Type 2,Housing Type 2,Housing Type 2,Housing Type 1,Housing Type 1,Housing Type 2,Yes,Yes,Yes,Yes,No,Yes,No,Yes,Yes,Yes,No,No,,Chose to leave due to issues with family/friend/roommate,,,,,,,
427,R_ebFgWpLfcvGWkHd,2025-08-27 22:37:53,,,"37.7716680, -122.2159085",coord_decimal,37.771668,-122.2159085,,37.771668,-122.2159085,1.0,Female,61.0,,,,,American Indian,,,7,4,9,3,5,1,6,12,2,10,11,8,Housing Type 1,Housing Type 2,Housing Type 2,Housing Type 2,Housing Type 2,Housing Type 2,Housing Type 2,Housing Type 2,Housing Type 1,Housing Type 1,Housing Type 2,Housing Type 2,Yes,Yes,Yes,Yes,Yes,Yes,Yes,Yes,Yes,Yes,Yes,Yes,,,,,,Eviction,,,
428,R_7QGo2urjqpmiqYR,2025-08-27 22:37:54,,,"37.8236947, -122.2902996",coord_decimal,37.8236947,-122.2902996,,37.8236947,-122.2902996,1.0,Male,39.0,,,Black,,,,,1,7,10,3,5,8,2,9,4,12,11,6,Housing Type 2,Housing Type 1,Housing Type 1,Housing Type 2,Housing Type 2,Housing Type 1,Housing Type 1,Housing Type 1,Housing Type 2,Housing Type 1,Housing Type 2,Housing Type 1,Yes,Yes,No,Yes,Yes,No,No,Yes,No,Yes,No,Yes,,,,,,,,Other (Specify),Dispute with roommatea
429,R_9nvHA4wWoooA8u5,2025-08-29 16:02:07,37.788423,-122.254723,"37.8139065, -122.2735482",coord_decimal,37.8139065,-122.2735482,3281.0,37.788423,-122.254723,0.0,Male,61.0,,,,Asian,,,No Shelter/Outside,1,6,4,2,7,8,5,9,3,12,11,10,Housing Type 1,Housing Type 1,Housing Type 1,Housing Type 2,Housing Type 2,Housing Type 2,Housing Type 1,Housing Type 1,Housing Type 1,Housing Type 2,Housing Type 1,Housing Type 2,Yes,No,Yes,Yes,Yes,No,No,Yes,No,No,No,No,,,,Could not pay rent,,Eviction,,,
430,R_3ULrrtNAxZ9G1Zl,2025-08-29 16:28:34,37.972363,-122.342692,Richm9nd,area_vague,,,,37.972363,-122.342692,0.0,Male,20.0,,,Black,,,,,8,1,6,9,7,5,12,4,11,10,3,2,Housing Type 2,,,Housing Type 2,,Housing Type 2,Housing Type 2,,,Housing Type 2,Housing Type 2,Housing Type 2,No,No,No,No,No,No,No,No,No,No,No,No,,,,Could not pay rent,,,,,
431,R_8oE2Vh4j9h3yb1g,2025-08-29 16:28:36,37.925153,-122.360482,Richmond,area_vague,,,,37.925153,-122.360482,0.0,Male,26.0,White,,,,,,,10,12,7,9,3,11,5,1,4,6,8,2,Housing Type 1,Housing Type 1,Housing Type 1,Housing Type 1,Housing Type 1,Housing Type 2,Housing Type 2,Housing Type 2,Housing Type 1,Housing Type 1,Housing Type 1,Housing Type 1,No,No,No,No,No,No,No,No,No,No,No,No,,,,,,,Released from jail/prison,,
432,R_bUpkOZCbYpLIeFA,2025-08-29 16:28:37,37.923065,-122.346202,Richmond,area_vague,,,,37.923065,-122.346202,0.0,Transgender Man,26.0,,,,Asian,,,,4,5,6,2,8,10,9,11,12,3,1,7,Housing Type 1,Housing Type 2,Housing Type 2,Housing Type 2,Housing Type 2,Housing Type 2,Housing Type 1,Housing Type 1,Housing Type 2,Housing Type 2,Housing Type 1,Housing Type 2,No,No,No,No,No,No,No,No,No,No,No,No,,,,,,,Released from jail/prison,,
433,R_dN0GjvecQC7D9iD,2025-08-29 16:28:38,37.97248,-122.342527,Sam pablo,address,37.8886036,-122.298222,10103.7,37.97248,-122.342527,0.0,Non-Binary/Other,44.0,,Hispanic,,,,,,6,2,10,9,11,1,12,7,3,5,8,4,Housing Type 2,Housing Type 2,Housing Type 2,Housing Type 2,Housing Type 1,,Housing Type 1,Housing Type 1,,,,,No,Yes,No,No,Yes,No,Yes,No,No,No,No,No,,,,,,,Released from jail/prison,,
434,R_lBpWcLzhe3KcVC9,2025-08-29 18:20:32,37.784282,-122.296503,"37.7838797, -122.2966206",coord_decimal,37.7838797,-122.2966206,45.9,37.784282,-122.296503,0.0,Male,49.0,,Hispanic,,,,,,1,5,7,3,6,4,10,9,8,12,11,2,Housing Type 1,Housing Type 1,Housing Type 2,Housing Type 1,Housing Type 1,Housing Type 1,Housing Type 1,Housing Type 1,Housing Type 2,Housing Type 2,Housing Type 2,Housing Type 1,Yes,Yes,Yes,No,Yes,Yes,Yes,Yes,No,No,No,No,,,,Could not pay rent,,Eviction,,Other (Specify),Kidnapped
435,R_oAsfwDNROg1C6uN,2025-08-29 18:20:34,37.784277,-122.296402,"37.7838797, -122.2966206",coord_decimal,37.7838797,-122.2966206,48.2,37.784277,-122.296402,0.0,Male,55.0,White,,,,,No Shelter/Outside,,1,8,7,4,2,3,9,12,5,11,10,6,Housing Type 1,Housing Type 1,Housing Type 2,Housing Type 1,Housing Type 2,Housing Type 1,Housing Type 2,Housing Type 2,Housing Type 1,Housing Type 1,Housing Type 2,Housing Type 1,No,Yes,Yes,No,Yes,Yes,Yes,Yes,No,No,No,No,,Chose to leave due to issues with family/friend/roommate,,,,,,,
436,R_83sSDQW5S9pSi51,2025-08-29 18:20:36,37.784065,-122.296343,"37.7838797, -122.2966206",coord_decimal,37.7838797,-122.2966206,31.9,37.784065,-122.296343,0.0,Female,63.0,,,Black,,,,,2,3,8,5,7,9,6,11,10,1,12,4,Housing Type 2,Housing Type 2,Housing Type 2,Housing Type 1,Housing Type 2,Housing Type 2,Housing Type 1,,Housing Type 1,Housing Type 1,Housing Type 1,Housing Type 2,Yes,Yes,Yes,Yes,No,Yes,Yes,No,Yes,Yes,Yes,No,,,,,,,,Other (Specify),"Deed frauduant,y taken"
437,R_kgUzmbMhyDxZ5qJ,2025-08-29 20:45:26,37.791402,-122.259437,"37.7912039, -122.2593855",coord_decimal,37.7912039,-122.2593855,22.5,37.791402,-122.259437,0.0,Female,34.0,White,,,,,No Shelter/Outside,No Shelter/Outside,1,8,11,6,7,10,3,9,4,12,2,5,Housing Type 1,Housing Type 2,Housing Type 2,Housing Type 2,Housing Type 2,Housing Type 2,Housing Type 2,Housing Type 2,Housing Type 1,Housing Type 2,Housing Type 1,Housing Type 1,Yes,No,No,No,No,Yes,Yes,No,No,No,No,No,,,,Could not pay rent,,,,,
438,R_ctVejMPnYxuuDIz,2025-08-29 20:45:28,,,"37.7912039, -122.2593855",coord_decimal,37.7912039,-122.2593855,,37.7912039,-122.2593855,1.0,Male,36.0,White,,,,,No Shelter/Outside,No Shelter/Outside,2,11,9,4,5,10,3,7,6,12,1,8,Housing Type 1,Housing Type 1,Housing Type 1,Housing Type 1,Housing Type 1,Housing Type 1,Housing Type 1,Housing Type 1,Housing Type 1,Housing Type 2,Housing Type 2,Housing Type 1,Yes,No,No,No,Yes,No,Yes,Yes,No,No,No,No,,,,,Rent increase,,,,
439,R_47fzGfE5L2RDWph,2025-08-29 20:45:31,,,"37.7912039, -122.2593855",coord_decimal,37.7912039,-122.2593855,,37.7912039,-122.2593855,1.0,Female,46.0,,Hispanic,,Asian,,,No Shelter/Outside,1,7,11,3,6,9,4,12,5,10,2,8,Housing Type 1,Housing Type 2,Housing Type 2,Housing Type 1,Housing Type 1,Housing Type 2,Housing Type 2,Housing Type 1,Housing Type 1,Housing Type 1,Housing Type 1,Housing Type 2,No,Yes,No,Yes,No,Yes,Yes,Yes,No,No,No,No,,,Divorce/breakup,,,,,,
440,R_cVkfPSDtZjwuXoj,2025-08-29 20:45:34,,,"37.7912039, -122.2593855",coord_decimal,37.7912039,-122.2593855,,37.7912039,-122.2593855,1.0,Male,61.0,,Hispanic,,,,No Shelter/Outside,No Shelter/Outside,2,8,7,10,6,5,4,11,3,12,1,9,Housing Type 1,Housing Type 1,Housing Type 1,Housing Type 1,Housing Type 1,Housing Type 2,Housing Type 1,Housing Type 2,Housing Type 1,Housing Type 1,Housing Type 2,Housing Type 2,Yes,Yes,No,Yes,No,No,No,No,No,No,No,No,,,Divorce/breakup,,,,,,
441,R_5BIx0tOeeebTmMH,2025-08-29 20:45:36,37.791335,-122.259407,"37.8236467, -122.2725544",coord_decimal,37.8236467,-122.2725544,3774.0,37.791335,-122.259407,0.0,Male,31.0,,,Black,,,No Shelter/Outside,No Shelter/Outside,7,5,6,2,9,8,1,4,3,12,11,10,Housing Type 1,Housing Type 1,Housing Type 1,Housing Type 1,Housing Type 1,Housing Type 1,Housing Type 1,Housing Type 2,Housing Type 1,Housing Type 2,Housing Type 1,Housing Type 1,Yes,Yes,Yes,Yes,No,No,Yes,No,No,No,No,No,,,,Could not pay rent,,Eviction,,,
442,R_i2t7pX7iSp2pHZY,2025-08-29 20:45:38,37.791312,-122.259445,"37.8236467, -122.2725544",coord_decimal,37.8236467,-122.2725544,3775.4,37.791312,-122.259445,1.0,Male,47.0,,,Black,,,No Shelter/Outside,No Shelter/Outside,7,9,5,3,1,8,4,6,10,12,11,2,Housing Type 1,Housing Type 1,Housing Type 2,Housing Type 1,Housing Type 1,Housing Type 1,Housing Type 1,Housing Type 1,Housing Type 2,Housing Type 2,Housing Type 1,Housing Type 2,Yes,No,Yes,Yes,No,No,Yes,Yes,Yes,Yes,Yes,Yes,,,Divorce/breakup,,,,,,
443,R_eDVTGhxVIpmYuvv,2025-08-29 20:45:40,37.79131,-122.259438,"37.8236467, -122.2725544",coord_decimal,37.8236467,-122.2725544,3775.8,37.79131,-122.259438,1.0,Male,58.0,,,,,American Indian,,,7,9,5,6,2,4,3,11,8,1,12,10,Housing Type 1,Housing Type 1,Housing Type 1,Housing Type 1,Housing Type 2,Housing Type 1,Housing Type 2,Housing Type 2,Housing Type 1,Housing Type 2,Housing Type 1,Housing Type 1,Yes,Yes,Yes,Yes,No,Yes,No,No,Yes,Yes,No,No,,,,,,,,Other (Specify),Rats
444,R_8MKun9H0MHaYMC8,2025-08-29 20:45:42,,,"37.8236467, -122.2725544",coord_decimal,37.8236467,-122.2725544,,37.8236467,-122.2725544,0.0,Male,56.0,,,Black,,,,No Shelter/Outside,1,8,7,6,2,9,4,12,3,11,10,5,Housing Type 1,Housing Type 2,Housing Type 1,Housing Type 2,Housing Type 2,Housing Type 2,Housing Type 1,Housing Type 1,Housing Type 1,Housing Type 2,Housing Type 2,Housing Type 1,Yes,Yes,Yes,Yes,No,Yes,No,Yes,Yes,No,Yes,No,,,Divorce/breakup,,,,,,
445,R_kc5CeSHZrCSuruU,2025-08-30 11:12:27,37.847903,-122.252287,"Claremont, South Berkeley, CA",area_vague,,,,37.847903,-122.252287,0.0,Male,57.0,,,,Asian,,,No Shelter/Outside,2,3,12,8,4,1,7,9,5,10,11,6,Housing Type 2,Housing Type 1,Housing Type 2,Housing Type 1,Housing Type 1,Housing Type 1,Housing Type 2,Housing Type 2,Housing Type 2,Housing Type 1,Housing Type 2,Housing Type 2,Yes,Yes,No,Yes,No,Yes,Yes,Yes,Yes,Yes,Yes,Yes,,,,Could not pay rent,Rent increase,,,,
446,R_oQ1EID04C5TydVl,2025-08-30 11:12:28,,,"San pablo and west st, West oakland, ca",area_vague,,,,,,0.0,Male,38.0,,,Black,,,,,10,5,2,3,7,11,9,6,12,4,8,1,Housing Type 1,Housing Type 1,Housing Type 2,Housing Type 1,Housing Type 2,Housing Type 1,Housing Type 2,Housing Type 1,Housing Type 1,Housing Type 1,Housing Type 1,Housing Type 2,Yes,Yes,Yes,Yes,Yes,Yes,Yes,Yes,Yes,Yes,Yes,Yes,,,,,,,,Other (Specify),Sister moved
447,R_68j6v9oI5aU2MzX,2025-08-30 17:29:41,37.859923,-122.295505,"37.8596277, -122.2960208",coord_decimal,37.8596277,-122.2960208,55.9,37.859923,-122.295505,0.0,Male,48.0,White,,,,,,,1,8,11,3,5,4,2,7,12,9,10,6,Housing Type 1,Housing Type 1,Housing Type 1,Housing Type 2,Housing Type 1,Housing Type 2,Housing Type 1,Housing Type 2,Housing Type 2,Housing Type 1,Housing Type 2,Housing Type 1,Yes,Yes,Yes,Yes,No,Yes,No,No,No,No,No,No,,,,,,,Released from jail/prison,,
448,R_b8jDo3ih4tCgMoi,2025-08-30 19:17:40,37.86255,-122.298203,"37.8596277, -122.2960208",coord_decimal,37.8596277,-122.2960208,377.2,37.86255,-122.298203,1.0,Male,67.0,,Hispanic,,,,,,1,10,7,5,4,12,9,3,8,11,2,6,Housing Type 2,Housing Type 2,Housing Type 2,Housing Type 1,Housing Type 1,Housing Type 1,Housing Type 1,Housing Type 2,Housing Type 2,Housing Type 1,Housing Type 2,Housing Type 2,No,Yes,No,Yes,Yes,Yes,Yes,Yes,Yes,No,Yes,Yes,,,,Could not pay rent,,,,,
449,R_6nCNEjZWhBRfVxa,2025-08-30 19:17:41,,,"37.8596277, -122.2960208",coord_decimal,37.8596277,-122.2960208,,37.8596277,-122.2960208,1.0,Male,70.0,White,,,,,,,8,6,12,9,5,7,4,3,1,11,2,10,Housing Type 2,Housing Type 1,Housing Type 1,Housing Type 2,Housing Type 1,Housing Type 2,Housing Type 2,Housing Type 1,Housing Type 2,Housing Type 2,Housing Type 1,Housing Type 1,Yes,Yes,Yes,Yes,Yes,Yes,Yes,Yes,No,No,,No,,,Divorce/breakup,,,,,,
450,R_6EYfG2gMeowA8Yr,2025-08-30 20:46:11,37.859815,-122.295517,"37.8599904, -122.2948386",coord_decimal,37.8599904,-122.2948386,62.7,37.859815,-122.295517,1.0,Male,50.0,White,,,,,,,2,5,8,9,6,7,3,11,4,1,10,12,Housing Type 1,Housing Type 2,Housing Type 2,Housing Type 2,Housing Type 2,Housing Type 1,Housing Type 1,,Housing Type 1,Housing Type 1,Housing Type 2,Housing Type 1,Yes,Yes,No,No,No,Yes,Yes,No,No,No,No,No,,,Divorce/breakup,,,,,,
451,R_7Iidl3rjPoglqMl,2025-08-30 20:46:12,37.86299,-122.298568,"37.8600939, -122.2946545",coord_decimal,37.8600939,-122.2946545,470.9,37.86299,-122.298568,1.0,Male,57.0,,,Black,,,No Shelter/Outside,,11,7,10,6,12,9,4,8,3,1,2,5,Housing Type 2,Housing Type 1,Housing Type 2,Housing Type 2,Housing Type 1,Housing Type 1,Housing Type 2,Housing Type 1,Housing Type 2,Housing Type 1,Housing Type 2,Housing Type 1,Yes,Yes,Yes,Yes,No,No,Yes,Yes,Yes,No,No,No,,,Divorce/breakup,,,,,,
452,R_oSP74DQW97V4gzZ,2025-08-30 20:46:13,37.86237,-122.298175,"37.8640786, -122.3126018",coord_decimal,37.8640786,-122.3126018,1280.6,37.86237,-122.298175,0.0,Male,38.0,White,,,,,,,2,5,9,4,6,3,12,1,11,8,7,10,Housing Type 2,Housing Type 2,Housing Type 1,Housing Type 1,Housing Type 2,Housing Type 2,Housing Type 1,Housing Type 1,Housing Type 2,Housing Type 1,Housing Type 1,Housing Type 1,No,No,Yes,Yes,No,Yes,Yes,No,Yes,No,No,No,,,,,,,,Other (Specify),"To live in solidarity with unhoused in protest to private property, also necessity of not being able to afford rent and vehicle maintenance while still having enought time for unpaid workwith the community."
453,R_96l6F0CnfxRaicQ,2025-09-01 14:42:33,37.97241,-122.342493,,missing,,,,37.97241,-122.342493,1.0,Male,37.0,,Hispanic,,,,,,6,9,12,2,4,11,5,1,8,7,10,3,Housing Type 2,Housing Type 1,Housing Type 1,Housing Type 1,Housing Type 1,Housing Type 1,Housing Type 1,Housing Type 2,Housing Type 1,Housing Type 1,Housing Type 1,Housing Type 2,Yes,Yes,Yes,Yes,Yes,Yes,Yes,Yes,Yes,Yes,Yes,Yes,,,,,,,Released from jail/prison,,
454,R_gM03WEmMFCvlKFI,2025-09-01 14:42:35,37.972458,-122.342517,San pablo,area_vague,,,,37.972458,-122.342517,1.0,Female,4.0,,Hispanic,Black,Asian,,,,12,1,9,11,3,7,8,10,5,4,6,2,Housing Type 1,Housing Type 1,Housing Type 2,Housing Type 2,Housing Type 1,Housing Type 1,Housing Type 1,Housing Type 1,Housing Type 1,Housing Type 1,Housing Type 2,Housing Type 1,Yes,Yes,No,No,No,No,No,No,No,No,No,No,,,,Could not pay rent,,,,,
455,R_583ZVRFiox2pR6G,2025-09-01 14:42:36,37.972477,-122.3425,San pablo,area_vague,,,,37.972477,-122.3425,0.0,Male,44.0,,,,,,,,3,2,11,10,5,6,12,4,1,8,9,7,Housing Type 2,Housing Type 2,Housing Type 1,Housing Type 2,Housing Type 1,Housing Type 1,Housing Type 2,Housing Type 1,Housing Type 2,Housing Type 2,Housing Type 2,Housing Type 1,No,No,Yes,No,No,No,No,Yes,No,No,No,No,,,,,,,Released from jail/prison,,
456,R_3fNYU6MhFm4AHXp,2025-09-01 14:42:37,37.972433,-122.342578,Sanpablo,area_vague,,,,37.972433,-122.342578,0.0,Transgender Man,26.0,,Hispanic,,,,,,1,10,12,6,4,2,9,7,3,8,5,11,Housing Type 2,Housing Type 2,Housing Type 2,Housing Type 2,Housing Type 2,Housing Type 2,Housing Type 2,Housing Type 2,Housing Type 2,Housing Type 2,Housing Type 2,Housing Type 2,No,No,No,No,No,No,No,Yes,No,No,No,No,,Chose to leave due to issues with family/friend/roommate,,,,,,,
457,R_cScuiw6BNgW5P9D,2025-09-01 14:42:39,37.97241,-122.342567,Sanpablo,area_vague,,,,37.97241,-122.342567,1.0,Female,20.0,White,,,,,No Shelter/Outside,No Shelter/Outside,6,8,10,4,7,1,11,12,9,5,2,3,Housing Type 1,Housing Type 2,Housing Type 1,Housing Type 1,Housing Type 1,Housing Type 1,Housing Type 2,Housing Type 1,Housing Type 1,Housing Type 1,Housing Type 2,Housing Type 2,No,No,No,No,No,No,No,No,No,No,No,No,"Family/friend/roommate asked me to leave (dispute, needed room, etc.)",,,,,,,,
458,R_jPeyhnpldMwQB0j,2025-09-01 14:42:41,37.947585,-122.355968,Rivhmond,area_vague,,,,37.947585,-122.355968,1.0,Non-Binary/Other,45.0,,,Black,,,,,2,4,10,5,7,11,8,3,12,6,1,9,Housing Type 1,Housing Type 1,Housing Type 1,Housing Type 1,Housing Type 1,Housing Type 1,Housing Type 1,Housing Type 1,Housing Type 1,Housing Type 1,Housing Type 1,Housing Type 1,Yes,Yes,Yes,Yes,Yes,Yes,Yes,Yes,Yes,Yes,Yes,Yes,,,,,Rent increase,,,,
459,R_ahBSjMKMgVfYKUj,2025-09-01 14:42:42,37.947537,-122.355967,Richmond,area_vague,,,,37.947537,-122.355967,0.0,Female,44.0,,,Black,,,,,5,1,3,4,11,7,2,10,6,12,9,8,Housing Type 1,Housing Type 2,Housing Type 1,Housing Type 1,Housing Type 1,Housing Type 1,Housing Type 1,Housing Type 1,Housing Type 1,Housing Type 1,Housing Type 2,Housing Type 1,No,Yes,Yes,Yes,Yes,Yes,Yes,Yes,Yes,Yes,Yes,Yes,,,Divorce/breakup,,,,,,
460,R_eE6ABDKnTkkrsAQ,2025-09-01 14:42:44,37.947557,-122.355987,Richmond,area_vague,,,,37.947557,-122.355987,0.0,Non-Binary/Other,,,,Black,,,,,3,4,1,11,2,8,12,7,9,5,10,6,Housing Type 2,Housing Type 2,Housing Type 2,Housing Type 2,Housing Type 2,Housing Type 1,Housing Type 2,Housing Type 2,Housing Type 1,Housing Type 1,Housing Type 2,Housing Type 1,No,No,No,No,No,Yes,Yes,Yes,Yes,Yes,No,Yes,,,Divorce/breakup,,,,,,
461,R_jpPtJCWO8SMWGc2,2025-09-01 14:42:47,37.947562,-122.355965,Richmonf,area_vague,,,,37.947562,-122.355965,0.0,Male,55.0,White,,,,,,,2,3,8,6,11,12,7,9,1,4,10,5,Housing Type 2,Housing Type 2,Housing Type 2,Housing Type 2,Housing Type 2,Housing Type 2,Housing Type 2,Housing Type 1,Housing Type 1,Housing Type 2,Housing Type 2,Housing Type 2,No,No,No,No,No,No,No,No,No,No,No,No,,,,,,Eviction,,,
462,R_3qupkn695y8f97G,2025-09-01 18:18:11,37.881502,-122.298618,"37.8819436, -122.2985759",coord_decimal,37.8819436,-122.2985759,49.2,37.881502,-122.298618,1.0,Male,74.0,White,,,,,,,1,3,7,9,5,8,4,10,2,11,12,6,Housing Type 2,Housing Type 1,Housing Type 1,Housing Type 2,Housing Type 1,Housing Type 2,Housing Type 2,Housing Type 1,Housing Type 2,Housing Type 2,Housing Type 2,Housing Type 2,Yes,Yes,No,Yes,Yes,Yes,Yes,Yes,No,No,No,No,,,,,,,,Other (Specify),Hasnt been indoors for 50 years
463,R_lmEDwNP4WUdJ4ou,2025-09-02 17:56:01,,,"37.8204708, -122.2911811",coord_decimal,37.8204708,-122.2911811,,37.8204708,-122.2911811,0.0,Male,53.0,,,Black,,,,,6,3,9,2,4,7,5,10,8,1,12,11,Housing Type 1,Housing Type 2,Housing Type 1,Housing Type 1,Housing Type 2,Housing Type 2,Housing Type 1,Housing Type 1,Housing Type 1,Housing Type 2,Housing Type 1,Housing Type 2,Yes,Yes,No,Yes,No,Yes,Yes,Yes,No,No,No,No,,,,Could not pay rent,,,,Other (Specify),Fired from job
464,R_2TJFI6Z7GedgxX8,2025-09-03 17:29:00,37.94425,-122.349637,Richmond,area_vague,,,,37.94425,-122.349637,1.0,Male,44.0,,Hispanic,,,,,No Shelter/Outside,6,11,7,12,5,8,3,2,1,9,4,10,Housing Type 1,Housing Type 1,Housing Type 1,Housing Type 2,Housing Type 2,Housing Type 2,Housing Type 1,Housing Type 1,Housing Type 2,Housing Type 2,Housing Type 2,Housing Type 2,No,No,No,No,No,No,No,No,No,No,No,No,,,,,,,Released from jail/prison,,
465,R_cz6TLo5Ggk9Hf4A,2025-09-03 17:29:02,37.944235,-122.34969,,missing,,,,37.944235,-122.34969,0.0,Female,26.0,,,Black,,,,,11,8,7,4,10,2,1,5,12,6,3,9,Housing Type 2,Housing Type 2,Housing Type 1,Housing Type 2,Housing Type 1,Housing Type 1,Housing Type 2,Housing Type 2,Housing Type 2,Housing Type 2,Housing Type 2,Housing Type 1,No,No,No,No,No,No,No,No,No,No,No,No,"Family/friend/roommate asked me to leave (dispute, needed room, etc.)",Chose to leave due to issues with family/friend/roommate,,,Rent increase,,,,
466,R_bCWgHHaNXazRvuc,2025-09-03 17:29:03,37.972383,-122.342505,Sanpablo,area_vague,,,,37.972383,-122.342505,0.0,Male,44.0,,Hispanic,,,,,,10,5,3,9,1,7,11,2,8,4,12,6,Housing Type 2,Housing Type 2,Housing Type 1,Housing Type 2,Housing Type 1,Housing Type 1,Housing Type 2,Housing Type 2,Housing Type 2,Housing Type 1,Housing Type 1,Housing Type 2,No,No,No,No,No,No,No,No,No,No,No,No,"Family/friend/roommate asked me to leave (dispute, needed room, etc.)",,,,,,,,
467,R_1rhWJfaKf3YWxVG,2025-09-03 17:29:04,37.97239,-122.342467,,missing,,,,37.97239,-122.342467,0.0,Male,,,,Black,,,,,10,4,2,12,5,1,7,6,3,11,8,9,Housing Type 2,Housing Type 2,Housing Type 2,Housing Type 1,Housing Type 2,Housing Type 1,Housing Type 1,Housing Type 2,Housing Type 2,Housing Type 2,Housing Type 2,Housing Type 2,No,No,No,No,No,No,No,No,No,No,No,No,,,,Could not pay rent,,,,,
468,R_k2ZrAWamfXOhFRy,2025-09-03 17:29:06,37.972408,-122.342527,Sanpanlo,area_vague,,,,37.972408,-122.342527,0.0,Male,21.0,,Hispanic,,,,No Shelter/Outside,No Shelter/Outside,9,4,2,8,12,3,7,5,6,11,10,1,Housing Type 1,Housing Type 1,Housing Type 1,Housing Type 1,Housing Type 1,Housing Type 1,Housing Type 1,Housing Type 1,Housing Type 1,Housing Type 1,Housing Type 1,Housing Type 1,Yes,Yes,Yes,Yes,Yes,Yes,Yes,Yes,Yes,Yes,Yes,Yes,,,Divorce/breakup,,,,,,
469,R_dxcaUctzHZTc3ZZ,2025-09-03 17:29:07,37.972478,-122.342523,San pablo,area_vague,,,,37.972478,-122.342523,,Female,20.0,,,,,,No Shelter/Outside,,2,5,7,6,11,1,12,8,3,10,4,9,Housing Type 1,Housing Type 2,Housing Type 2,Housing Type 2,Housing Type 1,Housing Type 2,Housing Type 2,Housing Type 2,Housing Type 1,Housing Type 1,Housing Type 1,Housing Type 1,No,No,No,No,Yes,No,No,Yes,Yes,No,No,No,,,,,,,Released from jail/prison,,
470,R_o6vp23k6EleMjYd,2025-09-03 17:29:09,37.94428,-122.349733,Richmond,area_vague,,,,37.94428,-122.349733,1.0,Female,44.0,,Hispanic,,,,,,8,6,1,9,5,7,12,3,2,11,10,4,Housing Type 2,Housing Type 2,Housing Type 2,Housing Type 2,Housing Type 2,Housing Type 2,Housing Type 2,Housing Type 1,Housing Type 2,Housing Type 2,Housing Type 2,Housing Type 2,No,No,No,No,No,No,No,Yes,Yes,No,No,No,"Family/friend/roommate asked me to leave (dispute, needed room, etc.)",,,,,,,,
471,R_dmVgkXbvwrxlfBP,2025-09-03 17:29:10,37.944297,-122.349602,Richmond,area_vague,,,,37.944297,-122.349602,1.0,Male,20.0,,Hispanic,,,,No Shelter/Outside,,6,2,4,10,5,8,1,11,7,3,12,9,Housing Type 2,Housing Type 2,Housing Type 2,Housing Type 2,Housing Type 2,Housing Type 2,Housing Type 2,Housing Type 2,Housing Type 2,Housing Type 2,Housing Type 2,Housing Type 2,No,No,No,No,No,No,No,No,No,No,No,No,"Family/friend/roommate asked me to leave (dispute, needed room, etc.)",Chose to leave due to issues with family/friend/roommate,,,,,,,
472,R_0uaMmR9UWHz6GP2,2025-09-03 17:29:11,37.93491,-122.361867,Richmond,area_vague,,,,37.93491,-122.361867,1.0,Male,44.0,,,,,,,No Shelter/Outside,1,3,9,10,8,11,12,6,5,2,7,4,Housing Type 2,Housing Type 2,Housing Type 2,Housing Type 2,Housing Type 2,Housing Type 2,Housing Type 2,Housing Type 1,Housing Type 1,Housing Type 2,Housing Type 2,Housing Type 2,No,No,No,No,No,No,No,No,No,No,No,No,,,,Could not pay rent,,,,,
473,R_ezspPn3cj9RZj9w,2025-09-03 17:29:12,37.934865,-122.361717,,missing,,,,37.934865,-122.361717,1.0,Male,36.0,White,,,,,,,3,5,7,4,10,1,12,9,6,11,8,2,Housing Type 1,Housing Type 1,Housing Type 1,Housing Type 1,Housing Type 2,Housing Type 1,Housing Type 2,Housing Type 2,Housing Type 1,Housing Type 1,Housing Type 2,Housing Type 2,No,No,Yes,Yes,Yes,No,Yes,Yes,Yes,Yes,No,Yes,,,,Could not pay rent,Rent increase,Eviction,,,
474,R_lzSfBWwHrfLTZOH,2025-09-03 17:29:13,37.934893,-122.361722,Richmond,area_vague,,,,37.934893,-122.361722,1.0,Transgender Man,,,,Black,,,,,8,5,1,11,7,10,3,4,9,2,6,12,Housing Type 1,Housing Type 2,Housing Type 2,Housing Type 1,Housing Type 1,Housing Type 1,Housing Type 1,Housing Type 1,Housing Type 1,Housing Type 2,Housing Type 2,Housing Type 1,Yes,Yes,Yes,Yes,Yes,Yes,Yes,Yes,Yes,Yes,Yes,Yes,,,,,,,Released from jail/prison,,
475,R_d6OsfnWvdDxpfBl,2025-09-05 20:07:49,37.881052,-122.298457,"37.8807110, -122.2983412",coord_decimal,37.880711,-122.2983412,39.3,37.881052,-122.298457,0.0,Male,53.0,,,,Asian,,,,6,9,11,2,4,3,8,10,5,1,12,7,Housing Type 2,Housing Type 1,Housing Type 2,Housing Type 1,Housing Type 1,Housing Type 1,Housing Type 1,Housing Type 1,Housing Type 2,Housing Type 2,Housing Type 2,Housing Type 1,Yes,Yes,No,Yes,No,Yes,No,No,Yes,Yes,Yes,Yes,,,,,,,,Other (Specify),Moved out because 3 kids moved home in a 2 bedroom
476,R_n6ZjMRrIzlUNBuw,2025-09-05 20:07:51,37.813722,-122.273587,"37.8136170, -122.2730456",coord_decimal,37.813617,-122.2730456,49.0,37.813722,-122.273587,0.0,Male,71.0,,,Black,,,,,1,8,10,3,6,9,4,5,2,11,12,7,Housing Type 2,Housing Type 1,Housing Type 2,Housing Type 2,Housing Type 1,Housing Type 1,Housing Type 2,Housing Type 2,Housing Type 2,Housing Type 2,Housing Type 1,Housing Type 1,Yes,No,No,Yes,No,Yes,Yes,No,No,No,No,No,,,Divorce/breakup,,,,,,
477,R_aDHswMe6lmOrtOa,2025-09-05 20:07:52,37.813645,-122.273425,"37.8136170, -122.2730456",coord_decimal,37.813617,-122.2730456,33.5,37.813645,-122.273425,0.0,Male,62.0,,,Black,,,,,6,3,2,4,7,1,10,5,8,12,11,9,Housing Type 2,Housing Type 2,Housing Type 2,Housing Type 1,Housing Type 2,Housing Type 2,Housing Type 1,Housing Type 1,Housing Type 1,Housing Type 1,Housing Type 2,Housing Type 2,Yes,Yes,Yes,Yes,Yes,Yes,Yes,Yes,Yes,Yes,Yes,Yes,,,,Could not pay rent,,,,,
478,R_aFZIkpY1fEw6e8w,2025-09-05 20:07:54,37.813672,-122.273488,"37.8136170, -122.2730456",coord_decimal,37.813617,-122.2730456,39.3,37.813672,-122.273488,0.0,Male,50.0,,,,Asian,,No Shelter/Outside,No Shelter/Outside,5,4,2,1,8,9,7,10,6,12,11,3,Housing Type 1,Housing Type 1,Housing Type 1,Housing Type 1,Housing Type 1,Housing Type 1,Housing Type 2,Housing Type 1,Housing Type 2,Housing Type 2,Housing Type 2,Housing Type 1,Yes,Yes,Yes,Yes,Yes,Yes,Yes,Yes,Yes,Yes,Yes,Yes,,,,Could not pay rent,,,,Other (Specify),Mom died
479,R_02Rm3azOB1Qtgak,2025-09-05 20:07:55,37.813748,-122.273782,"   37.8136170, -122.2730456",coord_decimal,37.813617,-122.2730456,66.3,37.813748,-122.273782,0.0,Male,50.0,,Hispanic,,,,No Shelter/Outside,No Shelter/Outside,1,7,6,3,4,5,9,8,10,12,11,2,Housing Type 2,Housing Type 1,Housing Type 1,Housing Type 2,Housing Type 2,Housing Type 1,Housing Type 1,Housing Type 2,Housing Type 1,Housing Type 2,Housing Type 1,Housing Type 2,No,No,Yes,Yes,Yes,Yes,Yes,Yes,No,No,No,No,,,,,,,,Other (Specify),Parents passed away
480,R_fyn6kWd15N6lmR5,2025-09-05 20:07:56,37.813733,-122.273762,"37.8136170, -122.2730456",coord_decimal,37.813617,-122.2730456,64.2,37.813733,-122.273762,1.0,Female,38.0,,,Black,,,No Shelter/Outside,No Shelter/Outside,10,5,7,2,6,8,3,9,1,12,11,4,Housing Type 1,Housing Type 1,Housing Type 1,Housing Type 1,Housing Type 2,Housing Type 2,Housing Type 1,Housing Type 1,Housing Type 2,Housing Type 1,Housing Type 1,Housing Type 1,Yes,Yes,Yes,No,Yes,Yes,Yes,Yes,No,No,No,No,,,,,,,Released from jail/prison,,
481,R_8qJQMc05EkL0KaG,2025-09-05 20:55:09,37.847923,-122.252058,College ave and hastein berkeley,area_vague,,,,37.847923,-122.252058,0.0,Female,55.0,,,Black,,,No Shelter/Outside,No Shelter/Outside,2,9,6,7,4,10,5,8,3,12,11,1,Housing Type 1,Housing Type 1,Housing Type 1,Housing Type 1,Housing Type 1,Housing Type 2,Housing Type 2,Housing Type 2,Housing Type 2,Housing Type 2,Housing Type 2,Housing Type 1,Yes,Yes,Yes,Yes,Yes,Yes,Yes,Yes,Yes,Yes,Yes,Yes,,Chose to leave due to issues with family/friend/roommate,,,,,,,
482,R_aurLwqMx6isIOHX,2025-09-05 20:55:10,37.847857,-122.252423,El cerrito on san pablo ans solano,area_vague,,,,37.847857,-122.252423,0.0,Male,44.0,White,,,,,,,1,5,9,3,4,8,10,6,11,12,7,2,Housing Type 1,Housing Type 1,Housing Type 1,Housing Type 2,Housing Type 2,Housing Type 1,Housing Type 1,Housing Type 1,Housing Type 1,Housing Type 2,Housing Type 1,Housing Type 2,Yes,Yes,Yes,Yes,Yes,Yes,Yes,Yes,Yes,Yes,Yes,Yes,,,,Could not pay rent,,,,Other (Specify),Lost job
483,R_gvxobCpA3ENEbLE,2025-09-05 20:55:11,37.847948,-122.252383,San francisco and univeristy ave berkeley ca,area_vague,,,,37.847948,-122.252383,0.0,Male,32.0,White,,,,,,No Shelter/Outside,1,6,8,10,7,2,5,4,9,12,11,3,Housing Type 1,Housing Type 1,Housing Type 1,Housing Type 1,Housing Type 2,Housing Type 2,Housing Type 2,Housing Type 1,Housing Type 1,Housing Type 2,Housing Type 2,Housing Type 1,Yes,Yes,Yes,Yes,Yes,Yes,Yes,Yes,Yes,Yes,Yes,Yes,,Chose to leave due to issues with family/friend/roommate,,,,,,,
484,R_0sz9zhAhUrKlx1k,2025-09-05 20:55:12,37.847897,-122.25244,Channing and dana in berkeley,area_vague,,,,37.847897,-122.25244,0.0,Male,48.0,White,,,,,No Shelter/Outside,No Shelter/Outside,1,9,7,8,3,5,11,6,4,12,10,2,Housing Type 2,Housing Type 2,Housing Type 1,Housing Type 2,Housing Type 2,Housing Type 2,Housing Type 2,Housing Type 2,Housing Type 2,Housing Type 1,Housing Type 2,Housing Type 2,Yes,Yes,Yes,Yes,Yes,Yes,Yes,Yes,Yes,Yes,Yes,Yes,,,Divorce/breakup,,,,,,
485,R_h6UnzDjfsZP9LtW,2025-09-05 20:55:13,37.847858,-122.25222,Sacramento and university in berkeley,area_vague,,,,37.847858,-122.25222,0.0,Male,55.0,,,Black,,,,,2,6,8,5,3,9,10,4,11,12,7,1,Housing Type 1,Housing Type 2,Housing Type 2,Housing Type 1,Housing Type 1,Housing Type 1,Housing Type 2,Housing Type 2,Housing Type 2,Housing Type 1,Housing Type 2,Housing Type 1,Yes,Yes,Yes,Yes,Yes,Yes,Yes,Yes,Yes,Yes,Yes,Yes,,Chose to leave due to issues with family/friend/roommate,,,,,,,
486,R_8Q4BlDminIK8SP0,2025-09-05 20:55:14,37.847478,-122.252233,Ashby and adeline in berkeley,area_vague,,,,37.847478,-122.252233,1.0,Male,62.0,White,,,,,,,1,6,3,7,8,9,11,5,4,12,10,2,Housing Type 2,Housing Type 2,Housing Type 1,Housing Type 2,Housing Type 2,Housing Type 1,Housing Type 1,Housing Type 2,Housing Type 2,Housing Type 2,Housing Type 2,Housing Type 1,Yes,Yes,Yes,Yes,Yes,Yes,Yes,Yes,Yes,Yes,Yes,Yes,,Chose to leave due to issues with family/friend/roommate,,Could not pay rent,,,,,
487,R_71XPwHns7vQsbLV,2025-09-05 21:31:28,37.788121,-122.254544,"37.8307061, -122.2902483",coord_decimal,37.8307061,-122.2902483,5679.9,37.788121,-122.254544,0.0,Female,43.0,White,,,,,,,6,1,12,7,5,11,4,9,10,8,2,3,Housing Type 1,Housing Type 2,Housing Type 2,Housing Type 2,Housing Type 2,Housing Type 1,Housing Type 2,Housing Type 2,Housing Type 2,Housing Type 1,Housing Type 1,Housing Type 2,Yes,No,Yes,Yes,Yes,Yes,Yes,Yes,Yes,Yes,Yes,No,,,,,,,,Other (Specify),Sold proprrty
488,R_6gkFQf6qTJKps8Y,2025-09-05 21:31:30,37.788139,-122.254564,"37.8307061, -122.2902483",coord_decimal,37.8307061,-122.2902483,5677.2,37.788139,-122.254564,1.0,Male,40.0,,,Black,,,,,4,2,8,9,5,10,3,7,1,12,11,6,Housing Type 1,Housing Type 2,Housing Type 1,Housing Type 2,Housing Type 1,Housing Type 1,Housing Type 1,Housing Type 2,Housing Type 2,Housing Type 2,Housing Type 1,Housing Type 2,Yes,Yes,Yes,Yes,No,Yes,Yes,Yes,No,No,No,No,,,Divorce/breakup,,,,,,
489,R_mvyiRxykJzQnzDX,2025-09-06 10:38:28,37.813808,-122.273755," 37.8140042, -122.2743033",coord_decimal,37.8140042,-122.2743033,52.9,37.813808,-122.273755,1.0,Male,50.0,,,Black,,,,,1,7,8,4,6,12,3,10,2,11,9,5,Housing Type 1,Housing Type 2,Housing Type 2,Housing Type 1,Housing Type 1,Housing Type 2,Housing Type 2,Housing Type 2,Housing Type 2,Housing Type 1,Housing Type 1,Housing Type 1,No,Yes,Yes,Yes,Yes,Yes,Yes,No,Yes,Yes,Yes,No,,,Divorce/breakup,,,,,,
490,R_e041CSt8CbiV54r,2025-09-06 10:38:29,37.813853,-122.273775,"37.8140042, -122.2743033",coord_decimal,37.8140042,-122.2743033,49.4,37.813853,-122.273775,1.0,Male,59.0,,,Black,,,,,1,5,3,4,7,10,2,8,9,12,11,6,Housing Type 1,Housing Type 1,Housing Type 2,Housing Type 1,Housing Type 1,Housing Type 2,Housing Type 2,Housing Type 2,Housing Type 2,Housing Type 2,Housing Type 2,Housing Type 2,Yes,Yes,Yes,Yes,Yes,Yes,No,Yes,No,No,No,No,,,Divorce/breakup,,,,,,
491,R_bWo6tsDinzQSUaq,2025-09-06 10:38:31,37.81388,-122.273807,"37.8140042, -122.2743033",coord_decimal,37.8140042,-122.2743033,45.7,37.81388,-122.273807,1.0,Male,43.0,,,Black,,,No Shelter/Outside,No Shelter/Outside,1,7,9,2,6,5,3,10,4,12,11,8,Housing Type 1,Housing Type 2,Housing Type 2,Housing Type 2,Housing Type 1,Housing Type 2,Housing Type 2,Housing Type 1,Housing Type 2,Housing Type 1,Housing Type 2,Housing Type 1,No,No,Yes,Yes,No,No,No,Yes,No,No,No,No,,,,,,Eviction,,,
492,R_7M5pRvmBEdk30JU,2025-09-06 10:38:32,37.813897,-122.273762,"37.8140042, -122.2743033",coord_decimal,37.8140042,-122.2743033,49.0,37.813897,-122.273762,1.0,Male,51.0,,,Black,,,No Shelter/Outside,No Shelter/Outside,1,3,9,2,6,7,4,11,8,12,10,5,Housing Type 1,Housing Type 2,Housing Type 1,Housing Type 2,Housing Type 1,Housing Type 1,Housing Type 1,Housing Type 1,Housing Type 2,Housing Type 1,Housing Type 2,Housing Type 1,Yes,Yes,Yes,Yes,Yes,No,Yes,Yes,No,No,No,No,,,Divorce/breakup,,,,,,
493,R_0FdmhIco7ut6hpt,2025-09-06 10:38:33,37.813857,-122.273773,"37.8140042, -122.2743033",coord_decimal,37.8140042,-122.2743033,49.4,37.813857,-122.273773,0.0,Male,42.0,,,Black,,,No Shelter/Outside,No Shelter/Outside,6,3,2,4,7,9,1,11,5,12,10,8,Housing Type 2,Housing Type 1,Housing Type 1,Housing Type 2,Housing Type 1,Housing Type 1,Housing Type 2,Housing Type 1,Housing Type 2,Housing Type 1,Housing Type 1,Housing Type 1,Yes,No,Yes,Yes,Yes,Yes,Yes,No,Yes,Yes,Yes,Yes,,Chose to leave due to issues with family/friend/roommate,,,,,,,
494,R_eEb534SQXcPKcxm,2025-09-06 10:38:35,37.813828,-122.273833,"37.8140042, -122.2743033",coord_decimal,37.8140042,-122.2743033,45.7,37.813828,-122.273833,1.0,Male,59.0,,,Black,,,No Shelter/Outside,No Shelter/Outside,9,8,6,4,2,5,3,11,7,12,10,1,Housing Type 1,Housing Type 1,Housing Type 2,Housing Type 2,Housing Type 1,Housing Type 2,Housing Type 2,Housing Type 1,Housing Type 2,Housing Type 2,Housing Type 1,Housing Type 1,Yes,Yes,Yes,Yes,No,Yes,No,Yes,Yes,Yes,Yes,Yes,,,,,,Eviction,,,
495,R_oi6nc3UYEVMabB4,2025-09-06 10:38:36,37.81388,-122.273845,"37.8140042, -122.2743033",coord_decimal,37.8140042,-122.2743033,42.6,37.81388,-122.273845,0.0,Male,54.0,,,Black,,,No Shelter/Outside,No Shelter/Outside,1,7,8,9,2,6,3,10,4,11,12,5,Housing Type 1,Housing Type 2,Housing Type 1,Housing Type 1,Housing Type 1,Housing Type 2,Housing Type 1,Housing Type 1,Housing Type 2,Housing Type 1,Housing Type 1,Housing Type 1,Yes,No,Yes,Yes,No,Yes,No,Yes,No,No,No,No,,,,,,,,Other (Specify),Didnt like it
496,R_ckhQHQlWHMQxxU1,2025-09-06 19:14:13,37.753372,-122.177322,"37.7536062, -122.1775124",coord_decimal,37.7536062,-122.1775124,31.0,37.753372,-122.177322,0.0,Male,40.0,,,Black,,,No Shelter/Outside,No Shelter/Outside,1,9,7,4,8,5,3,10,2,12,11,6,Housing Type 2,Housing Type 1,Housing Type 2,Housing Type 1,Housing Type 2,Housing Type 2,Housing Type 2,Housing Type 2,Housing Type 2,Housing Type 2,Housing Type 1,Housing Type 2,Yes,Yes,Yes,Yes,Yes,Yes,No,No,Yes,Yes,Yes,Yes,"Family/friend/roommate asked me to leave (dispute, needed room, etc.)",,,,,,,,
497,R_gD83mvja7ZV5YFg,2025-09-06 19:14:15,37.753458,-122.177407,"37.7536062, -122.1775124",coord_decimal,37.7536062,-122.1775124,18.9,37.753458,-122.177407,0.0,Female,61.0,,,Black,,,,,9,8,10,5,7,1,4,11,12,2,3,6,Housing Type 1,Housing Type 2,Housing Type 2,Housing Type 1,Housing Type 1,Housing Type 2,Housing Type 2,Housing Type 1,Housing Type 1,Housing Type 2,Housing Type 1,Housing Type 2,No,Yes,Yes,Yes,Yes,No,Yes,Yes,No,Yes,Yes,No,,,,,,,,Other (Specify),Sold house
498,R_92tkAcLXJiiq3S8,2025-09-06 19:14:18,37.753345,-122.177403,"37.7536062, -122.1775124",coord_decimal,37.7536062,-122.1775124,30.6,37.753345,-122.177403,1.0,Female,55.0,,,Black,,,No Shelter/Outside,No Shelter/Outside,1,7,9,2,6,10,3,8,4,11,12,5,Housing Type 2,Housing Type 1,Housing Type 1,Housing Type 2,Housing Type 1,Housing Type 2,Housing Type 1,Housing Type 1,Housing Type 1,Housing Type 2,Housing Type 2,Housing Type 1,Yes,No,No,Yes,No,Yes,Yes,No,Yes,Yes,Yes,Yes,,,,Could not pay rent,,,,,
499,R_2NLgoCvZefcHXcs,2025-09-06 19:14:19,37.753432,-122.177492,"37.7536682, -122.1767956",coord_decimal,37.7536682,-122.1767956,66.6,37.753432,-122.177492,1.0,Female,43.0,,,Black,,,No Shelter/Outside,No Shelter/Outside,1,9,10,4,5,7,12,11,3,6,8,2,Housing Type 2,Housing Type 2,Housing Type 2,Housing Type 2,Housing Type 2,Housing Type 1,Housing Type 1,Housing Type 1,Housing Type 1,Housing Type 1,Housing Type 1,Housing Type 2,Yes,Yes,Yes,Yes,Yes,Yes,Yes,No,No,No,No,No,,Chose to leave due to issues with family/friend/roommate,,Could not pay rent,Rent increase,Eviction,,,
500,R_d5MMt85ZSdBOnAz,2025-09-06 19:14:20,37.753392,-122.177355,"37.7536062, -122.1775124",coord_decimal,37.7536062,-122.1775124,27.5,37.753392,-122.177355,1.0,Female,65.0,,,Black,,,No Shelter/Outside,No Shelter/Outside,6,8,3,1,4,9,2,7,10,11,12,5,Housing Type 2,Housing Type 2,Housing Type 2,Housing Type 2,Housing Type 2,Housing Type 2,Housing Type 1,Housing Type 1,Housing Type 1,Housing Type 1,Housing Type 2,Housing Type 2,Yes,No,Yes,No,Yes,Yes,Yes,No,Yes,No,Yes,Yes,,,,Could not pay rent,,Eviction,,Other (Specify), Mom passed
501,R_5MUvDrYERgEbjo5,2025-09-06 19:14:20,,,"37.7536682, -122.1767956",coord_decimal,37.7536682,-122.1767956,,37.7536682,-122.1767956,1.0,Female,58.0,,Hispanic,Black,,,No Shelter/Outside,No Shelter/Outside,1,7,9,5,2,6,8,10,3,12,11,4,Housing Type 2,Housing Type 2,Housing Type 2,Housing Type 2,Housing Type 2,Housing Type 2,Housing Type 2,Housing Type 1,Housing Type 2,Housing Type 2,Housing Type 1,Housing Type 2,Yes,Yes,No,Yes,Yes,Yes,Yes,Yes,No,No,No,No,,Chose to leave due to issues with family/friend/roommate,,,,,,,
502,R_1Rue0RfMFyIkDRi,2025-09-06 19:14:22,,,"37.7536682, -122.1767956",coord_decimal,37.7536682,-122.1767956,,37.7536682,-122.1767956,0.0,Male,55.0,,,Black,,,,,1,8,2,12,3,5,6,9,4,11,7,10,Housing Type 2,Housing Type 2,Housing Type 1,Housing Type 1,Housing Type 2,Housing Type 2,Housing Type 1,Housing Type 2,Housing Type 1,Housing Type 1,Housing Type 2,Housing Type 2,Yes,Yes,Yes,Yes,Yes,Yes,No,Yes,Yes,Yes,Yes,Yes,,,,,,,,Other (Specify),"N/a, lives in home right now"
503,R_6mzEXN4u2Z2faZ4,2025-09-06 19:14:22,37.7534,-122.177433,"37.7536062, -122.1775124",coord_decimal,37.7536062,-122.1775124,24.0,37.7534,-122.177433,0.0,Male,64.0,,,Black,,,No Shelter/Outside,No Shelter/Outside,7,2,8,1,4,5,9,12,6,11,10,3,Housing Type 1,Housing Type 2,Housing Type 2,Housing Type 2,Housing Type 2,Housing Type 2,Housing Type 2,Housing Type 2,Housing Type 1,Housing Type 1,Housing Type 1,Housing Type 2,Yes,Yes,Yes,Yes,Yes,Yes,Yes,Yes,Yes,Yes,Yes,Yes,,,,Could not pay rent,,,,,
504,R_iv8lXs9VUIqaYfo,2025-09-06 19:14:24,37.753412,-122.177472,"37.7536682, -122.1767956",coord_decimal,37.7536682,-122.1767956,65.9,37.753412,-122.177472,1.0,Male,54.0,,,Black,,,No Shelter/Outside,No Shelter/Outside,7,10,6,3,2,1,9,8,5,11,12,4,Housing Type 2,Housing Type 1,Housing Type 2,Housing Type 1,Housing Type 2,Housing Type 2,Housing Type 1,Housing Type 2,Housing Type 1,Housing Type 1,Housing Type 1,Housing Type 2,Yes,Yes,Yes,Yes,Yes,Yes,Yes,Yes,Yes,Yes,Yes,No,,,,,,,,Other (Specify),Parents died
505,R_isL8Xw0NyI8yTu2,2025-09-06 19:14:24,37.753415,-122.177388,"37.7536062, -122.1775124",coord_decimal,37.7536062,-122.1775124,23.9,37.753415,-122.177388,1.0,Female,60.0,,,Black,,,,No Shelter/Outside,2,8,12,4,9,7,5,11,10,1,3,6,Housing Type 1,Housing Type 2,Housing Type 2,Housing Type 1,Housing Type 2,Housing Type 2,Housing Type 2,Housing Type 2,Housing Type 1,Housing Type 2,Housing Type 1,Housing Type 1,Yes,Yes,No,No,No,No,No,Yes,No,No,No,No,,,,,,,,Other (Specify),Things werent right there
506,R_aVx8ttMva5iC7fR,2025-09-06 19:14:28,,,"37.7536682, -122.1767956",coord_decimal,37.7536682,-122.1767956,,37.7536682,-122.1767956,1.0,Male,54.0,,,Black,,,,,2,9,6,4,7,8,11,5,10,12,1,3,Housing Type 2,Housing Type 2,Housing Type 2,Housing Type 2,Housing Type 1,Housing Type 2,Housing Type 2,Housing Type 2,Housing Type 1,Housing Type 1,Housing Type 1,Housing Type 1,No,No,Yes,Yes,No,Yes,Yes,Yes,No,No,No,No,"Family/friend/roommate asked me to leave (dispute, needed room, etc.)",,,,,,,,
507,R_k8ROsiU4ZPLqXtP,2025-09-06 19:14:29,37.753458,-122.17746,"37.7536062, -122.1775124",coord_decimal,37.7536062,-122.1775124,17.1,37.753458,-122.17746,1.0,Female,41.0,,,Black,,,No Shelter/Outside,No Shelter/Outside,3,6,7,11,5,10,4,9,12,1,2,8,Housing Type 2,Housing Type 1,Housing Type 2,Housing Type 2,Housing Type 2,Housing Type 1,Housing Type 1,Housing Type 1,Housing Type 1,Housing Type 1,Housing Type 1,Housing Type 1,Yes,Yes,Yes,Yes,Yes,No,Yes,Yes,No,No,No,No,,,,,,,,Other (Specify),Foreclosure
508,R_nKw2KxM9z0ssPQx,2025-09-06 19:14:32,,,"37.7536682, -122.1767956",coord_decimal,37.7536682,-122.1767956,,37.7536682,-122.1767956,1.0,Male,66.0,,,Black,,,,,1,3,6,4,7,11,5,12,10,8,9,2,Housing Type 2,Housing Type 2,Housing Type 2,Housing Type 2,Housing Type 1,Housing Type 2,Housing Type 1,Housing Type 1,Housing Type 1,Housing Type 1,Housing Type 1,Housing Type 1,Yes,Yes,Yes,Yes,Yes,Yes,Yes,Yes,Yes,Yes,Yes,Yes,,Chose to leave due to issues with family/friend/roommate,,,,,,,
509,R_9LYWYDZjnCOnEWq,2025-09-06 19:14:32,37.753415,-122.177447,"37.7536062, -122.1775124",coord_decimal,37.7536062,-122.1775124,22.0,37.753415,-122.177447,0.0,Male,60.0,,,Black,,,No Shelter/Outside,No Shelter/Outside,1,3,10,4,9,8,2,7,6,12,11,5,Housing Type 1,Housing Type 2,Housing Type 2,Housing Type 1,Housing Type 2,Housing Type 2,Housing Type 1,Housing Type 2,Housing Type 1,Housing Type 1,Housing Type 2,Housing Type 2,Yes,Yes,No,Yes,No,No,Yes,Yes,No,No,Yes,Yes,,,,,,,,Other (Specify),"Grandma died, his cousin sold it"
510,R_nfxbp5KpUu9fo9D,2025-09-06 19:14:36,,,"37.7536682, -122.1767956",coord_decimal,37.7536682,-122.1767956,,37.7536682,-122.1767956,1.0,Male,48.0,,,Black,,,No Shelter/Outside,No Shelter/Outside,2,11,12,3,6,4,10,8,5,7,9,1,Housing Type 1,Housing Type 2,Housing Type 2,Housing Type 1,Housing Type 2,Housing Type 2,Housing Type 2,Housing Type 2,Housing Type 2,Housing Type 2,Housing Type 1,Housing Type 1,Yes,Yes,Yes,No,Yes,Yes,Yes,Yes,Yes,Yes,No,Yes,,,,,,Eviction,,,
511,R_bvcTUidcSaV2dcb,2025-09-06 19:14:38,37.753368,-122.177482,"37.7536062, -122.1775124",coord_decimal,37.7536062,-122.1775124,26.6,37.753368,-122.177482,0.0,Female,54.0,,,Black,,,,,4,6,7,3,2,1,8,10,9,11,12,5,Housing Type 2,Housing Type 1,Housing Type 1,Housing Type 1,Housing Type 1,Housing Type 1,Housing Type 2,Housing Type 2,Housing Type 1,Housing Type 2,Housing Type 1,Housing Type 1,No,Yes,Yes,Yes,Yes,Yes,Yes,Yes,Yes,No,Yes,Yes,,,,,,,,Other (Specify),Roommate too controlling
512,R_b4Qz3Zbq0mMCWFw,2025-09-06 19:14:42,37.75348,-122.177463,"37.7536062, -122.1775124",coord_decimal,37.7536062,-122.1775124,14.7,37.75348,-122.177463,1.0,Female,51.0,,,Black,,,,,6,3,5,1,7,10,4,12,11,9,8,2,Housing Type 2,Housing Type 1,Housing Type 2,Housing Type 1,Housing Type 2,Housing Type 2,Housing Type 1,Housing Type 2,Housing Type 1,Housing Type 1,Housing Type 1,Housing Type 1,Yes,Yes,Yes,No,No,Yes,Yes,Yes,Yes,Yes,No,Yes,,Chose to leave due to issues with family/friend/roommate,,,,,,,
513,R_0xOopSW5mWrucAj,2025-09-06 19:14:47,37.753445,-122.177402,"37.7536062, -122.1775124",coord_decimal,37.7536062,-122.1775124,20.4,37.753445,-122.177402,1.0,Male,65.0,,,Black,,,No Shelter/Outside,No Shelter/Outside,1,4,9,3,6,5,2,12,8,10,11,7,Housing Type 1,Housing Type 1,Housing Type 1,Housing Type 2,Housing Type 2,Housing Type 1,Housing Type 2,Housing Type 2,Housing Type 2,Housing Type 1,Housing Type 2,Housing Type 2,Yes,Yes,Yes,Yes,Yes,Yes,No,Yes,No,No,No,No,,,,,,Eviction,,,
514,R_5MFkM2x06XUCR4T,2025-09-06 19:14:53,37.753457,-122.177425,"37.7536062, -122.1775124",coord_decimal,37.7536062,-122.1775124,18.3,37.753457,-122.177425,1.0,Male,52.0,,,Black,,,No Shelter/Outside,No Shelter/Outside,6,2,7,5,4,3,1,12,9,8,11,10,Housing Type 2,Housing Type 2,Housing Type 2,Housing Type 1,Housing Type 2,Housing Type 1,Housing Type 1,Housing Type 1,Housing Type 2,Housing Type 2,Housing Type 2,Housing Type 2,Yes,Yes,Yes,Yes,Yes,Yes,Yes,Yes,No,No,No,No,,,,,,,,Other (Specify),Drugs
515,R_niSzKv6YYh6XTh1,2025-09-07 18:34:37,37.813853,-122.274535,"37.8147530, -122.2746291",coord_decimal,37.814753,-122.2746291,100.4,37.813853,-122.274535,1.0,Male,40.0,,,Black,,,No Shelter/Outside,No Shelter/Outside,5,4,2,11,3,7,8,12,1,10,9,6,Housing Type 2,Housing Type 2,Housing Type 2,Housing Type 2,Housing Type 2,Housing Type 1,Housing Type 1,Housing Type 1,Housing Type 2,Housing Type 1,Housing Type 1,Housing Type 2,Yes,Yes,Yes,Yes,No,Yes,Yes,Yes,No,No,No,No,,,,,,,Released from jail/prison,,
516,R_1ebk6Dw1NBUbq6V,2025-09-07 18:34:39,37.813632,-122.274417,"37.8147530, -122.2746291",coord_decimal,37.814753,-122.2746291,126.0,37.813632,-122.274417,1.0,Female,41.0,,,Black,,,,,2,4,10,6,7,9,5,12,8,11,1,3,Housing Type 1,Housing Type 2,Housing Type 1,Housing Type 1,Housing Type 1,Housing Type 1,Housing Type 1,Housing Type 1,Housing Type 1,Housing Type 1,Housing Type 2,Housing Type 2,Yes,Yes,Yes,Yes,No,No,Yes,Yes,Yes,No,No,Yes,,,,,,,,Other (Specify),Slumlord
517,R_6LaLH90b528hGzJ,2025-09-07 18:34:40,37.813633,-122.274447,"37.8147530, -122.2746291",coord_decimal,37.814753,-122.2746291,125.6,37.813633,-122.274447,1.0,Male,60.0,,,Black,,,,,2,7,9,4,8,10,3,11,6,12,1,5,Housing Type 2,Housing Type 1,Housing Type 2,Housing Type 2,Housing Type 2,Housing Type 1,Housing Type 2,Housing Type 2,Housing Type 2,Housing Type 2,Housing Type 1,Housing Type 2,Yes,No,No,Yes,No,No,Yes,Yes,No,No,No,No,,,,,,,,Other (Specify),Slumlord
518,R_3oBj09KV5anPHQt,2025-09-07 18:34:42,37.813273,-122.274392,"37.8147530, -122.2746291",coord_decimal,37.814753,-122.2746291,165.9,37.813273,-122.274392,1.0,Female,48.0,,,Black,,,No Shelter/Outside,No Shelter/Outside,1,7,2,4,6,3,9,10,5,11,12,8,Housing Type 2,Housing Type 1,Housing Type 2,Housing Type 2,Housing Type 2,Housing Type 2,Housing Type 1,Housing Type 2,Housing Type 1,Housing Type 2,Housing Type 2,Housing Type 2,Yes,Yes,Yes,Yes,Yes,Yes,Yes,Yes,Yes,Yes,Yes,Yes,,,,,,,,Other (Specify),Was supposed to move in and it wasnt available
519,R_5s27m5ou4iCDsh0,2025-09-07 18:34:44,37.812978,-122.274247,"37.8147530, -122.2746291",coord_decimal,37.814753,-122.2746291,200.2,37.812978,-122.274247,0.0,Male,36.0,,,Black,,,,,1,5,7,4,9,8,3,11,6,12,10,2,Housing Type 2,Housing Type 1,Housing Type 2,Housing Type 1,Housing Type 1,Housing Type 1,Housing Type 1,Housing Type 2,Housing Type 1,Housing Type 1,Housing Type 1,Housing Type 2,Yes,Yes,Yes,No,Yes,Yes,Yes,No,No,No,No,No,,,,,,,,Other (Specify),Went to jail
520,R_1AWIGZN84aB54QV,2025-09-07 18:34:45,37.813075,-122.274278,"37.8147530, -122.2746291",coord_decimal,37.814753,-122.2746291,189.1,37.813075,-122.274278,1.0,Male,57.0,,,Black,,,,,2,8,5,4,6,10,3,12,9,11,1,7,Housing Type 1,Housing Type 2,Housing Type 1,Housing Type 1,Housing Type 1,Housing Type 1,Housing Type 2,Housing Type 1,Housing Type 1,Housing Type 1,Housing Type 2,Housing Type 2,Yes,Yes,Yes,Yes,Yes,Yes,Yes,Yes,Yes,Yes,Yes,Yes,,,,,,,,Other (Specify),Turned 18
521,R_gzpTnK9dg6CySR0,2025-09-07 18:34:46,37.812983,-122.274212,"37.8147530, -122.2746291",coord_decimal,37.814753,-122.2746291,200.2,37.812983,-122.274212,0.0,Male,45.0,,,Black,,,No Shelter/Outside,No Shelter/Outside,1,4,10,3,6,5,2,8,11,9,12,7,Housing Type 1,Housing Type 1,Housing Type 2,Housing Type 1,Housing Type 1,Housing Type 1,Housing Type 2,Housing Type 2,Housing Type 2,Housing Type 1,Housing Type 1,Housing Type 1,Yes,Yes,Yes,Yes,Yes,No,No,No,No,No,No,No,"Family/friend/roommate asked me to leave (dispute, needed room, etc.)",,,,,,,,
522,R_cziqpOpbj7hzIap,2025-09-07 19:09:06,37.813358,-122.274562,"37.8130200, -122.2742147",coord_decimal,37.81302,-122.2742147,48.4,37.813358,-122.274562,0.0,Male,55.0,White,,,,,,,8,9,6,2,11,10,1,12,7,4,3,5,Housing Type 2,Housing Type 1,Housing Type 1,Housing Type 1,Housing Type 2,Housing Type 1,Housing Type 2,Housing Type 1,Housing Type 1,Housing Type 1,Housing Type 1,Housing Type 1,No,Yes,Yes,Yes,Yes,Yes,Yes,Yes,Yes,Yes,Yes,Yes,,,,,,,,Other (Specify),Drugs
523,R_l9dGEtvquwy7LxO,2025-09-08 16:59:18,37.850412,-122.252433,San francisco divisadero and van ness streef,area_vague,,,,37.850412,-122.252433,0.0,Female,26.0,,,,,,,,1,4,5,8,3,11,10,6,9,12,7,2,Housing Type 1,Housing Type 2,Housing Type 2,Housing Type 2,Housing Type 1,Housing Type 1,Housing Type 1,Housing Type 1,Housing Type 2,Housing Type 2,Housing Type 2,Housing Type 2,Yes,Yes,Yes,Yes,Yes,Yes,Yes,Yes,Yes,Yes,Yes,Yes,,,,Could not pay rent,,Eviction,,,
524,R_5lj34CXCD0ex7LC,2025-09-11 12:15:37,37.817703,-122.26288,29th and broadway in oakland,area_vague,,,,37.817703,-122.26288,1.0,Female,43.0,,,,Asian,,No Shelter/Outside,No Shelter/Outside,1,8,5,7,4,11,2,6,10,12,9,3,Housing Type 1,Housing Type 1,Housing Type 2,Housing Type 2,Housing Type 2,Housing Type 1,Housing Type 2,Housing Type 2,Housing Type 1,Housing Type 1,Housing Type 1,Housing Type 1,Yes,Yes,Yes,Yes,Yes,Yes,Yes,Yes,Yes,Yes,Yes,Yes,,Chose to leave due to issues with family/friend/roommate,,,,,,,
525,R_b9OWKZLWK5uboub,2025-09-11 12:15:39,37.85079,-122.25248,Across from 369 22nd street oakland,area_vague,,,,37.85079,-122.25248,0.0,Male,65.0,,,Black,,,,No Shelter/Outside,1,6,5,8,4,7,10,11,9,3,12,2,Housing Type 2,Housing Type 2,Housing Type 1,Housing Type 1,Housing Type 1,Housing Type 1,Housing Type 2,Housing Type 2,Housing Type 2,Housing Type 2,Housing Type 1,Housing Type 1,Yes,Yes,Yes,Yes,Yes,Yes,Yes,Yes,Yes,Yes,Yes,Yes,,,Divorce/breakup,,,,,,
526,R_4AEt1qWpbn2xEka,2025-09-12 19:55:50,37.810583,-122.274538,"37.8104499, -122.2746627",coord_decimal,37.8104499,-122.2746627,18.4,37.810583,-122.274538,1.0,Female,52.0,,,Black,,,,,3,4,5,2,7,8,12,10,9,1,11,6,Housing Type 2,Housing Type 2,Housing Type 2,Housing Type 2,Housing Type 1,Housing Type 1,Housing Type 2,Housing Type 2,Housing Type 2,Housing Type 2,Housing Type 2,Housing Type 2,Yes,Yes,Yes,Yes,Yes,No,Yes,Yes,Yes,No,No,Yes,,,,,,,,Other (Specify),Bug imfestation. Landlord wouldnt do anything about it
527,R_fbIKZN1co6gV8xN,2025-09-12 19:55:52,37.810697,-122.274532,"37.8104499, -122.2746627",coord_decimal,37.8104499,-122.2746627,29.8,37.810697,-122.274532,1.0,Male,48.0,,,Black,,,,,6,8,11,3,9,10,5,12,4,2,1,7,Housing Type 1,Housing Type 2,Housing Type 1,Housing Type 1,Housing Type 1,Housing Type 1,Housing Type 1,Housing Type 1,Housing Type 1,Housing Type 1,Housing Type 2,Housing Type 2,No,Yes,Yes,Yes,No,Yes,Yes,Yes,No,No,No,No,,Chose to leave due to issues with family/friend/roommate,,,,,,,
528,R_lVakvb17tpkz7sY,2025-09-12 19:55:53,37.824823,-122.272102,"37.8248650, -122.2723643",coord_decimal,37.824865,-122.2723643,23.5,37.824823,-122.272102,1.0,Female,40.0,White,,,,,,,4,8,9,7,10,6,3,12,5,1,2,11,Housing Type 1,Housing Type 1,Housing Type 2,Housing Type 1,Housing Type 2,Housing Type 1,Housing Type 2,Housing Type 2,Housing Type 2,Housing Type 2,Housing Type 1,Housing Type 1,No,No,Yes,No,No,No,No,No,No,No,No,No,,,,,,,,Other (Specify),Arrested
529,R_e6QPR9MtY8LwF7T,2025-09-12 19:55:55,37.825433,-122.272001,,missing,,,,37.825433,-122.272001,1.0,Male,32.0,White,,,,,,,3,9,10,6,11,7,4,12,5,1,2,8,Housing Type 2,Housing Type 1,Housing Type 2,Housing Type 2,Housing Type 2,Housing Type 2,Housing Type 2,Housing Type 2,Housing Type 1,Housing Type 1,Housing Type 1,Housing Type 1,No,Yes,No,No,No,Yes,No,No,No,No,No,No,,,,,,,,Other (Specify),Arrested
530,R_ezRA5RbO760XjQ8,2025-09-12 19:55:56,37.825769,-122.272135,"37.8248650, -122.2723643",coord_decimal,37.824865,-122.2723643,102.5,37.825769,-122.272135,1.0,Male,47.0,,,Black,,,No Shelter/Outside,No Shelter/Outside,1,3,7,9,10,2,4,12,5,11,8,6,Housing Type 2,Housing Type 2,Housing Type 2,Housing Type 1,Housing Type 1,Housing Type 1,Housing Type 2,Housing Type 2,Housing Type 2,Housing Type 2,Housing Type 1,Housing Type 1,Yes,No,Yes,Yes,No,Yes,Yes,Yes,No,No,No,No,,,,,,,,Other (Specify),Lease was up
531,R_j98OZSY48nwI8Jn,2025-09-12 19:55:58,37.825185,-122.272283,"37.8248650, -122.2723643",coord_decimal,37.824865,-122.2723643,36.3,37.825185,-122.272283,1.0,Male,40.0,White,,,,,No Shelter/Outside,No Shelter/Outside,1,4,7,5,6,9,3,12,8,11,10,2,Housing Type 2,Housing Type 2,Housing Type 2,Housing Type 2,Housing Type 1,Housing Type 1,Housing Type 2,Housing Type 2,Housing Type 1,Housing Type 1,Housing Type 1,Housing Type 2,Yes,Yes,Yes,Yes,No,No,Yes,Yes,Yes,Yes,Yes,Yes,,,,Could not pay rent,,,,Other (Specify),Lost job
532,R_o8C9lQFtH3kOwk5,2025-09-12 20:31:32,37.810253,-122.246125,San pablo and 25th in oakland,area_vague,,,,37.810253,-122.246125,0.0,Male,45.0,,,Black,,,No Shelter/Outside,No Shelter/Outside,2,1,9,5,11,3,6,10,7,12,8,4,Housing Type 2,Housing Type 2,Housing Type 2,Housing Type 2,Housing Type 2,Housing Type 2,Housing Type 1,Housing Type 1,Housing Type 1,Housing Type 1,Housing Type 2,Housing Type 2,Yes,Yes,Yes,Yes,Yes,Yes,Yes,Yes,Yes,Yes,Yes,Yes,,Chose to leave due to issues with family/friend/roommate,,,,,,,
533,R_nVWLUBXuNrTQaji,2025-09-12 20:31:33,37.81094,-122.247677,West street and 34 th in oakland,area_vague,,,,37.81094,-122.247677,1.0,Female,44.0,White,,,,,No Shelter/Outside,,2,10,7,6,5,11,8,9,4,12,3,1,Housing Type 1,Housing Type 2,Housing Type 2,Housing Type 2,Housing Type 1,Housing Type 1,Housing Type 2,Housing Type 2,Housing Type 1,Housing Type 2,Housing Type 1,Housing Type 1,Yes,Yes,Yes,Yes,Yes,Yes,Yes,Yes,Yes,Yes,Yes,Yes,,,,,,Eviction,,,
534,R_2kCbxGYnkDMtBRJ,2025-09-12 20:31:33,37.810858,-122.247617,484 Lake Park in oaklnd onbench,area_vague,,,,37.810858,-122.247617,0.0,Female,60.0,White,,,,,No Shelter/Outside,No Shelter/Outside,2,3,6,9,1,5,8,10,4,12,11,7,Housing Type 2,Housing Type 1,Housing Type 1,Housing Type 2,Housing Type 2,Housing Type 1,Housing Type 1,Housing Type 2,Housing Type 2,Housing Type 2,Housing Type 1,Housing Type 1,Yes,Yes,Yes,Yes,Yes,Yes,Yes,Yes,Yes,Yes,Yes,Yes,,,Divorce/breakup,Could not pay rent,,,,,
535,R_ggGHgWvdCj4tj7p,2025-09-12 20:31:34,37.810363,-122.247182,3227 lakeshore aveoakland,area_vague,,,,37.810363,-122.247182,1.0,Male,36.0,,,Black,,,No Shelter/Outside,No Shelter/Outside,1,8,5,12,6,9,10,2,4,7,11,3,Housing Type 1,Housing Type 2,Housing Type 2,Housing Type 2,Housing Type 1,Housing Type 1,Housing Type 1,Housing Type 1,Housing Type 1,Housing Type 2,Housing Type 2,Housing Type 2,Yes,Yes,Yes,Yes,Yes,Yes,Yes,Yes,Yes,Yes,Yes,Yes,,,,,,Eviction,,,
536,R_nhXFtSm5lkXObLR,2025-09-12 20:31:35,37.847903,-122.252273,University and san pablo in berkeley,area_vague,,,,37.847903,-122.252273,0.0,Male,57.0,,,Black,Asian,,,,2,9,8,7,1,6,11,5,4,12,10,3,Housing Type 1,Housing Type 1,Housing Type 2,Housing Type 2,Housing Type 1,Housing Type 1,Housing Type 2,Housing Type 2,Housing Type 1,Housing Type 1,Housing Type 2,Housing Type 2,Yes,Yes,Yes,Yes,Yes,Yes,Yes,Yes,Yes,Yes,Yes,Yes,,,,,,,,Other (Specify),Cafaccident led me to not be able to work and afford remt
537,R_5dZ6Fhfg5UeFbTc,2025-09-12 20:31:36,37.848108,-122.252243,568 66 th street oakland ca,area_vague,,,,37.848108,-122.252243,1.0,Male,59.0,,,Black,,,,,1,8,11,10,2,7,6,9,5,3,12,4,Housing Type 1,Housing Type 2,Housing Type 2,Housing Type 2,Housing Type 1,Housing Type 1,Housing Type 1,Housing Type 1,Housing Type 1,Housing Type 1,Housing Type 1,Housing Type 2,Yes,Yes,Yes,Yes,Yes,Yes,Yes,Yes,Yes,Yes,Yes,Yes,,,,,,Eviction,,,
538,R_77ewykVzeEBZNr7,2025-09-12 20:31:37,37.848063,-122.252217,Sacramento and allston in berkeley,area_vague,,,,37.848063,-122.252217,0.0,Female,73.0,White,,,,,No Shelter/Outside,,2,7,1,6,5,9,11,10,4,12,8,3,Housing Type 2,Housing Type 1,Housing Type 1,Housing Type 1,Housing Type 1,Housing Type 1,Housing Type 1,Housing Type 2,Housing Type 1,Housing Type 2,Housing Type 2,Housing Type 1,Yes,Yes,Yes,Yes,Yes,Yes,Yes,Yes,Yes,Yes,Yes,Yes,,,,Could not pay rent,,,,,
539,R_65LnRg283TPKXvW,2025-09-12 21:45:28,37.787587,-122.255263,"37.7903704, -122.2491978",coord_decimal,37.7903704,-122.2491978,616.3,37.787587,-122.255263,0.0,Male,42.0,White,,,,,,,1,7,11,6,9,8,2,10,3,12,5,4,Housing Type 2,Housing Type 2,Housing Type 1,Housing Type 1,Housing Type 1,Housing Type 2,Housing Type 1,Housing Type 2,Housing Type 2,Housing Type 1,Housing Type 2,Housing Type 1,No,No,No,Yes,Yes,No,Yes,Yes,Yes,Yes,Yes,No,,,,Could not pay rent,,,,,
540,R_6aGLPlFuDQGOMN1,2025-09-13 13:02:17,37.800802,-122.226767,"37.8004806, -122.2268805",coord_decimal,37.8004806,-122.2268805,37.1,37.800802,-122.226767,0.0,Male,60.0,,,Black,,,,,1,4,7,3,2,5,8,10,9,12,11,6,Housing Type 2,Housing Type 2,Housing Type 2,Housing Type 2,Housing Type 1,Housing Type 1,Housing Type 1,Housing Type 2,Housing Type 1,,Housing Type 2,Housing Type 1,Yes,Yes,No,Yes,Yes,No,Yes,Yes,No,No,No,No,,,,,,,,Other (Specify),Lost job. Live/ work
541,R_e8d6WTkPDoPlqMf,2025-09-13 14:42:05,37.735567,-122.183483,"37.7354272, -122.1836389",coord_decimal,37.7354272,-122.1836389,20.7,37.735567,-122.183483,1.0,Male,65.0,White,,,,,,,1,10,4,6,3,7,5,11,2,9,12,8,Housing Type 2,Housing Type 1,Housing Type 2,Housing Type 2,Housing Type 2,Housing Type 2,Housing Type 1,Housing Type 1,Housing Type 2,Housing Type 2,Housing Type 2,Housing Type 2,Yes,Yes,Yes,Yes,No,No,Yes,No,No,No,No,No,,,,Could not pay rent,,,,,
542,R_5NucAHdrSOag33w,2025-09-13 14:42:06,,,"37.7347644, -122.1800625",coord_decimal,37.7347644,-122.1800625,,37.7347644,-122.1800625,1.0,Female,49.0,,,Black,,,No Shelter/Outside,No Shelter/Outside,2,7,9,4,5,6,10,11,3,1,12,8,Housing Type 2,Housing Type 1,Housing Type 1,Housing Type 1,Housing Type 2,Housing Type 1,Housing Type 1,Housing Type 1,Housing Type 1,Housing Type 1,Housing Type 1,Housing Type 1,Yes,Yes,No,Yes,No,No,No,No,No,Yes,Yes,Yes,,,,,Rent increase,,,,
543,R_f56sDsV2yHaqBmD,2025-09-13 15:52:33,37.837737,-122.264538,"37.8370904, -122.2641300",coord_decimal,37.8370904,-122.26413,80.3,37.837737,-122.264538,1.0,Male,52.0,,,Black,,,No Shelter/Outside,No Shelter/Outside,1,7,9,4,8,5,3,11,2,10,12,6,Housing Type 2,Housing Type 1,Housing Type 1,Housing Type 1,Housing Type 1,Housing Type 1,Housing Type 2,Housing Type 1,Housing Type 1,Housing Type 2,Housing Type 1,Housing Type 1,Yes,Yes,No,Yes,Yes,Yes,No,No,Yes,No,No,Yes,,,,,,,,Other (Specify),"Dad wasnt payi ng rent, he was but dad wasnt"
544,R_05kv2YIXy1pCkX4,2025-09-13 15:52:36,37.837655,-122.264513,"37.8370904, -122.2641300",coord_decimal,37.8370904,-122.26413,71.2,37.837655,-122.264513,0.0,Female,60.0,,,Black,,,No Shelter/Outside,No Shelter/Outside,8,2,7,3,5,12,9,10,4,11,1,6,Housing Type 2,Housing Type 1,Housing Type 1,Housing Type 2,Housing Type 2,Housing Type 1,Housing Type 2,Housing Type 2,Housing Type 1,Housing Type 1,Housing Type 1,Housing Type 1,Yes,Yes,Yes,Yes,No,Yes,Yes,Yes,No,No,No,No,,,,,,,,Other (Specify),Brothers house and he passed
545,R_4O1tUXn8aXImtBI,2025-09-13 17:50:45,37.817475,-122.275632,"37.8165991, -122.2751890",coord_decimal,37.8165991,-122.275189,104.9,37.817475,-122.275632,0.0,Male,56.0,,,Black,,,,,1,3,9,7,4,8,5,12,2,11,10,6,Housing Type 1,Housing Type 1,Housing Type 1,Housing Type 2,,Housing Type 1,Housing Type 2,Housing Type 2,Housing Type 2,Housing Type 1,Housing Type 1,Housing Type 1,No,Yes,Yes,No,No,Yes,Yes,Yes,Yes,Yes,Yes,Yes,,,,,,,,Other (Specify),Foreclosed
546,R_0gHVwlP9qQhwOmD,2025-09-13 17:50:47,,,"37.8176231, -122.2771316",coord_decimal,37.8176231,-122.2771316,,37.8176231,-122.2771316,1.0,Male,56.0,,,Black,,,,,1,4,10,3,6,5,7,11,9,12,8,2,Housing Type 1,Housing Type 2,Housing Type 2,Housing Type 2,Housing Type 1,Housing Type 1,Housing Type 1,Housing Type 2,Housing Type 2,Housing Type 1,Housing Type 1,Housing Type 2,Yes,Yes,Yes,Yes,No,No,Yes,Yes,Yes,Yes,Yes,Yes,,,,,,,,Other (Specify),Mom passed
547,R_k94IsCRDqZXwtua,2025-09-13 17:50:48,,,"37.8176231, -122.2771316",coord_decimal,37.8176231,-122.2771316,,37.8176231,-122.2771316,1.0,Male,41.0,,,Black,,,,,1,8,9,7,5,6,3,12,2,11,10,4,Housing Type 1,Housing Type 2,Housing Type 1,Housing Type 2,Housing Type 1,Housing Type 2,Housing Type 2,Housing Type 2,Housing Type 1,Housing Type 1,Housing Type 1,Housing Type 1,Yes,Yes,Yes,Yes,Yes,Yes,No,Yes,No,No,No,No,,,,,Rent increase,Eviction,,,
548,R_i97evO2zSG4hna5,2025-09-13 17:50:49,,,"37.8167525, -122.2751247",coord_decimal,37.8167525,-122.2751247,,37.8167525,-122.2751247,0.0,Male,51.0,White,,,,,,,5,8,3,4,10,6,2,11,1,7,12,9,Housing Type 1,Housing Type 1,Housing Type 2,Housing Type 1,Housing Type 2,Housing Type 2,Housing Type 2,Housing Type 2,Housing Type 2,Housing Type 2,Housing Type 2,Housing Type 1,Yes,Yes,Yes,Yes,Yes,Yes,Yes,No,No,Yes,No,No,,,Divorce/breakup,,,,,,
549,R_9wmeQFxzuOvCmP9,2025-09-13 17:50:50,37.817438,-122.275682,"37.8174255, -122.2759974",coord_decimal,37.8174255,-122.2759974,27.7,37.817438,-122.275682,1.0,Male,29.0,,,Black,,,,No Shelter/Outside,12,9,7,10,1,11,2,6,8,3,5,4,Housing Type 1,Housing Type 2,Housing Type 1,Housing Type 1,Housing Type 1,Housing Type 2,Housing Type 2,Housing Type 2,Housing Type 1,Housing Type 2,Housing Type 1,Housing Type 1,No,Yes,Yes,Yes,No,Yes,Yes,No,No,Yes,No,No,,Chose to leave due to issues with family/friend/roommate,,Could not pay rent,,,Released from jail/prison,,
550,R_9HqOWO80iOm1ac4,2025-09-13 17:50:51,37.817123,-122.27522,"37.8167308, -122.2751629",coord_decimal,37.8167308,-122.2751629,43.9,37.817123,-122.27522,0.0,Female,47.0,White,,,,,,,1,7,3,4,9,5,8,11,2,10,12,6,Housing Type 2,Housing Type 1,Housing Type 2,Housing Type 2,Housing Type 1,Housing Type 2,Housing Type 1,Housing Type 2,Housing Type 2,Housing Type 1,Housing Type 1,Housing Type 2,No,No,No,No,No,No,No,No,No,No,No,No,,,,,,,,Other (Specify),Moved back fo california
551,R_j5siLR6sin4S8xP,2025-09-13 17:50:51,37.817475,-122.275678,"37.8174255, -122.2759974",coord_decimal,37.8174255,-122.2759974,28.6,37.817475,-122.275678,1.0,Female,29.0,,,Black,,,,,6,4,3,7,5,9,11,10,8,12,1,2,Housing Type 2,Housing Type 1,Housing Type 2,Housing Type 2,Housing Type 1,Housing Type 2,Housing Type 2,Housing Type 2,Housing Type 1,Housing Type 1,Housing Type 1,Housing Type 1,No,Yes,Yes,Yes,Yes,Yes,Yes,Yes,Yes,Yes,Yes,Yes,,,,,,,,Other (Specify),"Shelter rules, cant get along with others"
552,R_igGJQfh0Uhu4ykW,2025-09-13 17:50:52,37.817173,-122.275273,,missing,,,,37.817173,-122.275273,0.0,Male,26.0,,,Black,,,,No Shelter/Outside,7,5,1,4,8,2,6,3,12,11,9,10,Housing Type 2,Housing Type 2,Housing Type 2,Housing Type 2,Housing Type 2,Housing Type 2,Housing Type 1,Housing Type 1,Housing Type 2,Housing Type 2,Housing Type 2,Housing Type 1,Yes,Yes,Yes,Yes,Yes,No,No,Yes,Yes,Yes,Yes,Yes,,,,,,,,,
553,R_34hWO2KoaiNulrM,2025-09-13 17:50:53,37.817115,-122.275233,"37.8175569, -122.2758143",coord_decimal,37.8175569,-122.2758143,70.9,37.817115,-122.275233,0.0,Male,46.0,White,,,,,,No Shelter/Outside,1,4,7,8,6,5,12,9,11,2,10,3,Housing Type 2,Housing Type 2,Housing Type 1,Housing Type 2,Housing Type 2,Housing Type 2,Housing Type 2,Housing Type 2,Housing Type 1,Housing Type 1,Housing Type 2,Housing Type 1,Yes,Yes,Yes,No,No,Yes,No,No,No,No,No,No,,,,Could not pay rent,,,,,
554,R_e1cKAUt1JVR41pv,2025-09-13 21:07:07,37.813677,-122.273417,"37.8137373, -122.2731077",coord_decimal,37.8137373,-122.2731077,28.0,37.813677,-122.273417,0.0,Male,69.0,,,Black,,,No Shelter/Outside,No Shelter/Outside,1,2,7,6,4,10,9,8,5,12,11,3,Housing Type 1,Housing Type 2,Housing Type 2,Housing Type 2,Housing Type 2,Housing Type 1,Housing Type 1,Housing Type 1,Housing Type 2,Housing Type 1,Housing Type 2,Housing Type 2,Yes,Yes,Yes,Yes,Yes,No,Yes,Yes,Yes,Yes,Yes,Yes,,,,,Rent increase,,,,
555,R_hIc2XNjxUJm5Koq,2025-09-13 21:07:08,37.813653,-122.273468,"37.8137373, -122.2731077",coord_decimal,37.8137373,-122.2731077,33.0,37.813653,-122.273468,0.0,Male,54.0,,,Black,,,No Shelter/Outside,No Shelter/Outside,1,4,3,2,6,8,10,7,9,11,12,5,Housing Type 2,Housing Type 2,Housing Type 2,Housing Type 1,Housing Type 1,Housing Type 2,Housing Type 1,Housing Type 1,Housing Type 1,Housing Type 2,Housing Type 2,Housing Type 2,Yes,Yes,Yes,Yes,Yes,Yes,No,Yes,Yes,Yes,Yes,Yes,,,,,,,,Other (Specify),Burned it down
556,R_0vvFVnMgoezyFX0,2025-09-13 21:07:10,37.813633,-122.273498,"37.8137373, -122.2731077",coord_decimal,37.8137373,-122.2731077,36.2,37.813633,-122.273498,0.0,Male,78.0,,,Black,,,,,5,3,10,1,2,6,11,8,9,12,7,4,Housing Type 1,Housing Type 2,Housing Type 2,Housing Type 2,Housing Type 1,Housing Type 1,Housing Type 1,Housing Type 1,Housing Type 1,Housing Type 1,Housing Type 1,Housing Type 1,Yes,Yes,Yes,Yes,No,Yes,Yes,Yes,Yes,Yes,Yes,Yes,,,,,,,,Other (Specify),Foreclosure
557,R_gpo0eHyz3xen8Tz,2025-09-13 21:07:11,37.820012,-122.291593,"37.8198293, -122.2914637",coord_decimal,37.8198293,-122.2914637,23.3,37.820012,-122.291593,1.0,Male,43.0,,Hispanic,,,,,,2,7,6,5,9,3,11,10,4,1,12,8,Housing Type 2,Housing Type 1,Housing Type 1,Housing Type 2,Housing Type 1,Housing Type 2,Housing Type 1,Housing Type 2,Housing Type 1,Housing Type 1,Housing Type 2,Housing Type 2,Yes,Yes,Yes,Yes,Yes,Yes,No,No,Yes,No,Yes,Yes,,,,,,,,Other (Specify),Dont know
558,R_lR0ZBXhVHKdCtcy,2025-09-13 21:07:13,37.819942,-122.291622,"37.8198293, -122.2914637",coord_decimal,37.8198293,-122.2914637,18.7,37.819942,-122.291622,1.0,Female,51.0,White,,,,,,,1,7,12,8,10,9,4,11,6,2,3,5,Housing Type 1,Housing Type 1,Housing Type 1,Housing Type 1,Housing Type 2,Housing Type 2,Housing Type 1,Housing Type 2,Housing Type 1,Housing Type 2,Housing Type 1,Housing Type 2,No,Yes,Yes,Yes,No,Yes,No,No,No,No,No,No,,,,Could not pay rent,,,,,
559,R_mfyxa6NFYL7PGOn,2025-09-13 21:07:15,37.819947,-122.291633,"37.8198293, -122.2914637",coord_decimal,37.8198293,-122.2914637,19.8,37.819947,-122.291633,1.0,Male,49.0,,Hispanic,,,,,,1,3,5,4,10,6,8,12,9,7,11,2,Housing Type 2,Housing Type 1,Housing Type 1,Housing Type 2,Housing Type 1,Housing Type 1,Housing Type 2,Housing Type 2,Housing Type 1,Housing Type 1,Housing Type 2,Housing Type 2,Yes,Yes,Yes,Yes,Yes,Yes,Yes,Yes,Yes,Yes,Yes,Yes,,,,,,Eviction,,,
560,R_41BQlvm8kGMnSEP,2025-09-13 21:07:16,37.81994,-122.291622,"37.8198293, -122.2914637",coord_decimal,37.8198293,-122.2914637,18.6,37.81994,-122.291622,1.0,Female,43.0,,,Black,,,,,1,9,7,6,8,10,12,11,4,3,2,5,Housing Type 2,Housing Type 1,Housing Type 1,Housing Type 2,Housing Type 2,Housing Type 1,Housing Type 1,Housing Type 2,Housing Type 1,Housing Type 2,Housing Type 2,Housing Type 1,Yes,Yes,Yes,Yes,Yes,Yes,Yes,Yes,No,No,No,No,,,,,,,,Other (Specify),Bacs messed it up
561,R_nzRxvhLQqT49uY1,2025-09-13 21:07:17,37.819852,-122.291633,"37.8198293, -122.2914637",coord_decimal,37.8198293,-122.2914637,15.1,37.819852,-122.291633,1.0,Female,47.0,,,Black,,,,,2,5,3,7,9,6,10,12,4,1,11,8,Housing Type 2,Housing Type 1,Housing Type 2,Housing Type 1,Housing Type 1,Housing Type 2,Housing Type 2,Housing Type 1,Housing Type 2,Housing Type 2,Housing Type 2,Housing Type 1,Yes,Yes,Yes,Yes,No,Yes,Yes,No,No,No,No,No,,,,,,,,Other (Specify),Fire home burned
562,R_dJqQgqYLw5gBNZl,2025-09-14 13:50:38,37.813645,-122.273213,"37.8136279, -122.2729883",coord_decimal,37.8136279,-122.2729883,19.8,37.813645,-122.273213,0.0,Male,46.0,,,Black,,,,,1,8,7,2,6,3,12,9,4,5,11,10,Housing Type 2,Housing Type 1,Housing Type 1,Housing Type 2,Housing Type 2,Housing Type 1,Housing Type 1,Housing Type 2,Housing Type 1,Housing Type 1,Housing Type 2,Housing Type 1,Yes,No,Yes,Yes,Yes,No,No,No,No,No,No,Yes,,,,,,,,Other (Specify),Jail
563,R_4qhqCFNDqq0D4BI,2025-09-14 13:50:39,,,"37.8136279, -122.2729883",coord_decimal,37.8136279,-122.2729883,,37.8136279,-122.2729883,0.0,Male,45.0,,,Black,,,,No Shelter/Outside,8,6,5,3,2,7,12,9,4,10,11,1,Housing Type 2,Housing Type 1,Housing Type 1,Housing Type 2,Housing Type 1,Housing Type 2,Housing Type 2,Housing Type 1,Housing Type 2,Housing Type 1,Housing Type 2,Housing Type 2,Yes,Yes,Yes,Yes,No,Yes,Yes,Yes,Yes,Yes,No,Yes,,,,Could not pay rent,,Eviction,,,
564,R_5ulEGRBVXey7Rnw,2025-09-14 13:50:40,,,"37.8136279, -122.2729883",coord_decimal,37.8136279,-122.2729883,,37.8136279,-122.2729883,0.0,Male,65.0,,,,,,No Shelter/Outside,No Shelter/Outside,1,6,8,5,2,9,3,10,7,11,12,4,Housing Type 2,Housing Type 2,Housing Type 1,Housing Type 2,Housing Type 1,Housing Type 1,Housing Type 2,Housing Type 2,Housing Type 1,Housing Type 2,Housing Type 1,Housing Type 2,Yes,Yes,Yes,Yes,Yes,No,No,No,Yes,Yes,Yes,Yes,,,,,,,,Other (Specify),Not sure
565,R_9HGJOAbbmvB5o13,2025-09-14 13:50:42,,,"37.8136279, -122.2729883",coord_decimal,37.8136279,-122.2729883,,37.8136279,-122.2729883,0.0,Male,49.0,,,Black,,,No Shelter/Outside,No Shelter/Outside,8,4,5,7,6,3,2,12,10,9,11,1,Housing Type 1,Housing Type 1,Housing Type 2,Housing Type 1,Housing Type 1,Housing Type 2,Housing Type 2,Housing Type 1,Housing Type 1,Housing Type 2,Housing Type 2,Housing Type 1,Yes,Yes,Yes,Yes,Yes,No,Yes,Yes,Yes,Yes,Yes,No,,,,Could not pay rent,,,,,
566,R_cXmLYKueuH40ThT,2025-09-14 13:50:43,,,"37.8136279, -122.2729883",coord_decimal,37.8136279,-122.2729883,,37.8136279,-122.2729883,0.0,Male,30.0,White,Hispanic,,,,No Shelter/Outside,No Shelter/Outside,1,7,4,6,3,5,9,8,10,11,2,12,Housing Type 2,Housing Type 1,Housing Type 2,Housing Type 2,Housing Type 1,Housing Type 1,Housing Type 1,Housing Type 1,Housing Type 2,Housing Type 1,Housing Type 2,Housing Type 1,Yes,Yes,No,No,Yes,Yes,Yes,Yes,No,No,No,No,,,,,,,,Other (Specify),Landlord didnt own home. Fraud
567,R_jUTQs7MLse3BleA,2025-09-14 13:50:45,,,"37.8136279, -122.2729883",coord_decimal,37.8136279,-122.2729883,,37.8136279,-122.2729883,0.0,Male,38.0,,,Black,,,,,1,7,5,2,3,6,9,12,4,10,11,8,Housing Type 1,Housing Type 2,Housing Type 1,Housing Type 2,Housing Type 1,Housing Type 1,Housing Type 1,Housing Type 1,Housing Type 2,Housing Type 1,Housing Type 2,Housing Type 2,Yes,Yes,Yes,Yes,Yes,Yes,Yes,Yes,Yes,Yes,Yes,Yes,,,,,,,,Other (Specify),Relocation. To cali
568,R_dFhLy3gWhrLrOaH,2025-09-14 13:50:46,,,"37.8136279, -122.2729883",coord_decimal,37.8136279,-122.2729883,,37.8136279,-122.2729883,0.0,Male,27.0,,,Black,,,,,8,6,5,4,1,7,11,12,3,9,10,2,Housing Type 2,Housing Type 2,Housing Type 1,Housing Type 1,Housing Type 2,Housing Type 2,Housing Type 2,Housing Type 1,Housing Type 1,Housing Type 2,Housing Type 2,Housing Type 2,No,Yes,Yes,Yes,No,Yes,Yes,Yes,Yes,Yes,Yes,Yes,,,,,,,,Other (Specify),"Mom died, dad never around, homeless since he was a ki"
569,R_8BS5BKPx4IknZfn,2025-09-14 13:50:47,,,"37.8087016, -122.2710578",coord_decimal,37.8087016,-122.2710578,,37.8087016,-122.2710578,1.0,Male,38.0,,Hispanic,,,,No Shelter/Outside,No Shelter/Outside,10,6,8,4,5,3,2,9,1,11,12,7,Housing Type 1,Housing Type 2,Housing Type 1,Housing Type 1,Housing Type 2,Housing Type 2,Housing Type 1,Housing Type 2,Housing Type 1,Housing Type 1,Housing Type 1,Housing Type 2,Yes,Yes,Yes,Yes,Yes,Yes,Yes,Yes,Yes,Yes,Yes,Yes,,,,Could not pay rent,Rent increase,Eviction,,,
570,R_9Vblx9ymmB95Gyg,2025-09-14 13:50:49,37.813723,-122.273385,"37.8087016, -122.2710578",coord_decimal,37.8087016,-122.2710578,594.6,37.813723,-122.273385,0.0,Female,53.0,,Hispanic,Black,,,No Shelter/Outside,No Shelter/Outside,3,6,7,2,5,10,9,8,4,11,12,1,Housing Type 1,Housing Type 1,Housing Type 1,Housing Type 2,Housing Type 1,Housing Type 2,Housing Type 2,Housing Type 2,Housing Type 1,Housing Type 1,Housing Type 1,Housing Type 2,No,Yes,Yes,Yes,Yes,Yes,No,No,No,No,No,No,,,,,,,,Other (Specify),Lost voucher because of a technicality
571,R_hQgxOTqwRm8IXZZ,2025-09-14 14:42:14,,,"37.8197242, -122.2913219",coord_decimal,37.8197242,-122.2913219,,37.8197242,-122.2913219,1.0,Female,42.0,,Hispanic,,,,,,1,8,7,4,3,6,5,12,10,9,2,11,Housing Type 2,Housing Type 1,Housing Type 1,Housing Type 1,Housing Type 1,Housing Type 1,Housing Type 1,Housing Type 1,Housing Type 1,Housing Type 2,Housing Type 1,Housing Type 1,Yes,Yes,Yes,Yes,Yes,Yes,No,Yes,No,No,No,No,,,,,Rent increase,,,,
572,R_3L9rdPZHuftdj47,2025-09-14 14:42:16,,,"37.8197242, -122.2913219",coord_decimal,37.8197242,-122.2913219,,37.8197242,-122.2913219,1.0,Male,52.0,,Hispanic,,,,,,2,5,12,9,8,10,6,11,3,4,1,7,Housing Type 2,Housing Type 1,Housing Type 1,Housing Type 2,Housing Type 1,Housing Type 2,Housing Type 2,Housing Type 1,Housing Type 1,Housing Type 2,Housing Type 1,Housing Type 1,Yes,No,No,No,Yes,No,No,No,No,No,No,No,,,,,,Eviction,,Other (Specify),Too many dogs
573,R_ok4YhkkCxpHTkBr,2025-09-14 15:48:48,,,"37.8200467, -122.2923435",coord_decimal,37.8200467,-122.2923435,,37.8200467,-122.2923435,1.0,Male,50.0,,,Black,,,,,1,6,7,4,8,10,3,9,2,11,12,5,Housing Type 2,Housing Type 2,Housing Type 1,Housing Type 1,Housing Type 1,Housing Type 1,Housing Type 2,Housing Type 2,Housing Type 2,Housing Type 1,Housing Type 1,Housing Type 1,No,No,Yes,Yes,No,Yes,Yes,No,No,No,No,No,,,Divorce/breakup,,,,,,
574,R_aKU4YsyIk85O1Ia,2025-09-14 16:10:34,,,"37.8599110, -122.2953324",coord_decimal,37.859911,-122.2953324,,37.859911,-122.2953324,1.0,Female,43.0,White,,,,,No Shelter/Outside,No Shelter/Outside,1,2,7,6,9,4,3,10,5,11,12,8,Housing Type 2,Housing Type 1,Housing Type 2,Housing Type 2,Housing Type 1,Housing Type 1,Housing Type 2,Housing Type 2,Housing Type 1,Housing Type 2,Housing Type 2,Housing Type 1,Yes,Yes,No,Yes,Yes,No,Yes,No,Yes,Yes,Yes,Yes,,,,,,Eviction,,Other (Specify),Illegal eviction
575,R_flTTYrO9a7uIC1Z,2025-09-14 18:36:47,37.791803,-122.256148,"37.7907609, -122.2473420",coord_decimal,37.7907609,-122.247342,782.4,37.791803,-122.256148,1.0,Female,30.0,,,Black,,,No Shelter/Outside,No Shelter/Outside,1,6,7,2,4,8,3,10,5,12,11,9,Housing Type 1,Housing Type 2,Housing Type 2,Housing Type 1,Housing Type 2,Housing Type 1,Housing Type 1,Housing Type 1,Housing Type 2,Housing Type 1,Housing Type 1,Housing Type 1,Yes,No,Yes,No,No,No,Yes,Yes,No,Yes,No,Yes,,,,,,,,Other (Specify),Mother died
576,R_lsm3kOll2FTSEoV,2025-09-14 18:36:48,37.78489,-122.227515,"37.7846739, -122.2276513",coord_decimal,37.7846739,-122.2276513,26.8,37.78489,-122.227515,1.0,Female,42.0,,Hispanic,Black,,,,,1,7,8,4,3,10,6,11,9,12,2,5,Housing Type 2,Housing Type 1,Housing Type 2,Housing Type 2,Housing Type 2,Housing Type 2,Housing Type 2,Housing Type 2,Housing Type 1,Housing Type 2,Housing Type 2,Housing Type 2,Yes,Yes,Yes,Yes,No,Yes,No,No,No,No,No,No,,,,,,Eviction,,Other (Specify),Illegal lock out
577,R_5pmm2NYTOM7kYEN,2025-09-14 18:36:50,37.784772,-122.227557,"37.7846739, -122.2276513",coord_decimal,37.7846739,-122.2276513,13.7,37.784772,-122.227557,1.0,Male,56.0,,Hispanic,,,,,,1,4,8,2,5,11,12,10,9,7,3,6,Housing Type 2,Housing Type 2,Housing Type 2,Housing Type 2,Housing Type 1,Housing Type 1,Housing Type 1,Housing Type 1,Housing Type 1,Housing Type 1,Housing Type 2,Housing Type 1,Yes,Yes,No,Yes,Yes,Yes,Yes,Yes,Yes,Yes,Yes,Yes,,,,,,Eviction,,Other (Specify),Illegal lockout
578,R_aEEtJvGbPKjpMIP,2025-09-14 18:36:51,37.826907,-122.2672,"37.8268438, -122.2673563",coord_decimal,37.8268438,-122.2673563,15.4,37.826907,-122.2672,1.0,Male,43.0,,,Black,,,,,1,7,11,6,10,9,4,12,5,2,3,8,Housing Type 1,Housing Type 1,Housing Type 1,Housing Type 2,Housing Type 2,Housing Type 2,Housing Type 1,Housing Type 1,Housing Type 1,Housing Type 1,Housing Type 2,Housing Type 1,No,Yes,No,No,Yes,Yes,No,No,No,No,No,No,,,Divorce/breakup,,,,,,
579,R_mswiOeFnn33BgQ5,2025-09-14 18:36:52,37.827308,-122.267145,"37.8268438, -122.2673563",coord_decimal,37.8268438,-122.2673563,54.9,37.827308,-122.267145,1.0,Female,31.0,,,Black,,,,,1,9,7,5,11,10,3,12,4,2,6,8,Housing Type 2,Housing Type 2,Housing Type 1,Housing Type 1,Housing Type 2,Housing Type 2,Housing Type 1,Housing Type 2,Housing Type 1,Housing Type 1,Housing Type 1,Housing Type 2,No,Yes,Yes,Yes,Yes,No,Yes,No,No,No,No,No,,,,,,,,Other (Specify),Too much stuff going on
580,R_4aNGvAOWQvqJMD7,2025-09-14 19:18:14,37.827172,-122.268083,"37.8268438, -122.2673563",coord_decimal,37.8268438,-122.2673563,73.5,37.827172,-122.268083,1.0,Male,55.0,,,Black,,,,,1,9,6,3,5,10,4,8,7,12,2,11,Housing Type 2,Housing Type 1,Housing Type 1,Housing Type 2,Housing Type 1,Housing Type 1,Housing Type 2,Housing Type 1,Housing Type 1,Housing Type 2,Housing Type 1,Housing Type 2,Yes,Yes,Yes,Yes,Yes,Yes,Yes,No,Yes,No,No,Yes,,,,,,,,Other (Specify),New owner- tore it down to build apartments
581,R_a9TGG0k38dcSRMn,2025-09-14 19:18:15,37.827175,-122.268082,"37.8268438, -122.2673563",coord_decimal,37.8268438,-122.2673563,73.6,37.827175,-122.268082,0.0,Male,52.0,,,Black,,,No Shelter/Outside,No Shelter/Outside,2,7,11,5,8,6,3,10,4,12,1,9,Housing Type 2,Housing Type 2,Housing Type 1,Housing Type 1,Housing Type 2,Housing Type 1,Housing Type 2,Housing Type 2,Housing Type 1,Housing Type 1,Housing Type 2,Housing Type 1,Yes,No,No,Yes,Yes,Yes,Yes,Yes,No,No,No,No,,,,Could not pay rent,,,,,
582,R_fhRXyjqgHeyCRel,2025-09-16 15:36:00,37.784707,-122.412028,Taylor and ellis corner in san francisco,area_vague,,,,37.784707,-122.412028,1.0,Male,34.0,,Hispanic,Black,,,No Shelter/Outside,No Shelter/Outside,3,8,4,7,9,10,12,6,11,1,5,2,Housing Type 1,Housing Type 1,Housing Type 2,Housing Type 2,Housing Type 2,Housing Type 2,Housing Type 1,Housing Type 1,Housing Type 2,Housing Type 1,Housing Type 1,Housing Type 1,Yes,Yes,Yes,Yes,Yes,Yes,Yes,Yes,Yes,Yes,Yes,Yes,"Family/friend/roommate asked me to leave (dispute, needed room, etc.)",,Divorce/breakup,,,,,,
583,R_420CuJSgh9whjm2,2025-09-16 15:48:59,37.784718,-122.412028,Ellis and Jones in San franciaco on a bench,area_vague,,,,37.784718,-122.412028,0.0,Male,40.0,,,Black,,,No Shelter/Outside,No Shelter/Outside,1,5,8,3,4,9,10,7,11,12,6,2,Housing Type 1,Housing Type 2,Housing Type 1,Housing Type 1,Housing Type 2,Housing Type 2,Housing Type 2,Housing Type 2,Housing Type 1,Housing Type 2,Housing Type 2,Housing Type 1,Yes,Yes,Yes,Yes,Yes,Yes,Yes,Yes,Yes,Yes,Yes,Yes,,,,Could not pay rent,,Eviction,,,
584,R_0rRYGfbrKouWZs5,2025-09-16 16:02:58,37.78473,-122.41203,Ellis and jones in san francisco,area_vague,,,,37.78473,-122.41203,0.0,Male,43.0,White,,,,,No Shelter/Outside,No Shelter/Outside,1,3,9,5,8,4,11,6,7,12,10,2,Housing Type 1,Housing Type 1,Housing Type 1,Housing Type 1,Housing Type 1,Housing Type 1,Housing Type 1,Housing Type 1,Housing Type 1,Housing Type 1,Housing Type 1,Housing Type 1,Yes,Yes,Yes,Yes,Yes,Yes,Yes,Yes,Yes,Yes,Yes,Yes,,,,,,,,Other (Specify),Unsafd and loud
585,R_7GXRtutj0EWy3c3,2025-09-16 16:14:58,37.784705,-122.412029,391 Ellis in san francisco,area_vague,,,,37.784705,-122.412029,0.0,Male,45.0,White,,Black,,,No Shelter/Outside,No Shelter/Outside,1,8,5,6,4,9,3,10,2,12,11,7,Housing Type 2,Housing Type 2,Housing Type 2,Housing Type 2,Housing Type 1,Housing Type 2,Housing Type 1,Housing Type 2,Housing Type 1,Housing Type 1,Housing Type 2,Housing Type 1,Yes,No,Yes,Yes,Yes,Yes,Yes,Yes,Yes,Yes,Yes,Yes,,,,Could not pay rent,,,,,
586,R_akjPFLZocCAjllC,2025-09-16 16:31:59,37.784707,-122.412031,Ellis and taylor street in san francisco,area_vague,,,,37.784707,-122.412031,0.0,Female,51.0,White,,,,,No Shelter/Outside,No Shelter/Outside,1,9,11,5,10,7,6,8,4,12,3,2,Housing Type 1,Housing Type 1,Housing Type 2,Housing Type 1,Housing Type 1,Housing Type 1,Housing Type 2,Housing Type 1,Housing Type 2,Housing Type 1,Housing Type 2,Housing Type 2,Yes,Yes,No,Yes,Yes,Yes,Yes,Yes,Yes,Yes,Yes,Yes,"Family/friend/roommate asked me to leave (dispute, needed room, etc.)",,Divorce/breakup,,,,,,
587,R_j8hieqXGBV10Ekl,2025-09-16 16:45:44,37.784698,-122.412021,Eddy and taylor in san francisco,area_vague,,,,37.784698,-122.412021,1.0,Male,33.0,,,Black,,,,,3,8,7,9,5,12,6,11,2,10,1,4,Housing Type 2,Housing Type 2,Housing Type 2,Housing Type 2,Housing Type 1,Housing Type 2,Housing Type 2,Housing Type 2,Housing Type 1,Housing Type 1,Housing Type 2,Housing Type 1,Yes,Yes,Yes,Yes,Yes,Yes,Yes,Yes,Yes,Yes,Yes,Yes,,,,Could not pay rent,Rent increase,,,,
588,R_9uyYOESvW2K6ohB,2025-09-16 18:48:16,37.768903,-122.456532,"37.688940, -122.4566090",coord_decimal,37.68894,-122.456609,8891.5,37.768903,-122.456532,1.0,Male,47.0,,Hispanic,,,,No Shelter/Outside,,3,6,4,1,10,8,2,5,12,11,9,7,Housing Type 2,Housing Type 1,Housing Type 1,Housing Type 2,Housing Type 2,Housing Type 2,Housing Type 1,Housing Type 2,Housing Type 1,Housing Type 1,Housing Type 2,Housing Type 2,Yes,Yes,Yes,Yes,Yes,Yes,Yes,Yes,Yes,Yes,Yes,Yes,"Family/friend/roommate asked me to leave (dispute, needed room, etc.)",,,,,,,,
589,R_h5VYNOuDHKzeBbS,2025-09-16 18:48:17,37.768993,-122.456625,"37.688940, -122.4566090",coord_decimal,37.68894,-122.456609,8901.5,37.768993,-122.456625,0.0,Male,39.0,White,,,,,,,1,4,3,11,7,8,12,9,5,6,10,2,Housing Type 1,Housing Type 1,Housing Type 2,Housing Type 2,Housing Type 1,Housing Type 2,Housing Type 1,Housing Type 1,Housing Type 1,Housing Type 1,Housing Type 2,Housing Type 1,Yes,Yes,Yes,Yes,Yes,Yes,Yes,Yes,Yes,Yes,Yes,Yes,,,Divorce/breakup,Could not pay rent,,,,,
590,R_mmH8oRlqz3MsHXk,2025-09-16 18:48:18,37.784721,-122.412036,"Near 361-353 Ellis St, San Francisco, CA 94102",area_vague,,,,37.784721,-122.412036,1.0,Male,36.0,,,,,American Indian,No Shelter/Outside,No Shelter/Outside,1,10,6,2,8,12,5,7,9,3,11,4,Housing Type 2,Housing Type 1,Housing Type 2,Housing Type 2,Housing Type 2,Housing Type 2,Housing Type 2,Housing Type 1,Housing Type 1,Housing Type 2,Housing Type 2,Housing Type 2,Yes,Yes,Yes,Yes,Yes,Yes,Yes,Yes,Yes,Yes,Yes,Yes,"Family/friend/roommate asked me to leave (dispute, needed room, etc.)",,,,,,,,
591,R_h7ir0ST6NNxyHXF,2025-09-16 18:48:19,37.784707,-122.41203,"27-9 Oak St, San Francisco, CA 94102",address,37.7753523,-122.4200248,1255.3,37.784707,-122.41203,0.0,Male,26.0,,,,,American Indian,,No Shelter/Outside,1,6,5,4,12,8,2,9,3,7,11,10,Housing Type 2,Housing Type 1,Housing Type 2,Housing Type 2,Housing Type 2,Housing Type 2,Housing Type 2,Housing Type 2,Housing Type 2,Housing Type 1,Housing Type 2,Housing Type 1,Yes,Yes,Yes,Yes,Yes,Yes,Yes,Yes,Yes,Yes,Yes,Yes,,,,,,,,Other (Specify),"Housefire, famiky incarceration"
592,R_iymS3bdOGOSprZC,2025-09-16 18:48:20,37.78471,-122.412029,"Near 399-391 Eddy St, San Francisco, CA 94102",area_vague,,,,37.78471,-122.412029,1.0,Female,33.0,,,Black,,,,,1,3,6,4,10,11,8,7,5,12,9,2,Housing Type 2,Housing Type 2,Housing Type 1,Housing Type 1,Housing Type 1,Housing Type 1,Housing Type 1,Housing Type 1,Housing Type 1,Housing Type 2,Housing Type 2,Housing Type 1,Yes,Yes,Yes,Yes,Yes,Yes,Yes,Yes,Yes,Yes,Yes,Yes,,,,,,Eviction,,,
593,R_7HtwKRowIuIsz2C,2025-09-16 18:48:21,37.784711,-122.412042,"357 Ellis St, San Francisco, CA 94102",address,37.7846891,-122.4120162,3.3,37.784711,-122.412042,1.0,Male,54.0,White,,,,,,,2,8,9,11,3,1,6,10,12,7,4,5,Housing Type 2,Housing Type 2,Housing Type 2,Housing Type 2,Housing Type 1,Housing Type 2,Housing Type 2,Housing Type 1,Housing Type 2,Housing Type 1,Housing Type 2,Housing Type 1,Yes,Yes,Yes,Yes,Yes,Yes,Yes,Yes,Yes,Yes,Yes,Yes,,,,,,,,Other (Specify),Fire
594,R_1sbWkF4CV1C6kwf,2025-09-16 18:48:22,37.784709,-122.412028,"801 Ellis St, San Francisco, CA 94109",address,37.783929,-122.419502,662.5,37.784709,-122.412028,1.0,Female,44.0,,,,,,No Shelter/Outside,No Shelter/Outside,3,12,2,7,9,8,1,5,4,11,10,6,Housing Type 1,Housing Type 1,Housing Type 1,Housing Type 2,Housing Type 2,Housing Type 2,Housing Type 1,Housing Type 1,Housing Type 2,Housing Type 1,Housing Type 2,Housing Type 2,Yes,Yes,Yes,Yes,Yes,Yes,Yes,Yes,Yes,Yes,Yes,Yes,,,,,,,,Other (Specify),"Mental, health issues"
595,R_kz9FI06IVlG66XW,2025-09-18 13:55:30,37.847883,-122.252407,"5951 college ave, oakland",address,37.8478655,-122.2525184,10.0,37.847883,-122.252407,0.0,Female,65.0,,,Black,,,No Shelter/Outside,No Shelter/Outside,4,1,8,6,10,5,9,12,3,11,7,2,Housing Type 2,Housing Type 1,Housing Type 2,Housing Type 2,Housing Type 1,Housing Type 2,Housing Type 1,Housing Type 1,Housing Type 1,Housing Type 1,Housing Type 2,Housing Type 1,Yes,Yes,Yes,Yes,Yes,Yes,Yes,Yes,Yes,Yes,Yes,Yes,,,,Could not pay rent,,,,,
596,R_7y5qfZX7JeTydjC,2025-09-18 13:55:36,37.847852,-122.252432,"Near united presbertarian church in Oakland, CA",area_vague,,,,37.847852,-122.252432,1.0,Non-Binary/Other,48.0,,,,,,,No Shelter/Outside,4,8,12,1,2,11,7,6,5,10,3,9,Housing Type 2,Housing Type 1,Housing Type 2,Housing Type 2,Housing Type 1,Housing Type 1,Housing Type 2,Housing Type 1,Housing Type 2,Housing Type 1,Housing Type 1,Housing Type 1,Yes,Yes,No,No,No,No,No,No,No,No,No,Yes,,,Divorce/breakup,,,,,,
597,R_5vePNYNJG4cCTX8,2025-09-18 13:55:43,37.847703,-122.252303,,missing,,,,37.847703,-122.252303,0.0,Male,71.0,,,Black,Asian,,,,2,4,10,8,6,5,12,1,11,9,7,3,Housing Type 1,Housing Type 2,Housing Type 1,Housing Type 1,Housing Type 2,Housing Type 2,Housing Type 2,Housing Type 1,Housing Type 1,Housing Type 2,Housing Type 2,Housing Type 1,Yes,Yes,Yes,Yes,Yes,Yes,Yes,Yes,Yes,No,No,No,,,Divorce/breakup,,,,,,
598,R_l2BzZbVZzFjxDsp,2025-09-18 13:55:46,37.8479,-122.252238,,missing,,,,37.8479,-122.252238,0.0,Male,66.0,,,Black,,,,No Shelter/Outside,4,1,8,12,11,2,10,7,9,5,6,3,Housing Type 2,Housing Type 2,Housing Type 2,Housing Type 2,Housing Type 2,Housing Type 2,Housing Type 2,Housing Type 2,Housing Type 2,Housing Type 2,Housing Type 2,Housing Type 2,Yes,Yes,Yes,Yes,Yes,Yes,Yes,Yes,Yes,Yes,Yes,Yes,,Chose to leave due to issues with family/friend/roommate,,,Rent increase,,,,
599,R_fLZuD7ZdOsdjdwS,2025-09-18 13:55:51,37.847928,-122.252268,,missing,,,,37.847928,-122.252268,0.0,Male,74.0,White,,,,,,,3,4,6,12,8,1,2,5,9,11,7,10,Housing Type 1,Housing Type 1,Housing Type 1,Housing Type 2,Housing Type 2,Housing Type 2,Housing Type 1,Housing Type 1,Housing Type 1,Housing Type 2,Housing Type 2,Housing Type 2,Yes,No,No,No,No,No,No,No,No,No,No,No,,Chose to leave due to issues with family/friend/roommate,,Could not pay rent,,,,,
600,R_0z2AUxTd4RYbmLB,2025-09-18 18:11:28,37.850588,-122.251378,6320 claremont ave oakland ca,address,37.8696345,-122.2265644,3038.2,37.850588,-122.251378,0.0,Male,56.0,White,,,,,,No Shelter/Outside,2,7,8,4,6,3,10,9,5,12,11,1,Housing Type 2,Housing Type 1,Housing Type 1,Housing Type 1,Housing Type 1,Housing Type 1,Housing Type 1,Housing Type 2,Housing Type 2,Housing Type 2,Housing Type 1,Housing Type 1,Yes,Yes,Yes,Yes,Yes,Yes,Yes,Yes,Yes,Yes,Yes,Yes,,Chose to leave due to issues with family/friend/roommate,,Could not pay rent,,,,,
601,R_cJBwbfyzScm5VlA,2025-09-18 18:11:29,37.850273,-122.252133,5341 miles ave oakland,address,37.8415207,-122.2574347,1078.8,37.850273,-122.252133,1.0,Female,18.0,,Hispanic,,,,No Shelter/Outside,No Shelter/Outside,1,6,4,5,3,8,7,11,9,12,10,2,Housing Type 1,Housing Type 2,Housing Type 2,Housing Type 2,Housing Type 1,Housing Type 2,Housing Type 1,Housing Type 2,Housing Type 2,Housing Type 2,Housing Type 2,Housing Type 1,Yes,Yes,Yes,Yes,Yes,Yes,Yes,Yes,Yes,Yes,Yes,Yes,,Chose to leave due to issues with family/friend/roommate,,,,,,,
602,R_2DzywpIow31XYIy,2025-09-19 17:12:33,37.82532,-122.274588,36th and west street i. Oakland,area_vague,,,,37.82532,-122.274588,1.0,Male,42.0,,Hispanic,,,,No Shelter/Outside,No Shelter/Outside,2,10,3,4,6,8,1,11,7,12,9,5,Housing Type 2,Housing Type 1,Housing Type 1,Housing Type 2,Housing Type 2,Housing Type 2,Housing Type 1,Housing Type 1,Housing Type 2,Housing Type 2,Housing Type 2,Housing Type 2,Yes,Yes,Yes,Yes,Yes,Yes,Yes,Yes,Yes,Yes,Yes,Yes,"Family/friend/roommate asked me to leave (dispute, needed room, etc.)",,,Could not pay rent,,,,,
603,R_cy3zhTGNzdm5ATc,2025-09-19 17:12:34,37.824353,-122.269932,Maetin luther king and 35th in oakland,area_vague,,,,37.824353,-122.269932,1.0,Male,54.0,,,Black,,,,,1,10,6,7,9,8,5,3,4,12,11,2,Housing Type 1,Housing Type 2,Housing Type 1,Housing Type 1,Housing Type 2,Housing Type 1,Housing Type 1,Housing Type 1,Housing Type 2,Housing Type 1,Housing Type 2,Housing Type 2,Yes,Yes,Yes,Yes,Yes,Yes,Yes,Yes,Yes,Yes,Yes,Yes,,,,Could not pay rent,,,,Other (Specify),Lost job
604,R_2BLAkqFACZUvRlq,2025-09-19 17:12:35,37.823978,-122.26982,Martin luther king and 34th in oakland,area_vague,,,,37.823978,-122.26982,0.0,Male,51.0,,,Black,,,,,1,5,6,7,10,11,4,9,3,12,8,2,Housing Type 2,Housing Type 2,Housing Type 1,Housing Type 1,Housing Type 1,Housing Type 2,Housing Type 1,Housing Type 2,Housing Type 1,Housing Type 2,Housing Type 1,Housing Type 1,Yes,Yes,Yes,Yes,Yes,Yes,Yes,Yes,Yes,Yes,Yes,Yes,,,,Could not pay rent,Rent increase,,,,
605,R_7bXCTeikCz2VbKJ,2025-09-19 17:12:36,37.823632,-122.269947,Martin luther king and 34th in parl in oakland,area_vague,,,,37.823632,-122.269947,1.0,Female,35.0,,,Black,,,,No Shelter/Outside,1,10,4,7,3,5,8,11,6,12,9,2,Housing Type 2,Housing Type 2,Housing Type 1,Housing Type 2,Housing Type 2,Housing Type 2,Housing Type 1,Housing Type 2,Housing Type 2,Housing Type 1,Housing Type 2,Housing Type 2,Yes,Yes,Yes,Yes,Yes,Yes,Yes,Yes,Yes,Yes,Yes,Yes,,,,,,,,Other (Specify),Parentz got kickdd out of housing
